Copyright 1986-2022 Xilinx, Inc. All Rights Reserved. Copyright 2022-2025 Advanced Micro Devices, Inc. All Rights Reserved.
--------------------------------------------------------------------------------------------------------------------------------------------------
| Tool Version      : Vivado v.2025.2 (lin64) Build 6299465 Fri Nov 14 12:34:56 MST 2025
| Date              : Sat May 30 18:38:23 2026
| Host              : pccx-vivado running 64-bit Ubuntu 22.04.5 LTS
| Command           : report_timing -setup -max_paths 15 -nworst 1 -file /home/hwkim/timing_worst15_v10.rpt
| Design            : pccx_v002_system_wrapper
| Device            : xck26-sfvc784
| Speed File        : -2LV  PRODUCTION 1.30 05-15-2022
| Design State      : Routed
| Temperature Grade : C
--------------------------------------------------------------------------------------------------------------------------------------------------

Timing Report

Slack (VIOLATED) :        -0.260ns  (required time - arrival time)
  Source:                 pccx_v002_system_i/u_npu/inst/u_wrap/u_pccx_npu_top/u_fmap_pre/u_fmap_fifo/xpm_fifo_base_inst/gen_sdpram.xpm_memory_base_inst/gen_wr_a.gen_word_narrow.mem_reg_0/CLKARDCLK
                            (rising edge-triggered cell RAMB36E2 clocked by clk_pl_0  {rise@0.000ns fall@5.000ns period=10.000ns})
  Destination:            pccx_v002_system_i/u_npu/inst/u_wrap/u_pccx_npu_top/u_fmap_pre/u_fmap_shifter/global_emax_reg[2]/D
                            (rising edge-triggered cell FDRE clocked by clk_pl_0  {rise@0.000ns fall@5.000ns period=10.000ns})
  Path Group:             clk_pl_0
  Path Type:              Setup (Max at Slow Process Corner)
  Requirement:            10.000ns  (clk_pl_0 rise@10.000ns - clk_pl_0 rise@0.000ns)
  Data Path Delay:        9.898ns  (logic 5.114ns (51.666%)  route 4.784ns (48.334%))
  Logic Levels:           29  (CARRY8=9 LUT3=2 LUT4=8 LUT5=2 LUT6=8)
  Clock Path Skew:        -0.246ns (DCD - SCD + CPR)
    Destination Clock Delay (DCD):    3.139ns = ( 13.139 - 10.000 ) 
    Source Clock Delay      (SCD):    3.633ns
    Clock Pessimism Removal (CPR):    0.248ns
  Clock Uncertainty:      0.160ns  ((TSJ^2 + DJ^2)^1/2) / 2 + PE
    Total System Jitter     (TSJ):    0.071ns
    Discrete Jitter          (DJ):    0.312ns
    Phase Error              (PE):    0.000ns
  Clock Net Delay (Source):      3.366ns (routing 1.680ns, distribution 1.686ns)
  Clock Net Delay (Destination): 2.923ns (routing 1.536ns, distribution 1.387ns)

    Location             Delay type                Incr(ns)  Path(ns)    Netlist Resource(s)
  -------------------------------------------------------------------    -------------------
                         (clock clk_pl_0 rise edge)
                                                      0.000     0.000 r  
    PS8_X0Y0             PS8                          0.000     0.000 r  pccx_v002_system_i/zynq_ps/inst/PS8_i/PLCLK[0]
                         net (fo=1, routed)           0.229     0.229    pccx_v002_system_i/zynq_ps/inst/pl_clk_unbuffered[0]
    BUFG_PS_X0Y93        BUFG_PS (Prop_BUFG_PS_I_O)
                                                      0.038     0.267 r  pccx_v002_system_i/zynq_ps/inst/buffer_pl_clk_0.PL_CLK_0_BUFG/O
    X1Y1 (CLOCK_ROOT)    net (fo=92606, routed)       3.366     3.633    pccx_v002_system_i/u_npu/inst/u_wrap/u_pccx_npu_top/u_fmap_pre/u_fmap_fifo/xpm_fifo_base_inst/gen_sdpram.xpm_memory_base_inst/clka
    RAMB36_X2Y40         RAMB36E2                                     r  pccx_v002_system_i/u_npu/inst/u_wrap/u_pccx_npu_top/u_fmap_pre/u_fmap_fifo/xpm_fifo_base_inst/gen_sdpram.xpm_memory_base_inst/gen_wr_a.gen_word_narrow.mem_reg_0/CLKARDCLK
  -------------------------------------------------------------------    -------------------
    RAMB36_X2Y40         RAMB36E2 (Prop_RAMB36E2_RAMB36_CLKARDCLK_DOUTADOUT[24])
                                                      0.301     3.934 r  pccx_v002_system_i/u_npu/inst/u_wrap/u_pccx_npu_top/u_fmap_pre/u_fmap_fifo/xpm_fifo_base_inst/gen_sdpram.xpm_memory_base_inst/gen_wr_a.gen_word_narrow.mem_reg_0/DOUTADOUT[24]
                         net (fo=12, routed)          0.281     4.215    pccx_v002_system_i/u_npu/inst/u_wrap/u_pccx_npu_top/u_fmap_pre/u_fmap_shifter/D[24]
    SLICE_X51Y201        LUT4 (Prop_A6LUT_SLICEL_I0_O)
                                                      0.225     4.440 r  pccx_v002_system_i/u_npu/inst/u_wrap/u_pccx_npu_top/u_fmap_pre/u_fmap_shifter/local_max_low[7]_i_229/O
                         net (fo=1, routed)           0.014     4.454    pccx_v002_system_i/u_npu/inst/u_wrap/u_pccx_npu_top/u_fmap_pre/u_fmap_shifter/local_max_low[7]_i_229_n_0
    SLICE_X51Y201        CARRY8 (Prop_CARRY8_SLICEL_S[0]_CO[3])
                                                      0.263     4.717 r  pccx_v002_system_i/u_npu/inst/u_wrap/u_pccx_npu_top/u_fmap_pre/u_fmap_shifter/local_max_low_reg[7]_i_141/CO[3]
                         net (fo=32, routed)          0.170     4.886    pccx_v002_system_i/u_npu/inst/u_wrap/u_pccx_npu_top/u_fmap_pre/u_fmap_shifter/local_max_low_reg[7]_i_141_n_4
    SLICE_X50Y200        LUT3 (Prop_G6LUT_SLICEL_I1_O)
                                                      0.057     4.943 f  pccx_v002_system_i/u_npu/inst/u_wrap/u_pccx_npu_top/u_fmap_pre/u_fmap_shifter/local_max_low[7]_i_249/O
                         net (fo=7, routed)           0.117     5.060    pccx_v002_system_i/u_npu/inst/u_wrap/u_pccx_npu_top/u_fmap_pre/u_fmap_shifter/local_max_low[7]_i_249_n_0
    SLICE_X49Y200        LUT6 (Prop_G6LUT_SLICEL_I1_O)
                                                      0.082     5.142 r  pccx_v002_system_i/u_npu/inst/u_wrap/u_pccx_npu_top/u_fmap_pre/u_fmap_shifter/local_max_low[7]_i_201/O
                         net (fo=1, routed)           0.218     5.360    pccx_v002_system_i/u_npu/inst/u_wrap/u_pccx_npu_top/u_fmap_pre/u_fmap_shifter/local_max_low[7]_i_201_n_0
    SLICE_X49Y201        CARRY8 (Prop_CARRY8_SLICEL_DI[0]_CO[3])
                                                      0.219     5.579 r  pccx_v002_system_i/u_npu/inst/u_wrap/u_pccx_npu_top/u_fmap_pre/u_fmap_shifter/local_max_low_reg[7]_i_138/CO[3]
                         net (fo=27, routed)          0.504     6.083    pccx_v002_system_i/u_npu/inst/u_wrap/u_pccx_npu_top/u_fmap_pre/u_fmap_shifter/local_max_low_reg[7]_i_138_n_4
    SLICE_X48Y201        LUT6 (Prop_F6LUT_SLICEL_I5_O)
                                                      0.187     6.270 r  pccx_v002_system_i/u_npu/inst/u_wrap/u_pccx_npu_top/u_fmap_pre/u_fmap_shifter/local_max_low[7]_i_242_replica/O
                         net (fo=2, routed)           0.111     6.381    pccx_v002_system_i/u_npu/inst/u_wrap/u_pccx_npu_top/u_fmap_pre/u_fmap_shifter/local_max_low[7]_i_242_n_0_repN
    SLICE_X48Y203        LUT4 (Prop_B6LUT_SLICEL_I0_O)
                                                      0.188     6.569 r  pccx_v002_system_i/u_npu/inst/u_wrap/u_pccx_npu_top/u_fmap_pre/u_fmap_shifter/local_max_low[7]_i_180/O
                         net (fo=1, routed)           0.013     6.582    pccx_v002_system_i/u_npu/inst/u_wrap/u_pccx_npu_top/u_fmap_pre/u_fmap_shifter/local_max_low[7]_i_180_n_0
    SLICE_X48Y203        CARRY8 (Prop_CARRY8_SLICEL_S[1]_CO[3])
                                                      0.250     6.832 f  pccx_v002_system_i/u_npu/inst/u_wrap/u_pccx_npu_top/u_fmap_pre/u_fmap_shifter/local_max_low_reg[7]_i_135/CO[3]
                         net (fo=22, routed)          0.208     7.040    pccx_v002_system_i/u_npu/inst/u_wrap/u_pccx_npu_top/u_fmap_pre/u_fmap_shifter/local_max_low_reg[7]_i_135_n_4
    SLICE_X48Y204        LUT5 (Prop_F6LUT_SLICEL_I1_O)
                                                      0.187     7.227 f  pccx_v002_system_i/u_npu/inst/u_wrap/u_pccx_npu_top/u_fmap_pre/u_fmap_shifter/local_max_low[6]_i_9/O
                         net (fo=3, routed)           0.409     7.636    pccx_v002_system_i/u_npu/inst/u_wrap/u_pccx_npu_top/u_fmap_pre/u_fmap_shifter/local_max_low[6]_i_9_n_0
    SLICE_X49Y205        LUT6 (Prop_D6LUT_SLICEL_I0_O)
                                                      0.152     7.788 f  pccx_v002_system_i/u_npu/inst/u_wrap/u_pccx_npu_top/u_fmap_pre/u_fmap_shifter/local_max_low[7]_i_230/O
                         net (fo=2, routed)           0.100     7.888    pccx_v002_system_i/u_npu/inst/u_wrap/u_pccx_npu_top/u_fmap_pre/u_fmap_shifter/local_max_low[7]_i_230_n_0
    SLICE_X50Y205        LUT4 (Prop_D5LUT_SLICEL_I0_O)
                                                      0.133     8.021 r  pccx_v002_system_i/u_npu/inst/u_wrap/u_pccx_npu_top/u_fmap_pre/u_fmap_shifter/local_max_low[7]_i_158/O
                         net (fo=1, routed)           0.000     8.021    pccx_v002_system_i/u_npu/inst/u_wrap/u_pccx_npu_top/u_fmap_pre/u_fmap_shifter/local_max_low[7]_i_158_n_0
    SLICE_X50Y205        CARRY8 (Prop_CARRY8_SLICEL_DI[3]_O[4])
                                                      0.228     8.249 r  pccx_v002_system_i/u_npu/inst/u_wrap/u_pccx_npu_top/u_fmap_pre/u_fmap_shifter/local_max_low_reg[7]_i_133/O[4]
                         net (fo=10, routed)          0.224     8.473    pccx_v002_system_i/u_npu/inst/u_wrap/u_pccx_npu_top/u_fmap_pre/u_fmap_shifter/local_max_low_reg[7]_i_133_n_11
    SLICE_X51Y205        LUT5 (Prop_A6LUT_SLICEL_I3_O)
                                                      0.082     8.555 f  pccx_v002_system_i/u_npu/inst/u_wrap/u_pccx_npu_top/u_fmap_pre/u_fmap_shifter/local_max_low[1]_i_8/O
                         net (fo=1, routed)           0.097     8.652    pccx_v002_system_i/u_npu/inst/u_wrap/u_pccx_npu_top/u_fmap_pre/u_fmap_shifter/local_max_low[1]_i_8_n_0
    SLICE_X51Y203        LUT6 (Prop_F6LUT_SLICEL_I0_O)
                                                      0.136     8.788 f  pccx_v002_system_i/u_npu/inst/u_wrap/u_pccx_npu_top/u_fmap_pre/u_fmap_shifter/local_max_low[1]_i_7/O
                         net (fo=6, routed)           0.233     9.021    pccx_v002_system_i/u_npu/inst/u_wrap/u_pccx_npu_top/u_fmap_pre/u_fmap_shifter/local_max_low[1]_i_7_n_0
    SLICE_X52Y203        LUT4 (Prop_A6LUT_SLICEL_I0_O)
                                                      0.225     9.246 r  pccx_v002_system_i/u_npu/inst/u_wrap/u_pccx_npu_top/u_fmap_pre/u_fmap_shifter/local_max_low[7]_i_115/O
                         net (fo=1, routed)           0.014     9.260    pccx_v002_system_i/u_npu/inst/u_wrap/u_pccx_npu_top/u_fmap_pre/u_fmap_shifter/local_max_low[7]_i_115_n_0
    SLICE_X52Y203        CARRY8 (Prop_CARRY8_SLICEL_S[0]_CO[3])
                                                      0.263     9.523 r  pccx_v002_system_i/u_npu/inst/u_wrap/u_pccx_npu_top/u_fmap_pre/u_fmap_shifter/local_max_low_reg[7]_i_67/CO[3]
                         net (fo=18, routed)          0.212     9.735    pccx_v002_system_i/u_npu/inst/u_wrap/u_pccx_npu_top/u_fmap_pre/u_fmap_shifter/local_max_low_reg[7]_i_67_n_4
    SLICE_X52Y202        LUT6 (Prop_F6LUT_SLICEL_I5_O)
                                                      0.056     9.791 f  pccx_v002_system_i/u_npu/inst/u_wrap/u_pccx_npu_top/u_fmap_pre/u_fmap_shifter/local_max_low[7]_i_147/O
                         net (fo=4, routed)           0.207     9.998    pccx_v002_system_i/u_npu/inst/u_wrap/u_pccx_npu_top/u_fmap_pre/u_fmap_shifter/local_max_low[7]_i_147_n_0
    SLICE_X52Y200        LUT4 (Prop_B6LUT_SLICEL_I2_O)
                                                      0.138    10.136 r  pccx_v002_system_i/u_npu/inst/u_wrap/u_pccx_npu_top/u_fmap_pre/u_fmap_shifter/local_max_low[7]_i_90/O
                         net (fo=1, routed)           0.013    10.149    pccx_v002_system_i/u_npu/inst/u_wrap/u_pccx_npu_top/u_fmap_pre/u_fmap_shifter/local_max_low[7]_i_90_n_0
    SLICE_X52Y200        CARRY8 (Prop_CARRY8_SLICEL_S[1]_CO[3])
                                                      0.250    10.399 r  pccx_v002_system_i/u_npu/inst/u_wrap/u_pccx_npu_top/u_fmap_pre/u_fmap_shifter/local_max_low_reg[7]_i_17/CO[3]
                         net (fo=17, routed)          0.307    10.705    pccx_v002_system_i/u_npu/inst/u_wrap/u_pccx_npu_top/u_fmap_pre/u_fmap_shifter/local_max_low_reg[7]_i_17_n_4
    SLICE_X52Y206        LUT6 (Prop_G6LUT_SLICEL_I5_O)
                                                      0.082    10.787 f  pccx_v002_system_i/u_npu/inst/u_wrap/u_pccx_npu_top/u_fmap_pre/u_fmap_shifter/local_max_low[2]_i_4_replica/O
                         net (fo=3, routed)           0.161    10.948    pccx_v002_system_i/u_npu/inst/u_wrap/u_pccx_npu_top/u_fmap_pre/u_fmap_shifter/local_max_low[2]_i_4_n_0_repN
    SLICE_X52Y206        LUT4 (Prop_B6LUT_SLICEL_I2_O)
                                                      0.138    11.086 r  pccx_v002_system_i/u_npu/inst/u_wrap/u_pccx_npu_top/u_fmap_pre/u_fmap_shifter/local_max_low[7]_i_56/O
                         net (fo=1, routed)           0.013    11.099    pccx_v002_system_i/u_npu/inst/u_wrap/u_pccx_npu_top/u_fmap_pre/u_fmap_shifter/local_max_low[7]_i_56_n_0
    SLICE_X52Y206        CARRY8 (Prop_CARRY8_SLICEL_S[1]_O[4])
                                                      0.279    11.378 f  pccx_v002_system_i/u_npu/inst/u_wrap/u_pccx_npu_top/u_fmap_pre/u_fmap_shifter/local_max_low_reg[7]_i_10/O[4]
                         net (fo=17, routed)          0.261    11.639    pccx_v002_system_i/u_npu/inst/u_wrap/u_pccx_npu_top/u_fmap_pre/u_fmap_shifter/local_max_low_reg[7]_i_10_n_11
    SLICE_X52Y207        LUT6 (Prop_A6LUT_SLICEL_I4_O)
                                                      0.058    11.697 f  pccx_v002_system_i/u_npu/inst/u_wrap/u_pccx_npu_top/u_fmap_pre/u_fmap_shifter/local_max_low[7]_i_97/O
                         net (fo=4, routed)           0.158    11.855    pccx_v002_system_i/u_npu/inst/u_wrap/u_pccx_npu_top/u_fmap_pre/u_fmap_shifter/local_max_low[7]_i_97_n_0
    SLICE_X53Y206        LUT4 (Prop_B6LUT_SLICEM_I2_O)
                                                      0.137    11.992 r  pccx_v002_system_i/u_npu/inst/u_wrap/u_pccx_npu_top/u_fmap_pre/u_fmap_shifter/local_max_low[7]_i_32/O
                         net (fo=1, routed)           0.022    12.014    pccx_v002_system_i/u_npu/inst/u_wrap/u_pccx_npu_top/u_fmap_pre/u_fmap_shifter/local_max_low[7]_i_32_n_0
    SLICE_X53Y206        CARRY8 (Prop_CARRY8_SLICEM_S[1]_CO[3])
                                                      0.257    12.271 f  pccx_v002_system_i/u_npu/inst/u_wrap/u_pccx_npu_top/u_fmap_pre/u_fmap_shifter/local_max_low_reg[7]_i_7/CO[3]
                         net (fo=16, routed)          0.264    12.535    pccx_v002_system_i/u_npu/inst/u_wrap/u_pccx_npu_top/u_fmap_pre/u_fmap_shifter/local_max_low_reg[7]_i_7_n_4
    SLICE_X54Y206        LUT6 (Prop_E6LUT_SLICEM_I5_O)
                                                      0.057    12.592 r  pccx_v002_system_i/u_npu/inst/u_wrap/u_pccx_npu_top/u_fmap_pre/u_fmap_shifter/local_max_low[3]_i_1/O
                         net (fo=4, routed)           0.167    12.760    pccx_v002_system_i/u_npu/inst/u_wrap/u_pccx_npu_top/u_fmap_pre/u_fmap_shifter/max_val[3]
    SLICE_X55Y207        LUT4 (Prop_B6LUT_SLICEL_I2_O)
                                                      0.152    12.912 r  pccx_v002_system_i/u_npu/inst/u_wrap/u_pccx_npu_top/u_fmap_pre/u_fmap_shifter/global_emax[7]_i_9/O
                         net (fo=1, routed)           0.013    12.925    pccx_v002_system_i/u_npu/inst/u_wrap/u_pccx_npu_top/u_fmap_pre/u_fmap_shifter/global_emax[7]_i_9_n_0
    SLICE_X55Y207        CARRY8 (Prop_CARRY8_SLICEL_S[1]_CO[3])
                                                      0.250    13.175 r  pccx_v002_system_i/u_npu/inst/u_wrap/u_pccx_npu_top/u_fmap_pre/u_fmap_shifter/global_emax_reg[7]_i_2/CO[3]
                         net (fo=8, routed)           0.208    13.383    pccx_v002_system_i/u_npu/inst/u_wrap/u_pccx_npu_top/u_fmap_pre/u_fmap_shifter/global_emax2
    SLICE_X55Y206        LUT3 (Prop_G6LUT_SLICEL_I1_O)
                                                      0.082    13.465 r  pccx_v002_system_i/u_npu/inst/u_wrap/u_pccx_npu_top/u_fmap_pre/u_fmap_shifter/global_emax[2]_i_1/O
                         net (fo=1, routed)           0.066    13.531    pccx_v002_system_i/u_npu/inst/u_wrap/u_pccx_npu_top/u_fmap_pre/u_fmap_shifter/global_emax[2]_i_1_n_0
    SLICE_X55Y206        FDRE                                         r  pccx_v002_system_i/u_npu/inst/u_wrap/u_pccx_npu_top/u_fmap_pre/u_fmap_shifter/global_emax_reg[2]/D
  -------------------------------------------------------------------    -------------------

                         (clock clk_pl_0 rise edge)
                                                     10.000    10.000 r  
    PS8_X0Y0             PS8                          0.000    10.000 r  pccx_v002_system_i/zynq_ps/inst/PS8_i/PLCLK[0]
                         net (fo=1, routed)           0.181    10.181    pccx_v002_system_i/zynq_ps/inst/pl_clk_unbuffered[0]
    BUFG_PS_X0Y93        BUFG_PS (Prop_BUFG_PS_I_O)
                                                      0.035    10.216 r  pccx_v002_system_i/zynq_ps/inst/buffer_pl_clk_0.PL_CLK_0_BUFG/O
    X1Y1 (CLOCK_ROOT)    net (fo=92606, routed)       2.923    13.139    pccx_v002_system_i/u_npu/inst/u_wrap/u_pccx_npu_top/u_fmap_pre/u_fmap_shifter/clk_core
    SLICE_X55Y206        FDRE                                         r  pccx_v002_system_i/u_npu/inst/u_wrap/u_pccx_npu_top/u_fmap_pre/u_fmap_shifter/global_emax_reg[2]/C
                         clock pessimism              0.248    13.387    
                         clock uncertainty           -0.160    13.227    
    SLICE_X55Y206        FDRE (Setup_GFF_SLICEL_C_D)
                                                      0.044    13.271    pccx_v002_system_i/u_npu/inst/u_wrap/u_pccx_npu_top/u_fmap_pre/u_fmap_shifter/global_emax_reg[2]
  -------------------------------------------------------------------
                         required time                         13.271    
                         arrival time                         -13.531    
  -------------------------------------------------------------------
                         slack                                 -0.260    

Slack (VIOLATED) :        -0.256ns  (required time - arrival time)
  Source:                 pccx_v002_system_i/u_npu/inst/u_wrap/u_pccx_npu_top/u_fmap_pre/u_fmap_fifo/xpm_fifo_base_inst/gen_sdpram.xpm_memory_base_inst/gen_wr_a.gen_word_narrow.mem_reg_0/CLKARDCLK
                            (rising edge-triggered cell RAMB36E2 clocked by clk_pl_0  {rise@0.000ns fall@5.000ns period=10.000ns})
  Destination:            pccx_v002_system_i/u_npu/inst/u_wrap/u_pccx_npu_top/u_fmap_pre/u_fmap_shifter/global_emax_reg[6]/D
                            (rising edge-triggered cell FDRE clocked by clk_pl_0  {rise@0.000ns fall@5.000ns period=10.000ns})
  Path Group:             clk_pl_0
  Path Type:              Setup (Max at Slow Process Corner)
  Requirement:            10.000ns  (clk_pl_0 rise@10.000ns - clk_pl_0 rise@0.000ns)
  Data Path Delay:        9.891ns  (logic 5.113ns (51.693%)  route 4.778ns (48.307%))
  Logic Levels:           29  (CARRY8=9 LUT3=2 LUT4=8 LUT5=2 LUT6=8)
  Clock Path Skew:        -0.249ns (DCD - SCD + CPR)
    Destination Clock Delay (DCD):    3.136ns = ( 13.136 - 10.000 ) 
    Source Clock Delay      (SCD):    3.633ns
    Clock Pessimism Removal (CPR):    0.248ns
  Clock Uncertainty:      0.160ns  ((TSJ^2 + DJ^2)^1/2) / 2 + PE
    Total System Jitter     (TSJ):    0.071ns
    Discrete Jitter          (DJ):    0.312ns
    Phase Error              (PE):    0.000ns
  Clock Net Delay (Source):      3.366ns (routing 1.680ns, distribution 1.686ns)
  Clock Net Delay (Destination): 2.920ns (routing 1.536ns, distribution 1.384ns)

    Location             Delay type                Incr(ns)  Path(ns)    Netlist Resource(s)
  -------------------------------------------------------------------    -------------------
                         (clock clk_pl_0 rise edge)
                                                      0.000     0.000 r  
    PS8_X0Y0             PS8                          0.000     0.000 r  pccx_v002_system_i/zynq_ps/inst/PS8_i/PLCLK[0]
                         net (fo=1, routed)           0.229     0.229    pccx_v002_system_i/zynq_ps/inst/pl_clk_unbuffered[0]
    BUFG_PS_X0Y93        BUFG_PS (Prop_BUFG_PS_I_O)
                                                      0.038     0.267 r  pccx_v002_system_i/zynq_ps/inst/buffer_pl_clk_0.PL_CLK_0_BUFG/O
    X1Y1 (CLOCK_ROOT)    net (fo=92606, routed)       3.366     3.633    pccx_v002_system_i/u_npu/inst/u_wrap/u_pccx_npu_top/u_fmap_pre/u_fmap_fifo/xpm_fifo_base_inst/gen_sdpram.xpm_memory_base_inst/clka
    RAMB36_X2Y40         RAMB36E2                                     r  pccx_v002_system_i/u_npu/inst/u_wrap/u_pccx_npu_top/u_fmap_pre/u_fmap_fifo/xpm_fifo_base_inst/gen_sdpram.xpm_memory_base_inst/gen_wr_a.gen_word_narrow.mem_reg_0/CLKARDCLK
  -------------------------------------------------------------------    -------------------
    RAMB36_X2Y40         RAMB36E2 (Prop_RAMB36E2_RAMB36_CLKARDCLK_DOUTADOUT[24])
                                                      0.301     3.934 r  pccx_v002_system_i/u_npu/inst/u_wrap/u_pccx_npu_top/u_fmap_pre/u_fmap_fifo/xpm_fifo_base_inst/gen_sdpram.xpm_memory_base_inst/gen_wr_a.gen_word_narrow.mem_reg_0/DOUTADOUT[24]
                         net (fo=12, routed)          0.281     4.215    pccx_v002_system_i/u_npu/inst/u_wrap/u_pccx_npu_top/u_fmap_pre/u_fmap_shifter/D[24]
    SLICE_X51Y201        LUT4 (Prop_A6LUT_SLICEL_I0_O)
                                                      0.225     4.440 r  pccx_v002_system_i/u_npu/inst/u_wrap/u_pccx_npu_top/u_fmap_pre/u_fmap_shifter/local_max_low[7]_i_229/O
                         net (fo=1, routed)           0.014     4.454    pccx_v002_system_i/u_npu/inst/u_wrap/u_pccx_npu_top/u_fmap_pre/u_fmap_shifter/local_max_low[7]_i_229_n_0
    SLICE_X51Y201        CARRY8 (Prop_CARRY8_SLICEL_S[0]_CO[3])
                                                      0.263     4.717 r  pccx_v002_system_i/u_npu/inst/u_wrap/u_pccx_npu_top/u_fmap_pre/u_fmap_shifter/local_max_low_reg[7]_i_141/CO[3]
                         net (fo=32, routed)          0.170     4.886    pccx_v002_system_i/u_npu/inst/u_wrap/u_pccx_npu_top/u_fmap_pre/u_fmap_shifter/local_max_low_reg[7]_i_141_n_4
    SLICE_X50Y200        LUT3 (Prop_G6LUT_SLICEL_I1_O)
                                                      0.057     4.943 f  pccx_v002_system_i/u_npu/inst/u_wrap/u_pccx_npu_top/u_fmap_pre/u_fmap_shifter/local_max_low[7]_i_249/O
                         net (fo=7, routed)           0.117     5.060    pccx_v002_system_i/u_npu/inst/u_wrap/u_pccx_npu_top/u_fmap_pre/u_fmap_shifter/local_max_low[7]_i_249_n_0
    SLICE_X49Y200        LUT6 (Prop_G6LUT_SLICEL_I1_O)
                                                      0.082     5.142 r  pccx_v002_system_i/u_npu/inst/u_wrap/u_pccx_npu_top/u_fmap_pre/u_fmap_shifter/local_max_low[7]_i_201/O
                         net (fo=1, routed)           0.218     5.360    pccx_v002_system_i/u_npu/inst/u_wrap/u_pccx_npu_top/u_fmap_pre/u_fmap_shifter/local_max_low[7]_i_201_n_0
    SLICE_X49Y201        CARRY8 (Prop_CARRY8_SLICEL_DI[0]_CO[3])
                                                      0.219     5.579 r  pccx_v002_system_i/u_npu/inst/u_wrap/u_pccx_npu_top/u_fmap_pre/u_fmap_shifter/local_max_low_reg[7]_i_138/CO[3]
                         net (fo=27, routed)          0.504     6.083    pccx_v002_system_i/u_npu/inst/u_wrap/u_pccx_npu_top/u_fmap_pre/u_fmap_shifter/local_max_low_reg[7]_i_138_n_4
    SLICE_X48Y201        LUT6 (Prop_F6LUT_SLICEL_I5_O)
                                                      0.187     6.270 r  pccx_v002_system_i/u_npu/inst/u_wrap/u_pccx_npu_top/u_fmap_pre/u_fmap_shifter/local_max_low[7]_i_242_replica/O
                         net (fo=2, routed)           0.111     6.381    pccx_v002_system_i/u_npu/inst/u_wrap/u_pccx_npu_top/u_fmap_pre/u_fmap_shifter/local_max_low[7]_i_242_n_0_repN
    SLICE_X48Y203        LUT4 (Prop_B6LUT_SLICEL_I0_O)
                                                      0.188     6.569 r  pccx_v002_system_i/u_npu/inst/u_wrap/u_pccx_npu_top/u_fmap_pre/u_fmap_shifter/local_max_low[7]_i_180/O
                         net (fo=1, routed)           0.013     6.582    pccx_v002_system_i/u_npu/inst/u_wrap/u_pccx_npu_top/u_fmap_pre/u_fmap_shifter/local_max_low[7]_i_180_n_0
    SLICE_X48Y203        CARRY8 (Prop_CARRY8_SLICEL_S[1]_CO[3])
                                                      0.250     6.832 f  pccx_v002_system_i/u_npu/inst/u_wrap/u_pccx_npu_top/u_fmap_pre/u_fmap_shifter/local_max_low_reg[7]_i_135/CO[3]
                         net (fo=22, routed)          0.208     7.040    pccx_v002_system_i/u_npu/inst/u_wrap/u_pccx_npu_top/u_fmap_pre/u_fmap_shifter/local_max_low_reg[7]_i_135_n_4
    SLICE_X48Y204        LUT5 (Prop_F6LUT_SLICEL_I1_O)
                                                      0.187     7.227 f  pccx_v002_system_i/u_npu/inst/u_wrap/u_pccx_npu_top/u_fmap_pre/u_fmap_shifter/local_max_low[6]_i_9/O
                         net (fo=3, routed)           0.409     7.636    pccx_v002_system_i/u_npu/inst/u_wrap/u_pccx_npu_top/u_fmap_pre/u_fmap_shifter/local_max_low[6]_i_9_n_0
    SLICE_X49Y205        LUT6 (Prop_D6LUT_SLICEL_I0_O)
                                                      0.152     7.788 f  pccx_v002_system_i/u_npu/inst/u_wrap/u_pccx_npu_top/u_fmap_pre/u_fmap_shifter/local_max_low[7]_i_230/O
                         net (fo=2, routed)           0.100     7.888    pccx_v002_system_i/u_npu/inst/u_wrap/u_pccx_npu_top/u_fmap_pre/u_fmap_shifter/local_max_low[7]_i_230_n_0
    SLICE_X50Y205        LUT4 (Prop_D5LUT_SLICEL_I0_O)
                                                      0.133     8.021 r  pccx_v002_system_i/u_npu/inst/u_wrap/u_pccx_npu_top/u_fmap_pre/u_fmap_shifter/local_max_low[7]_i_158/O
                         net (fo=1, routed)           0.000     8.021    pccx_v002_system_i/u_npu/inst/u_wrap/u_pccx_npu_top/u_fmap_pre/u_fmap_shifter/local_max_low[7]_i_158_n_0
    SLICE_X50Y205        CARRY8 (Prop_CARRY8_SLICEL_DI[3]_O[4])
                                                      0.228     8.249 r  pccx_v002_system_i/u_npu/inst/u_wrap/u_pccx_npu_top/u_fmap_pre/u_fmap_shifter/local_max_low_reg[7]_i_133/O[4]
                         net (fo=10, routed)          0.224     8.473    pccx_v002_system_i/u_npu/inst/u_wrap/u_pccx_npu_top/u_fmap_pre/u_fmap_shifter/local_max_low_reg[7]_i_133_n_11
    SLICE_X51Y205        LUT5 (Prop_A6LUT_SLICEL_I3_O)
                                                      0.082     8.555 f  pccx_v002_system_i/u_npu/inst/u_wrap/u_pccx_npu_top/u_fmap_pre/u_fmap_shifter/local_max_low[1]_i_8/O
                         net (fo=1, routed)           0.097     8.652    pccx_v002_system_i/u_npu/inst/u_wrap/u_pccx_npu_top/u_fmap_pre/u_fmap_shifter/local_max_low[1]_i_8_n_0
    SLICE_X51Y203        LUT6 (Prop_F6LUT_SLICEL_I0_O)
                                                      0.136     8.788 f  pccx_v002_system_i/u_npu/inst/u_wrap/u_pccx_npu_top/u_fmap_pre/u_fmap_shifter/local_max_low[1]_i_7/O
                         net (fo=6, routed)           0.233     9.021    pccx_v002_system_i/u_npu/inst/u_wrap/u_pccx_npu_top/u_fmap_pre/u_fmap_shifter/local_max_low[1]_i_7_n_0
    SLICE_X52Y203        LUT4 (Prop_A6LUT_SLICEL_I0_O)
                                                      0.225     9.246 r  pccx_v002_system_i/u_npu/inst/u_wrap/u_pccx_npu_top/u_fmap_pre/u_fmap_shifter/local_max_low[7]_i_115/O
                         net (fo=1, routed)           0.014     9.260    pccx_v002_system_i/u_npu/inst/u_wrap/u_pccx_npu_top/u_fmap_pre/u_fmap_shifter/local_max_low[7]_i_115_n_0
    SLICE_X52Y203        CARRY8 (Prop_CARRY8_SLICEL_S[0]_CO[3])
                                                      0.263     9.523 r  pccx_v002_system_i/u_npu/inst/u_wrap/u_pccx_npu_top/u_fmap_pre/u_fmap_shifter/local_max_low_reg[7]_i_67/CO[3]
                         net (fo=18, routed)          0.212     9.735    pccx_v002_system_i/u_npu/inst/u_wrap/u_pccx_npu_top/u_fmap_pre/u_fmap_shifter/local_max_low_reg[7]_i_67_n_4
    SLICE_X52Y202        LUT6 (Prop_F6LUT_SLICEL_I5_O)
                                                      0.056     9.791 f  pccx_v002_system_i/u_npu/inst/u_wrap/u_pccx_npu_top/u_fmap_pre/u_fmap_shifter/local_max_low[7]_i_147/O
                         net (fo=4, routed)           0.207     9.998    pccx_v002_system_i/u_npu/inst/u_wrap/u_pccx_npu_top/u_fmap_pre/u_fmap_shifter/local_max_low[7]_i_147_n_0
    SLICE_X52Y200        LUT4 (Prop_B6LUT_SLICEL_I2_O)
                                                      0.138    10.136 r  pccx_v002_system_i/u_npu/inst/u_wrap/u_pccx_npu_top/u_fmap_pre/u_fmap_shifter/local_max_low[7]_i_90/O
                         net (fo=1, routed)           0.013    10.149    pccx_v002_system_i/u_npu/inst/u_wrap/u_pccx_npu_top/u_fmap_pre/u_fmap_shifter/local_max_low[7]_i_90_n_0
    SLICE_X52Y200        CARRY8 (Prop_CARRY8_SLICEL_S[1]_CO[3])
                                                      0.250    10.399 r  pccx_v002_system_i/u_npu/inst/u_wrap/u_pccx_npu_top/u_fmap_pre/u_fmap_shifter/local_max_low_reg[7]_i_17/CO[3]
                         net (fo=17, routed)          0.307    10.705    pccx_v002_system_i/u_npu/inst/u_wrap/u_pccx_npu_top/u_fmap_pre/u_fmap_shifter/local_max_low_reg[7]_i_17_n_4
    SLICE_X52Y206        LUT6 (Prop_G6LUT_SLICEL_I5_O)
                                                      0.082    10.787 f  pccx_v002_system_i/u_npu/inst/u_wrap/u_pccx_npu_top/u_fmap_pre/u_fmap_shifter/local_max_low[2]_i_4_replica/O
                         net (fo=3, routed)           0.161    10.948    pccx_v002_system_i/u_npu/inst/u_wrap/u_pccx_npu_top/u_fmap_pre/u_fmap_shifter/local_max_low[2]_i_4_n_0_repN
    SLICE_X52Y206        LUT4 (Prop_B6LUT_SLICEL_I2_O)
                                                      0.138    11.086 r  pccx_v002_system_i/u_npu/inst/u_wrap/u_pccx_npu_top/u_fmap_pre/u_fmap_shifter/local_max_low[7]_i_56/O
                         net (fo=1, routed)           0.013    11.099    pccx_v002_system_i/u_npu/inst/u_wrap/u_pccx_npu_top/u_fmap_pre/u_fmap_shifter/local_max_low[7]_i_56_n_0
    SLICE_X52Y206        CARRY8 (Prop_CARRY8_SLICEL_S[1]_O[4])
                                                      0.279    11.378 f  pccx_v002_system_i/u_npu/inst/u_wrap/u_pccx_npu_top/u_fmap_pre/u_fmap_shifter/local_max_low_reg[7]_i_10/O[4]
                         net (fo=17, routed)          0.261    11.639    pccx_v002_system_i/u_npu/inst/u_wrap/u_pccx_npu_top/u_fmap_pre/u_fmap_shifter/local_max_low_reg[7]_i_10_n_11
    SLICE_X52Y207        LUT6 (Prop_A6LUT_SLICEL_I4_O)
                                                      0.058    11.697 f  pccx_v002_system_i/u_npu/inst/u_wrap/u_pccx_npu_top/u_fmap_pre/u_fmap_shifter/local_max_low[7]_i_97/O
                         net (fo=4, routed)           0.158    11.855    pccx_v002_system_i/u_npu/inst/u_wrap/u_pccx_npu_top/u_fmap_pre/u_fmap_shifter/local_max_low[7]_i_97_n_0
    SLICE_X53Y206        LUT4 (Prop_B6LUT_SLICEM_I2_O)
                                                      0.137    11.992 r  pccx_v002_system_i/u_npu/inst/u_wrap/u_pccx_npu_top/u_fmap_pre/u_fmap_shifter/local_max_low[7]_i_32/O
                         net (fo=1, routed)           0.022    12.014    pccx_v002_system_i/u_npu/inst/u_wrap/u_pccx_npu_top/u_fmap_pre/u_fmap_shifter/local_max_low[7]_i_32_n_0
    SLICE_X53Y206        CARRY8 (Prop_CARRY8_SLICEM_S[1]_CO[3])
                                                      0.257    12.271 f  pccx_v002_system_i/u_npu/inst/u_wrap/u_pccx_npu_top/u_fmap_pre/u_fmap_shifter/local_max_low_reg[7]_i_7/CO[3]
                         net (fo=16, routed)          0.264    12.535    pccx_v002_system_i/u_npu/inst/u_wrap/u_pccx_npu_top/u_fmap_pre/u_fmap_shifter/local_max_low_reg[7]_i_7_n_4
    SLICE_X54Y206        LUT6 (Prop_E6LUT_SLICEM_I5_O)
                                                      0.057    12.592 r  pccx_v002_system_i/u_npu/inst/u_wrap/u_pccx_npu_top/u_fmap_pre/u_fmap_shifter/local_max_low[3]_i_1/O
                         net (fo=4, routed)           0.167    12.760    pccx_v002_system_i/u_npu/inst/u_wrap/u_pccx_npu_top/u_fmap_pre/u_fmap_shifter/max_val[3]
    SLICE_X55Y207        LUT4 (Prop_B6LUT_SLICEL_I2_O)
                                                      0.152    12.912 r  pccx_v002_system_i/u_npu/inst/u_wrap/u_pccx_npu_top/u_fmap_pre/u_fmap_shifter/global_emax[7]_i_9/O
                         net (fo=1, routed)           0.013    12.925    pccx_v002_system_i/u_npu/inst/u_wrap/u_pccx_npu_top/u_fmap_pre/u_fmap_shifter/global_emax[7]_i_9_n_0
    SLICE_X55Y207        CARRY8 (Prop_CARRY8_SLICEL_S[1]_CO[3])
                                                      0.250    13.175 r  pccx_v002_system_i/u_npu/inst/u_wrap/u_pccx_npu_top/u_fmap_pre/u_fmap_shifter/global_emax_reg[7]_i_2/CO[3]
                         net (fo=8, routed)           0.201    13.376    pccx_v002_system_i/u_npu/inst/u_wrap/u_pccx_npu_top/u_fmap_pre/u_fmap_shifter/global_emax2
    SLICE_X55Y206        LUT3 (Prop_D6LUT_SLICEL_I1_O)
                                                      0.081    13.457 r  pccx_v002_system_i/u_npu/inst/u_wrap/u_pccx_npu_top/u_fmap_pre/u_fmap_shifter/global_emax[6]_i_1/O
                         net (fo=1, routed)           0.067    13.524    pccx_v002_system_i/u_npu/inst/u_wrap/u_pccx_npu_top/u_fmap_pre/u_fmap_shifter/global_emax[6]_i_1_n_0
    SLICE_X55Y206        FDRE                                         r  pccx_v002_system_i/u_npu/inst/u_wrap/u_pccx_npu_top/u_fmap_pre/u_fmap_shifter/global_emax_reg[6]/D
  -------------------------------------------------------------------    -------------------

                         (clock clk_pl_0 rise edge)
                                                     10.000    10.000 r  
    PS8_X0Y0             PS8                          0.000    10.000 r  pccx_v002_system_i/zynq_ps/inst/PS8_i/PLCLK[0]
                         net (fo=1, routed)           0.181    10.181    pccx_v002_system_i/zynq_ps/inst/pl_clk_unbuffered[0]
    BUFG_PS_X0Y93        BUFG_PS (Prop_BUFG_PS_I_O)
                                                      0.035    10.216 r  pccx_v002_system_i/zynq_ps/inst/buffer_pl_clk_0.PL_CLK_0_BUFG/O
    X1Y1 (CLOCK_ROOT)    net (fo=92606, routed)       2.920    13.136    pccx_v002_system_i/u_npu/inst/u_wrap/u_pccx_npu_top/u_fmap_pre/u_fmap_shifter/clk_core
    SLICE_X55Y206        FDRE                                         r  pccx_v002_system_i/u_npu/inst/u_wrap/u_pccx_npu_top/u_fmap_pre/u_fmap_shifter/global_emax_reg[6]/C
                         clock pessimism              0.248    13.384    
                         clock uncertainty           -0.160    13.224    
    SLICE_X55Y206        FDRE (Setup_DFF_SLICEL_C_D)
                                                      0.044    13.268    pccx_v002_system_i/u_npu/inst/u_wrap/u_pccx_npu_top/u_fmap_pre/u_fmap_shifter/global_emax_reg[6]
  -------------------------------------------------------------------
                         required time                         13.268    
                         arrival time                         -13.524    
  -------------------------------------------------------------------
                         slack                                 -0.256    

Slack (VIOLATED) :        -0.225ns  (required time - arrival time)
  Source:                 pccx_v002_system_i/u_npu/inst/u_wrap/u_pccx_npu_top/u_fmap_pre/u_fmap_fifo/xpm_fifo_base_inst/gen_sdpram.xpm_memory_base_inst/gen_wr_a.gen_word_narrow.mem_reg_0/CLKARDCLK
                            (rising edge-triggered cell RAMB36E2 clocked by clk_pl_0  {rise@0.000ns fall@5.000ns period=10.000ns})
  Destination:            pccx_v002_system_i/u_npu/inst/u_wrap/u_pccx_npu_top/u_fmap_pre/u_fmap_shifter/global_emax_reg[3]/D
                            (rising edge-triggered cell FDRE clocked by clk_pl_0  {rise@0.000ns fall@5.000ns period=10.000ns})
  Path Group:             clk_pl_0
  Path Type:              Setup (Max at Slow Process Corner)
  Requirement:            10.000ns  (clk_pl_0 rise@10.000ns - clk_pl_0 rise@0.000ns)
  Data Path Delay:        9.865ns  (logic 5.122ns (51.920%)  route 4.743ns (48.080%))
  Logic Levels:           29  (CARRY8=9 LUT3=2 LUT4=8 LUT5=2 LUT6=8)
  Clock Path Skew:        -0.246ns (DCD - SCD + CPR)
    Destination Clock Delay (DCD):    3.139ns = ( 13.139 - 10.000 ) 
    Source Clock Delay      (SCD):    3.633ns
    Clock Pessimism Removal (CPR):    0.248ns
  Clock Uncertainty:      0.160ns  ((TSJ^2 + DJ^2)^1/2) / 2 + PE
    Total System Jitter     (TSJ):    0.071ns
    Discrete Jitter          (DJ):    0.312ns
    Phase Error              (PE):    0.000ns
  Clock Net Delay (Source):      3.366ns (routing 1.680ns, distribution 1.686ns)
  Clock Net Delay (Destination): 2.923ns (routing 1.536ns, distribution 1.387ns)

    Location             Delay type                Incr(ns)  Path(ns)    Netlist Resource(s)
  -------------------------------------------------------------------    -------------------
                         (clock clk_pl_0 rise edge)
                                                      0.000     0.000 r  
    PS8_X0Y0             PS8                          0.000     0.000 r  pccx_v002_system_i/zynq_ps/inst/PS8_i/PLCLK[0]
                         net (fo=1, routed)           0.229     0.229    pccx_v002_system_i/zynq_ps/inst/pl_clk_unbuffered[0]
    BUFG_PS_X0Y93        BUFG_PS (Prop_BUFG_PS_I_O)
                                                      0.038     0.267 r  pccx_v002_system_i/zynq_ps/inst/buffer_pl_clk_0.PL_CLK_0_BUFG/O
    X1Y1 (CLOCK_ROOT)    net (fo=92606, routed)       3.366     3.633    pccx_v002_system_i/u_npu/inst/u_wrap/u_pccx_npu_top/u_fmap_pre/u_fmap_fifo/xpm_fifo_base_inst/gen_sdpram.xpm_memory_base_inst/clka
    RAMB36_X2Y40         RAMB36E2                                     r  pccx_v002_system_i/u_npu/inst/u_wrap/u_pccx_npu_top/u_fmap_pre/u_fmap_fifo/xpm_fifo_base_inst/gen_sdpram.xpm_memory_base_inst/gen_wr_a.gen_word_narrow.mem_reg_0/CLKARDCLK
  -------------------------------------------------------------------    -------------------
    RAMB36_X2Y40         RAMB36E2 (Prop_RAMB36E2_RAMB36_CLKARDCLK_DOUTADOUT[24])
                                                      0.301     3.934 r  pccx_v002_system_i/u_npu/inst/u_wrap/u_pccx_npu_top/u_fmap_pre/u_fmap_fifo/xpm_fifo_base_inst/gen_sdpram.xpm_memory_base_inst/gen_wr_a.gen_word_narrow.mem_reg_0/DOUTADOUT[24]
                         net (fo=12, routed)          0.281     4.215    pccx_v002_system_i/u_npu/inst/u_wrap/u_pccx_npu_top/u_fmap_pre/u_fmap_shifter/D[24]
    SLICE_X51Y201        LUT4 (Prop_A6LUT_SLICEL_I0_O)
                                                      0.225     4.440 r  pccx_v002_system_i/u_npu/inst/u_wrap/u_pccx_npu_top/u_fmap_pre/u_fmap_shifter/local_max_low[7]_i_229/O
                         net (fo=1, routed)           0.014     4.454    pccx_v002_system_i/u_npu/inst/u_wrap/u_pccx_npu_top/u_fmap_pre/u_fmap_shifter/local_max_low[7]_i_229_n_0
    SLICE_X51Y201        CARRY8 (Prop_CARRY8_SLICEL_S[0]_CO[3])
                                                      0.263     4.717 r  pccx_v002_system_i/u_npu/inst/u_wrap/u_pccx_npu_top/u_fmap_pre/u_fmap_shifter/local_max_low_reg[7]_i_141/CO[3]
                         net (fo=32, routed)          0.170     4.886    pccx_v002_system_i/u_npu/inst/u_wrap/u_pccx_npu_top/u_fmap_pre/u_fmap_shifter/local_max_low_reg[7]_i_141_n_4
    SLICE_X50Y200        LUT3 (Prop_G6LUT_SLICEL_I1_O)
                                                      0.057     4.943 f  pccx_v002_system_i/u_npu/inst/u_wrap/u_pccx_npu_top/u_fmap_pre/u_fmap_shifter/local_max_low[7]_i_249/O
                         net (fo=7, routed)           0.117     5.060    pccx_v002_system_i/u_npu/inst/u_wrap/u_pccx_npu_top/u_fmap_pre/u_fmap_shifter/local_max_low[7]_i_249_n_0
    SLICE_X49Y200        LUT6 (Prop_G6LUT_SLICEL_I1_O)
                                                      0.082     5.142 r  pccx_v002_system_i/u_npu/inst/u_wrap/u_pccx_npu_top/u_fmap_pre/u_fmap_shifter/local_max_low[7]_i_201/O
                         net (fo=1, routed)           0.218     5.360    pccx_v002_system_i/u_npu/inst/u_wrap/u_pccx_npu_top/u_fmap_pre/u_fmap_shifter/local_max_low[7]_i_201_n_0
    SLICE_X49Y201        CARRY8 (Prop_CARRY8_SLICEL_DI[0]_CO[3])
                                                      0.219     5.579 r  pccx_v002_system_i/u_npu/inst/u_wrap/u_pccx_npu_top/u_fmap_pre/u_fmap_shifter/local_max_low_reg[7]_i_138/CO[3]
                         net (fo=27, routed)          0.504     6.083    pccx_v002_system_i/u_npu/inst/u_wrap/u_pccx_npu_top/u_fmap_pre/u_fmap_shifter/local_max_low_reg[7]_i_138_n_4
    SLICE_X48Y201        LUT6 (Prop_F6LUT_SLICEL_I5_O)
                                                      0.187     6.270 r  pccx_v002_system_i/u_npu/inst/u_wrap/u_pccx_npu_top/u_fmap_pre/u_fmap_shifter/local_max_low[7]_i_242_replica/O
                         net (fo=2, routed)           0.111     6.381    pccx_v002_system_i/u_npu/inst/u_wrap/u_pccx_npu_top/u_fmap_pre/u_fmap_shifter/local_max_low[7]_i_242_n_0_repN
    SLICE_X48Y203        LUT4 (Prop_B6LUT_SLICEL_I0_O)
                                                      0.188     6.569 r  pccx_v002_system_i/u_npu/inst/u_wrap/u_pccx_npu_top/u_fmap_pre/u_fmap_shifter/local_max_low[7]_i_180/O
                         net (fo=1, routed)           0.013     6.582    pccx_v002_system_i/u_npu/inst/u_wrap/u_pccx_npu_top/u_fmap_pre/u_fmap_shifter/local_max_low[7]_i_180_n_0
    SLICE_X48Y203        CARRY8 (Prop_CARRY8_SLICEL_S[1]_CO[3])
                                                      0.250     6.832 f  pccx_v002_system_i/u_npu/inst/u_wrap/u_pccx_npu_top/u_fmap_pre/u_fmap_shifter/local_max_low_reg[7]_i_135/CO[3]
                         net (fo=22, routed)          0.208     7.040    pccx_v002_system_i/u_npu/inst/u_wrap/u_pccx_npu_top/u_fmap_pre/u_fmap_shifter/local_max_low_reg[7]_i_135_n_4
    SLICE_X48Y204        LUT5 (Prop_F6LUT_SLICEL_I1_O)
                                                      0.187     7.227 f  pccx_v002_system_i/u_npu/inst/u_wrap/u_pccx_npu_top/u_fmap_pre/u_fmap_shifter/local_max_low[6]_i_9/O
                         net (fo=3, routed)           0.409     7.636    pccx_v002_system_i/u_npu/inst/u_wrap/u_pccx_npu_top/u_fmap_pre/u_fmap_shifter/local_max_low[6]_i_9_n_0
    SLICE_X49Y205        LUT6 (Prop_D6LUT_SLICEL_I0_O)
                                                      0.152     7.788 f  pccx_v002_system_i/u_npu/inst/u_wrap/u_pccx_npu_top/u_fmap_pre/u_fmap_shifter/local_max_low[7]_i_230/O
                         net (fo=2, routed)           0.100     7.888    pccx_v002_system_i/u_npu/inst/u_wrap/u_pccx_npu_top/u_fmap_pre/u_fmap_shifter/local_max_low[7]_i_230_n_0
    SLICE_X50Y205        LUT4 (Prop_D5LUT_SLICEL_I0_O)
                                                      0.133     8.021 r  pccx_v002_system_i/u_npu/inst/u_wrap/u_pccx_npu_top/u_fmap_pre/u_fmap_shifter/local_max_low[7]_i_158/O
                         net (fo=1, routed)           0.000     8.021    pccx_v002_system_i/u_npu/inst/u_wrap/u_pccx_npu_top/u_fmap_pre/u_fmap_shifter/local_max_low[7]_i_158_n_0
    SLICE_X50Y205        CARRY8 (Prop_CARRY8_SLICEL_DI[3]_O[4])
                                                      0.228     8.249 r  pccx_v002_system_i/u_npu/inst/u_wrap/u_pccx_npu_top/u_fmap_pre/u_fmap_shifter/local_max_low_reg[7]_i_133/O[4]
                         net (fo=10, routed)          0.224     8.473    pccx_v002_system_i/u_npu/inst/u_wrap/u_pccx_npu_top/u_fmap_pre/u_fmap_shifter/local_max_low_reg[7]_i_133_n_11
    SLICE_X51Y205        LUT5 (Prop_A6LUT_SLICEL_I3_O)
                                                      0.082     8.555 f  pccx_v002_system_i/u_npu/inst/u_wrap/u_pccx_npu_top/u_fmap_pre/u_fmap_shifter/local_max_low[1]_i_8/O
                         net (fo=1, routed)           0.097     8.652    pccx_v002_system_i/u_npu/inst/u_wrap/u_pccx_npu_top/u_fmap_pre/u_fmap_shifter/local_max_low[1]_i_8_n_0
    SLICE_X51Y203        LUT6 (Prop_F6LUT_SLICEL_I0_O)
                                                      0.136     8.788 f  pccx_v002_system_i/u_npu/inst/u_wrap/u_pccx_npu_top/u_fmap_pre/u_fmap_shifter/local_max_low[1]_i_7/O
                         net (fo=6, routed)           0.233     9.021    pccx_v002_system_i/u_npu/inst/u_wrap/u_pccx_npu_top/u_fmap_pre/u_fmap_shifter/local_max_low[1]_i_7_n_0
    SLICE_X52Y203        LUT4 (Prop_A6LUT_SLICEL_I0_O)
                                                      0.225     9.246 r  pccx_v002_system_i/u_npu/inst/u_wrap/u_pccx_npu_top/u_fmap_pre/u_fmap_shifter/local_max_low[7]_i_115/O
                         net (fo=1, routed)           0.014     9.260    pccx_v002_system_i/u_npu/inst/u_wrap/u_pccx_npu_top/u_fmap_pre/u_fmap_shifter/local_max_low[7]_i_115_n_0
    SLICE_X52Y203        CARRY8 (Prop_CARRY8_SLICEL_S[0]_CO[3])
                                                      0.263     9.523 r  pccx_v002_system_i/u_npu/inst/u_wrap/u_pccx_npu_top/u_fmap_pre/u_fmap_shifter/local_max_low_reg[7]_i_67/CO[3]
                         net (fo=18, routed)          0.212     9.735    pccx_v002_system_i/u_npu/inst/u_wrap/u_pccx_npu_top/u_fmap_pre/u_fmap_shifter/local_max_low_reg[7]_i_67_n_4
    SLICE_X52Y202        LUT6 (Prop_F6LUT_SLICEL_I5_O)
                                                      0.056     9.791 f  pccx_v002_system_i/u_npu/inst/u_wrap/u_pccx_npu_top/u_fmap_pre/u_fmap_shifter/local_max_low[7]_i_147/O
                         net (fo=4, routed)           0.207     9.998    pccx_v002_system_i/u_npu/inst/u_wrap/u_pccx_npu_top/u_fmap_pre/u_fmap_shifter/local_max_low[7]_i_147_n_0
    SLICE_X52Y200        LUT4 (Prop_B6LUT_SLICEL_I2_O)
                                                      0.138    10.136 r  pccx_v002_system_i/u_npu/inst/u_wrap/u_pccx_npu_top/u_fmap_pre/u_fmap_shifter/local_max_low[7]_i_90/O
                         net (fo=1, routed)           0.013    10.149    pccx_v002_system_i/u_npu/inst/u_wrap/u_pccx_npu_top/u_fmap_pre/u_fmap_shifter/local_max_low[7]_i_90_n_0
    SLICE_X52Y200        CARRY8 (Prop_CARRY8_SLICEL_S[1]_CO[3])
                                                      0.250    10.399 r  pccx_v002_system_i/u_npu/inst/u_wrap/u_pccx_npu_top/u_fmap_pre/u_fmap_shifter/local_max_low_reg[7]_i_17/CO[3]
                         net (fo=17, routed)          0.307    10.705    pccx_v002_system_i/u_npu/inst/u_wrap/u_pccx_npu_top/u_fmap_pre/u_fmap_shifter/local_max_low_reg[7]_i_17_n_4
    SLICE_X52Y206        LUT6 (Prop_G6LUT_SLICEL_I5_O)
                                                      0.082    10.787 f  pccx_v002_system_i/u_npu/inst/u_wrap/u_pccx_npu_top/u_fmap_pre/u_fmap_shifter/local_max_low[2]_i_4_replica/O
                         net (fo=3, routed)           0.161    10.948    pccx_v002_system_i/u_npu/inst/u_wrap/u_pccx_npu_top/u_fmap_pre/u_fmap_shifter/local_max_low[2]_i_4_n_0_repN
    SLICE_X52Y206        LUT4 (Prop_B6LUT_SLICEL_I2_O)
                                                      0.138    11.086 r  pccx_v002_system_i/u_npu/inst/u_wrap/u_pccx_npu_top/u_fmap_pre/u_fmap_shifter/local_max_low[7]_i_56/O
                         net (fo=1, routed)           0.013    11.099    pccx_v002_system_i/u_npu/inst/u_wrap/u_pccx_npu_top/u_fmap_pre/u_fmap_shifter/local_max_low[7]_i_56_n_0
    SLICE_X52Y206        CARRY8 (Prop_CARRY8_SLICEL_S[1]_O[4])
                                                      0.279    11.378 f  pccx_v002_system_i/u_npu/inst/u_wrap/u_pccx_npu_top/u_fmap_pre/u_fmap_shifter/local_max_low_reg[7]_i_10/O[4]
                         net (fo=17, routed)          0.261    11.639    pccx_v002_system_i/u_npu/inst/u_wrap/u_pccx_npu_top/u_fmap_pre/u_fmap_shifter/local_max_low_reg[7]_i_10_n_11
    SLICE_X52Y207        LUT6 (Prop_A6LUT_SLICEL_I4_O)
                                                      0.058    11.697 f  pccx_v002_system_i/u_npu/inst/u_wrap/u_pccx_npu_top/u_fmap_pre/u_fmap_shifter/local_max_low[7]_i_97/O
                         net (fo=4, routed)           0.158    11.855    pccx_v002_system_i/u_npu/inst/u_wrap/u_pccx_npu_top/u_fmap_pre/u_fmap_shifter/local_max_low[7]_i_97_n_0
    SLICE_X53Y206        LUT4 (Prop_B6LUT_SLICEM_I2_O)
                                                      0.137    11.992 r  pccx_v002_system_i/u_npu/inst/u_wrap/u_pccx_npu_top/u_fmap_pre/u_fmap_shifter/local_max_low[7]_i_32/O
                         net (fo=1, routed)           0.022    12.014    pccx_v002_system_i/u_npu/inst/u_wrap/u_pccx_npu_top/u_fmap_pre/u_fmap_shifter/local_max_low[7]_i_32_n_0
    SLICE_X53Y206        CARRY8 (Prop_CARRY8_SLICEM_S[1]_CO[3])
                                                      0.257    12.271 f  pccx_v002_system_i/u_npu/inst/u_wrap/u_pccx_npu_top/u_fmap_pre/u_fmap_shifter/local_max_low_reg[7]_i_7/CO[3]
                         net (fo=16, routed)          0.264    12.535    pccx_v002_system_i/u_npu/inst/u_wrap/u_pccx_npu_top/u_fmap_pre/u_fmap_shifter/local_max_low_reg[7]_i_7_n_4
    SLICE_X54Y206        LUT6 (Prop_E6LUT_SLICEM_I5_O)
                                                      0.057    12.592 r  pccx_v002_system_i/u_npu/inst/u_wrap/u_pccx_npu_top/u_fmap_pre/u_fmap_shifter/local_max_low[3]_i_1/O
                         net (fo=4, routed)           0.167    12.760    pccx_v002_system_i/u_npu/inst/u_wrap/u_pccx_npu_top/u_fmap_pre/u_fmap_shifter/max_val[3]
    SLICE_X55Y207        LUT4 (Prop_B6LUT_SLICEL_I2_O)
                                                      0.152    12.912 r  pccx_v002_system_i/u_npu/inst/u_wrap/u_pccx_npu_top/u_fmap_pre/u_fmap_shifter/global_emax[7]_i_9/O
                         net (fo=1, routed)           0.013    12.925    pccx_v002_system_i/u_npu/inst/u_wrap/u_pccx_npu_top/u_fmap_pre/u_fmap_shifter/global_emax[7]_i_9_n_0
    SLICE_X55Y207        CARRY8 (Prop_CARRY8_SLICEL_S[1]_CO[3])
                                                      0.250    13.175 r  pccx_v002_system_i/u_npu/inst/u_wrap/u_pccx_npu_top/u_fmap_pre/u_fmap_shifter/global_emax_reg[7]_i_2/CO[3]
                         net (fo=8, routed)           0.208    13.383    pccx_v002_system_i/u_npu/inst/u_wrap/u_pccx_npu_top/u_fmap_pre/u_fmap_shifter/global_emax2
    SLICE_X55Y206        LUT3 (Prop_G5LUT_SLICEL_I1_O)
                                                      0.090    13.473 r  pccx_v002_system_i/u_npu/inst/u_wrap/u_pccx_npu_top/u_fmap_pre/u_fmap_shifter/global_emax[3]_i_1/O
                         net (fo=1, routed)           0.025    13.498    pccx_v002_system_i/u_npu/inst/u_wrap/u_pccx_npu_top/u_fmap_pre/u_fmap_shifter/global_emax[3]_i_1_n_0
    SLICE_X55Y206        FDRE                                         r  pccx_v002_system_i/u_npu/inst/u_wrap/u_pccx_npu_top/u_fmap_pre/u_fmap_shifter/global_emax_reg[3]/D
  -------------------------------------------------------------------    -------------------

                         (clock clk_pl_0 rise edge)
                                                     10.000    10.000 r  
    PS8_X0Y0             PS8                          0.000    10.000 r  pccx_v002_system_i/zynq_ps/inst/PS8_i/PLCLK[0]
                         net (fo=1, routed)           0.181    10.181    pccx_v002_system_i/zynq_ps/inst/pl_clk_unbuffered[0]
    BUFG_PS_X0Y93        BUFG_PS (Prop_BUFG_PS_I_O)
                                                      0.035    10.216 r  pccx_v002_system_i/zynq_ps/inst/buffer_pl_clk_0.PL_CLK_0_BUFG/O
    X1Y1 (CLOCK_ROOT)    net (fo=92606, routed)       2.923    13.139    pccx_v002_system_i/u_npu/inst/u_wrap/u_pccx_npu_top/u_fmap_pre/u_fmap_shifter/clk_core
    SLICE_X55Y206        FDRE                                         r  pccx_v002_system_i/u_npu/inst/u_wrap/u_pccx_npu_top/u_fmap_pre/u_fmap_shifter/global_emax_reg[3]/C
                         clock pessimism              0.248    13.387    
                         clock uncertainty           -0.160    13.227    
    SLICE_X55Y206        FDRE (Setup_GFF2_SLICEL_C_D)
                                                      0.046    13.273    pccx_v002_system_i/u_npu/inst/u_wrap/u_pccx_npu_top/u_fmap_pre/u_fmap_shifter/global_emax_reg[3]
  -------------------------------------------------------------------
                         required time                         13.273    
                         arrival time                         -13.498    
  -------------------------------------------------------------------
                         slack                                 -0.225    

Slack (VIOLATED) :        -0.218ns  (required time - arrival time)
  Source:                 pccx_v002_system_i/u_npu/inst/u_wrap/u_pccx_npu_top/u_fmap_pre/u_fmap_fifo/xpm_fifo_base_inst/gen_sdpram.xpm_memory_base_inst/gen_wr_a.gen_word_narrow.mem_reg_0/CLKARDCLK
                            (rising edge-triggered cell RAMB36E2 clocked by clk_pl_0  {rise@0.000ns fall@5.000ns period=10.000ns})
  Destination:            pccx_v002_system_i/u_npu/inst/u_wrap/u_pccx_npu_top/u_fmap_pre/u_fmap_shifter/global_emax_reg[7]/D
                            (rising edge-triggered cell FDRE clocked by clk_pl_0  {rise@0.000ns fall@5.000ns period=10.000ns})
  Path Group:             clk_pl_0
  Path Type:              Setup (Max at Slow Process Corner)
  Requirement:            10.000ns  (clk_pl_0 rise@10.000ns - clk_pl_0 rise@0.000ns)
  Data Path Delay:        9.855ns  (logic 5.120ns (51.953%)  route 4.735ns (48.047%))
  Logic Levels:           29  (CARRY8=9 LUT3=2 LUT4=8 LUT5=2 LUT6=8)
  Clock Path Skew:        -0.249ns (DCD - SCD + CPR)
    Destination Clock Delay (DCD):    3.136ns = ( 13.136 - 10.000 ) 
    Source Clock Delay      (SCD):    3.633ns
    Clock Pessimism Removal (CPR):    0.248ns
  Clock Uncertainty:      0.160ns  ((TSJ^2 + DJ^2)^1/2) / 2 + PE
    Total System Jitter     (TSJ):    0.071ns
    Discrete Jitter          (DJ):    0.312ns
    Phase Error              (PE):    0.000ns
  Clock Net Delay (Source):      3.366ns (routing 1.680ns, distribution 1.686ns)
  Clock Net Delay (Destination): 2.920ns (routing 1.536ns, distribution 1.384ns)

    Location             Delay type                Incr(ns)  Path(ns)    Netlist Resource(s)
  -------------------------------------------------------------------    -------------------
                         (clock clk_pl_0 rise edge)
                                                      0.000     0.000 r  
    PS8_X0Y0             PS8                          0.000     0.000 r  pccx_v002_system_i/zynq_ps/inst/PS8_i/PLCLK[0]
                         net (fo=1, routed)           0.229     0.229    pccx_v002_system_i/zynq_ps/inst/pl_clk_unbuffered[0]
    BUFG_PS_X0Y93        BUFG_PS (Prop_BUFG_PS_I_O)
                                                      0.038     0.267 r  pccx_v002_system_i/zynq_ps/inst/buffer_pl_clk_0.PL_CLK_0_BUFG/O
    X1Y1 (CLOCK_ROOT)    net (fo=92606, routed)       3.366     3.633    pccx_v002_system_i/u_npu/inst/u_wrap/u_pccx_npu_top/u_fmap_pre/u_fmap_fifo/xpm_fifo_base_inst/gen_sdpram.xpm_memory_base_inst/clka
    RAMB36_X2Y40         RAMB36E2                                     r  pccx_v002_system_i/u_npu/inst/u_wrap/u_pccx_npu_top/u_fmap_pre/u_fmap_fifo/xpm_fifo_base_inst/gen_sdpram.xpm_memory_base_inst/gen_wr_a.gen_word_narrow.mem_reg_0/CLKARDCLK
  -------------------------------------------------------------------    -------------------
    RAMB36_X2Y40         RAMB36E2 (Prop_RAMB36E2_RAMB36_CLKARDCLK_DOUTADOUT[24])
                                                      0.301     3.934 r  pccx_v002_system_i/u_npu/inst/u_wrap/u_pccx_npu_top/u_fmap_pre/u_fmap_fifo/xpm_fifo_base_inst/gen_sdpram.xpm_memory_base_inst/gen_wr_a.gen_word_narrow.mem_reg_0/DOUTADOUT[24]
                         net (fo=12, routed)          0.281     4.215    pccx_v002_system_i/u_npu/inst/u_wrap/u_pccx_npu_top/u_fmap_pre/u_fmap_shifter/D[24]
    SLICE_X51Y201        LUT4 (Prop_A6LUT_SLICEL_I0_O)
                                                      0.225     4.440 r  pccx_v002_system_i/u_npu/inst/u_wrap/u_pccx_npu_top/u_fmap_pre/u_fmap_shifter/local_max_low[7]_i_229/O
                         net (fo=1, routed)           0.014     4.454    pccx_v002_system_i/u_npu/inst/u_wrap/u_pccx_npu_top/u_fmap_pre/u_fmap_shifter/local_max_low[7]_i_229_n_0
    SLICE_X51Y201        CARRY8 (Prop_CARRY8_SLICEL_S[0]_CO[3])
                                                      0.263     4.717 r  pccx_v002_system_i/u_npu/inst/u_wrap/u_pccx_npu_top/u_fmap_pre/u_fmap_shifter/local_max_low_reg[7]_i_141/CO[3]
                         net (fo=32, routed)          0.170     4.886    pccx_v002_system_i/u_npu/inst/u_wrap/u_pccx_npu_top/u_fmap_pre/u_fmap_shifter/local_max_low_reg[7]_i_141_n_4
    SLICE_X50Y200        LUT3 (Prop_G6LUT_SLICEL_I1_O)
                                                      0.057     4.943 f  pccx_v002_system_i/u_npu/inst/u_wrap/u_pccx_npu_top/u_fmap_pre/u_fmap_shifter/local_max_low[7]_i_249/O
                         net (fo=7, routed)           0.117     5.060    pccx_v002_system_i/u_npu/inst/u_wrap/u_pccx_npu_top/u_fmap_pre/u_fmap_shifter/local_max_low[7]_i_249_n_0
    SLICE_X49Y200        LUT6 (Prop_G6LUT_SLICEL_I1_O)
                                                      0.082     5.142 r  pccx_v002_system_i/u_npu/inst/u_wrap/u_pccx_npu_top/u_fmap_pre/u_fmap_shifter/local_max_low[7]_i_201/O
                         net (fo=1, routed)           0.218     5.360    pccx_v002_system_i/u_npu/inst/u_wrap/u_pccx_npu_top/u_fmap_pre/u_fmap_shifter/local_max_low[7]_i_201_n_0
    SLICE_X49Y201        CARRY8 (Prop_CARRY8_SLICEL_DI[0]_CO[3])
                                                      0.219     5.579 r  pccx_v002_system_i/u_npu/inst/u_wrap/u_pccx_npu_top/u_fmap_pre/u_fmap_shifter/local_max_low_reg[7]_i_138/CO[3]
                         net (fo=27, routed)          0.504     6.083    pccx_v002_system_i/u_npu/inst/u_wrap/u_pccx_npu_top/u_fmap_pre/u_fmap_shifter/local_max_low_reg[7]_i_138_n_4
    SLICE_X48Y201        LUT6 (Prop_F6LUT_SLICEL_I5_O)
                                                      0.187     6.270 r  pccx_v002_system_i/u_npu/inst/u_wrap/u_pccx_npu_top/u_fmap_pre/u_fmap_shifter/local_max_low[7]_i_242_replica/O
                         net (fo=2, routed)           0.111     6.381    pccx_v002_system_i/u_npu/inst/u_wrap/u_pccx_npu_top/u_fmap_pre/u_fmap_shifter/local_max_low[7]_i_242_n_0_repN
    SLICE_X48Y203        LUT4 (Prop_B6LUT_SLICEL_I0_O)
                                                      0.188     6.569 r  pccx_v002_system_i/u_npu/inst/u_wrap/u_pccx_npu_top/u_fmap_pre/u_fmap_shifter/local_max_low[7]_i_180/O
                         net (fo=1, routed)           0.013     6.582    pccx_v002_system_i/u_npu/inst/u_wrap/u_pccx_npu_top/u_fmap_pre/u_fmap_shifter/local_max_low[7]_i_180_n_0
    SLICE_X48Y203        CARRY8 (Prop_CARRY8_SLICEL_S[1]_CO[3])
                                                      0.250     6.832 f  pccx_v002_system_i/u_npu/inst/u_wrap/u_pccx_npu_top/u_fmap_pre/u_fmap_shifter/local_max_low_reg[7]_i_135/CO[3]
                         net (fo=22, routed)          0.208     7.040    pccx_v002_system_i/u_npu/inst/u_wrap/u_pccx_npu_top/u_fmap_pre/u_fmap_shifter/local_max_low_reg[7]_i_135_n_4
    SLICE_X48Y204        LUT5 (Prop_F6LUT_SLICEL_I1_O)
                                                      0.187     7.227 f  pccx_v002_system_i/u_npu/inst/u_wrap/u_pccx_npu_top/u_fmap_pre/u_fmap_shifter/local_max_low[6]_i_9/O
                         net (fo=3, routed)           0.409     7.636    pccx_v002_system_i/u_npu/inst/u_wrap/u_pccx_npu_top/u_fmap_pre/u_fmap_shifter/local_max_low[6]_i_9_n_0
    SLICE_X49Y205        LUT6 (Prop_D6LUT_SLICEL_I0_O)
                                                      0.152     7.788 f  pccx_v002_system_i/u_npu/inst/u_wrap/u_pccx_npu_top/u_fmap_pre/u_fmap_shifter/local_max_low[7]_i_230/O
                         net (fo=2, routed)           0.100     7.888    pccx_v002_system_i/u_npu/inst/u_wrap/u_pccx_npu_top/u_fmap_pre/u_fmap_shifter/local_max_low[7]_i_230_n_0
    SLICE_X50Y205        LUT4 (Prop_D5LUT_SLICEL_I0_O)
                                                      0.133     8.021 r  pccx_v002_system_i/u_npu/inst/u_wrap/u_pccx_npu_top/u_fmap_pre/u_fmap_shifter/local_max_low[7]_i_158/O
                         net (fo=1, routed)           0.000     8.021    pccx_v002_system_i/u_npu/inst/u_wrap/u_pccx_npu_top/u_fmap_pre/u_fmap_shifter/local_max_low[7]_i_158_n_0
    SLICE_X50Y205        CARRY8 (Prop_CARRY8_SLICEL_DI[3]_O[4])
                                                      0.228     8.249 r  pccx_v002_system_i/u_npu/inst/u_wrap/u_pccx_npu_top/u_fmap_pre/u_fmap_shifter/local_max_low_reg[7]_i_133/O[4]
                         net (fo=10, routed)          0.224     8.473    pccx_v002_system_i/u_npu/inst/u_wrap/u_pccx_npu_top/u_fmap_pre/u_fmap_shifter/local_max_low_reg[7]_i_133_n_11
    SLICE_X51Y205        LUT5 (Prop_A6LUT_SLICEL_I3_O)
                                                      0.082     8.555 f  pccx_v002_system_i/u_npu/inst/u_wrap/u_pccx_npu_top/u_fmap_pre/u_fmap_shifter/local_max_low[1]_i_8/O
                         net (fo=1, routed)           0.097     8.652    pccx_v002_system_i/u_npu/inst/u_wrap/u_pccx_npu_top/u_fmap_pre/u_fmap_shifter/local_max_low[1]_i_8_n_0
    SLICE_X51Y203        LUT6 (Prop_F6LUT_SLICEL_I0_O)
                                                      0.136     8.788 f  pccx_v002_system_i/u_npu/inst/u_wrap/u_pccx_npu_top/u_fmap_pre/u_fmap_shifter/local_max_low[1]_i_7/O
                         net (fo=6, routed)           0.233     9.021    pccx_v002_system_i/u_npu/inst/u_wrap/u_pccx_npu_top/u_fmap_pre/u_fmap_shifter/local_max_low[1]_i_7_n_0
    SLICE_X52Y203        LUT4 (Prop_A6LUT_SLICEL_I0_O)
                                                      0.225     9.246 r  pccx_v002_system_i/u_npu/inst/u_wrap/u_pccx_npu_top/u_fmap_pre/u_fmap_shifter/local_max_low[7]_i_115/O
                         net (fo=1, routed)           0.014     9.260    pccx_v002_system_i/u_npu/inst/u_wrap/u_pccx_npu_top/u_fmap_pre/u_fmap_shifter/local_max_low[7]_i_115_n_0
    SLICE_X52Y203        CARRY8 (Prop_CARRY8_SLICEL_S[0]_CO[3])
                                                      0.263     9.523 r  pccx_v002_system_i/u_npu/inst/u_wrap/u_pccx_npu_top/u_fmap_pre/u_fmap_shifter/local_max_low_reg[7]_i_67/CO[3]
                         net (fo=18, routed)          0.212     9.735    pccx_v002_system_i/u_npu/inst/u_wrap/u_pccx_npu_top/u_fmap_pre/u_fmap_shifter/local_max_low_reg[7]_i_67_n_4
    SLICE_X52Y202        LUT6 (Prop_F6LUT_SLICEL_I5_O)
                                                      0.056     9.791 f  pccx_v002_system_i/u_npu/inst/u_wrap/u_pccx_npu_top/u_fmap_pre/u_fmap_shifter/local_max_low[7]_i_147/O
                         net (fo=4, routed)           0.207     9.998    pccx_v002_system_i/u_npu/inst/u_wrap/u_pccx_npu_top/u_fmap_pre/u_fmap_shifter/local_max_low[7]_i_147_n_0
    SLICE_X52Y200        LUT4 (Prop_B6LUT_SLICEL_I2_O)
                                                      0.138    10.136 r  pccx_v002_system_i/u_npu/inst/u_wrap/u_pccx_npu_top/u_fmap_pre/u_fmap_shifter/local_max_low[7]_i_90/O
                         net (fo=1, routed)           0.013    10.149    pccx_v002_system_i/u_npu/inst/u_wrap/u_pccx_npu_top/u_fmap_pre/u_fmap_shifter/local_max_low[7]_i_90_n_0
    SLICE_X52Y200        CARRY8 (Prop_CARRY8_SLICEL_S[1]_CO[3])
                                                      0.250    10.399 r  pccx_v002_system_i/u_npu/inst/u_wrap/u_pccx_npu_top/u_fmap_pre/u_fmap_shifter/local_max_low_reg[7]_i_17/CO[3]
                         net (fo=17, routed)          0.307    10.705    pccx_v002_system_i/u_npu/inst/u_wrap/u_pccx_npu_top/u_fmap_pre/u_fmap_shifter/local_max_low_reg[7]_i_17_n_4
    SLICE_X52Y206        LUT6 (Prop_G6LUT_SLICEL_I5_O)
                                                      0.082    10.787 f  pccx_v002_system_i/u_npu/inst/u_wrap/u_pccx_npu_top/u_fmap_pre/u_fmap_shifter/local_max_low[2]_i_4_replica/O
                         net (fo=3, routed)           0.161    10.948    pccx_v002_system_i/u_npu/inst/u_wrap/u_pccx_npu_top/u_fmap_pre/u_fmap_shifter/local_max_low[2]_i_4_n_0_repN
    SLICE_X52Y206        LUT4 (Prop_B6LUT_SLICEL_I2_O)
                                                      0.138    11.086 r  pccx_v002_system_i/u_npu/inst/u_wrap/u_pccx_npu_top/u_fmap_pre/u_fmap_shifter/local_max_low[7]_i_56/O
                         net (fo=1, routed)           0.013    11.099    pccx_v002_system_i/u_npu/inst/u_wrap/u_pccx_npu_top/u_fmap_pre/u_fmap_shifter/local_max_low[7]_i_56_n_0
    SLICE_X52Y206        CARRY8 (Prop_CARRY8_SLICEL_S[1]_O[4])
                                                      0.279    11.378 f  pccx_v002_system_i/u_npu/inst/u_wrap/u_pccx_npu_top/u_fmap_pre/u_fmap_shifter/local_max_low_reg[7]_i_10/O[4]
                         net (fo=17, routed)          0.261    11.639    pccx_v002_system_i/u_npu/inst/u_wrap/u_pccx_npu_top/u_fmap_pre/u_fmap_shifter/local_max_low_reg[7]_i_10_n_11
    SLICE_X52Y207        LUT6 (Prop_A6LUT_SLICEL_I4_O)
                                                      0.058    11.697 f  pccx_v002_system_i/u_npu/inst/u_wrap/u_pccx_npu_top/u_fmap_pre/u_fmap_shifter/local_max_low[7]_i_97/O
                         net (fo=4, routed)           0.158    11.855    pccx_v002_system_i/u_npu/inst/u_wrap/u_pccx_npu_top/u_fmap_pre/u_fmap_shifter/local_max_low[7]_i_97_n_0
    SLICE_X53Y206        LUT4 (Prop_B6LUT_SLICEM_I2_O)
                                                      0.137    11.992 r  pccx_v002_system_i/u_npu/inst/u_wrap/u_pccx_npu_top/u_fmap_pre/u_fmap_shifter/local_max_low[7]_i_32/O
                         net (fo=1, routed)           0.022    12.014    pccx_v002_system_i/u_npu/inst/u_wrap/u_pccx_npu_top/u_fmap_pre/u_fmap_shifter/local_max_low[7]_i_32_n_0
    SLICE_X53Y206        CARRY8 (Prop_CARRY8_SLICEM_S[1]_CO[3])
                                                      0.257    12.271 f  pccx_v002_system_i/u_npu/inst/u_wrap/u_pccx_npu_top/u_fmap_pre/u_fmap_shifter/local_max_low_reg[7]_i_7/CO[3]
                         net (fo=16, routed)          0.264    12.535    pccx_v002_system_i/u_npu/inst/u_wrap/u_pccx_npu_top/u_fmap_pre/u_fmap_shifter/local_max_low_reg[7]_i_7_n_4
    SLICE_X54Y206        LUT6 (Prop_E6LUT_SLICEM_I5_O)
                                                      0.057    12.592 r  pccx_v002_system_i/u_npu/inst/u_wrap/u_pccx_npu_top/u_fmap_pre/u_fmap_shifter/local_max_low[3]_i_1/O
                         net (fo=4, routed)           0.167    12.760    pccx_v002_system_i/u_npu/inst/u_wrap/u_pccx_npu_top/u_fmap_pre/u_fmap_shifter/max_val[3]
    SLICE_X55Y207        LUT4 (Prop_B6LUT_SLICEL_I2_O)
                                                      0.152    12.912 r  pccx_v002_system_i/u_npu/inst/u_wrap/u_pccx_npu_top/u_fmap_pre/u_fmap_shifter/global_emax[7]_i_9/O
                         net (fo=1, routed)           0.013    12.925    pccx_v002_system_i/u_npu/inst/u_wrap/u_pccx_npu_top/u_fmap_pre/u_fmap_shifter/global_emax[7]_i_9_n_0
    SLICE_X55Y207        CARRY8 (Prop_CARRY8_SLICEL_S[1]_CO[3])
                                                      0.250    13.175 r  pccx_v002_system_i/u_npu/inst/u_wrap/u_pccx_npu_top/u_fmap_pre/u_fmap_shifter/global_emax_reg[7]_i_2/CO[3]
                         net (fo=8, routed)           0.201    13.376    pccx_v002_system_i/u_npu/inst/u_wrap/u_pccx_npu_top/u_fmap_pre/u_fmap_shifter/global_emax2
    SLICE_X55Y206        LUT3 (Prop_D5LUT_SLICEL_I1_O)
                                                      0.088    13.464 r  pccx_v002_system_i/u_npu/inst/u_wrap/u_pccx_npu_top/u_fmap_pre/u_fmap_shifter/global_emax[7]_i_1/O
                         net (fo=1, routed)           0.024    13.488    pccx_v002_system_i/u_npu/inst/u_wrap/u_pccx_npu_top/u_fmap_pre/u_fmap_shifter/global_emax[7]_i_1_n_0
    SLICE_X55Y206        FDRE                                         r  pccx_v002_system_i/u_npu/inst/u_wrap/u_pccx_npu_top/u_fmap_pre/u_fmap_shifter/global_emax_reg[7]/D
  -------------------------------------------------------------------    -------------------

                         (clock clk_pl_0 rise edge)
                                                     10.000    10.000 r  
    PS8_X0Y0             PS8                          0.000    10.000 r  pccx_v002_system_i/zynq_ps/inst/PS8_i/PLCLK[0]
                         net (fo=1, routed)           0.181    10.181    pccx_v002_system_i/zynq_ps/inst/pl_clk_unbuffered[0]
    BUFG_PS_X0Y93        BUFG_PS (Prop_BUFG_PS_I_O)
                                                      0.035    10.216 r  pccx_v002_system_i/zynq_ps/inst/buffer_pl_clk_0.PL_CLK_0_BUFG/O
    X1Y1 (CLOCK_ROOT)    net (fo=92606, routed)       2.920    13.136    pccx_v002_system_i/u_npu/inst/u_wrap/u_pccx_npu_top/u_fmap_pre/u_fmap_shifter/clk_core
    SLICE_X55Y206        FDRE                                         r  pccx_v002_system_i/u_npu/inst/u_wrap/u_pccx_npu_top/u_fmap_pre/u_fmap_shifter/global_emax_reg[7]/C
                         clock pessimism              0.248    13.384    
                         clock uncertainty           -0.160    13.224    
    SLICE_X55Y206        FDRE (Setup_DFF2_SLICEL_C_D)
                                                      0.046    13.270    pccx_v002_system_i/u_npu/inst/u_wrap/u_pccx_npu_top/u_fmap_pre/u_fmap_shifter/global_emax_reg[7]
  -------------------------------------------------------------------
                         required time                         13.270    
                         arrival time                         -13.488    
  -------------------------------------------------------------------
                         slack                                 -0.218    

Slack (VIOLATED) :        -0.211ns  (required time - arrival time)
  Source:                 pccx_v002_system_i/u_npu/inst/u_wrap/u_pccx_npu_top/u_fmap_pre/u_fmap_fifo/xpm_fifo_base_inst/gen_sdpram.xpm_memory_base_inst/gen_wr_a.gen_word_narrow.mem_reg_0/CLKARDCLK
                            (rising edge-triggered cell RAMB36E2 clocked by clk_pl_0  {rise@0.000ns fall@5.000ns period=10.000ns})
  Destination:            pccx_v002_system_i/u_npu/inst/u_wrap/u_pccx_npu_top/u_fmap_pre/u_fmap_shifter/global_emax_reg[4]/D
                            (rising edge-triggered cell FDRE clocked by clk_pl_0  {rise@0.000ns fall@5.000ns period=10.000ns})
  Path Group:             clk_pl_0
  Path Type:              Setup (Max at Slow Process Corner)
  Requirement:            10.000ns  (clk_pl_0 rise@10.000ns - clk_pl_0 rise@0.000ns)
  Data Path Delay:        9.848ns  (logic 5.114ns (51.930%)  route 4.734ns (48.070%))
  Logic Levels:           29  (CARRY8=9 LUT3=2 LUT4=8 LUT5=2 LUT6=8)
  Clock Path Skew:        -0.247ns (DCD - SCD + CPR)
    Destination Clock Delay (DCD):    3.138ns = ( 13.138 - 10.000 ) 
    Source Clock Delay      (SCD):    3.633ns
    Clock Pessimism Removal (CPR):    0.248ns
  Clock Uncertainty:      0.160ns  ((TSJ^2 + DJ^2)^1/2) / 2 + PE
    Total System Jitter     (TSJ):    0.071ns
    Discrete Jitter          (DJ):    0.312ns
    Phase Error              (PE):    0.000ns
  Clock Net Delay (Source):      3.366ns (routing 1.680ns, distribution 1.686ns)
  Clock Net Delay (Destination): 2.922ns (routing 1.536ns, distribution 1.386ns)

    Location             Delay type                Incr(ns)  Path(ns)    Netlist Resource(s)
  -------------------------------------------------------------------    -------------------
                         (clock clk_pl_0 rise edge)
                                                      0.000     0.000 r  
    PS8_X0Y0             PS8                          0.000     0.000 r  pccx_v002_system_i/zynq_ps/inst/PS8_i/PLCLK[0]
                         net (fo=1, routed)           0.229     0.229    pccx_v002_system_i/zynq_ps/inst/pl_clk_unbuffered[0]
    BUFG_PS_X0Y93        BUFG_PS (Prop_BUFG_PS_I_O)
                                                      0.038     0.267 r  pccx_v002_system_i/zynq_ps/inst/buffer_pl_clk_0.PL_CLK_0_BUFG/O
    X1Y1 (CLOCK_ROOT)    net (fo=92606, routed)       3.366     3.633    pccx_v002_system_i/u_npu/inst/u_wrap/u_pccx_npu_top/u_fmap_pre/u_fmap_fifo/xpm_fifo_base_inst/gen_sdpram.xpm_memory_base_inst/clka
    RAMB36_X2Y40         RAMB36E2                                     r  pccx_v002_system_i/u_npu/inst/u_wrap/u_pccx_npu_top/u_fmap_pre/u_fmap_fifo/xpm_fifo_base_inst/gen_sdpram.xpm_memory_base_inst/gen_wr_a.gen_word_narrow.mem_reg_0/CLKARDCLK
  -------------------------------------------------------------------    -------------------
    RAMB36_X2Y40         RAMB36E2 (Prop_RAMB36E2_RAMB36_CLKARDCLK_DOUTADOUT[24])
                                                      0.301     3.934 r  pccx_v002_system_i/u_npu/inst/u_wrap/u_pccx_npu_top/u_fmap_pre/u_fmap_fifo/xpm_fifo_base_inst/gen_sdpram.xpm_memory_base_inst/gen_wr_a.gen_word_narrow.mem_reg_0/DOUTADOUT[24]
                         net (fo=12, routed)          0.281     4.215    pccx_v002_system_i/u_npu/inst/u_wrap/u_pccx_npu_top/u_fmap_pre/u_fmap_shifter/D[24]
    SLICE_X51Y201        LUT4 (Prop_A6LUT_SLICEL_I0_O)
                                                      0.225     4.440 r  pccx_v002_system_i/u_npu/inst/u_wrap/u_pccx_npu_top/u_fmap_pre/u_fmap_shifter/local_max_low[7]_i_229/O
                         net (fo=1, routed)           0.014     4.454    pccx_v002_system_i/u_npu/inst/u_wrap/u_pccx_npu_top/u_fmap_pre/u_fmap_shifter/local_max_low[7]_i_229_n_0
    SLICE_X51Y201        CARRY8 (Prop_CARRY8_SLICEL_S[0]_CO[3])
                                                      0.263     4.717 r  pccx_v002_system_i/u_npu/inst/u_wrap/u_pccx_npu_top/u_fmap_pre/u_fmap_shifter/local_max_low_reg[7]_i_141/CO[3]
                         net (fo=32, routed)          0.170     4.886    pccx_v002_system_i/u_npu/inst/u_wrap/u_pccx_npu_top/u_fmap_pre/u_fmap_shifter/local_max_low_reg[7]_i_141_n_4
    SLICE_X50Y200        LUT3 (Prop_G6LUT_SLICEL_I1_O)
                                                      0.057     4.943 f  pccx_v002_system_i/u_npu/inst/u_wrap/u_pccx_npu_top/u_fmap_pre/u_fmap_shifter/local_max_low[7]_i_249/O
                         net (fo=7, routed)           0.117     5.060    pccx_v002_system_i/u_npu/inst/u_wrap/u_pccx_npu_top/u_fmap_pre/u_fmap_shifter/local_max_low[7]_i_249_n_0
    SLICE_X49Y200        LUT6 (Prop_G6LUT_SLICEL_I1_O)
                                                      0.082     5.142 r  pccx_v002_system_i/u_npu/inst/u_wrap/u_pccx_npu_top/u_fmap_pre/u_fmap_shifter/local_max_low[7]_i_201/O
                         net (fo=1, routed)           0.218     5.360    pccx_v002_system_i/u_npu/inst/u_wrap/u_pccx_npu_top/u_fmap_pre/u_fmap_shifter/local_max_low[7]_i_201_n_0
    SLICE_X49Y201        CARRY8 (Prop_CARRY8_SLICEL_DI[0]_CO[3])
                                                      0.219     5.579 r  pccx_v002_system_i/u_npu/inst/u_wrap/u_pccx_npu_top/u_fmap_pre/u_fmap_shifter/local_max_low_reg[7]_i_138/CO[3]
                         net (fo=27, routed)          0.504     6.083    pccx_v002_system_i/u_npu/inst/u_wrap/u_pccx_npu_top/u_fmap_pre/u_fmap_shifter/local_max_low_reg[7]_i_138_n_4
    SLICE_X48Y201        LUT6 (Prop_F6LUT_SLICEL_I5_O)
                                                      0.187     6.270 r  pccx_v002_system_i/u_npu/inst/u_wrap/u_pccx_npu_top/u_fmap_pre/u_fmap_shifter/local_max_low[7]_i_242_replica/O
                         net (fo=2, routed)           0.111     6.381    pccx_v002_system_i/u_npu/inst/u_wrap/u_pccx_npu_top/u_fmap_pre/u_fmap_shifter/local_max_low[7]_i_242_n_0_repN
    SLICE_X48Y203        LUT4 (Prop_B6LUT_SLICEL_I0_O)
                                                      0.188     6.569 r  pccx_v002_system_i/u_npu/inst/u_wrap/u_pccx_npu_top/u_fmap_pre/u_fmap_shifter/local_max_low[7]_i_180/O
                         net (fo=1, routed)           0.013     6.582    pccx_v002_system_i/u_npu/inst/u_wrap/u_pccx_npu_top/u_fmap_pre/u_fmap_shifter/local_max_low[7]_i_180_n_0
    SLICE_X48Y203        CARRY8 (Prop_CARRY8_SLICEL_S[1]_CO[3])
                                                      0.250     6.832 f  pccx_v002_system_i/u_npu/inst/u_wrap/u_pccx_npu_top/u_fmap_pre/u_fmap_shifter/local_max_low_reg[7]_i_135/CO[3]
                         net (fo=22, routed)          0.208     7.040    pccx_v002_system_i/u_npu/inst/u_wrap/u_pccx_npu_top/u_fmap_pre/u_fmap_shifter/local_max_low_reg[7]_i_135_n_4
    SLICE_X48Y204        LUT5 (Prop_F6LUT_SLICEL_I1_O)
                                                      0.187     7.227 f  pccx_v002_system_i/u_npu/inst/u_wrap/u_pccx_npu_top/u_fmap_pre/u_fmap_shifter/local_max_low[6]_i_9/O
                         net (fo=3, routed)           0.409     7.636    pccx_v002_system_i/u_npu/inst/u_wrap/u_pccx_npu_top/u_fmap_pre/u_fmap_shifter/local_max_low[6]_i_9_n_0
    SLICE_X49Y205        LUT6 (Prop_D6LUT_SLICEL_I0_O)
                                                      0.152     7.788 f  pccx_v002_system_i/u_npu/inst/u_wrap/u_pccx_npu_top/u_fmap_pre/u_fmap_shifter/local_max_low[7]_i_230/O
                         net (fo=2, routed)           0.100     7.888    pccx_v002_system_i/u_npu/inst/u_wrap/u_pccx_npu_top/u_fmap_pre/u_fmap_shifter/local_max_low[7]_i_230_n_0
    SLICE_X50Y205        LUT4 (Prop_D5LUT_SLICEL_I0_O)
                                                      0.133     8.021 r  pccx_v002_system_i/u_npu/inst/u_wrap/u_pccx_npu_top/u_fmap_pre/u_fmap_shifter/local_max_low[7]_i_158/O
                         net (fo=1, routed)           0.000     8.021    pccx_v002_system_i/u_npu/inst/u_wrap/u_pccx_npu_top/u_fmap_pre/u_fmap_shifter/local_max_low[7]_i_158_n_0
    SLICE_X50Y205        CARRY8 (Prop_CARRY8_SLICEL_DI[3]_O[4])
                                                      0.228     8.249 r  pccx_v002_system_i/u_npu/inst/u_wrap/u_pccx_npu_top/u_fmap_pre/u_fmap_shifter/local_max_low_reg[7]_i_133/O[4]
                         net (fo=10, routed)          0.224     8.473    pccx_v002_system_i/u_npu/inst/u_wrap/u_pccx_npu_top/u_fmap_pre/u_fmap_shifter/local_max_low_reg[7]_i_133_n_11
    SLICE_X51Y205        LUT5 (Prop_A6LUT_SLICEL_I3_O)
                                                      0.082     8.555 f  pccx_v002_system_i/u_npu/inst/u_wrap/u_pccx_npu_top/u_fmap_pre/u_fmap_shifter/local_max_low[1]_i_8/O
                         net (fo=1, routed)           0.097     8.652    pccx_v002_system_i/u_npu/inst/u_wrap/u_pccx_npu_top/u_fmap_pre/u_fmap_shifter/local_max_low[1]_i_8_n_0
    SLICE_X51Y203        LUT6 (Prop_F6LUT_SLICEL_I0_O)
                                                      0.136     8.788 f  pccx_v002_system_i/u_npu/inst/u_wrap/u_pccx_npu_top/u_fmap_pre/u_fmap_shifter/local_max_low[1]_i_7/O
                         net (fo=6, routed)           0.233     9.021    pccx_v002_system_i/u_npu/inst/u_wrap/u_pccx_npu_top/u_fmap_pre/u_fmap_shifter/local_max_low[1]_i_7_n_0
    SLICE_X52Y203        LUT4 (Prop_A6LUT_SLICEL_I0_O)
                                                      0.225     9.246 r  pccx_v002_system_i/u_npu/inst/u_wrap/u_pccx_npu_top/u_fmap_pre/u_fmap_shifter/local_max_low[7]_i_115/O
                         net (fo=1, routed)           0.014     9.260    pccx_v002_system_i/u_npu/inst/u_wrap/u_pccx_npu_top/u_fmap_pre/u_fmap_shifter/local_max_low[7]_i_115_n_0
    SLICE_X52Y203        CARRY8 (Prop_CARRY8_SLICEL_S[0]_CO[3])
                                                      0.263     9.523 r  pccx_v002_system_i/u_npu/inst/u_wrap/u_pccx_npu_top/u_fmap_pre/u_fmap_shifter/local_max_low_reg[7]_i_67/CO[3]
                         net (fo=18, routed)          0.212     9.735    pccx_v002_system_i/u_npu/inst/u_wrap/u_pccx_npu_top/u_fmap_pre/u_fmap_shifter/local_max_low_reg[7]_i_67_n_4
    SLICE_X52Y202        LUT6 (Prop_F6LUT_SLICEL_I5_O)
                                                      0.056     9.791 f  pccx_v002_system_i/u_npu/inst/u_wrap/u_pccx_npu_top/u_fmap_pre/u_fmap_shifter/local_max_low[7]_i_147/O
                         net (fo=4, routed)           0.207     9.998    pccx_v002_system_i/u_npu/inst/u_wrap/u_pccx_npu_top/u_fmap_pre/u_fmap_shifter/local_max_low[7]_i_147_n_0
    SLICE_X52Y200        LUT4 (Prop_B6LUT_SLICEL_I2_O)
                                                      0.138    10.136 r  pccx_v002_system_i/u_npu/inst/u_wrap/u_pccx_npu_top/u_fmap_pre/u_fmap_shifter/local_max_low[7]_i_90/O
                         net (fo=1, routed)           0.013    10.149    pccx_v002_system_i/u_npu/inst/u_wrap/u_pccx_npu_top/u_fmap_pre/u_fmap_shifter/local_max_low[7]_i_90_n_0
    SLICE_X52Y200        CARRY8 (Prop_CARRY8_SLICEL_S[1]_CO[3])
                                                      0.250    10.399 r  pccx_v002_system_i/u_npu/inst/u_wrap/u_pccx_npu_top/u_fmap_pre/u_fmap_shifter/local_max_low_reg[7]_i_17/CO[3]
                         net (fo=17, routed)          0.307    10.705    pccx_v002_system_i/u_npu/inst/u_wrap/u_pccx_npu_top/u_fmap_pre/u_fmap_shifter/local_max_low_reg[7]_i_17_n_4
    SLICE_X52Y206        LUT6 (Prop_G6LUT_SLICEL_I5_O)
                                                      0.082    10.787 f  pccx_v002_system_i/u_npu/inst/u_wrap/u_pccx_npu_top/u_fmap_pre/u_fmap_shifter/local_max_low[2]_i_4_replica/O
                         net (fo=3, routed)           0.161    10.948    pccx_v002_system_i/u_npu/inst/u_wrap/u_pccx_npu_top/u_fmap_pre/u_fmap_shifter/local_max_low[2]_i_4_n_0_repN
    SLICE_X52Y206        LUT4 (Prop_B6LUT_SLICEL_I2_O)
                                                      0.138    11.086 r  pccx_v002_system_i/u_npu/inst/u_wrap/u_pccx_npu_top/u_fmap_pre/u_fmap_shifter/local_max_low[7]_i_56/O
                         net (fo=1, routed)           0.013    11.099    pccx_v002_system_i/u_npu/inst/u_wrap/u_pccx_npu_top/u_fmap_pre/u_fmap_shifter/local_max_low[7]_i_56_n_0
    SLICE_X52Y206        CARRY8 (Prop_CARRY8_SLICEL_S[1]_O[4])
                                                      0.279    11.378 f  pccx_v002_system_i/u_npu/inst/u_wrap/u_pccx_npu_top/u_fmap_pre/u_fmap_shifter/local_max_low_reg[7]_i_10/O[4]
                         net (fo=17, routed)          0.261    11.639    pccx_v002_system_i/u_npu/inst/u_wrap/u_pccx_npu_top/u_fmap_pre/u_fmap_shifter/local_max_low_reg[7]_i_10_n_11
    SLICE_X52Y207        LUT6 (Prop_A6LUT_SLICEL_I4_O)
                                                      0.058    11.697 f  pccx_v002_system_i/u_npu/inst/u_wrap/u_pccx_npu_top/u_fmap_pre/u_fmap_shifter/local_max_low[7]_i_97/O
                         net (fo=4, routed)           0.158    11.855    pccx_v002_system_i/u_npu/inst/u_wrap/u_pccx_npu_top/u_fmap_pre/u_fmap_shifter/local_max_low[7]_i_97_n_0
    SLICE_X53Y206        LUT4 (Prop_B6LUT_SLICEM_I2_O)
                                                      0.137    11.992 r  pccx_v002_system_i/u_npu/inst/u_wrap/u_pccx_npu_top/u_fmap_pre/u_fmap_shifter/local_max_low[7]_i_32/O
                         net (fo=1, routed)           0.022    12.014    pccx_v002_system_i/u_npu/inst/u_wrap/u_pccx_npu_top/u_fmap_pre/u_fmap_shifter/local_max_low[7]_i_32_n_0
    SLICE_X53Y206        CARRY8 (Prop_CARRY8_SLICEM_S[1]_CO[3])
                                                      0.257    12.271 f  pccx_v002_system_i/u_npu/inst/u_wrap/u_pccx_npu_top/u_fmap_pre/u_fmap_shifter/local_max_low_reg[7]_i_7/CO[3]
                         net (fo=16, routed)          0.264    12.535    pccx_v002_system_i/u_npu/inst/u_wrap/u_pccx_npu_top/u_fmap_pre/u_fmap_shifter/local_max_low_reg[7]_i_7_n_4
    SLICE_X54Y206        LUT6 (Prop_E6LUT_SLICEM_I5_O)
                                                      0.057    12.592 r  pccx_v002_system_i/u_npu/inst/u_wrap/u_pccx_npu_top/u_fmap_pre/u_fmap_shifter/local_max_low[3]_i_1/O
                         net (fo=4, routed)           0.167    12.760    pccx_v002_system_i/u_npu/inst/u_wrap/u_pccx_npu_top/u_fmap_pre/u_fmap_shifter/max_val[3]
    SLICE_X55Y207        LUT4 (Prop_B6LUT_SLICEL_I2_O)
                                                      0.152    12.912 r  pccx_v002_system_i/u_npu/inst/u_wrap/u_pccx_npu_top/u_fmap_pre/u_fmap_shifter/global_emax[7]_i_9/O
                         net (fo=1, routed)           0.013    12.925    pccx_v002_system_i/u_npu/inst/u_wrap/u_pccx_npu_top/u_fmap_pre/u_fmap_shifter/global_emax[7]_i_9_n_0
    SLICE_X55Y207        CARRY8 (Prop_CARRY8_SLICEL_S[1]_CO[3])
                                                      0.250    13.175 r  pccx_v002_system_i/u_npu/inst/u_wrap/u_pccx_npu_top/u_fmap_pre/u_fmap_shifter/global_emax_reg[7]_i_2/CO[3]
                         net (fo=8, routed)           0.157    13.331    pccx_v002_system_i/u_npu/inst/u_wrap/u_pccx_npu_top/u_fmap_pre/u_fmap_shifter/global_emax2
    SLICE_X55Y205        LUT3 (Prop_A6LUT_SLICEL_I1_O)
                                                      0.082    13.413 r  pccx_v002_system_i/u_npu/inst/u_wrap/u_pccx_npu_top/u_fmap_pre/u_fmap_shifter/global_emax[4]_i_1/O
                         net (fo=1, routed)           0.067    13.480    pccx_v002_system_i/u_npu/inst/u_wrap/u_pccx_npu_top/u_fmap_pre/u_fmap_shifter/global_emax[4]_i_1_n_0
    SLICE_X55Y205        FDRE                                         r  pccx_v002_system_i/u_npu/inst/u_wrap/u_pccx_npu_top/u_fmap_pre/u_fmap_shifter/global_emax_reg[4]/D
  -------------------------------------------------------------------    -------------------

                         (clock clk_pl_0 rise edge)
                                                     10.000    10.000 r  
    PS8_X0Y0             PS8                          0.000    10.000 r  pccx_v002_system_i/zynq_ps/inst/PS8_i/PLCLK[0]
                         net (fo=1, routed)           0.181    10.181    pccx_v002_system_i/zynq_ps/inst/pl_clk_unbuffered[0]
    BUFG_PS_X0Y93        BUFG_PS (Prop_BUFG_PS_I_O)
                                                      0.035    10.216 r  pccx_v002_system_i/zynq_ps/inst/buffer_pl_clk_0.PL_CLK_0_BUFG/O
    X1Y1 (CLOCK_ROOT)    net (fo=92606, routed)       2.922    13.138    pccx_v002_system_i/u_npu/inst/u_wrap/u_pccx_npu_top/u_fmap_pre/u_fmap_shifter/clk_core
    SLICE_X55Y205        FDRE                                         r  pccx_v002_system_i/u_npu/inst/u_wrap/u_pccx_npu_top/u_fmap_pre/u_fmap_shifter/global_emax_reg[4]/C
                         clock pessimism              0.248    13.386    
                         clock uncertainty           -0.160    13.226    
    SLICE_X55Y205        FDRE (Setup_AFF_SLICEL_C_D)
                                                      0.044    13.270    pccx_v002_system_i/u_npu/inst/u_wrap/u_pccx_npu_top/u_fmap_pre/u_fmap_shifter/global_emax_reg[4]
  -------------------------------------------------------------------
                         required time                         13.270    
                         arrival time                         -13.480    
  -------------------------------------------------------------------
                         slack                                 -0.211    

Slack (VIOLATED) :        -0.193ns  (required time - arrival time)
  Source:                 pccx_v002_system_i/u_npu/inst/u_wrap/u_pccx_npu_top/u_fmap_pre/u_fmap_fifo/xpm_fifo_base_inst/gen_sdpram.xpm_memory_base_inst/gen_wr_a.gen_word_narrow.mem_reg_0/CLKARDCLK
                            (rising edge-triggered cell RAMB36E2 clocked by clk_pl_0  {rise@0.000ns fall@5.000ns period=10.000ns})
  Destination:            pccx_v002_system_i/u_npu/inst/u_wrap/u_pccx_npu_top/u_fmap_pre/u_fmap_shifter/global_emax_reg[0]/D
                            (rising edge-triggered cell FDRE clocked by clk_pl_0  {rise@0.000ns fall@5.000ns period=10.000ns})
  Path Group:             clk_pl_0
  Path Type:              Setup (Max at Slow Process Corner)
  Requirement:            10.000ns  (clk_pl_0 rise@10.000ns - clk_pl_0 rise@0.000ns)
  Data Path Delay:        9.901ns  (logic 5.170ns (52.218%)  route 4.731ns (47.782%))
  Logic Levels:           29  (CARRY8=9 LUT3=2 LUT4=8 LUT5=2 LUT6=8)
  Clock Path Skew:        -0.176ns (DCD - SCD + CPR)
    Destination Clock Delay (DCD):    3.209ns = ( 13.209 - 10.000 ) 
    Source Clock Delay      (SCD):    3.633ns
    Clock Pessimism Removal (CPR):    0.247ns
  Clock Uncertainty:      0.160ns  ((TSJ^2 + DJ^2)^1/2) / 2 + PE
    Total System Jitter     (TSJ):    0.071ns
    Discrete Jitter          (DJ):    0.312ns
    Phase Error              (PE):    0.000ns
  Clock Net Delay (Source):      3.366ns (routing 1.680ns, distribution 1.686ns)
  Clock Net Delay (Destination): 2.993ns (routing 1.536ns, distribution 1.457ns)

    Location             Delay type                Incr(ns)  Path(ns)    Netlist Resource(s)
  -------------------------------------------------------------------    -------------------
                         (clock clk_pl_0 rise edge)
                                                      0.000     0.000 r  
    PS8_X0Y0             PS8                          0.000     0.000 r  pccx_v002_system_i/zynq_ps/inst/PS8_i/PLCLK[0]
                         net (fo=1, routed)           0.229     0.229    pccx_v002_system_i/zynq_ps/inst/pl_clk_unbuffered[0]
    BUFG_PS_X0Y93        BUFG_PS (Prop_BUFG_PS_I_O)
                                                      0.038     0.267 r  pccx_v002_system_i/zynq_ps/inst/buffer_pl_clk_0.PL_CLK_0_BUFG/O
    X1Y1 (CLOCK_ROOT)    net (fo=92606, routed)       3.366     3.633    pccx_v002_system_i/u_npu/inst/u_wrap/u_pccx_npu_top/u_fmap_pre/u_fmap_fifo/xpm_fifo_base_inst/gen_sdpram.xpm_memory_base_inst/clka
    RAMB36_X2Y40         RAMB36E2                                     r  pccx_v002_system_i/u_npu/inst/u_wrap/u_pccx_npu_top/u_fmap_pre/u_fmap_fifo/xpm_fifo_base_inst/gen_sdpram.xpm_memory_base_inst/gen_wr_a.gen_word_narrow.mem_reg_0/CLKARDCLK
  -------------------------------------------------------------------    -------------------
    RAMB36_X2Y40         RAMB36E2 (Prop_RAMB36E2_RAMB36_CLKARDCLK_DOUTADOUT[24])
                                                      0.301     3.934 r  pccx_v002_system_i/u_npu/inst/u_wrap/u_pccx_npu_top/u_fmap_pre/u_fmap_fifo/xpm_fifo_base_inst/gen_sdpram.xpm_memory_base_inst/gen_wr_a.gen_word_narrow.mem_reg_0/DOUTADOUT[24]
                         net (fo=12, routed)          0.281     4.215    pccx_v002_system_i/u_npu/inst/u_wrap/u_pccx_npu_top/u_fmap_pre/u_fmap_shifter/D[24]
    SLICE_X51Y201        LUT4 (Prop_A6LUT_SLICEL_I0_O)
                                                      0.225     4.440 r  pccx_v002_system_i/u_npu/inst/u_wrap/u_pccx_npu_top/u_fmap_pre/u_fmap_shifter/local_max_low[7]_i_229/O
                         net (fo=1, routed)           0.014     4.454    pccx_v002_system_i/u_npu/inst/u_wrap/u_pccx_npu_top/u_fmap_pre/u_fmap_shifter/local_max_low[7]_i_229_n_0
    SLICE_X51Y201        CARRY8 (Prop_CARRY8_SLICEL_S[0]_CO[3])
                                                      0.263     4.717 r  pccx_v002_system_i/u_npu/inst/u_wrap/u_pccx_npu_top/u_fmap_pre/u_fmap_shifter/local_max_low_reg[7]_i_141/CO[3]
                         net (fo=32, routed)          0.170     4.886    pccx_v002_system_i/u_npu/inst/u_wrap/u_pccx_npu_top/u_fmap_pre/u_fmap_shifter/local_max_low_reg[7]_i_141_n_4
    SLICE_X50Y200        LUT3 (Prop_G6LUT_SLICEL_I1_O)
                                                      0.057     4.943 f  pccx_v002_system_i/u_npu/inst/u_wrap/u_pccx_npu_top/u_fmap_pre/u_fmap_shifter/local_max_low[7]_i_249/O
                         net (fo=7, routed)           0.117     5.060    pccx_v002_system_i/u_npu/inst/u_wrap/u_pccx_npu_top/u_fmap_pre/u_fmap_shifter/local_max_low[7]_i_249_n_0
    SLICE_X49Y200        LUT6 (Prop_G6LUT_SLICEL_I1_O)
                                                      0.082     5.142 r  pccx_v002_system_i/u_npu/inst/u_wrap/u_pccx_npu_top/u_fmap_pre/u_fmap_shifter/local_max_low[7]_i_201/O
                         net (fo=1, routed)           0.218     5.360    pccx_v002_system_i/u_npu/inst/u_wrap/u_pccx_npu_top/u_fmap_pre/u_fmap_shifter/local_max_low[7]_i_201_n_0
    SLICE_X49Y201        CARRY8 (Prop_CARRY8_SLICEL_DI[0]_CO[3])
                                                      0.219     5.579 r  pccx_v002_system_i/u_npu/inst/u_wrap/u_pccx_npu_top/u_fmap_pre/u_fmap_shifter/local_max_low_reg[7]_i_138/CO[3]
                         net (fo=27, routed)          0.504     6.083    pccx_v002_system_i/u_npu/inst/u_wrap/u_pccx_npu_top/u_fmap_pre/u_fmap_shifter/local_max_low_reg[7]_i_138_n_4
    SLICE_X48Y201        LUT6 (Prop_F6LUT_SLICEL_I5_O)
                                                      0.187     6.270 r  pccx_v002_system_i/u_npu/inst/u_wrap/u_pccx_npu_top/u_fmap_pre/u_fmap_shifter/local_max_low[7]_i_242_replica/O
                         net (fo=2, routed)           0.111     6.381    pccx_v002_system_i/u_npu/inst/u_wrap/u_pccx_npu_top/u_fmap_pre/u_fmap_shifter/local_max_low[7]_i_242_n_0_repN
    SLICE_X48Y203        LUT4 (Prop_B6LUT_SLICEL_I0_O)
                                                      0.188     6.569 r  pccx_v002_system_i/u_npu/inst/u_wrap/u_pccx_npu_top/u_fmap_pre/u_fmap_shifter/local_max_low[7]_i_180/O
                         net (fo=1, routed)           0.013     6.582    pccx_v002_system_i/u_npu/inst/u_wrap/u_pccx_npu_top/u_fmap_pre/u_fmap_shifter/local_max_low[7]_i_180_n_0
    SLICE_X48Y203        CARRY8 (Prop_CARRY8_SLICEL_S[1]_CO[3])
                                                      0.250     6.832 f  pccx_v002_system_i/u_npu/inst/u_wrap/u_pccx_npu_top/u_fmap_pre/u_fmap_shifter/local_max_low_reg[7]_i_135/CO[3]
                         net (fo=22, routed)          0.208     7.040    pccx_v002_system_i/u_npu/inst/u_wrap/u_pccx_npu_top/u_fmap_pre/u_fmap_shifter/local_max_low_reg[7]_i_135_n_4
    SLICE_X48Y204        LUT5 (Prop_F6LUT_SLICEL_I1_O)
                                                      0.187     7.227 f  pccx_v002_system_i/u_npu/inst/u_wrap/u_pccx_npu_top/u_fmap_pre/u_fmap_shifter/local_max_low[6]_i_9/O
                         net (fo=3, routed)           0.409     7.636    pccx_v002_system_i/u_npu/inst/u_wrap/u_pccx_npu_top/u_fmap_pre/u_fmap_shifter/local_max_low[6]_i_9_n_0
    SLICE_X49Y205        LUT6 (Prop_D6LUT_SLICEL_I0_O)
                                                      0.152     7.788 f  pccx_v002_system_i/u_npu/inst/u_wrap/u_pccx_npu_top/u_fmap_pre/u_fmap_shifter/local_max_low[7]_i_230/O
                         net (fo=2, routed)           0.100     7.888    pccx_v002_system_i/u_npu/inst/u_wrap/u_pccx_npu_top/u_fmap_pre/u_fmap_shifter/local_max_low[7]_i_230_n_0
    SLICE_X50Y205        LUT4 (Prop_D5LUT_SLICEL_I0_O)
                                                      0.133     8.021 r  pccx_v002_system_i/u_npu/inst/u_wrap/u_pccx_npu_top/u_fmap_pre/u_fmap_shifter/local_max_low[7]_i_158/O
                         net (fo=1, routed)           0.000     8.021    pccx_v002_system_i/u_npu/inst/u_wrap/u_pccx_npu_top/u_fmap_pre/u_fmap_shifter/local_max_low[7]_i_158_n_0
    SLICE_X50Y205        CARRY8 (Prop_CARRY8_SLICEL_DI[3]_O[4])
                                                      0.228     8.249 r  pccx_v002_system_i/u_npu/inst/u_wrap/u_pccx_npu_top/u_fmap_pre/u_fmap_shifter/local_max_low_reg[7]_i_133/O[4]
                         net (fo=10, routed)          0.224     8.473    pccx_v002_system_i/u_npu/inst/u_wrap/u_pccx_npu_top/u_fmap_pre/u_fmap_shifter/local_max_low_reg[7]_i_133_n_11
    SLICE_X51Y205        LUT5 (Prop_A6LUT_SLICEL_I3_O)
                                                      0.082     8.555 f  pccx_v002_system_i/u_npu/inst/u_wrap/u_pccx_npu_top/u_fmap_pre/u_fmap_shifter/local_max_low[1]_i_8/O
                         net (fo=1, routed)           0.097     8.652    pccx_v002_system_i/u_npu/inst/u_wrap/u_pccx_npu_top/u_fmap_pre/u_fmap_shifter/local_max_low[1]_i_8_n_0
    SLICE_X51Y203        LUT6 (Prop_F6LUT_SLICEL_I0_O)
                                                      0.136     8.788 f  pccx_v002_system_i/u_npu/inst/u_wrap/u_pccx_npu_top/u_fmap_pre/u_fmap_shifter/local_max_low[1]_i_7/O
                         net (fo=6, routed)           0.233     9.021    pccx_v002_system_i/u_npu/inst/u_wrap/u_pccx_npu_top/u_fmap_pre/u_fmap_shifter/local_max_low[1]_i_7_n_0
    SLICE_X52Y203        LUT4 (Prop_A6LUT_SLICEL_I0_O)
                                                      0.225     9.246 r  pccx_v002_system_i/u_npu/inst/u_wrap/u_pccx_npu_top/u_fmap_pre/u_fmap_shifter/local_max_low[7]_i_115/O
                         net (fo=1, routed)           0.014     9.260    pccx_v002_system_i/u_npu/inst/u_wrap/u_pccx_npu_top/u_fmap_pre/u_fmap_shifter/local_max_low[7]_i_115_n_0
    SLICE_X52Y203        CARRY8 (Prop_CARRY8_SLICEL_S[0]_CO[3])
                                                      0.263     9.523 r  pccx_v002_system_i/u_npu/inst/u_wrap/u_pccx_npu_top/u_fmap_pre/u_fmap_shifter/local_max_low_reg[7]_i_67/CO[3]
                         net (fo=18, routed)          0.212     9.735    pccx_v002_system_i/u_npu/inst/u_wrap/u_pccx_npu_top/u_fmap_pre/u_fmap_shifter/local_max_low_reg[7]_i_67_n_4
    SLICE_X52Y202        LUT6 (Prop_F6LUT_SLICEL_I5_O)
                                                      0.056     9.791 f  pccx_v002_system_i/u_npu/inst/u_wrap/u_pccx_npu_top/u_fmap_pre/u_fmap_shifter/local_max_low[7]_i_147/O
                         net (fo=4, routed)           0.207     9.998    pccx_v002_system_i/u_npu/inst/u_wrap/u_pccx_npu_top/u_fmap_pre/u_fmap_shifter/local_max_low[7]_i_147_n_0
    SLICE_X52Y200        LUT4 (Prop_B6LUT_SLICEL_I2_O)
                                                      0.138    10.136 r  pccx_v002_system_i/u_npu/inst/u_wrap/u_pccx_npu_top/u_fmap_pre/u_fmap_shifter/local_max_low[7]_i_90/O
                         net (fo=1, routed)           0.013    10.149    pccx_v002_system_i/u_npu/inst/u_wrap/u_pccx_npu_top/u_fmap_pre/u_fmap_shifter/local_max_low[7]_i_90_n_0
    SLICE_X52Y200        CARRY8 (Prop_CARRY8_SLICEL_S[1]_CO[3])
                                                      0.250    10.399 r  pccx_v002_system_i/u_npu/inst/u_wrap/u_pccx_npu_top/u_fmap_pre/u_fmap_shifter/local_max_low_reg[7]_i_17/CO[3]
                         net (fo=17, routed)          0.307    10.705    pccx_v002_system_i/u_npu/inst/u_wrap/u_pccx_npu_top/u_fmap_pre/u_fmap_shifter/local_max_low_reg[7]_i_17_n_4
    SLICE_X52Y206        LUT6 (Prop_G6LUT_SLICEL_I5_O)
                                                      0.082    10.787 f  pccx_v002_system_i/u_npu/inst/u_wrap/u_pccx_npu_top/u_fmap_pre/u_fmap_shifter/local_max_low[2]_i_4_replica/O
                         net (fo=3, routed)           0.161    10.948    pccx_v002_system_i/u_npu/inst/u_wrap/u_pccx_npu_top/u_fmap_pre/u_fmap_shifter/local_max_low[2]_i_4_n_0_repN
    SLICE_X52Y206        LUT4 (Prop_B6LUT_SLICEL_I2_O)
                                                      0.138    11.086 r  pccx_v002_system_i/u_npu/inst/u_wrap/u_pccx_npu_top/u_fmap_pre/u_fmap_shifter/local_max_low[7]_i_56/O
                         net (fo=1, routed)           0.013    11.099    pccx_v002_system_i/u_npu/inst/u_wrap/u_pccx_npu_top/u_fmap_pre/u_fmap_shifter/local_max_low[7]_i_56_n_0
    SLICE_X52Y206        CARRY8 (Prop_CARRY8_SLICEL_S[1]_O[4])
                                                      0.279    11.378 f  pccx_v002_system_i/u_npu/inst/u_wrap/u_pccx_npu_top/u_fmap_pre/u_fmap_shifter/local_max_low_reg[7]_i_10/O[4]
                         net (fo=17, routed)          0.261    11.639    pccx_v002_system_i/u_npu/inst/u_wrap/u_pccx_npu_top/u_fmap_pre/u_fmap_shifter/local_max_low_reg[7]_i_10_n_11
    SLICE_X52Y207        LUT6 (Prop_A6LUT_SLICEL_I4_O)
                                                      0.058    11.697 f  pccx_v002_system_i/u_npu/inst/u_wrap/u_pccx_npu_top/u_fmap_pre/u_fmap_shifter/local_max_low[7]_i_97/O
                         net (fo=4, routed)           0.158    11.855    pccx_v002_system_i/u_npu/inst/u_wrap/u_pccx_npu_top/u_fmap_pre/u_fmap_shifter/local_max_low[7]_i_97_n_0
    SLICE_X53Y206        LUT4 (Prop_B6LUT_SLICEM_I2_O)
                                                      0.137    11.992 r  pccx_v002_system_i/u_npu/inst/u_wrap/u_pccx_npu_top/u_fmap_pre/u_fmap_shifter/local_max_low[7]_i_32/O
                         net (fo=1, routed)           0.022    12.014    pccx_v002_system_i/u_npu/inst/u_wrap/u_pccx_npu_top/u_fmap_pre/u_fmap_shifter/local_max_low[7]_i_32_n_0
    SLICE_X53Y206        CARRY8 (Prop_CARRY8_SLICEM_S[1]_CO[3])
                                                      0.257    12.271 f  pccx_v002_system_i/u_npu/inst/u_wrap/u_pccx_npu_top/u_fmap_pre/u_fmap_shifter/local_max_low_reg[7]_i_7/CO[3]
                         net (fo=16, routed)          0.264    12.535    pccx_v002_system_i/u_npu/inst/u_wrap/u_pccx_npu_top/u_fmap_pre/u_fmap_shifter/local_max_low_reg[7]_i_7_n_4
    SLICE_X54Y206        LUT6 (Prop_E6LUT_SLICEM_I5_O)
                                                      0.057    12.592 r  pccx_v002_system_i/u_npu/inst/u_wrap/u_pccx_npu_top/u_fmap_pre/u_fmap_shifter/local_max_low[3]_i_1/O
                         net (fo=4, routed)           0.167    12.760    pccx_v002_system_i/u_npu/inst/u_wrap/u_pccx_npu_top/u_fmap_pre/u_fmap_shifter/max_val[3]
    SLICE_X55Y207        LUT4 (Prop_B6LUT_SLICEL_I2_O)
                                                      0.152    12.912 r  pccx_v002_system_i/u_npu/inst/u_wrap/u_pccx_npu_top/u_fmap_pre/u_fmap_shifter/global_emax[7]_i_9/O
                         net (fo=1, routed)           0.013    12.925    pccx_v002_system_i/u_npu/inst/u_wrap/u_pccx_npu_top/u_fmap_pre/u_fmap_shifter/global_emax[7]_i_9_n_0
    SLICE_X55Y207        CARRY8 (Prop_CARRY8_SLICEL_S[1]_CO[3])
                                                      0.250    13.175 r  pccx_v002_system_i/u_npu/inst/u_wrap/u_pccx_npu_top/u_fmap_pre/u_fmap_shifter/global_emax_reg[7]_i_2/CO[3]
                         net (fo=8, routed)           0.148    13.322    pccx_v002_system_i/u_npu/inst/u_wrap/u_pccx_npu_top/u_fmap_pre/u_fmap_shifter/global_emax2
    SLICE_X54Y207        LUT3 (Prop_A6LUT_SLICEM_I1_O)
                                                      0.138    13.460 r  pccx_v002_system_i/u_npu/inst/u_wrap/u_pccx_npu_top/u_fmap_pre/u_fmap_shifter/global_emax[0]_i_1/O
                         net (fo=1, routed)           0.073    13.533    pccx_v002_system_i/u_npu/inst/u_wrap/u_pccx_npu_top/u_fmap_pre/u_fmap_shifter/global_emax[0]_i_1_n_0
    SLICE_X54Y207        FDRE                                         r  pccx_v002_system_i/u_npu/inst/u_wrap/u_pccx_npu_top/u_fmap_pre/u_fmap_shifter/global_emax_reg[0]/D
  -------------------------------------------------------------------    -------------------

                         (clock clk_pl_0 rise edge)
                                                     10.000    10.000 r  
    PS8_X0Y0             PS8                          0.000    10.000 r  pccx_v002_system_i/zynq_ps/inst/PS8_i/PLCLK[0]
                         net (fo=1, routed)           0.181    10.181    pccx_v002_system_i/zynq_ps/inst/pl_clk_unbuffered[0]
    BUFG_PS_X0Y93        BUFG_PS (Prop_BUFG_PS_I_O)
                                                      0.035    10.216 r  pccx_v002_system_i/zynq_ps/inst/buffer_pl_clk_0.PL_CLK_0_BUFG/O
    X1Y1 (CLOCK_ROOT)    net (fo=92606, routed)       2.993    13.209    pccx_v002_system_i/u_npu/inst/u_wrap/u_pccx_npu_top/u_fmap_pre/u_fmap_shifter/clk_core
    SLICE_X54Y207        FDRE                                         r  pccx_v002_system_i/u_npu/inst/u_wrap/u_pccx_npu_top/u_fmap_pre/u_fmap_shifter/global_emax_reg[0]/C
                         clock pessimism              0.247    13.456    
                         clock uncertainty           -0.160    13.296    
    SLICE_X54Y207        FDRE (Setup_AFF_SLICEM_C_D)
                                                      0.044    13.340    pccx_v002_system_i/u_npu/inst/u_wrap/u_pccx_npu_top/u_fmap_pre/u_fmap_shifter/global_emax_reg[0]
  -------------------------------------------------------------------
                         required time                         13.340    
                         arrival time                         -13.533    
  -------------------------------------------------------------------
                         slack                                 -0.193    

Slack (VIOLATED) :        -0.179ns  (required time - arrival time)
  Source:                 pccx_v002_system_i/u_npu/inst/u_wrap/u_pccx_npu_top/u_fmap_pre/u_fmap_fifo/xpm_fifo_base_inst/gen_sdpram.xpm_memory_base_inst/gen_wr_a.gen_word_narrow.mem_reg_0/CLKARDCLK
                            (rising edge-triggered cell RAMB36E2 clocked by clk_pl_0  {rise@0.000ns fall@5.000ns period=10.000ns})
  Destination:            pccx_v002_system_i/u_npu/inst/u_wrap/u_pccx_npu_top/u_fmap_pre/u_fmap_shifter/global_emax_reg[5]/D
                            (rising edge-triggered cell FDRE clocked by clk_pl_0  {rise@0.000ns fall@5.000ns period=10.000ns})
  Path Group:             clk_pl_0
  Path Type:              Setup (Max at Slow Process Corner)
  Requirement:            10.000ns  (clk_pl_0 rise@10.000ns - clk_pl_0 rise@0.000ns)
  Data Path Delay:        9.818ns  (logic 5.124ns (52.191%)  route 4.694ns (47.809%))
  Logic Levels:           29  (CARRY8=9 LUT3=2 LUT4=8 LUT5=2 LUT6=8)
  Clock Path Skew:        -0.247ns (DCD - SCD + CPR)
    Destination Clock Delay (DCD):    3.138ns = ( 13.138 - 10.000 ) 
    Source Clock Delay      (SCD):    3.633ns
    Clock Pessimism Removal (CPR):    0.248ns
  Clock Uncertainty:      0.160ns  ((TSJ^2 + DJ^2)^1/2) / 2 + PE
    Total System Jitter     (TSJ):    0.071ns
    Discrete Jitter          (DJ):    0.312ns
    Phase Error              (PE):    0.000ns
  Clock Net Delay (Source):      3.366ns (routing 1.680ns, distribution 1.686ns)
  Clock Net Delay (Destination): 2.922ns (routing 1.536ns, distribution 1.386ns)

    Location             Delay type                Incr(ns)  Path(ns)    Netlist Resource(s)
  -------------------------------------------------------------------    -------------------
                         (clock clk_pl_0 rise edge)
                                                      0.000     0.000 r  
    PS8_X0Y0             PS8                          0.000     0.000 r  pccx_v002_system_i/zynq_ps/inst/PS8_i/PLCLK[0]
                         net (fo=1, routed)           0.229     0.229    pccx_v002_system_i/zynq_ps/inst/pl_clk_unbuffered[0]
    BUFG_PS_X0Y93        BUFG_PS (Prop_BUFG_PS_I_O)
                                                      0.038     0.267 r  pccx_v002_system_i/zynq_ps/inst/buffer_pl_clk_0.PL_CLK_0_BUFG/O
    X1Y1 (CLOCK_ROOT)    net (fo=92606, routed)       3.366     3.633    pccx_v002_system_i/u_npu/inst/u_wrap/u_pccx_npu_top/u_fmap_pre/u_fmap_fifo/xpm_fifo_base_inst/gen_sdpram.xpm_memory_base_inst/clka
    RAMB36_X2Y40         RAMB36E2                                     r  pccx_v002_system_i/u_npu/inst/u_wrap/u_pccx_npu_top/u_fmap_pre/u_fmap_fifo/xpm_fifo_base_inst/gen_sdpram.xpm_memory_base_inst/gen_wr_a.gen_word_narrow.mem_reg_0/CLKARDCLK
  -------------------------------------------------------------------    -------------------
    RAMB36_X2Y40         RAMB36E2 (Prop_RAMB36E2_RAMB36_CLKARDCLK_DOUTADOUT[24])
                                                      0.301     3.934 r  pccx_v002_system_i/u_npu/inst/u_wrap/u_pccx_npu_top/u_fmap_pre/u_fmap_fifo/xpm_fifo_base_inst/gen_sdpram.xpm_memory_base_inst/gen_wr_a.gen_word_narrow.mem_reg_0/DOUTADOUT[24]
                         net (fo=12, routed)          0.281     4.215    pccx_v002_system_i/u_npu/inst/u_wrap/u_pccx_npu_top/u_fmap_pre/u_fmap_shifter/D[24]
    SLICE_X51Y201        LUT4 (Prop_A6LUT_SLICEL_I0_O)
                                                      0.225     4.440 r  pccx_v002_system_i/u_npu/inst/u_wrap/u_pccx_npu_top/u_fmap_pre/u_fmap_shifter/local_max_low[7]_i_229/O
                         net (fo=1, routed)           0.014     4.454    pccx_v002_system_i/u_npu/inst/u_wrap/u_pccx_npu_top/u_fmap_pre/u_fmap_shifter/local_max_low[7]_i_229_n_0
    SLICE_X51Y201        CARRY8 (Prop_CARRY8_SLICEL_S[0]_CO[3])
                                                      0.263     4.717 r  pccx_v002_system_i/u_npu/inst/u_wrap/u_pccx_npu_top/u_fmap_pre/u_fmap_shifter/local_max_low_reg[7]_i_141/CO[3]
                         net (fo=32, routed)          0.170     4.886    pccx_v002_system_i/u_npu/inst/u_wrap/u_pccx_npu_top/u_fmap_pre/u_fmap_shifter/local_max_low_reg[7]_i_141_n_4
    SLICE_X50Y200        LUT3 (Prop_G6LUT_SLICEL_I1_O)
                                                      0.057     4.943 f  pccx_v002_system_i/u_npu/inst/u_wrap/u_pccx_npu_top/u_fmap_pre/u_fmap_shifter/local_max_low[7]_i_249/O
                         net (fo=7, routed)           0.117     5.060    pccx_v002_system_i/u_npu/inst/u_wrap/u_pccx_npu_top/u_fmap_pre/u_fmap_shifter/local_max_low[7]_i_249_n_0
    SLICE_X49Y200        LUT6 (Prop_G6LUT_SLICEL_I1_O)
                                                      0.082     5.142 r  pccx_v002_system_i/u_npu/inst/u_wrap/u_pccx_npu_top/u_fmap_pre/u_fmap_shifter/local_max_low[7]_i_201/O
                         net (fo=1, routed)           0.218     5.360    pccx_v002_system_i/u_npu/inst/u_wrap/u_pccx_npu_top/u_fmap_pre/u_fmap_shifter/local_max_low[7]_i_201_n_0
    SLICE_X49Y201        CARRY8 (Prop_CARRY8_SLICEL_DI[0]_CO[3])
                                                      0.219     5.579 r  pccx_v002_system_i/u_npu/inst/u_wrap/u_pccx_npu_top/u_fmap_pre/u_fmap_shifter/local_max_low_reg[7]_i_138/CO[3]
                         net (fo=27, routed)          0.504     6.083    pccx_v002_system_i/u_npu/inst/u_wrap/u_pccx_npu_top/u_fmap_pre/u_fmap_shifter/local_max_low_reg[7]_i_138_n_4
    SLICE_X48Y201        LUT6 (Prop_F6LUT_SLICEL_I5_O)
                                                      0.187     6.270 r  pccx_v002_system_i/u_npu/inst/u_wrap/u_pccx_npu_top/u_fmap_pre/u_fmap_shifter/local_max_low[7]_i_242_replica/O
                         net (fo=2, routed)           0.111     6.381    pccx_v002_system_i/u_npu/inst/u_wrap/u_pccx_npu_top/u_fmap_pre/u_fmap_shifter/local_max_low[7]_i_242_n_0_repN
    SLICE_X48Y203        LUT4 (Prop_B6LUT_SLICEL_I0_O)
                                                      0.188     6.569 r  pccx_v002_system_i/u_npu/inst/u_wrap/u_pccx_npu_top/u_fmap_pre/u_fmap_shifter/local_max_low[7]_i_180/O
                         net (fo=1, routed)           0.013     6.582    pccx_v002_system_i/u_npu/inst/u_wrap/u_pccx_npu_top/u_fmap_pre/u_fmap_shifter/local_max_low[7]_i_180_n_0
    SLICE_X48Y203        CARRY8 (Prop_CARRY8_SLICEL_S[1]_CO[3])
                                                      0.250     6.832 f  pccx_v002_system_i/u_npu/inst/u_wrap/u_pccx_npu_top/u_fmap_pre/u_fmap_shifter/local_max_low_reg[7]_i_135/CO[3]
                         net (fo=22, routed)          0.208     7.040    pccx_v002_system_i/u_npu/inst/u_wrap/u_pccx_npu_top/u_fmap_pre/u_fmap_shifter/local_max_low_reg[7]_i_135_n_4
    SLICE_X48Y204        LUT5 (Prop_F6LUT_SLICEL_I1_O)
                                                      0.187     7.227 f  pccx_v002_system_i/u_npu/inst/u_wrap/u_pccx_npu_top/u_fmap_pre/u_fmap_shifter/local_max_low[6]_i_9/O
                         net (fo=3, routed)           0.409     7.636    pccx_v002_system_i/u_npu/inst/u_wrap/u_pccx_npu_top/u_fmap_pre/u_fmap_shifter/local_max_low[6]_i_9_n_0
    SLICE_X49Y205        LUT6 (Prop_D6LUT_SLICEL_I0_O)
                                                      0.152     7.788 f  pccx_v002_system_i/u_npu/inst/u_wrap/u_pccx_npu_top/u_fmap_pre/u_fmap_shifter/local_max_low[7]_i_230/O
                         net (fo=2, routed)           0.100     7.888    pccx_v002_system_i/u_npu/inst/u_wrap/u_pccx_npu_top/u_fmap_pre/u_fmap_shifter/local_max_low[7]_i_230_n_0
    SLICE_X50Y205        LUT4 (Prop_D5LUT_SLICEL_I0_O)
                                                      0.133     8.021 r  pccx_v002_system_i/u_npu/inst/u_wrap/u_pccx_npu_top/u_fmap_pre/u_fmap_shifter/local_max_low[7]_i_158/O
                         net (fo=1, routed)           0.000     8.021    pccx_v002_system_i/u_npu/inst/u_wrap/u_pccx_npu_top/u_fmap_pre/u_fmap_shifter/local_max_low[7]_i_158_n_0
    SLICE_X50Y205        CARRY8 (Prop_CARRY8_SLICEL_DI[3]_O[4])
                                                      0.228     8.249 r  pccx_v002_system_i/u_npu/inst/u_wrap/u_pccx_npu_top/u_fmap_pre/u_fmap_shifter/local_max_low_reg[7]_i_133/O[4]
                         net (fo=10, routed)          0.224     8.473    pccx_v002_system_i/u_npu/inst/u_wrap/u_pccx_npu_top/u_fmap_pre/u_fmap_shifter/local_max_low_reg[7]_i_133_n_11
    SLICE_X51Y205        LUT5 (Prop_A6LUT_SLICEL_I3_O)
                                                      0.082     8.555 f  pccx_v002_system_i/u_npu/inst/u_wrap/u_pccx_npu_top/u_fmap_pre/u_fmap_shifter/local_max_low[1]_i_8/O
                         net (fo=1, routed)           0.097     8.652    pccx_v002_system_i/u_npu/inst/u_wrap/u_pccx_npu_top/u_fmap_pre/u_fmap_shifter/local_max_low[1]_i_8_n_0
    SLICE_X51Y203        LUT6 (Prop_F6LUT_SLICEL_I0_O)
                                                      0.136     8.788 f  pccx_v002_system_i/u_npu/inst/u_wrap/u_pccx_npu_top/u_fmap_pre/u_fmap_shifter/local_max_low[1]_i_7/O
                         net (fo=6, routed)           0.233     9.021    pccx_v002_system_i/u_npu/inst/u_wrap/u_pccx_npu_top/u_fmap_pre/u_fmap_shifter/local_max_low[1]_i_7_n_0
    SLICE_X52Y203        LUT4 (Prop_A6LUT_SLICEL_I0_O)
                                                      0.225     9.246 r  pccx_v002_system_i/u_npu/inst/u_wrap/u_pccx_npu_top/u_fmap_pre/u_fmap_shifter/local_max_low[7]_i_115/O
                         net (fo=1, routed)           0.014     9.260    pccx_v002_system_i/u_npu/inst/u_wrap/u_pccx_npu_top/u_fmap_pre/u_fmap_shifter/local_max_low[7]_i_115_n_0
    SLICE_X52Y203        CARRY8 (Prop_CARRY8_SLICEL_S[0]_CO[3])
                                                      0.263     9.523 r  pccx_v002_system_i/u_npu/inst/u_wrap/u_pccx_npu_top/u_fmap_pre/u_fmap_shifter/local_max_low_reg[7]_i_67/CO[3]
                         net (fo=18, routed)          0.212     9.735    pccx_v002_system_i/u_npu/inst/u_wrap/u_pccx_npu_top/u_fmap_pre/u_fmap_shifter/local_max_low_reg[7]_i_67_n_4
    SLICE_X52Y202        LUT6 (Prop_F6LUT_SLICEL_I5_O)
                                                      0.056     9.791 f  pccx_v002_system_i/u_npu/inst/u_wrap/u_pccx_npu_top/u_fmap_pre/u_fmap_shifter/local_max_low[7]_i_147/O
                         net (fo=4, routed)           0.207     9.998    pccx_v002_system_i/u_npu/inst/u_wrap/u_pccx_npu_top/u_fmap_pre/u_fmap_shifter/local_max_low[7]_i_147_n_0
    SLICE_X52Y200        LUT4 (Prop_B6LUT_SLICEL_I2_O)
                                                      0.138    10.136 r  pccx_v002_system_i/u_npu/inst/u_wrap/u_pccx_npu_top/u_fmap_pre/u_fmap_shifter/local_max_low[7]_i_90/O
                         net (fo=1, routed)           0.013    10.149    pccx_v002_system_i/u_npu/inst/u_wrap/u_pccx_npu_top/u_fmap_pre/u_fmap_shifter/local_max_low[7]_i_90_n_0
    SLICE_X52Y200        CARRY8 (Prop_CARRY8_SLICEL_S[1]_CO[3])
                                                      0.250    10.399 r  pccx_v002_system_i/u_npu/inst/u_wrap/u_pccx_npu_top/u_fmap_pre/u_fmap_shifter/local_max_low_reg[7]_i_17/CO[3]
                         net (fo=17, routed)          0.307    10.705    pccx_v002_system_i/u_npu/inst/u_wrap/u_pccx_npu_top/u_fmap_pre/u_fmap_shifter/local_max_low_reg[7]_i_17_n_4
    SLICE_X52Y206        LUT6 (Prop_G6LUT_SLICEL_I5_O)
                                                      0.082    10.787 f  pccx_v002_system_i/u_npu/inst/u_wrap/u_pccx_npu_top/u_fmap_pre/u_fmap_shifter/local_max_low[2]_i_4_replica/O
                         net (fo=3, routed)           0.161    10.948    pccx_v002_system_i/u_npu/inst/u_wrap/u_pccx_npu_top/u_fmap_pre/u_fmap_shifter/local_max_low[2]_i_4_n_0_repN
    SLICE_X52Y206        LUT4 (Prop_B6LUT_SLICEL_I2_O)
                                                      0.138    11.086 r  pccx_v002_system_i/u_npu/inst/u_wrap/u_pccx_npu_top/u_fmap_pre/u_fmap_shifter/local_max_low[7]_i_56/O
                         net (fo=1, routed)           0.013    11.099    pccx_v002_system_i/u_npu/inst/u_wrap/u_pccx_npu_top/u_fmap_pre/u_fmap_shifter/local_max_low[7]_i_56_n_0
    SLICE_X52Y206        CARRY8 (Prop_CARRY8_SLICEL_S[1]_O[4])
                                                      0.279    11.378 f  pccx_v002_system_i/u_npu/inst/u_wrap/u_pccx_npu_top/u_fmap_pre/u_fmap_shifter/local_max_low_reg[7]_i_10/O[4]
                         net (fo=17, routed)          0.261    11.639    pccx_v002_system_i/u_npu/inst/u_wrap/u_pccx_npu_top/u_fmap_pre/u_fmap_shifter/local_max_low_reg[7]_i_10_n_11
    SLICE_X52Y207        LUT6 (Prop_A6LUT_SLICEL_I4_O)
                                                      0.058    11.697 f  pccx_v002_system_i/u_npu/inst/u_wrap/u_pccx_npu_top/u_fmap_pre/u_fmap_shifter/local_max_low[7]_i_97/O
                         net (fo=4, routed)           0.158    11.855    pccx_v002_system_i/u_npu/inst/u_wrap/u_pccx_npu_top/u_fmap_pre/u_fmap_shifter/local_max_low[7]_i_97_n_0
    SLICE_X53Y206        LUT4 (Prop_B6LUT_SLICEM_I2_O)
                                                      0.137    11.992 r  pccx_v002_system_i/u_npu/inst/u_wrap/u_pccx_npu_top/u_fmap_pre/u_fmap_shifter/local_max_low[7]_i_32/O
                         net (fo=1, routed)           0.022    12.014    pccx_v002_system_i/u_npu/inst/u_wrap/u_pccx_npu_top/u_fmap_pre/u_fmap_shifter/local_max_low[7]_i_32_n_0
    SLICE_X53Y206        CARRY8 (Prop_CARRY8_SLICEM_S[1]_CO[3])
                                                      0.257    12.271 f  pccx_v002_system_i/u_npu/inst/u_wrap/u_pccx_npu_top/u_fmap_pre/u_fmap_shifter/local_max_low_reg[7]_i_7/CO[3]
                         net (fo=16, routed)          0.264    12.535    pccx_v002_system_i/u_npu/inst/u_wrap/u_pccx_npu_top/u_fmap_pre/u_fmap_shifter/local_max_low_reg[7]_i_7_n_4
    SLICE_X54Y206        LUT6 (Prop_E6LUT_SLICEM_I5_O)
                                                      0.057    12.592 r  pccx_v002_system_i/u_npu/inst/u_wrap/u_pccx_npu_top/u_fmap_pre/u_fmap_shifter/local_max_low[3]_i_1/O
                         net (fo=4, routed)           0.167    12.760    pccx_v002_system_i/u_npu/inst/u_wrap/u_pccx_npu_top/u_fmap_pre/u_fmap_shifter/max_val[3]
    SLICE_X55Y207        LUT4 (Prop_B6LUT_SLICEL_I2_O)
                                                      0.152    12.912 r  pccx_v002_system_i/u_npu/inst/u_wrap/u_pccx_npu_top/u_fmap_pre/u_fmap_shifter/global_emax[7]_i_9/O
                         net (fo=1, routed)           0.013    12.925    pccx_v002_system_i/u_npu/inst/u_wrap/u_pccx_npu_top/u_fmap_pre/u_fmap_shifter/global_emax[7]_i_9_n_0
    SLICE_X55Y207        CARRY8 (Prop_CARRY8_SLICEL_S[1]_CO[3])
                                                      0.250    13.175 r  pccx_v002_system_i/u_npu/inst/u_wrap/u_pccx_npu_top/u_fmap_pre/u_fmap_shifter/global_emax_reg[7]_i_2/CO[3]
                         net (fo=8, routed)           0.157    13.331    pccx_v002_system_i/u_npu/inst/u_wrap/u_pccx_npu_top/u_fmap_pre/u_fmap_shifter/global_emax2
    SLICE_X55Y205        LUT3 (Prop_A5LUT_SLICEL_I1_O)
                                                      0.092    13.423 r  pccx_v002_system_i/u_npu/inst/u_wrap/u_pccx_npu_top/u_fmap_pre/u_fmap_shifter/global_emax[5]_i_1/O
                         net (fo=1, routed)           0.027    13.450    pccx_v002_system_i/u_npu/inst/u_wrap/u_pccx_npu_top/u_fmap_pre/u_fmap_shifter/global_emax[5]_i_1_n_0
    SLICE_X55Y205        FDRE                                         r  pccx_v002_system_i/u_npu/inst/u_wrap/u_pccx_npu_top/u_fmap_pre/u_fmap_shifter/global_emax_reg[5]/D
  -------------------------------------------------------------------    -------------------

                         (clock clk_pl_0 rise edge)
                                                     10.000    10.000 r  
    PS8_X0Y0             PS8                          0.000    10.000 r  pccx_v002_system_i/zynq_ps/inst/PS8_i/PLCLK[0]
                         net (fo=1, routed)           0.181    10.181    pccx_v002_system_i/zynq_ps/inst/pl_clk_unbuffered[0]
    BUFG_PS_X0Y93        BUFG_PS (Prop_BUFG_PS_I_O)
                                                      0.035    10.216 r  pccx_v002_system_i/zynq_ps/inst/buffer_pl_clk_0.PL_CLK_0_BUFG/O
    X1Y1 (CLOCK_ROOT)    net (fo=92606, routed)       2.922    13.138    pccx_v002_system_i/u_npu/inst/u_wrap/u_pccx_npu_top/u_fmap_pre/u_fmap_shifter/clk_core
    SLICE_X55Y205        FDRE                                         r  pccx_v002_system_i/u_npu/inst/u_wrap/u_pccx_npu_top/u_fmap_pre/u_fmap_shifter/global_emax_reg[5]/C
                         clock pessimism              0.248    13.386    
                         clock uncertainty           -0.160    13.226    
    SLICE_X55Y205        FDRE (Setup_AFF2_SLICEL_C_D)
                                                      0.046    13.272    pccx_v002_system_i/u_npu/inst/u_wrap/u_pccx_npu_top/u_fmap_pre/u_fmap_shifter/global_emax_reg[5]
  -------------------------------------------------------------------
                         required time                         13.272    
                         arrival time                         -13.450    
  -------------------------------------------------------------------
                         slack                                 -0.179    

Slack (VIOLATED) :        -0.153ns  (required time - arrival time)
  Source:                 pccx_v002_system_i/u_npu/inst/u_wrap/u_pccx_npu_top/u_fmap_pre/u_fmap_fifo/xpm_fifo_base_inst/gen_sdpram.xpm_memory_base_inst/gen_wr_a.gen_word_narrow.mem_reg_0/CLKARDCLK
                            (rising edge-triggered cell RAMB36E2 clocked by clk_pl_0  {rise@0.000ns fall@5.000ns period=10.000ns})
  Destination:            pccx_v002_system_i/u_npu/inst/u_wrap/u_pccx_npu_top/u_fmap_pre/u_fmap_shifter/global_emax_reg[1]/D
                            (rising edge-triggered cell FDRE clocked by clk_pl_0  {rise@0.000ns fall@5.000ns period=10.000ns})
  Path Group:             clk_pl_0
  Path Type:              Setup (Max at Slow Process Corner)
  Requirement:            10.000ns  (clk_pl_0 rise@10.000ns - clk_pl_0 rise@0.000ns)
  Data Path Delay:        9.862ns  (logic 5.170ns (52.424%)  route 4.692ns (47.576%))
  Logic Levels:           29  (CARRY8=9 LUT3=2 LUT4=8 LUT5=2 LUT6=8)
  Clock Path Skew:        -0.176ns (DCD - SCD + CPR)
    Destination Clock Delay (DCD):    3.209ns = ( 13.209 - 10.000 ) 
    Source Clock Delay      (SCD):    3.633ns
    Clock Pessimism Removal (CPR):    0.247ns
  Clock Uncertainty:      0.160ns  ((TSJ^2 + DJ^2)^1/2) / 2 + PE
    Total System Jitter     (TSJ):    0.071ns
    Discrete Jitter          (DJ):    0.312ns
    Phase Error              (PE):    0.000ns
  Clock Net Delay (Source):      3.366ns (routing 1.680ns, distribution 1.686ns)
  Clock Net Delay (Destination): 2.993ns (routing 1.536ns, distribution 1.457ns)

    Location             Delay type                Incr(ns)  Path(ns)    Netlist Resource(s)
  -------------------------------------------------------------------    -------------------
                         (clock clk_pl_0 rise edge)
                                                      0.000     0.000 r  
    PS8_X0Y0             PS8                          0.000     0.000 r  pccx_v002_system_i/zynq_ps/inst/PS8_i/PLCLK[0]
                         net (fo=1, routed)           0.229     0.229    pccx_v002_system_i/zynq_ps/inst/pl_clk_unbuffered[0]
    BUFG_PS_X0Y93        BUFG_PS (Prop_BUFG_PS_I_O)
                                                      0.038     0.267 r  pccx_v002_system_i/zynq_ps/inst/buffer_pl_clk_0.PL_CLK_0_BUFG/O
    X1Y1 (CLOCK_ROOT)    net (fo=92606, routed)       3.366     3.633    pccx_v002_system_i/u_npu/inst/u_wrap/u_pccx_npu_top/u_fmap_pre/u_fmap_fifo/xpm_fifo_base_inst/gen_sdpram.xpm_memory_base_inst/clka
    RAMB36_X2Y40         RAMB36E2                                     r  pccx_v002_system_i/u_npu/inst/u_wrap/u_pccx_npu_top/u_fmap_pre/u_fmap_fifo/xpm_fifo_base_inst/gen_sdpram.xpm_memory_base_inst/gen_wr_a.gen_word_narrow.mem_reg_0/CLKARDCLK
  -------------------------------------------------------------------    -------------------
    RAMB36_X2Y40         RAMB36E2 (Prop_RAMB36E2_RAMB36_CLKARDCLK_DOUTADOUT[24])
                                                      0.301     3.934 r  pccx_v002_system_i/u_npu/inst/u_wrap/u_pccx_npu_top/u_fmap_pre/u_fmap_fifo/xpm_fifo_base_inst/gen_sdpram.xpm_memory_base_inst/gen_wr_a.gen_word_narrow.mem_reg_0/DOUTADOUT[24]
                         net (fo=12, routed)          0.281     4.215    pccx_v002_system_i/u_npu/inst/u_wrap/u_pccx_npu_top/u_fmap_pre/u_fmap_shifter/D[24]
    SLICE_X51Y201        LUT4 (Prop_A6LUT_SLICEL_I0_O)
                                                      0.225     4.440 r  pccx_v002_system_i/u_npu/inst/u_wrap/u_pccx_npu_top/u_fmap_pre/u_fmap_shifter/local_max_low[7]_i_229/O
                         net (fo=1, routed)           0.014     4.454    pccx_v002_system_i/u_npu/inst/u_wrap/u_pccx_npu_top/u_fmap_pre/u_fmap_shifter/local_max_low[7]_i_229_n_0
    SLICE_X51Y201        CARRY8 (Prop_CARRY8_SLICEL_S[0]_CO[3])
                                                      0.263     4.717 r  pccx_v002_system_i/u_npu/inst/u_wrap/u_pccx_npu_top/u_fmap_pre/u_fmap_shifter/local_max_low_reg[7]_i_141/CO[3]
                         net (fo=32, routed)          0.170     4.886    pccx_v002_system_i/u_npu/inst/u_wrap/u_pccx_npu_top/u_fmap_pre/u_fmap_shifter/local_max_low_reg[7]_i_141_n_4
    SLICE_X50Y200        LUT3 (Prop_G6LUT_SLICEL_I1_O)
                                                      0.057     4.943 f  pccx_v002_system_i/u_npu/inst/u_wrap/u_pccx_npu_top/u_fmap_pre/u_fmap_shifter/local_max_low[7]_i_249/O
                         net (fo=7, routed)           0.117     5.060    pccx_v002_system_i/u_npu/inst/u_wrap/u_pccx_npu_top/u_fmap_pre/u_fmap_shifter/local_max_low[7]_i_249_n_0
    SLICE_X49Y200        LUT6 (Prop_G6LUT_SLICEL_I1_O)
                                                      0.082     5.142 r  pccx_v002_system_i/u_npu/inst/u_wrap/u_pccx_npu_top/u_fmap_pre/u_fmap_shifter/local_max_low[7]_i_201/O
                         net (fo=1, routed)           0.218     5.360    pccx_v002_system_i/u_npu/inst/u_wrap/u_pccx_npu_top/u_fmap_pre/u_fmap_shifter/local_max_low[7]_i_201_n_0
    SLICE_X49Y201        CARRY8 (Prop_CARRY8_SLICEL_DI[0]_CO[3])
                                                      0.219     5.579 r  pccx_v002_system_i/u_npu/inst/u_wrap/u_pccx_npu_top/u_fmap_pre/u_fmap_shifter/local_max_low_reg[7]_i_138/CO[3]
                         net (fo=27, routed)          0.504     6.083    pccx_v002_system_i/u_npu/inst/u_wrap/u_pccx_npu_top/u_fmap_pre/u_fmap_shifter/local_max_low_reg[7]_i_138_n_4
    SLICE_X48Y201        LUT6 (Prop_F6LUT_SLICEL_I5_O)
                                                      0.187     6.270 r  pccx_v002_system_i/u_npu/inst/u_wrap/u_pccx_npu_top/u_fmap_pre/u_fmap_shifter/local_max_low[7]_i_242_replica/O
                         net (fo=2, routed)           0.111     6.381    pccx_v002_system_i/u_npu/inst/u_wrap/u_pccx_npu_top/u_fmap_pre/u_fmap_shifter/local_max_low[7]_i_242_n_0_repN
    SLICE_X48Y203        LUT4 (Prop_B6LUT_SLICEL_I0_O)
                                                      0.188     6.569 r  pccx_v002_system_i/u_npu/inst/u_wrap/u_pccx_npu_top/u_fmap_pre/u_fmap_shifter/local_max_low[7]_i_180/O
                         net (fo=1, routed)           0.013     6.582    pccx_v002_system_i/u_npu/inst/u_wrap/u_pccx_npu_top/u_fmap_pre/u_fmap_shifter/local_max_low[7]_i_180_n_0
    SLICE_X48Y203        CARRY8 (Prop_CARRY8_SLICEL_S[1]_CO[3])
                                                      0.250     6.832 f  pccx_v002_system_i/u_npu/inst/u_wrap/u_pccx_npu_top/u_fmap_pre/u_fmap_shifter/local_max_low_reg[7]_i_135/CO[3]
                         net (fo=22, routed)          0.208     7.040    pccx_v002_system_i/u_npu/inst/u_wrap/u_pccx_npu_top/u_fmap_pre/u_fmap_shifter/local_max_low_reg[7]_i_135_n_4
    SLICE_X48Y204        LUT5 (Prop_F6LUT_SLICEL_I1_O)
                                                      0.187     7.227 f  pccx_v002_system_i/u_npu/inst/u_wrap/u_pccx_npu_top/u_fmap_pre/u_fmap_shifter/local_max_low[6]_i_9/O
                         net (fo=3, routed)           0.409     7.636    pccx_v002_system_i/u_npu/inst/u_wrap/u_pccx_npu_top/u_fmap_pre/u_fmap_shifter/local_max_low[6]_i_9_n_0
    SLICE_X49Y205        LUT6 (Prop_D6LUT_SLICEL_I0_O)
                                                      0.152     7.788 f  pccx_v002_system_i/u_npu/inst/u_wrap/u_pccx_npu_top/u_fmap_pre/u_fmap_shifter/local_max_low[7]_i_230/O
                         net (fo=2, routed)           0.100     7.888    pccx_v002_system_i/u_npu/inst/u_wrap/u_pccx_npu_top/u_fmap_pre/u_fmap_shifter/local_max_low[7]_i_230_n_0
    SLICE_X50Y205        LUT4 (Prop_D5LUT_SLICEL_I0_O)
                                                      0.133     8.021 r  pccx_v002_system_i/u_npu/inst/u_wrap/u_pccx_npu_top/u_fmap_pre/u_fmap_shifter/local_max_low[7]_i_158/O
                         net (fo=1, routed)           0.000     8.021    pccx_v002_system_i/u_npu/inst/u_wrap/u_pccx_npu_top/u_fmap_pre/u_fmap_shifter/local_max_low[7]_i_158_n_0
    SLICE_X50Y205        CARRY8 (Prop_CARRY8_SLICEL_DI[3]_O[4])
                                                      0.228     8.249 r  pccx_v002_system_i/u_npu/inst/u_wrap/u_pccx_npu_top/u_fmap_pre/u_fmap_shifter/local_max_low_reg[7]_i_133/O[4]
                         net (fo=10, routed)          0.224     8.473    pccx_v002_system_i/u_npu/inst/u_wrap/u_pccx_npu_top/u_fmap_pre/u_fmap_shifter/local_max_low_reg[7]_i_133_n_11
    SLICE_X51Y205        LUT5 (Prop_A6LUT_SLICEL_I3_O)
                                                      0.082     8.555 f  pccx_v002_system_i/u_npu/inst/u_wrap/u_pccx_npu_top/u_fmap_pre/u_fmap_shifter/local_max_low[1]_i_8/O
                         net (fo=1, routed)           0.097     8.652    pccx_v002_system_i/u_npu/inst/u_wrap/u_pccx_npu_top/u_fmap_pre/u_fmap_shifter/local_max_low[1]_i_8_n_0
    SLICE_X51Y203        LUT6 (Prop_F6LUT_SLICEL_I0_O)
                                                      0.136     8.788 f  pccx_v002_system_i/u_npu/inst/u_wrap/u_pccx_npu_top/u_fmap_pre/u_fmap_shifter/local_max_low[1]_i_7/O
                         net (fo=6, routed)           0.233     9.021    pccx_v002_system_i/u_npu/inst/u_wrap/u_pccx_npu_top/u_fmap_pre/u_fmap_shifter/local_max_low[1]_i_7_n_0
    SLICE_X52Y203        LUT4 (Prop_A6LUT_SLICEL_I0_O)
                                                      0.225     9.246 r  pccx_v002_system_i/u_npu/inst/u_wrap/u_pccx_npu_top/u_fmap_pre/u_fmap_shifter/local_max_low[7]_i_115/O
                         net (fo=1, routed)           0.014     9.260    pccx_v002_system_i/u_npu/inst/u_wrap/u_pccx_npu_top/u_fmap_pre/u_fmap_shifter/local_max_low[7]_i_115_n_0
    SLICE_X52Y203        CARRY8 (Prop_CARRY8_SLICEL_S[0]_CO[3])
                                                      0.263     9.523 r  pccx_v002_system_i/u_npu/inst/u_wrap/u_pccx_npu_top/u_fmap_pre/u_fmap_shifter/local_max_low_reg[7]_i_67/CO[3]
                         net (fo=18, routed)          0.212     9.735    pccx_v002_system_i/u_npu/inst/u_wrap/u_pccx_npu_top/u_fmap_pre/u_fmap_shifter/local_max_low_reg[7]_i_67_n_4
    SLICE_X52Y202        LUT6 (Prop_F6LUT_SLICEL_I5_O)
                                                      0.056     9.791 f  pccx_v002_system_i/u_npu/inst/u_wrap/u_pccx_npu_top/u_fmap_pre/u_fmap_shifter/local_max_low[7]_i_147/O
                         net (fo=4, routed)           0.207     9.998    pccx_v002_system_i/u_npu/inst/u_wrap/u_pccx_npu_top/u_fmap_pre/u_fmap_shifter/local_max_low[7]_i_147_n_0
    SLICE_X52Y200        LUT4 (Prop_B6LUT_SLICEL_I2_O)
                                                      0.138    10.136 r  pccx_v002_system_i/u_npu/inst/u_wrap/u_pccx_npu_top/u_fmap_pre/u_fmap_shifter/local_max_low[7]_i_90/O
                         net (fo=1, routed)           0.013    10.149    pccx_v002_system_i/u_npu/inst/u_wrap/u_pccx_npu_top/u_fmap_pre/u_fmap_shifter/local_max_low[7]_i_90_n_0
    SLICE_X52Y200        CARRY8 (Prop_CARRY8_SLICEL_S[1]_CO[3])
                                                      0.250    10.399 r  pccx_v002_system_i/u_npu/inst/u_wrap/u_pccx_npu_top/u_fmap_pre/u_fmap_shifter/local_max_low_reg[7]_i_17/CO[3]
                         net (fo=17, routed)          0.307    10.705    pccx_v002_system_i/u_npu/inst/u_wrap/u_pccx_npu_top/u_fmap_pre/u_fmap_shifter/local_max_low_reg[7]_i_17_n_4
    SLICE_X52Y206        LUT6 (Prop_G6LUT_SLICEL_I5_O)
                                                      0.082    10.787 f  pccx_v002_system_i/u_npu/inst/u_wrap/u_pccx_npu_top/u_fmap_pre/u_fmap_shifter/local_max_low[2]_i_4_replica/O
                         net (fo=3, routed)           0.161    10.948    pccx_v002_system_i/u_npu/inst/u_wrap/u_pccx_npu_top/u_fmap_pre/u_fmap_shifter/local_max_low[2]_i_4_n_0_repN
    SLICE_X52Y206        LUT4 (Prop_B6LUT_SLICEL_I2_O)
                                                      0.138    11.086 r  pccx_v002_system_i/u_npu/inst/u_wrap/u_pccx_npu_top/u_fmap_pre/u_fmap_shifter/local_max_low[7]_i_56/O
                         net (fo=1, routed)           0.013    11.099    pccx_v002_system_i/u_npu/inst/u_wrap/u_pccx_npu_top/u_fmap_pre/u_fmap_shifter/local_max_low[7]_i_56_n_0
    SLICE_X52Y206        CARRY8 (Prop_CARRY8_SLICEL_S[1]_O[4])
                                                      0.279    11.378 f  pccx_v002_system_i/u_npu/inst/u_wrap/u_pccx_npu_top/u_fmap_pre/u_fmap_shifter/local_max_low_reg[7]_i_10/O[4]
                         net (fo=17, routed)          0.261    11.639    pccx_v002_system_i/u_npu/inst/u_wrap/u_pccx_npu_top/u_fmap_pre/u_fmap_shifter/local_max_low_reg[7]_i_10_n_11
    SLICE_X52Y207        LUT6 (Prop_A6LUT_SLICEL_I4_O)
                                                      0.058    11.697 f  pccx_v002_system_i/u_npu/inst/u_wrap/u_pccx_npu_top/u_fmap_pre/u_fmap_shifter/local_max_low[7]_i_97/O
                         net (fo=4, routed)           0.158    11.855    pccx_v002_system_i/u_npu/inst/u_wrap/u_pccx_npu_top/u_fmap_pre/u_fmap_shifter/local_max_low[7]_i_97_n_0
    SLICE_X53Y206        LUT4 (Prop_B6LUT_SLICEM_I2_O)
                                                      0.137    11.992 r  pccx_v002_system_i/u_npu/inst/u_wrap/u_pccx_npu_top/u_fmap_pre/u_fmap_shifter/local_max_low[7]_i_32/O
                         net (fo=1, routed)           0.022    12.014    pccx_v002_system_i/u_npu/inst/u_wrap/u_pccx_npu_top/u_fmap_pre/u_fmap_shifter/local_max_low[7]_i_32_n_0
    SLICE_X53Y206        CARRY8 (Prop_CARRY8_SLICEM_S[1]_CO[3])
                                                      0.257    12.271 f  pccx_v002_system_i/u_npu/inst/u_wrap/u_pccx_npu_top/u_fmap_pre/u_fmap_shifter/local_max_low_reg[7]_i_7/CO[3]
                         net (fo=16, routed)          0.264    12.535    pccx_v002_system_i/u_npu/inst/u_wrap/u_pccx_npu_top/u_fmap_pre/u_fmap_shifter/local_max_low_reg[7]_i_7_n_4
    SLICE_X54Y206        LUT6 (Prop_E6LUT_SLICEM_I5_O)
                                                      0.057    12.592 r  pccx_v002_system_i/u_npu/inst/u_wrap/u_pccx_npu_top/u_fmap_pre/u_fmap_shifter/local_max_low[3]_i_1/O
                         net (fo=4, routed)           0.167    12.760    pccx_v002_system_i/u_npu/inst/u_wrap/u_pccx_npu_top/u_fmap_pre/u_fmap_shifter/max_val[3]
    SLICE_X55Y207        LUT4 (Prop_B6LUT_SLICEL_I2_O)
                                                      0.152    12.912 r  pccx_v002_system_i/u_npu/inst/u_wrap/u_pccx_npu_top/u_fmap_pre/u_fmap_shifter/global_emax[7]_i_9/O
                         net (fo=1, routed)           0.013    12.925    pccx_v002_system_i/u_npu/inst/u_wrap/u_pccx_npu_top/u_fmap_pre/u_fmap_shifter/global_emax[7]_i_9_n_0
    SLICE_X55Y207        CARRY8 (Prop_CARRY8_SLICEL_S[1]_CO[3])
                                                      0.250    13.175 r  pccx_v002_system_i/u_npu/inst/u_wrap/u_pccx_npu_top/u_fmap_pre/u_fmap_shifter/global_emax_reg[7]_i_2/CO[3]
                         net (fo=8, routed)           0.148    13.322    pccx_v002_system_i/u_npu/inst/u_wrap/u_pccx_npu_top/u_fmap_pre/u_fmap_shifter/global_emax2
    SLICE_X54Y207        LUT3 (Prop_A5LUT_SLICEM_I1_O)
                                                      0.138    13.460 r  pccx_v002_system_i/u_npu/inst/u_wrap/u_pccx_npu_top/u_fmap_pre/u_fmap_shifter/global_emax[1]_i_1/O
                         net (fo=1, routed)           0.034    13.494    pccx_v002_system_i/u_npu/inst/u_wrap/u_pccx_npu_top/u_fmap_pre/u_fmap_shifter/global_emax[1]_i_1_n_0
    SLICE_X54Y207        FDRE                                         r  pccx_v002_system_i/u_npu/inst/u_wrap/u_pccx_npu_top/u_fmap_pre/u_fmap_shifter/global_emax_reg[1]/D
  -------------------------------------------------------------------    -------------------

                         (clock clk_pl_0 rise edge)
                                                     10.000    10.000 r  
    PS8_X0Y0             PS8                          0.000    10.000 r  pccx_v002_system_i/zynq_ps/inst/PS8_i/PLCLK[0]
                         net (fo=1, routed)           0.181    10.181    pccx_v002_system_i/zynq_ps/inst/pl_clk_unbuffered[0]
    BUFG_PS_X0Y93        BUFG_PS (Prop_BUFG_PS_I_O)
                                                      0.035    10.216 r  pccx_v002_system_i/zynq_ps/inst/buffer_pl_clk_0.PL_CLK_0_BUFG/O
    X1Y1 (CLOCK_ROOT)    net (fo=92606, routed)       2.993    13.209    pccx_v002_system_i/u_npu/inst/u_wrap/u_pccx_npu_top/u_fmap_pre/u_fmap_shifter/clk_core
    SLICE_X54Y207        FDRE                                         r  pccx_v002_system_i/u_npu/inst/u_wrap/u_pccx_npu_top/u_fmap_pre/u_fmap_shifter/global_emax_reg[1]/C
                         clock pessimism              0.247    13.456    
                         clock uncertainty           -0.160    13.296    
    SLICE_X54Y207        FDRE (Setup_AFF2_SLICEM_C_D)
                                                      0.045    13.341    pccx_v002_system_i/u_npu/inst/u_wrap/u_pccx_npu_top/u_fmap_pre/u_fmap_shifter/global_emax_reg[1]
  -------------------------------------------------------------------
                         required time                         13.341    
                         arrival time                         -13.494    
  -------------------------------------------------------------------
                         slack                                 -0.153    

Slack (MET) :             0.221ns  (required time - arrival time)
  Source:                 pccx_v002_system_i/u_npu/inst/u_wrap/u_pccx_npu_top/u_fmap_pre/u_fmap_fifo/xpm_fifo_base_inst/gen_sdpram.xpm_memory_base_inst/gen_wr_a.gen_word_narrow.mem_reg_0/CLKARDCLK
                            (rising edge-triggered cell RAMB36E2 clocked by clk_pl_0  {rise@0.000ns fall@5.000ns period=10.000ns})
  Destination:            pccx_v002_system_i/u_npu/inst/u_wrap/u_pccx_npu_top/u_fmap_pre/u_fmap_shifter/local_max_low_reg[2]/D
                            (rising edge-triggered cell FDRE clocked by clk_pl_0  {rise@0.000ns fall@5.000ns period=10.000ns})
  Path Group:             clk_pl_0
  Path Type:              Setup (Max at Slow Process Corner)
  Requirement:            10.000ns  (clk_pl_0 rise@10.000ns - clk_pl_0 rise@0.000ns)
  Data Path Delay:        9.412ns  (logic 4.827ns (51.285%)  route 4.585ns (48.715%))
  Logic Levels:           26  (CARRY8=8 LUT3=1 LUT4=7 LUT5=2 LUT6=8)
  Clock Path Skew:        -0.252ns (DCD - SCD + CPR)
    Destination Clock Delay (DCD):    3.133ns = ( 13.133 - 10.000 ) 
    Source Clock Delay      (SCD):    3.633ns
    Clock Pessimism Removal (CPR):    0.248ns
  Clock Uncertainty:      0.160ns  ((TSJ^2 + DJ^2)^1/2) / 2 + PE
    Total System Jitter     (TSJ):    0.071ns
    Discrete Jitter          (DJ):    0.312ns
    Phase Error              (PE):    0.000ns
  Clock Net Delay (Source):      3.366ns (routing 1.680ns, distribution 1.686ns)
  Clock Net Delay (Destination): 2.917ns (routing 1.536ns, distribution 1.381ns)

    Location             Delay type                Incr(ns)  Path(ns)    Netlist Resource(s)
  -------------------------------------------------------------------    -------------------
                         (clock clk_pl_0 rise edge)
                                                      0.000     0.000 r  
    PS8_X0Y0             PS8                          0.000     0.000 r  pccx_v002_system_i/zynq_ps/inst/PS8_i/PLCLK[0]
                         net (fo=1, routed)           0.229     0.229    pccx_v002_system_i/zynq_ps/inst/pl_clk_unbuffered[0]
    BUFG_PS_X0Y93        BUFG_PS (Prop_BUFG_PS_I_O)
                                                      0.038     0.267 r  pccx_v002_system_i/zynq_ps/inst/buffer_pl_clk_0.PL_CLK_0_BUFG/O
    X1Y1 (CLOCK_ROOT)    net (fo=92606, routed)       3.366     3.633    pccx_v002_system_i/u_npu/inst/u_wrap/u_pccx_npu_top/u_fmap_pre/u_fmap_fifo/xpm_fifo_base_inst/gen_sdpram.xpm_memory_base_inst/clka
    RAMB36_X2Y40         RAMB36E2                                     r  pccx_v002_system_i/u_npu/inst/u_wrap/u_pccx_npu_top/u_fmap_pre/u_fmap_fifo/xpm_fifo_base_inst/gen_sdpram.xpm_memory_base_inst/gen_wr_a.gen_word_narrow.mem_reg_0/CLKARDCLK
  -------------------------------------------------------------------    -------------------
    RAMB36_X2Y40         RAMB36E2 (Prop_RAMB36E2_RAMB36_CLKARDCLK_DOUTADOUT[24])
                                                      0.301     3.934 r  pccx_v002_system_i/u_npu/inst/u_wrap/u_pccx_npu_top/u_fmap_pre/u_fmap_fifo/xpm_fifo_base_inst/gen_sdpram.xpm_memory_base_inst/gen_wr_a.gen_word_narrow.mem_reg_0/DOUTADOUT[24]
                         net (fo=12, routed)          0.281     4.215    pccx_v002_system_i/u_npu/inst/u_wrap/u_pccx_npu_top/u_fmap_pre/u_fmap_shifter/D[24]
    SLICE_X51Y201        LUT4 (Prop_A6LUT_SLICEL_I0_O)
                                                      0.225     4.440 r  pccx_v002_system_i/u_npu/inst/u_wrap/u_pccx_npu_top/u_fmap_pre/u_fmap_shifter/local_max_low[7]_i_229/O
                         net (fo=1, routed)           0.014     4.454    pccx_v002_system_i/u_npu/inst/u_wrap/u_pccx_npu_top/u_fmap_pre/u_fmap_shifter/local_max_low[7]_i_229_n_0
    SLICE_X51Y201        CARRY8 (Prop_CARRY8_SLICEL_S[0]_CO[3])
                                                      0.263     4.717 r  pccx_v002_system_i/u_npu/inst/u_wrap/u_pccx_npu_top/u_fmap_pre/u_fmap_shifter/local_max_low_reg[7]_i_141/CO[3]
                         net (fo=32, routed)          0.170     4.886    pccx_v002_system_i/u_npu/inst/u_wrap/u_pccx_npu_top/u_fmap_pre/u_fmap_shifter/local_max_low_reg[7]_i_141_n_4
    SLICE_X50Y200        LUT3 (Prop_G6LUT_SLICEL_I1_O)
                                                      0.057     4.943 f  pccx_v002_system_i/u_npu/inst/u_wrap/u_pccx_npu_top/u_fmap_pre/u_fmap_shifter/local_max_low[7]_i_249/O
                         net (fo=7, routed)           0.117     5.060    pccx_v002_system_i/u_npu/inst/u_wrap/u_pccx_npu_top/u_fmap_pre/u_fmap_shifter/local_max_low[7]_i_249_n_0
    SLICE_X49Y200        LUT6 (Prop_G6LUT_SLICEL_I1_O)
                                                      0.082     5.142 r  pccx_v002_system_i/u_npu/inst/u_wrap/u_pccx_npu_top/u_fmap_pre/u_fmap_shifter/local_max_low[7]_i_201/O
                         net (fo=1, routed)           0.218     5.360    pccx_v002_system_i/u_npu/inst/u_wrap/u_pccx_npu_top/u_fmap_pre/u_fmap_shifter/local_max_low[7]_i_201_n_0
    SLICE_X49Y201        CARRY8 (Prop_CARRY8_SLICEL_DI[0]_CO[3])
                                                      0.219     5.579 r  pccx_v002_system_i/u_npu/inst/u_wrap/u_pccx_npu_top/u_fmap_pre/u_fmap_shifter/local_max_low_reg[7]_i_138/CO[3]
                         net (fo=27, routed)          0.504     6.083    pccx_v002_system_i/u_npu/inst/u_wrap/u_pccx_npu_top/u_fmap_pre/u_fmap_shifter/local_max_low_reg[7]_i_138_n_4
    SLICE_X48Y201        LUT6 (Prop_F6LUT_SLICEL_I5_O)
                                                      0.187     6.270 r  pccx_v002_system_i/u_npu/inst/u_wrap/u_pccx_npu_top/u_fmap_pre/u_fmap_shifter/local_max_low[7]_i_242_replica/O
                         net (fo=2, routed)           0.111     6.381    pccx_v002_system_i/u_npu/inst/u_wrap/u_pccx_npu_top/u_fmap_pre/u_fmap_shifter/local_max_low[7]_i_242_n_0_repN
    SLICE_X48Y203        LUT4 (Prop_B6LUT_SLICEL_I0_O)
                                                      0.188     6.569 r  pccx_v002_system_i/u_npu/inst/u_wrap/u_pccx_npu_top/u_fmap_pre/u_fmap_shifter/local_max_low[7]_i_180/O
                         net (fo=1, routed)           0.013     6.582    pccx_v002_system_i/u_npu/inst/u_wrap/u_pccx_npu_top/u_fmap_pre/u_fmap_shifter/local_max_low[7]_i_180_n_0
    SLICE_X48Y203        CARRY8 (Prop_CARRY8_SLICEL_S[1]_CO[3])
                                                      0.250     6.832 f  pccx_v002_system_i/u_npu/inst/u_wrap/u_pccx_npu_top/u_fmap_pre/u_fmap_shifter/local_max_low_reg[7]_i_135/CO[3]
                         net (fo=22, routed)          0.208     7.040    pccx_v002_system_i/u_npu/inst/u_wrap/u_pccx_npu_top/u_fmap_pre/u_fmap_shifter/local_max_low_reg[7]_i_135_n_4
    SLICE_X48Y204        LUT5 (Prop_F6LUT_SLICEL_I1_O)
                                                      0.187     7.227 f  pccx_v002_system_i/u_npu/inst/u_wrap/u_pccx_npu_top/u_fmap_pre/u_fmap_shifter/local_max_low[6]_i_9/O
                         net (fo=3, routed)           0.409     7.636    pccx_v002_system_i/u_npu/inst/u_wrap/u_pccx_npu_top/u_fmap_pre/u_fmap_shifter/local_max_low[6]_i_9_n_0
    SLICE_X49Y205        LUT6 (Prop_D6LUT_SLICEL_I0_O)
                                                      0.152     7.788 f  pccx_v002_system_i/u_npu/inst/u_wrap/u_pccx_npu_top/u_fmap_pre/u_fmap_shifter/local_max_low[7]_i_230/O
                         net (fo=2, routed)           0.100     7.888    pccx_v002_system_i/u_npu/inst/u_wrap/u_pccx_npu_top/u_fmap_pre/u_fmap_shifter/local_max_low[7]_i_230_n_0
    SLICE_X50Y205        LUT4 (Prop_D5LUT_SLICEL_I0_O)
                                                      0.133     8.021 r  pccx_v002_system_i/u_npu/inst/u_wrap/u_pccx_npu_top/u_fmap_pre/u_fmap_shifter/local_max_low[7]_i_158/O
                         net (fo=1, routed)           0.000     8.021    pccx_v002_system_i/u_npu/inst/u_wrap/u_pccx_npu_top/u_fmap_pre/u_fmap_shifter/local_max_low[7]_i_158_n_0
    SLICE_X50Y205        CARRY8 (Prop_CARRY8_SLICEL_DI[3]_O[4])
                                                      0.228     8.249 r  pccx_v002_system_i/u_npu/inst/u_wrap/u_pccx_npu_top/u_fmap_pre/u_fmap_shifter/local_max_low_reg[7]_i_133/O[4]
                         net (fo=10, routed)          0.224     8.473    pccx_v002_system_i/u_npu/inst/u_wrap/u_pccx_npu_top/u_fmap_pre/u_fmap_shifter/local_max_low_reg[7]_i_133_n_11
    SLICE_X51Y205        LUT5 (Prop_A6LUT_SLICEL_I3_O)
                                                      0.082     8.555 f  pccx_v002_system_i/u_npu/inst/u_wrap/u_pccx_npu_top/u_fmap_pre/u_fmap_shifter/local_max_low[1]_i_8/O
                         net (fo=1, routed)           0.097     8.652    pccx_v002_system_i/u_npu/inst/u_wrap/u_pccx_npu_top/u_fmap_pre/u_fmap_shifter/local_max_low[1]_i_8_n_0
    SLICE_X51Y203        LUT6 (Prop_F6LUT_SLICEL_I0_O)
                                                      0.136     8.788 f  pccx_v002_system_i/u_npu/inst/u_wrap/u_pccx_npu_top/u_fmap_pre/u_fmap_shifter/local_max_low[1]_i_7/O
                         net (fo=6, routed)           0.233     9.021    pccx_v002_system_i/u_npu/inst/u_wrap/u_pccx_npu_top/u_fmap_pre/u_fmap_shifter/local_max_low[1]_i_7_n_0
    SLICE_X52Y203        LUT4 (Prop_A6LUT_SLICEL_I0_O)
                                                      0.225     9.246 r  pccx_v002_system_i/u_npu/inst/u_wrap/u_pccx_npu_top/u_fmap_pre/u_fmap_shifter/local_max_low[7]_i_115/O
                         net (fo=1, routed)           0.014     9.260    pccx_v002_system_i/u_npu/inst/u_wrap/u_pccx_npu_top/u_fmap_pre/u_fmap_shifter/local_max_low[7]_i_115_n_0
    SLICE_X52Y203        CARRY8 (Prop_CARRY8_SLICEL_S[0]_CO[3])
                                                      0.263     9.523 r  pccx_v002_system_i/u_npu/inst/u_wrap/u_pccx_npu_top/u_fmap_pre/u_fmap_shifter/local_max_low_reg[7]_i_67/CO[3]
                         net (fo=18, routed)          0.212     9.735    pccx_v002_system_i/u_npu/inst/u_wrap/u_pccx_npu_top/u_fmap_pre/u_fmap_shifter/local_max_low_reg[7]_i_67_n_4
    SLICE_X52Y202        LUT6 (Prop_F6LUT_SLICEL_I5_O)
                                                      0.056     9.791 f  pccx_v002_system_i/u_npu/inst/u_wrap/u_pccx_npu_top/u_fmap_pre/u_fmap_shifter/local_max_low[7]_i_147/O
                         net (fo=4, routed)           0.207     9.998    pccx_v002_system_i/u_npu/inst/u_wrap/u_pccx_npu_top/u_fmap_pre/u_fmap_shifter/local_max_low[7]_i_147_n_0
    SLICE_X52Y200        LUT4 (Prop_B6LUT_SLICEL_I2_O)
                                                      0.138    10.136 r  pccx_v002_system_i/u_npu/inst/u_wrap/u_pccx_npu_top/u_fmap_pre/u_fmap_shifter/local_max_low[7]_i_90/O
                         net (fo=1, routed)           0.013    10.149    pccx_v002_system_i/u_npu/inst/u_wrap/u_pccx_npu_top/u_fmap_pre/u_fmap_shifter/local_max_low[7]_i_90_n_0
    SLICE_X52Y200        CARRY8 (Prop_CARRY8_SLICEL_S[1]_CO[3])
                                                      0.250    10.399 r  pccx_v002_system_i/u_npu/inst/u_wrap/u_pccx_npu_top/u_fmap_pre/u_fmap_shifter/local_max_low_reg[7]_i_17/CO[3]
                         net (fo=17, routed)          0.307    10.705    pccx_v002_system_i/u_npu/inst/u_wrap/u_pccx_npu_top/u_fmap_pre/u_fmap_shifter/local_max_low_reg[7]_i_17_n_4
    SLICE_X52Y206        LUT6 (Prop_G6LUT_SLICEL_I5_O)
                                                      0.082    10.787 f  pccx_v002_system_i/u_npu/inst/u_wrap/u_pccx_npu_top/u_fmap_pre/u_fmap_shifter/local_max_low[2]_i_4_replica/O
                         net (fo=3, routed)           0.161    10.948    pccx_v002_system_i/u_npu/inst/u_wrap/u_pccx_npu_top/u_fmap_pre/u_fmap_shifter/local_max_low[2]_i_4_n_0_repN
    SLICE_X52Y206        LUT4 (Prop_B6LUT_SLICEL_I2_O)
                                                      0.138    11.086 r  pccx_v002_system_i/u_npu/inst/u_wrap/u_pccx_npu_top/u_fmap_pre/u_fmap_shifter/local_max_low[7]_i_56/O
                         net (fo=1, routed)           0.013    11.099    pccx_v002_system_i/u_npu/inst/u_wrap/u_pccx_npu_top/u_fmap_pre/u_fmap_shifter/local_max_low[7]_i_56_n_0
    SLICE_X52Y206        CARRY8 (Prop_CARRY8_SLICEL_S[1]_O[4])
                                                      0.279    11.378 f  pccx_v002_system_i/u_npu/inst/u_wrap/u_pccx_npu_top/u_fmap_pre/u_fmap_shifter/local_max_low_reg[7]_i_10/O[4]
                         net (fo=17, routed)          0.261    11.639    pccx_v002_system_i/u_npu/inst/u_wrap/u_pccx_npu_top/u_fmap_pre/u_fmap_shifter/local_max_low_reg[7]_i_10_n_11
    SLICE_X52Y207        LUT6 (Prop_A6LUT_SLICEL_I4_O)
                                                      0.058    11.697 f  pccx_v002_system_i/u_npu/inst/u_wrap/u_pccx_npu_top/u_fmap_pre/u_fmap_shifter/local_max_low[7]_i_97/O
                         net (fo=4, routed)           0.112    11.809    pccx_v002_system_i/u_npu/inst/u_wrap/u_pccx_npu_top/u_fmap_pre/u_fmap_shifter/local_max_low[7]_i_97_n_0
    SLICE_X53Y207        LUT4 (Prop_B6LUT_SLICEM_I2_O)
                                                      0.137    11.946 r  pccx_v002_system_i/u_npu/inst/u_wrap/u_pccx_npu_top/u_fmap_pre/u_fmap_shifter/local_max_low[7]_i_24/O
                         net (fo=1, routed)           0.022    11.968    pccx_v002_system_i/u_npu/inst/u_wrap/u_pccx_npu_top/u_fmap_pre/u_fmap_shifter/local_max_low[7]_i_24_n_0
    SLICE_X53Y207        CARRY8 (Prop_CARRY8_SLICEM_S[1]_O[4])
                                                      0.286    12.254 r  pccx_v002_system_i/u_npu/inst/u_wrap/u_pccx_npu_top/u_fmap_pre/u_fmap_shifter/local_max_low_reg[7]_i_6/O[4]
                         net (fo=16, routed)          0.221    12.475    pccx_v002_system_i/u_npu/inst/u_wrap/u_pccx_npu_top/u_fmap_pre/u_fmap_shifter/local_max_low_reg[7]_i_6_n_11
    SLICE_X54Y207        LUT6 (Prop_B6LUT_SLICEM_I4_O)
                                                      0.225    12.700 r  pccx_v002_system_i/u_npu/inst/u_wrap/u_pccx_npu_top/u_fmap_pre/u_fmap_shifter/local_max_low[2]_i_1/O
                         net (fo=4, routed)           0.345    13.045    pccx_v002_system_i/u_npu/inst/u_wrap/u_pccx_npu_top/u_fmap_pre/u_fmap_shifter/max_val[2]
    SLICE_X54Y207        FDRE                                         r  pccx_v002_system_i/u_npu/inst/u_wrap/u_pccx_npu_top/u_fmap_pre/u_fmap_shifter/local_max_low_reg[2]/D
  -------------------------------------------------------------------    -------------------

                         (clock clk_pl_0 rise edge)
                                                     10.000    10.000 r  
    PS8_X0Y0             PS8                          0.000    10.000 r  pccx_v002_system_i/zynq_ps/inst/PS8_i/PLCLK[0]
                         net (fo=1, routed)           0.181    10.181    pccx_v002_system_i/zynq_ps/inst/pl_clk_unbuffered[0]
    BUFG_PS_X0Y93        BUFG_PS (Prop_BUFG_PS_I_O)
                                                      0.035    10.216 r  pccx_v002_system_i/zynq_ps/inst/buffer_pl_clk_0.PL_CLK_0_BUFG/O
    X1Y1 (CLOCK_ROOT)    net (fo=92606, routed)       2.917    13.133    pccx_v002_system_i/u_npu/inst/u_wrap/u_pccx_npu_top/u_fmap_pre/u_fmap_shifter/clk_core
    SLICE_X54Y207        FDRE                                         r  pccx_v002_system_i/u_npu/inst/u_wrap/u_pccx_npu_top/u_fmap_pre/u_fmap_shifter/local_max_low_reg[2]/C
                         clock pessimism              0.248    13.381    
                         clock uncertainty           -0.160    13.221    
    SLICE_X54Y207        FDRE (Setup_FFF2_SLICEM_C_D)
                                                      0.045    13.266    pccx_v002_system_i/u_npu/inst/u_wrap/u_pccx_npu_top/u_fmap_pre/u_fmap_shifter/local_max_low_reg[2]
  -------------------------------------------------------------------
                         required time                         13.266    
                         arrival time                         -13.045    
  -------------------------------------------------------------------
                         slack                                  0.221    

Slack (MET) :             0.249ns  (required time - arrival time)
  Source:                 pccx_v002_system_i/u_npu/inst/u_wrap/u_pccx_npu_top/u_fmap_pre/u_fmap_fifo/xpm_fifo_base_inst/gen_sdpram.xpm_memory_base_inst/gen_wr_a.gen_word_narrow.mem_reg_0/CLKARDCLK
                            (rising edge-triggered cell RAMB36E2 clocked by clk_pl_0  {rise@0.000ns fall@5.000ns period=10.000ns})
  Destination:            pccx_v002_system_i/u_npu/inst/u_wrap/u_pccx_npu_top/u_fmap_pre/u_fmap_shifter/local_max_low_reg[6]/D
                            (rising edge-triggered cell FDRE clocked by clk_pl_0  {rise@0.000ns fall@5.000ns period=10.000ns})
  Path Group:             clk_pl_0
  Path Type:              Setup (Max at Slow Process Corner)
  Requirement:            10.000ns  (clk_pl_0 rise@10.000ns - clk_pl_0 rise@0.000ns)
  Data Path Delay:        9.392ns  (logic 4.656ns (49.574%)  route 4.736ns (50.426%))
  Logic Levels:           26  (CARRY8=8 LUT3=1 LUT4=7 LUT5=2 LUT6=8)
  Clock Path Skew:        -0.245ns (DCD - SCD + CPR)
    Destination Clock Delay (DCD):    3.140ns = ( 13.140 - 10.000 ) 
    Source Clock Delay      (SCD):    3.633ns
    Clock Pessimism Removal (CPR):    0.248ns
  Clock Uncertainty:      0.160ns  ((TSJ^2 + DJ^2)^1/2) / 2 + PE
    Total System Jitter     (TSJ):    0.071ns
    Discrete Jitter          (DJ):    0.312ns
    Phase Error              (PE):    0.000ns
  Clock Net Delay (Source):      3.366ns (routing 1.680ns, distribution 1.686ns)
  Clock Net Delay (Destination): 2.924ns (routing 1.536ns, distribution 1.388ns)

    Location             Delay type                Incr(ns)  Path(ns)    Netlist Resource(s)
  -------------------------------------------------------------------    -------------------
                         (clock clk_pl_0 rise edge)
                                                      0.000     0.000 r  
    PS8_X0Y0             PS8                          0.000     0.000 r  pccx_v002_system_i/zynq_ps/inst/PS8_i/PLCLK[0]
                         net (fo=1, routed)           0.229     0.229    pccx_v002_system_i/zynq_ps/inst/pl_clk_unbuffered[0]
    BUFG_PS_X0Y93        BUFG_PS (Prop_BUFG_PS_I_O)
                                                      0.038     0.267 r  pccx_v002_system_i/zynq_ps/inst/buffer_pl_clk_0.PL_CLK_0_BUFG/O
    X1Y1 (CLOCK_ROOT)    net (fo=92606, routed)       3.366     3.633    pccx_v002_system_i/u_npu/inst/u_wrap/u_pccx_npu_top/u_fmap_pre/u_fmap_fifo/xpm_fifo_base_inst/gen_sdpram.xpm_memory_base_inst/clka
    RAMB36_X2Y40         RAMB36E2                                     r  pccx_v002_system_i/u_npu/inst/u_wrap/u_pccx_npu_top/u_fmap_pre/u_fmap_fifo/xpm_fifo_base_inst/gen_sdpram.xpm_memory_base_inst/gen_wr_a.gen_word_narrow.mem_reg_0/CLKARDCLK
  -------------------------------------------------------------------    -------------------
    RAMB36_X2Y40         RAMB36E2 (Prop_RAMB36E2_RAMB36_CLKARDCLK_DOUTADOUT[24])
                                                      0.301     3.934 r  pccx_v002_system_i/u_npu/inst/u_wrap/u_pccx_npu_top/u_fmap_pre/u_fmap_fifo/xpm_fifo_base_inst/gen_sdpram.xpm_memory_base_inst/gen_wr_a.gen_word_narrow.mem_reg_0/DOUTADOUT[24]
                         net (fo=12, routed)          0.281     4.215    pccx_v002_system_i/u_npu/inst/u_wrap/u_pccx_npu_top/u_fmap_pre/u_fmap_shifter/D[24]
    SLICE_X51Y201        LUT4 (Prop_A6LUT_SLICEL_I0_O)
                                                      0.225     4.440 r  pccx_v002_system_i/u_npu/inst/u_wrap/u_pccx_npu_top/u_fmap_pre/u_fmap_shifter/local_max_low[7]_i_229/O
                         net (fo=1, routed)           0.014     4.454    pccx_v002_system_i/u_npu/inst/u_wrap/u_pccx_npu_top/u_fmap_pre/u_fmap_shifter/local_max_low[7]_i_229_n_0
    SLICE_X51Y201        CARRY8 (Prop_CARRY8_SLICEL_S[0]_CO[3])
                                                      0.263     4.717 r  pccx_v002_system_i/u_npu/inst/u_wrap/u_pccx_npu_top/u_fmap_pre/u_fmap_shifter/local_max_low_reg[7]_i_141/CO[3]
                         net (fo=32, routed)          0.170     4.886    pccx_v002_system_i/u_npu/inst/u_wrap/u_pccx_npu_top/u_fmap_pre/u_fmap_shifter/local_max_low_reg[7]_i_141_n_4
    SLICE_X50Y200        LUT3 (Prop_G6LUT_SLICEL_I1_O)
                                                      0.057     4.943 f  pccx_v002_system_i/u_npu/inst/u_wrap/u_pccx_npu_top/u_fmap_pre/u_fmap_shifter/local_max_low[7]_i_249/O
                         net (fo=7, routed)           0.117     5.060    pccx_v002_system_i/u_npu/inst/u_wrap/u_pccx_npu_top/u_fmap_pre/u_fmap_shifter/local_max_low[7]_i_249_n_0
    SLICE_X49Y200        LUT6 (Prop_G6LUT_SLICEL_I1_O)
                                                      0.082     5.142 r  pccx_v002_system_i/u_npu/inst/u_wrap/u_pccx_npu_top/u_fmap_pre/u_fmap_shifter/local_max_low[7]_i_201/O
                         net (fo=1, routed)           0.218     5.360    pccx_v002_system_i/u_npu/inst/u_wrap/u_pccx_npu_top/u_fmap_pre/u_fmap_shifter/local_max_low[7]_i_201_n_0
    SLICE_X49Y201        CARRY8 (Prop_CARRY8_SLICEL_DI[0]_CO[3])
                                                      0.219     5.579 r  pccx_v002_system_i/u_npu/inst/u_wrap/u_pccx_npu_top/u_fmap_pre/u_fmap_shifter/local_max_low_reg[7]_i_138/CO[3]
                         net (fo=27, routed)          0.504     6.083    pccx_v002_system_i/u_npu/inst/u_wrap/u_pccx_npu_top/u_fmap_pre/u_fmap_shifter/local_max_low_reg[7]_i_138_n_4
    SLICE_X48Y201        LUT6 (Prop_F6LUT_SLICEL_I5_O)
                                                      0.187     6.270 r  pccx_v002_system_i/u_npu/inst/u_wrap/u_pccx_npu_top/u_fmap_pre/u_fmap_shifter/local_max_low[7]_i_242_replica/O
                         net (fo=2, routed)           0.111     6.381    pccx_v002_system_i/u_npu/inst/u_wrap/u_pccx_npu_top/u_fmap_pre/u_fmap_shifter/local_max_low[7]_i_242_n_0_repN
    SLICE_X48Y203        LUT4 (Prop_B6LUT_SLICEL_I0_O)
                                                      0.188     6.569 r  pccx_v002_system_i/u_npu/inst/u_wrap/u_pccx_npu_top/u_fmap_pre/u_fmap_shifter/local_max_low[7]_i_180/O
                         net (fo=1, routed)           0.013     6.582    pccx_v002_system_i/u_npu/inst/u_wrap/u_pccx_npu_top/u_fmap_pre/u_fmap_shifter/local_max_low[7]_i_180_n_0
    SLICE_X48Y203        CARRY8 (Prop_CARRY8_SLICEL_S[1]_CO[3])
                                                      0.250     6.832 f  pccx_v002_system_i/u_npu/inst/u_wrap/u_pccx_npu_top/u_fmap_pre/u_fmap_shifter/local_max_low_reg[7]_i_135/CO[3]
                         net (fo=22, routed)          0.208     7.040    pccx_v002_system_i/u_npu/inst/u_wrap/u_pccx_npu_top/u_fmap_pre/u_fmap_shifter/local_max_low_reg[7]_i_135_n_4
    SLICE_X48Y204        LUT5 (Prop_F6LUT_SLICEL_I1_O)
                                                      0.187     7.227 f  pccx_v002_system_i/u_npu/inst/u_wrap/u_pccx_npu_top/u_fmap_pre/u_fmap_shifter/local_max_low[6]_i_9/O
                         net (fo=3, routed)           0.409     7.636    pccx_v002_system_i/u_npu/inst/u_wrap/u_pccx_npu_top/u_fmap_pre/u_fmap_shifter/local_max_low[6]_i_9_n_0
    SLICE_X49Y205        LUT6 (Prop_D6LUT_SLICEL_I0_O)
                                                      0.152     7.788 f  pccx_v002_system_i/u_npu/inst/u_wrap/u_pccx_npu_top/u_fmap_pre/u_fmap_shifter/local_max_low[7]_i_230/O
                         net (fo=2, routed)           0.100     7.888    pccx_v002_system_i/u_npu/inst/u_wrap/u_pccx_npu_top/u_fmap_pre/u_fmap_shifter/local_max_low[7]_i_230_n_0
    SLICE_X50Y205        LUT4 (Prop_D5LUT_SLICEL_I0_O)
                                                      0.133     8.021 r  pccx_v002_system_i/u_npu/inst/u_wrap/u_pccx_npu_top/u_fmap_pre/u_fmap_shifter/local_max_low[7]_i_158/O
                         net (fo=1, routed)           0.000     8.021    pccx_v002_system_i/u_npu/inst/u_wrap/u_pccx_npu_top/u_fmap_pre/u_fmap_shifter/local_max_low[7]_i_158_n_0
    SLICE_X50Y205        CARRY8 (Prop_CARRY8_SLICEL_DI[3]_O[4])
                                                      0.228     8.249 r  pccx_v002_system_i/u_npu/inst/u_wrap/u_pccx_npu_top/u_fmap_pre/u_fmap_shifter/local_max_low_reg[7]_i_133/O[4]
                         net (fo=10, routed)          0.224     8.473    pccx_v002_system_i/u_npu/inst/u_wrap/u_pccx_npu_top/u_fmap_pre/u_fmap_shifter/local_max_low_reg[7]_i_133_n_11
    SLICE_X51Y205        LUT5 (Prop_A6LUT_SLICEL_I3_O)
                                                      0.082     8.555 f  pccx_v002_system_i/u_npu/inst/u_wrap/u_pccx_npu_top/u_fmap_pre/u_fmap_shifter/local_max_low[1]_i_8/O
                         net (fo=1, routed)           0.097     8.652    pccx_v002_system_i/u_npu/inst/u_wrap/u_pccx_npu_top/u_fmap_pre/u_fmap_shifter/local_max_low[1]_i_8_n_0
    SLICE_X51Y203        LUT6 (Prop_F6LUT_SLICEL_I0_O)
                                                      0.136     8.788 f  pccx_v002_system_i/u_npu/inst/u_wrap/u_pccx_npu_top/u_fmap_pre/u_fmap_shifter/local_max_low[1]_i_7/O
                         net (fo=6, routed)           0.233     9.021    pccx_v002_system_i/u_npu/inst/u_wrap/u_pccx_npu_top/u_fmap_pre/u_fmap_shifter/local_max_low[1]_i_7_n_0
    SLICE_X52Y203        LUT4 (Prop_A6LUT_SLICEL_I0_O)
                                                      0.225     9.246 r  pccx_v002_system_i/u_npu/inst/u_wrap/u_pccx_npu_top/u_fmap_pre/u_fmap_shifter/local_max_low[7]_i_115/O
                         net (fo=1, routed)           0.014     9.260    pccx_v002_system_i/u_npu/inst/u_wrap/u_pccx_npu_top/u_fmap_pre/u_fmap_shifter/local_max_low[7]_i_115_n_0
    SLICE_X52Y203        CARRY8 (Prop_CARRY8_SLICEL_S[0]_CO[3])
                                                      0.263     9.523 r  pccx_v002_system_i/u_npu/inst/u_wrap/u_pccx_npu_top/u_fmap_pre/u_fmap_shifter/local_max_low_reg[7]_i_67/CO[3]
                         net (fo=18, routed)          0.212     9.735    pccx_v002_system_i/u_npu/inst/u_wrap/u_pccx_npu_top/u_fmap_pre/u_fmap_shifter/local_max_low_reg[7]_i_67_n_4
    SLICE_X52Y202        LUT6 (Prop_F6LUT_SLICEL_I5_O)
                                                      0.056     9.791 f  pccx_v002_system_i/u_npu/inst/u_wrap/u_pccx_npu_top/u_fmap_pre/u_fmap_shifter/local_max_low[7]_i_147/O
                         net (fo=4, routed)           0.207     9.998    pccx_v002_system_i/u_npu/inst/u_wrap/u_pccx_npu_top/u_fmap_pre/u_fmap_shifter/local_max_low[7]_i_147_n_0
    SLICE_X52Y200        LUT4 (Prop_B6LUT_SLICEL_I2_O)
                                                      0.138    10.136 r  pccx_v002_system_i/u_npu/inst/u_wrap/u_pccx_npu_top/u_fmap_pre/u_fmap_shifter/local_max_low[7]_i_90/O
                         net (fo=1, routed)           0.013    10.149    pccx_v002_system_i/u_npu/inst/u_wrap/u_pccx_npu_top/u_fmap_pre/u_fmap_shifter/local_max_low[7]_i_90_n_0
    SLICE_X52Y200        CARRY8 (Prop_CARRY8_SLICEL_S[1]_CO[3])
                                                      0.250    10.399 r  pccx_v002_system_i/u_npu/inst/u_wrap/u_pccx_npu_top/u_fmap_pre/u_fmap_shifter/local_max_low_reg[7]_i_17/CO[3]
                         net (fo=17, routed)          0.307    10.705    pccx_v002_system_i/u_npu/inst/u_wrap/u_pccx_npu_top/u_fmap_pre/u_fmap_shifter/local_max_low_reg[7]_i_17_n_4
    SLICE_X52Y206        LUT6 (Prop_G6LUT_SLICEL_I5_O)
                                                      0.082    10.787 f  pccx_v002_system_i/u_npu/inst/u_wrap/u_pccx_npu_top/u_fmap_pre/u_fmap_shifter/local_max_low[2]_i_4_replica/O
                         net (fo=3, routed)           0.161    10.948    pccx_v002_system_i/u_npu/inst/u_wrap/u_pccx_npu_top/u_fmap_pre/u_fmap_shifter/local_max_low[2]_i_4_n_0_repN
    SLICE_X52Y206        LUT4 (Prop_B6LUT_SLICEL_I2_O)
                                                      0.138    11.086 r  pccx_v002_system_i/u_npu/inst/u_wrap/u_pccx_npu_top/u_fmap_pre/u_fmap_shifter/local_max_low[7]_i_56/O
                         net (fo=1, routed)           0.013    11.099    pccx_v002_system_i/u_npu/inst/u_wrap/u_pccx_npu_top/u_fmap_pre/u_fmap_shifter/local_max_low[7]_i_56_n_0
    SLICE_X52Y206        CARRY8 (Prop_CARRY8_SLICEL_S[1]_O[4])
                                                      0.279    11.378 f  pccx_v002_system_i/u_npu/inst/u_wrap/u_pccx_npu_top/u_fmap_pre/u_fmap_shifter/local_max_low_reg[7]_i_10/O[4]
                         net (fo=17, routed)          0.261    11.639    pccx_v002_system_i/u_npu/inst/u_wrap/u_pccx_npu_top/u_fmap_pre/u_fmap_shifter/local_max_low_reg[7]_i_10_n_11
    SLICE_X52Y207        LUT6 (Prop_A6LUT_SLICEL_I4_O)
                                                      0.058    11.697 f  pccx_v002_system_i/u_npu/inst/u_wrap/u_pccx_npu_top/u_fmap_pre/u_fmap_shifter/local_max_low[7]_i_97/O
                         net (fo=4, routed)           0.158    11.855    pccx_v002_system_i/u_npu/inst/u_wrap/u_pccx_npu_top/u_fmap_pre/u_fmap_shifter/local_max_low[7]_i_97_n_0
    SLICE_X53Y206        LUT4 (Prop_B6LUT_SLICEM_I2_O)
                                                      0.137    11.992 r  pccx_v002_system_i/u_npu/inst/u_wrap/u_pccx_npu_top/u_fmap_pre/u_fmap_shifter/local_max_low[7]_i_32/O
                         net (fo=1, routed)           0.022    12.014    pccx_v002_system_i/u_npu/inst/u_wrap/u_pccx_npu_top/u_fmap_pre/u_fmap_shifter/local_max_low[7]_i_32_n_0
    SLICE_X53Y206        CARRY8 (Prop_CARRY8_SLICEM_S[1]_CO[3])
                                                      0.257    12.271 f  pccx_v002_system_i/u_npu/inst/u_wrap/u_pccx_npu_top/u_fmap_pre/u_fmap_shifter/local_max_low_reg[7]_i_7/CO[3]
                         net (fo=16, routed)          0.301    12.572    pccx_v002_system_i/u_npu/inst/u_wrap/u_pccx_npu_top/u_fmap_pre/u_fmap_shifter/local_max_low_reg[7]_i_7_n_4
    SLICE_X55Y205        LUT6 (Prop_E6LUT_SLICEL_I5_O)
                                                      0.083    12.655 r  pccx_v002_system_i/u_npu/inst/u_wrap/u_pccx_npu_top/u_fmap_pre/u_fmap_shifter/local_max_low[6]_i_1/O
                         net (fo=4, routed)           0.370    13.025    pccx_v002_system_i/u_npu/inst/u_wrap/u_pccx_npu_top/u_fmap_pre/u_fmap_shifter/max_val[6]
    SLICE_X54Y206        FDRE                                         r  pccx_v002_system_i/u_npu/inst/u_wrap/u_pccx_npu_top/u_fmap_pre/u_fmap_shifter/local_max_low_reg[6]/D
  -------------------------------------------------------------------    -------------------

                         (clock clk_pl_0 rise edge)
                                                     10.000    10.000 r  
    PS8_X0Y0             PS8                          0.000    10.000 r  pccx_v002_system_i/zynq_ps/inst/PS8_i/PLCLK[0]
                         net (fo=1, routed)           0.181    10.181    pccx_v002_system_i/zynq_ps/inst/pl_clk_unbuffered[0]
    BUFG_PS_X0Y93        BUFG_PS (Prop_BUFG_PS_I_O)
                                                      0.035    10.216 r  pccx_v002_system_i/zynq_ps/inst/buffer_pl_clk_0.PL_CLK_0_BUFG/O
    X1Y1 (CLOCK_ROOT)    net (fo=92606, routed)       2.924    13.140    pccx_v002_system_i/u_npu/inst/u_wrap/u_pccx_npu_top/u_fmap_pre/u_fmap_shifter/clk_core
    SLICE_X54Y206        FDRE                                         r  pccx_v002_system_i/u_npu/inst/u_wrap/u_pccx_npu_top/u_fmap_pre/u_fmap_shifter/local_max_low_reg[6]/C
                         clock pessimism              0.248    13.388    
                         clock uncertainty           -0.160    13.228    
    SLICE_X54Y206        FDRE (Setup_HFF2_SLICEM_C_D)
                                                      0.046    13.274    pccx_v002_system_i/u_npu/inst/u_wrap/u_pccx_npu_top/u_fmap_pre/u_fmap_shifter/local_max_low_reg[6]
  -------------------------------------------------------------------
                         required time                         13.274    
                         arrival time                         -13.025    
  -------------------------------------------------------------------
                         slack                                  0.249    

Slack (MET) :             0.269ns  (required time - arrival time)
  Source:                 pccx_v002_system_i/u_npu/inst/u_wrap/u_pccx_npu_top/u_fmap_pre/u_fmap_fifo/xpm_fifo_base_inst/gen_sdpram.xpm_memory_base_inst/gen_wr_a.gen_word_narrow.mem_reg_0/CLKARDCLK
                            (rising edge-triggered cell RAMB36E2 clocked by clk_pl_0  {rise@0.000ns fall@5.000ns period=10.000ns})
  Destination:            pccx_v002_system_i/u_npu/inst/u_wrap/u_pccx_npu_top/u_fmap_pre/u_fmap_shifter/local_max_low_reg[1]/D
                            (rising edge-triggered cell FDRE clocked by clk_pl_0  {rise@0.000ns fall@5.000ns period=10.000ns})
  Path Group:             clk_pl_0
  Path Type:              Setup (Max at Slow Process Corner)
  Requirement:            10.000ns  (clk_pl_0 rise@10.000ns - clk_pl_0 rise@0.000ns)
  Data Path Delay:        9.366ns  (logic 4.685ns (50.023%)  route 4.681ns (49.977%))
  Logic Levels:           26  (CARRY8=8 LUT3=1 LUT4=7 LUT5=2 LUT6=8)
  Clock Path Skew:        -0.252ns (DCD - SCD + CPR)
    Destination Clock Delay (DCD):    3.133ns = ( 13.133 - 10.000 ) 
    Source Clock Delay      (SCD):    3.633ns
    Clock Pessimism Removal (CPR):    0.248ns
  Clock Uncertainty:      0.160ns  ((TSJ^2 + DJ^2)^1/2) / 2 + PE
    Total System Jitter     (TSJ):    0.071ns
    Discrete Jitter          (DJ):    0.312ns
    Phase Error              (PE):    0.000ns
  Clock Net Delay (Source):      3.366ns (routing 1.680ns, distribution 1.686ns)
  Clock Net Delay (Destination): 2.917ns (routing 1.536ns, distribution 1.381ns)

    Location             Delay type                Incr(ns)  Path(ns)    Netlist Resource(s)
  -------------------------------------------------------------------    -------------------
                         (clock clk_pl_0 rise edge)
                                                      0.000     0.000 r  
    PS8_X0Y0             PS8                          0.000     0.000 r  pccx_v002_system_i/zynq_ps/inst/PS8_i/PLCLK[0]
                         net (fo=1, routed)           0.229     0.229    pccx_v002_system_i/zynq_ps/inst/pl_clk_unbuffered[0]
    BUFG_PS_X0Y93        BUFG_PS (Prop_BUFG_PS_I_O)
                                                      0.038     0.267 r  pccx_v002_system_i/zynq_ps/inst/buffer_pl_clk_0.PL_CLK_0_BUFG/O
    X1Y1 (CLOCK_ROOT)    net (fo=92606, routed)       3.366     3.633    pccx_v002_system_i/u_npu/inst/u_wrap/u_pccx_npu_top/u_fmap_pre/u_fmap_fifo/xpm_fifo_base_inst/gen_sdpram.xpm_memory_base_inst/clka
    RAMB36_X2Y40         RAMB36E2                                     r  pccx_v002_system_i/u_npu/inst/u_wrap/u_pccx_npu_top/u_fmap_pre/u_fmap_fifo/xpm_fifo_base_inst/gen_sdpram.xpm_memory_base_inst/gen_wr_a.gen_word_narrow.mem_reg_0/CLKARDCLK
  -------------------------------------------------------------------    -------------------
    RAMB36_X2Y40         RAMB36E2 (Prop_RAMB36E2_RAMB36_CLKARDCLK_DOUTADOUT[24])
                                                      0.301     3.934 r  pccx_v002_system_i/u_npu/inst/u_wrap/u_pccx_npu_top/u_fmap_pre/u_fmap_fifo/xpm_fifo_base_inst/gen_sdpram.xpm_memory_base_inst/gen_wr_a.gen_word_narrow.mem_reg_0/DOUTADOUT[24]
                         net (fo=12, routed)          0.281     4.215    pccx_v002_system_i/u_npu/inst/u_wrap/u_pccx_npu_top/u_fmap_pre/u_fmap_shifter/D[24]
    SLICE_X51Y201        LUT4 (Prop_A6LUT_SLICEL_I0_O)
                                                      0.225     4.440 r  pccx_v002_system_i/u_npu/inst/u_wrap/u_pccx_npu_top/u_fmap_pre/u_fmap_shifter/local_max_low[7]_i_229/O
                         net (fo=1, routed)           0.014     4.454    pccx_v002_system_i/u_npu/inst/u_wrap/u_pccx_npu_top/u_fmap_pre/u_fmap_shifter/local_max_low[7]_i_229_n_0
    SLICE_X51Y201        CARRY8 (Prop_CARRY8_SLICEL_S[0]_CO[3])
                                                      0.263     4.717 r  pccx_v002_system_i/u_npu/inst/u_wrap/u_pccx_npu_top/u_fmap_pre/u_fmap_shifter/local_max_low_reg[7]_i_141/CO[3]
                         net (fo=32, routed)          0.170     4.886    pccx_v002_system_i/u_npu/inst/u_wrap/u_pccx_npu_top/u_fmap_pre/u_fmap_shifter/local_max_low_reg[7]_i_141_n_4
    SLICE_X50Y200        LUT3 (Prop_G6LUT_SLICEL_I1_O)
                                                      0.057     4.943 f  pccx_v002_system_i/u_npu/inst/u_wrap/u_pccx_npu_top/u_fmap_pre/u_fmap_shifter/local_max_low[7]_i_249/O
                         net (fo=7, routed)           0.117     5.060    pccx_v002_system_i/u_npu/inst/u_wrap/u_pccx_npu_top/u_fmap_pre/u_fmap_shifter/local_max_low[7]_i_249_n_0
    SLICE_X49Y200        LUT6 (Prop_G6LUT_SLICEL_I1_O)
                                                      0.082     5.142 r  pccx_v002_system_i/u_npu/inst/u_wrap/u_pccx_npu_top/u_fmap_pre/u_fmap_shifter/local_max_low[7]_i_201/O
                         net (fo=1, routed)           0.218     5.360    pccx_v002_system_i/u_npu/inst/u_wrap/u_pccx_npu_top/u_fmap_pre/u_fmap_shifter/local_max_low[7]_i_201_n_0
    SLICE_X49Y201        CARRY8 (Prop_CARRY8_SLICEL_DI[0]_CO[3])
                                                      0.219     5.579 r  pccx_v002_system_i/u_npu/inst/u_wrap/u_pccx_npu_top/u_fmap_pre/u_fmap_shifter/local_max_low_reg[7]_i_138/CO[3]
                         net (fo=27, routed)          0.504     6.083    pccx_v002_system_i/u_npu/inst/u_wrap/u_pccx_npu_top/u_fmap_pre/u_fmap_shifter/local_max_low_reg[7]_i_138_n_4
    SLICE_X48Y201        LUT6 (Prop_F6LUT_SLICEL_I5_O)
                                                      0.187     6.270 r  pccx_v002_system_i/u_npu/inst/u_wrap/u_pccx_npu_top/u_fmap_pre/u_fmap_shifter/local_max_low[7]_i_242_replica/O
                         net (fo=2, routed)           0.111     6.381    pccx_v002_system_i/u_npu/inst/u_wrap/u_pccx_npu_top/u_fmap_pre/u_fmap_shifter/local_max_low[7]_i_242_n_0_repN
    SLICE_X48Y203        LUT4 (Prop_B6LUT_SLICEL_I0_O)
                                                      0.188     6.569 r  pccx_v002_system_i/u_npu/inst/u_wrap/u_pccx_npu_top/u_fmap_pre/u_fmap_shifter/local_max_low[7]_i_180/O
                         net (fo=1, routed)           0.013     6.582    pccx_v002_system_i/u_npu/inst/u_wrap/u_pccx_npu_top/u_fmap_pre/u_fmap_shifter/local_max_low[7]_i_180_n_0
    SLICE_X48Y203        CARRY8 (Prop_CARRY8_SLICEL_S[1]_CO[3])
                                                      0.250     6.832 f  pccx_v002_system_i/u_npu/inst/u_wrap/u_pccx_npu_top/u_fmap_pre/u_fmap_shifter/local_max_low_reg[7]_i_135/CO[3]
                         net (fo=22, routed)          0.208     7.040    pccx_v002_system_i/u_npu/inst/u_wrap/u_pccx_npu_top/u_fmap_pre/u_fmap_shifter/local_max_low_reg[7]_i_135_n_4
    SLICE_X48Y204        LUT5 (Prop_F6LUT_SLICEL_I1_O)
                                                      0.187     7.227 f  pccx_v002_system_i/u_npu/inst/u_wrap/u_pccx_npu_top/u_fmap_pre/u_fmap_shifter/local_max_low[6]_i_9/O
                         net (fo=3, routed)           0.409     7.636    pccx_v002_system_i/u_npu/inst/u_wrap/u_pccx_npu_top/u_fmap_pre/u_fmap_shifter/local_max_low[6]_i_9_n_0
    SLICE_X49Y205        LUT6 (Prop_D6LUT_SLICEL_I0_O)
                                                      0.152     7.788 f  pccx_v002_system_i/u_npu/inst/u_wrap/u_pccx_npu_top/u_fmap_pre/u_fmap_shifter/local_max_low[7]_i_230/O
                         net (fo=2, routed)           0.100     7.888    pccx_v002_system_i/u_npu/inst/u_wrap/u_pccx_npu_top/u_fmap_pre/u_fmap_shifter/local_max_low[7]_i_230_n_0
    SLICE_X50Y205        LUT4 (Prop_D5LUT_SLICEL_I0_O)
                                                      0.133     8.021 r  pccx_v002_system_i/u_npu/inst/u_wrap/u_pccx_npu_top/u_fmap_pre/u_fmap_shifter/local_max_low[7]_i_158/O
                         net (fo=1, routed)           0.000     8.021    pccx_v002_system_i/u_npu/inst/u_wrap/u_pccx_npu_top/u_fmap_pre/u_fmap_shifter/local_max_low[7]_i_158_n_0
    SLICE_X50Y205        CARRY8 (Prop_CARRY8_SLICEL_DI[3]_O[4])
                                                      0.228     8.249 r  pccx_v002_system_i/u_npu/inst/u_wrap/u_pccx_npu_top/u_fmap_pre/u_fmap_shifter/local_max_low_reg[7]_i_133/O[4]
                         net (fo=10, routed)          0.224     8.473    pccx_v002_system_i/u_npu/inst/u_wrap/u_pccx_npu_top/u_fmap_pre/u_fmap_shifter/local_max_low_reg[7]_i_133_n_11
    SLICE_X51Y205        LUT5 (Prop_A6LUT_SLICEL_I3_O)
                                                      0.082     8.555 f  pccx_v002_system_i/u_npu/inst/u_wrap/u_pccx_npu_top/u_fmap_pre/u_fmap_shifter/local_max_low[1]_i_8/O
                         net (fo=1, routed)           0.097     8.652    pccx_v002_system_i/u_npu/inst/u_wrap/u_pccx_npu_top/u_fmap_pre/u_fmap_shifter/local_max_low[1]_i_8_n_0
    SLICE_X51Y203        LUT6 (Prop_F6LUT_SLICEL_I0_O)
                                                      0.136     8.788 f  pccx_v002_system_i/u_npu/inst/u_wrap/u_pccx_npu_top/u_fmap_pre/u_fmap_shifter/local_max_low[1]_i_7/O
                         net (fo=6, routed)           0.233     9.021    pccx_v002_system_i/u_npu/inst/u_wrap/u_pccx_npu_top/u_fmap_pre/u_fmap_shifter/local_max_low[1]_i_7_n_0
    SLICE_X52Y203        LUT4 (Prop_A6LUT_SLICEL_I0_O)
                                                      0.225     9.246 r  pccx_v002_system_i/u_npu/inst/u_wrap/u_pccx_npu_top/u_fmap_pre/u_fmap_shifter/local_max_low[7]_i_115/O
                         net (fo=1, routed)           0.014     9.260    pccx_v002_system_i/u_npu/inst/u_wrap/u_pccx_npu_top/u_fmap_pre/u_fmap_shifter/local_max_low[7]_i_115_n_0
    SLICE_X52Y203        CARRY8 (Prop_CARRY8_SLICEL_S[0]_CO[3])
                                                      0.263     9.523 r  pccx_v002_system_i/u_npu/inst/u_wrap/u_pccx_npu_top/u_fmap_pre/u_fmap_shifter/local_max_low_reg[7]_i_67/CO[3]
                         net (fo=18, routed)          0.212     9.735    pccx_v002_system_i/u_npu/inst/u_wrap/u_pccx_npu_top/u_fmap_pre/u_fmap_shifter/local_max_low_reg[7]_i_67_n_4
    SLICE_X52Y202        LUT6 (Prop_F6LUT_SLICEL_I5_O)
                                                      0.056     9.791 f  pccx_v002_system_i/u_npu/inst/u_wrap/u_pccx_npu_top/u_fmap_pre/u_fmap_shifter/local_max_low[7]_i_147/O
                         net (fo=4, routed)           0.207     9.998    pccx_v002_system_i/u_npu/inst/u_wrap/u_pccx_npu_top/u_fmap_pre/u_fmap_shifter/local_max_low[7]_i_147_n_0
    SLICE_X52Y200        LUT4 (Prop_B6LUT_SLICEL_I2_O)
                                                      0.138    10.136 r  pccx_v002_system_i/u_npu/inst/u_wrap/u_pccx_npu_top/u_fmap_pre/u_fmap_shifter/local_max_low[7]_i_90/O
                         net (fo=1, routed)           0.013    10.149    pccx_v002_system_i/u_npu/inst/u_wrap/u_pccx_npu_top/u_fmap_pre/u_fmap_shifter/local_max_low[7]_i_90_n_0
    SLICE_X52Y200        CARRY8 (Prop_CARRY8_SLICEL_S[1]_CO[3])
                                                      0.250    10.399 r  pccx_v002_system_i/u_npu/inst/u_wrap/u_pccx_npu_top/u_fmap_pre/u_fmap_shifter/local_max_low_reg[7]_i_17/CO[3]
                         net (fo=17, routed)          0.307    10.705    pccx_v002_system_i/u_npu/inst/u_wrap/u_pccx_npu_top/u_fmap_pre/u_fmap_shifter/local_max_low_reg[7]_i_17_n_4
    SLICE_X52Y206        LUT6 (Prop_G6LUT_SLICEL_I5_O)
                                                      0.082    10.787 f  pccx_v002_system_i/u_npu/inst/u_wrap/u_pccx_npu_top/u_fmap_pre/u_fmap_shifter/local_max_low[2]_i_4_replica/O
                         net (fo=3, routed)           0.161    10.948    pccx_v002_system_i/u_npu/inst/u_wrap/u_pccx_npu_top/u_fmap_pre/u_fmap_shifter/local_max_low[2]_i_4_n_0_repN
    SLICE_X52Y206        LUT4 (Prop_B6LUT_SLICEL_I2_O)
                                                      0.138    11.086 r  pccx_v002_system_i/u_npu/inst/u_wrap/u_pccx_npu_top/u_fmap_pre/u_fmap_shifter/local_max_low[7]_i_56/O
                         net (fo=1, routed)           0.013    11.099    pccx_v002_system_i/u_npu/inst/u_wrap/u_pccx_npu_top/u_fmap_pre/u_fmap_shifter/local_max_low[7]_i_56_n_0
    SLICE_X52Y206        CARRY8 (Prop_CARRY8_SLICEL_S[1]_O[4])
                                                      0.279    11.378 f  pccx_v002_system_i/u_npu/inst/u_wrap/u_pccx_npu_top/u_fmap_pre/u_fmap_shifter/local_max_low_reg[7]_i_10/O[4]
                         net (fo=17, routed)          0.261    11.639    pccx_v002_system_i/u_npu/inst/u_wrap/u_pccx_npu_top/u_fmap_pre/u_fmap_shifter/local_max_low_reg[7]_i_10_n_11
    SLICE_X52Y207        LUT6 (Prop_A6LUT_SLICEL_I4_O)
                                                      0.058    11.697 f  pccx_v002_system_i/u_npu/inst/u_wrap/u_pccx_npu_top/u_fmap_pre/u_fmap_shifter/local_max_low[7]_i_97/O
                         net (fo=4, routed)           0.112    11.809    pccx_v002_system_i/u_npu/inst/u_wrap/u_pccx_npu_top/u_fmap_pre/u_fmap_shifter/local_max_low[7]_i_97_n_0
    SLICE_X53Y207        LUT4 (Prop_B6LUT_SLICEM_I2_O)
                                                      0.137    11.946 r  pccx_v002_system_i/u_npu/inst/u_wrap/u_pccx_npu_top/u_fmap_pre/u_fmap_shifter/local_max_low[7]_i_24/O
                         net (fo=1, routed)           0.022    11.968    pccx_v002_system_i/u_npu/inst/u_wrap/u_pccx_npu_top/u_fmap_pre/u_fmap_shifter/local_max_low[7]_i_24_n_0
    SLICE_X53Y207        CARRY8 (Prop_CARRY8_SLICEM_S[1]_O[4])
                                                      0.286    12.254 r  pccx_v002_system_i/u_npu/inst/u_wrap/u_pccx_npu_top/u_fmap_pre/u_fmap_shifter/local_max_low_reg[7]_i_6/O[4]
                         net (fo=16, routed)          0.288    12.542    pccx_v002_system_i/u_npu/inst/u_wrap/u_pccx_npu_top/u_fmap_pre/u_fmap_shifter/local_max_low_reg[7]_i_6_n_11
    SLICE_X55Y206        LUT6 (Prop_E6LUT_SLICEL_I4_O)
                                                      0.083    12.625 r  pccx_v002_system_i/u_npu/inst/u_wrap/u_pccx_npu_top/u_fmap_pre/u_fmap_shifter/local_max_low[1]_i_1/O
                         net (fo=4, routed)           0.373    12.998    pccx_v002_system_i/u_npu/inst/u_wrap/u_pccx_npu_top/u_fmap_pre/u_fmap_shifter/max_val[1]
    SLICE_X54Y207        FDRE                                         r  pccx_v002_system_i/u_npu/inst/u_wrap/u_pccx_npu_top/u_fmap_pre/u_fmap_shifter/local_max_low_reg[1]/D
  -------------------------------------------------------------------    -------------------

                         (clock clk_pl_0 rise edge)
                                                     10.000    10.000 r  
    PS8_X0Y0             PS8                          0.000    10.000 r  pccx_v002_system_i/zynq_ps/inst/PS8_i/PLCLK[0]
                         net (fo=1, routed)           0.181    10.181    pccx_v002_system_i/zynq_ps/inst/pl_clk_unbuffered[0]
    BUFG_PS_X0Y93        BUFG_PS (Prop_BUFG_PS_I_O)
                                                      0.035    10.216 r  pccx_v002_system_i/zynq_ps/inst/buffer_pl_clk_0.PL_CLK_0_BUFG/O
    X1Y1 (CLOCK_ROOT)    net (fo=92606, routed)       2.917    13.133    pccx_v002_system_i/u_npu/inst/u_wrap/u_pccx_npu_top/u_fmap_pre/u_fmap_shifter/clk_core
    SLICE_X54Y207        FDRE                                         r  pccx_v002_system_i/u_npu/inst/u_wrap/u_pccx_npu_top/u_fmap_pre/u_fmap_shifter/local_max_low_reg[1]/C
                         clock pessimism              0.248    13.381    
                         clock uncertainty           -0.160    13.221    
    SLICE_X54Y207        FDRE (Setup_GFF2_SLICEM_C_D)
                                                      0.046    13.267    pccx_v002_system_i/u_npu/inst/u_wrap/u_pccx_npu_top/u_fmap_pre/u_fmap_shifter/local_max_low_reg[1]
  -------------------------------------------------------------------
                         required time                         13.267    
                         arrival time                         -12.998    
  -------------------------------------------------------------------
                         slack                                  0.269    

Slack (MET) :             0.344ns  (required time - arrival time)
  Source:                 pccx_v002_system_i/u_npu/inst/u_wrap/u_pccx_npu_top/u_fmap_pre/u_fmap_fifo/xpm_fifo_base_inst/gen_sdpram.xpm_memory_base_inst/gen_wr_a.gen_word_narrow.mem_reg_0/CLKARDCLK
                            (rising edge-triggered cell RAMB36E2 clocked by clk_pl_0  {rise@0.000ns fall@5.000ns period=10.000ns})
  Destination:            pccx_v002_system_i/u_npu/inst/u_wrap/u_pccx_npu_top/u_fmap_pre/u_fmap_shifter/local_max_low_reg[3]/D
                            (rising edge-triggered cell FDRE clocked by clk_pl_0  {rise@0.000ns fall@5.000ns period=10.000ns})
  Path Group:             clk_pl_0
  Path Type:              Setup (Max at Slow Process Corner)
  Requirement:            10.000ns  (clk_pl_0 rise@10.000ns - clk_pl_0 rise@0.000ns)
  Data Path Delay:        9.291ns  (logic 4.630ns (49.831%)  route 4.661ns (50.169%))
  Logic Levels:           26  (CARRY8=8 LUT3=1 LUT4=7 LUT5=2 LUT6=8)
  Clock Path Skew:        -0.251ns (DCD - SCD + CPR)
    Destination Clock Delay (DCD):    3.134ns = ( 13.134 - 10.000 ) 
    Source Clock Delay      (SCD):    3.633ns
    Clock Pessimism Removal (CPR):    0.248ns
  Clock Uncertainty:      0.160ns  ((TSJ^2 + DJ^2)^1/2) / 2 + PE
    Total System Jitter     (TSJ):    0.071ns
    Discrete Jitter          (DJ):    0.312ns
    Phase Error              (PE):    0.000ns
  Clock Net Delay (Source):      3.366ns (routing 1.680ns, distribution 1.686ns)
  Clock Net Delay (Destination): 2.918ns (routing 1.536ns, distribution 1.382ns)

    Location             Delay type                Incr(ns)  Path(ns)    Netlist Resource(s)
  -------------------------------------------------------------------    -------------------
                         (clock clk_pl_0 rise edge)
                                                      0.000     0.000 r  
    PS8_X0Y0             PS8                          0.000     0.000 r  pccx_v002_system_i/zynq_ps/inst/PS8_i/PLCLK[0]
                         net (fo=1, routed)           0.229     0.229    pccx_v002_system_i/zynq_ps/inst/pl_clk_unbuffered[0]
    BUFG_PS_X0Y93        BUFG_PS (Prop_BUFG_PS_I_O)
                                                      0.038     0.267 r  pccx_v002_system_i/zynq_ps/inst/buffer_pl_clk_0.PL_CLK_0_BUFG/O
    X1Y1 (CLOCK_ROOT)    net (fo=92606, routed)       3.366     3.633    pccx_v002_system_i/u_npu/inst/u_wrap/u_pccx_npu_top/u_fmap_pre/u_fmap_fifo/xpm_fifo_base_inst/gen_sdpram.xpm_memory_base_inst/clka
    RAMB36_X2Y40         RAMB36E2                                     r  pccx_v002_system_i/u_npu/inst/u_wrap/u_pccx_npu_top/u_fmap_pre/u_fmap_fifo/xpm_fifo_base_inst/gen_sdpram.xpm_memory_base_inst/gen_wr_a.gen_word_narrow.mem_reg_0/CLKARDCLK
  -------------------------------------------------------------------    -------------------
    RAMB36_X2Y40         RAMB36E2 (Prop_RAMB36E2_RAMB36_CLKARDCLK_DOUTADOUT[24])
                                                      0.301     3.934 r  pccx_v002_system_i/u_npu/inst/u_wrap/u_pccx_npu_top/u_fmap_pre/u_fmap_fifo/xpm_fifo_base_inst/gen_sdpram.xpm_memory_base_inst/gen_wr_a.gen_word_narrow.mem_reg_0/DOUTADOUT[24]
                         net (fo=12, routed)          0.281     4.215    pccx_v002_system_i/u_npu/inst/u_wrap/u_pccx_npu_top/u_fmap_pre/u_fmap_shifter/D[24]
    SLICE_X51Y201        LUT4 (Prop_A6LUT_SLICEL_I0_O)
                                                      0.225     4.440 r  pccx_v002_system_i/u_npu/inst/u_wrap/u_pccx_npu_top/u_fmap_pre/u_fmap_shifter/local_max_low[7]_i_229/O
                         net (fo=1, routed)           0.014     4.454    pccx_v002_system_i/u_npu/inst/u_wrap/u_pccx_npu_top/u_fmap_pre/u_fmap_shifter/local_max_low[7]_i_229_n_0
    SLICE_X51Y201        CARRY8 (Prop_CARRY8_SLICEL_S[0]_CO[3])
                                                      0.263     4.717 r  pccx_v002_system_i/u_npu/inst/u_wrap/u_pccx_npu_top/u_fmap_pre/u_fmap_shifter/local_max_low_reg[7]_i_141/CO[3]
                         net (fo=32, routed)          0.170     4.886    pccx_v002_system_i/u_npu/inst/u_wrap/u_pccx_npu_top/u_fmap_pre/u_fmap_shifter/local_max_low_reg[7]_i_141_n_4
    SLICE_X50Y200        LUT3 (Prop_G6LUT_SLICEL_I1_O)
                                                      0.057     4.943 f  pccx_v002_system_i/u_npu/inst/u_wrap/u_pccx_npu_top/u_fmap_pre/u_fmap_shifter/local_max_low[7]_i_249/O
                         net (fo=7, routed)           0.117     5.060    pccx_v002_system_i/u_npu/inst/u_wrap/u_pccx_npu_top/u_fmap_pre/u_fmap_shifter/local_max_low[7]_i_249_n_0
    SLICE_X49Y200        LUT6 (Prop_G6LUT_SLICEL_I1_O)
                                                      0.082     5.142 r  pccx_v002_system_i/u_npu/inst/u_wrap/u_pccx_npu_top/u_fmap_pre/u_fmap_shifter/local_max_low[7]_i_201/O
                         net (fo=1, routed)           0.218     5.360    pccx_v002_system_i/u_npu/inst/u_wrap/u_pccx_npu_top/u_fmap_pre/u_fmap_shifter/local_max_low[7]_i_201_n_0
    SLICE_X49Y201        CARRY8 (Prop_CARRY8_SLICEL_DI[0]_CO[3])
                                                      0.219     5.579 r  pccx_v002_system_i/u_npu/inst/u_wrap/u_pccx_npu_top/u_fmap_pre/u_fmap_shifter/local_max_low_reg[7]_i_138/CO[3]
                         net (fo=27, routed)          0.504     6.083    pccx_v002_system_i/u_npu/inst/u_wrap/u_pccx_npu_top/u_fmap_pre/u_fmap_shifter/local_max_low_reg[7]_i_138_n_4
    SLICE_X48Y201        LUT6 (Prop_F6LUT_SLICEL_I5_O)
                                                      0.187     6.270 r  pccx_v002_system_i/u_npu/inst/u_wrap/u_pccx_npu_top/u_fmap_pre/u_fmap_shifter/local_max_low[7]_i_242_replica/O
                         net (fo=2, routed)           0.111     6.381    pccx_v002_system_i/u_npu/inst/u_wrap/u_pccx_npu_top/u_fmap_pre/u_fmap_shifter/local_max_low[7]_i_242_n_0_repN
    SLICE_X48Y203        LUT4 (Prop_B6LUT_SLICEL_I0_O)
                                                      0.188     6.569 r  pccx_v002_system_i/u_npu/inst/u_wrap/u_pccx_npu_top/u_fmap_pre/u_fmap_shifter/local_max_low[7]_i_180/O
                         net (fo=1, routed)           0.013     6.582    pccx_v002_system_i/u_npu/inst/u_wrap/u_pccx_npu_top/u_fmap_pre/u_fmap_shifter/local_max_low[7]_i_180_n_0
    SLICE_X48Y203        CARRY8 (Prop_CARRY8_SLICEL_S[1]_CO[3])
                                                      0.250     6.832 f  pccx_v002_system_i/u_npu/inst/u_wrap/u_pccx_npu_top/u_fmap_pre/u_fmap_shifter/local_max_low_reg[7]_i_135/CO[3]
                         net (fo=22, routed)          0.208     7.040    pccx_v002_system_i/u_npu/inst/u_wrap/u_pccx_npu_top/u_fmap_pre/u_fmap_shifter/local_max_low_reg[7]_i_135_n_4
    SLICE_X48Y204        LUT5 (Prop_F6LUT_SLICEL_I1_O)
                                                      0.187     7.227 f  pccx_v002_system_i/u_npu/inst/u_wrap/u_pccx_npu_top/u_fmap_pre/u_fmap_shifter/local_max_low[6]_i_9/O
                         net (fo=3, routed)           0.409     7.636    pccx_v002_system_i/u_npu/inst/u_wrap/u_pccx_npu_top/u_fmap_pre/u_fmap_shifter/local_max_low[6]_i_9_n_0
    SLICE_X49Y205        LUT6 (Prop_D6LUT_SLICEL_I0_O)
                                                      0.152     7.788 f  pccx_v002_system_i/u_npu/inst/u_wrap/u_pccx_npu_top/u_fmap_pre/u_fmap_shifter/local_max_low[7]_i_230/O
                         net (fo=2, routed)           0.100     7.888    pccx_v002_system_i/u_npu/inst/u_wrap/u_pccx_npu_top/u_fmap_pre/u_fmap_shifter/local_max_low[7]_i_230_n_0
    SLICE_X50Y205        LUT4 (Prop_D5LUT_SLICEL_I0_O)
                                                      0.133     8.021 r  pccx_v002_system_i/u_npu/inst/u_wrap/u_pccx_npu_top/u_fmap_pre/u_fmap_shifter/local_max_low[7]_i_158/O
                         net (fo=1, routed)           0.000     8.021    pccx_v002_system_i/u_npu/inst/u_wrap/u_pccx_npu_top/u_fmap_pre/u_fmap_shifter/local_max_low[7]_i_158_n_0
    SLICE_X50Y205        CARRY8 (Prop_CARRY8_SLICEL_DI[3]_O[4])
                                                      0.228     8.249 r  pccx_v002_system_i/u_npu/inst/u_wrap/u_pccx_npu_top/u_fmap_pre/u_fmap_shifter/local_max_low_reg[7]_i_133/O[4]
                         net (fo=10, routed)          0.224     8.473    pccx_v002_system_i/u_npu/inst/u_wrap/u_pccx_npu_top/u_fmap_pre/u_fmap_shifter/local_max_low_reg[7]_i_133_n_11
    SLICE_X51Y205        LUT5 (Prop_A6LUT_SLICEL_I3_O)
                                                      0.082     8.555 f  pccx_v002_system_i/u_npu/inst/u_wrap/u_pccx_npu_top/u_fmap_pre/u_fmap_shifter/local_max_low[1]_i_8/O
                         net (fo=1, routed)           0.097     8.652    pccx_v002_system_i/u_npu/inst/u_wrap/u_pccx_npu_top/u_fmap_pre/u_fmap_shifter/local_max_low[1]_i_8_n_0
    SLICE_X51Y203        LUT6 (Prop_F6LUT_SLICEL_I0_O)
                                                      0.136     8.788 f  pccx_v002_system_i/u_npu/inst/u_wrap/u_pccx_npu_top/u_fmap_pre/u_fmap_shifter/local_max_low[1]_i_7/O
                         net (fo=6, routed)           0.233     9.021    pccx_v002_system_i/u_npu/inst/u_wrap/u_pccx_npu_top/u_fmap_pre/u_fmap_shifter/local_max_low[1]_i_7_n_0
    SLICE_X52Y203        LUT4 (Prop_A6LUT_SLICEL_I0_O)
                                                      0.225     9.246 r  pccx_v002_system_i/u_npu/inst/u_wrap/u_pccx_npu_top/u_fmap_pre/u_fmap_shifter/local_max_low[7]_i_115/O
                         net (fo=1, routed)           0.014     9.260    pccx_v002_system_i/u_npu/inst/u_wrap/u_pccx_npu_top/u_fmap_pre/u_fmap_shifter/local_max_low[7]_i_115_n_0
    SLICE_X52Y203        CARRY8 (Prop_CARRY8_SLICEL_S[0]_CO[3])
                                                      0.263     9.523 r  pccx_v002_system_i/u_npu/inst/u_wrap/u_pccx_npu_top/u_fmap_pre/u_fmap_shifter/local_max_low_reg[7]_i_67/CO[3]
                         net (fo=18, routed)          0.212     9.735    pccx_v002_system_i/u_npu/inst/u_wrap/u_pccx_npu_top/u_fmap_pre/u_fmap_shifter/local_max_low_reg[7]_i_67_n_4
    SLICE_X52Y202        LUT6 (Prop_F6LUT_SLICEL_I5_O)
                                                      0.056     9.791 f  pccx_v002_system_i/u_npu/inst/u_wrap/u_pccx_npu_top/u_fmap_pre/u_fmap_shifter/local_max_low[7]_i_147/O
                         net (fo=4, routed)           0.207     9.998    pccx_v002_system_i/u_npu/inst/u_wrap/u_pccx_npu_top/u_fmap_pre/u_fmap_shifter/local_max_low[7]_i_147_n_0
    SLICE_X52Y200        LUT4 (Prop_B6LUT_SLICEL_I2_O)
                                                      0.138    10.136 r  pccx_v002_system_i/u_npu/inst/u_wrap/u_pccx_npu_top/u_fmap_pre/u_fmap_shifter/local_max_low[7]_i_90/O
                         net (fo=1, routed)           0.013    10.149    pccx_v002_system_i/u_npu/inst/u_wrap/u_pccx_npu_top/u_fmap_pre/u_fmap_shifter/local_max_low[7]_i_90_n_0
    SLICE_X52Y200        CARRY8 (Prop_CARRY8_SLICEL_S[1]_CO[3])
                                                      0.250    10.399 r  pccx_v002_system_i/u_npu/inst/u_wrap/u_pccx_npu_top/u_fmap_pre/u_fmap_shifter/local_max_low_reg[7]_i_17/CO[3]
                         net (fo=17, routed)          0.307    10.705    pccx_v002_system_i/u_npu/inst/u_wrap/u_pccx_npu_top/u_fmap_pre/u_fmap_shifter/local_max_low_reg[7]_i_17_n_4
    SLICE_X52Y206        LUT6 (Prop_G6LUT_SLICEL_I5_O)
                                                      0.082    10.787 f  pccx_v002_system_i/u_npu/inst/u_wrap/u_pccx_npu_top/u_fmap_pre/u_fmap_shifter/local_max_low[2]_i_4_replica/O
                         net (fo=3, routed)           0.161    10.948    pccx_v002_system_i/u_npu/inst/u_wrap/u_pccx_npu_top/u_fmap_pre/u_fmap_shifter/local_max_low[2]_i_4_n_0_repN
    SLICE_X52Y206        LUT4 (Prop_B6LUT_SLICEL_I2_O)
                                                      0.138    11.086 r  pccx_v002_system_i/u_npu/inst/u_wrap/u_pccx_npu_top/u_fmap_pre/u_fmap_shifter/local_max_low[7]_i_56/O
                         net (fo=1, routed)           0.013    11.099    pccx_v002_system_i/u_npu/inst/u_wrap/u_pccx_npu_top/u_fmap_pre/u_fmap_shifter/local_max_low[7]_i_56_n_0
    SLICE_X52Y206        CARRY8 (Prop_CARRY8_SLICEL_S[1]_O[4])
                                                      0.279    11.378 f  pccx_v002_system_i/u_npu/inst/u_wrap/u_pccx_npu_top/u_fmap_pre/u_fmap_shifter/local_max_low_reg[7]_i_10/O[4]
                         net (fo=17, routed)          0.261    11.639    pccx_v002_system_i/u_npu/inst/u_wrap/u_pccx_npu_top/u_fmap_pre/u_fmap_shifter/local_max_low_reg[7]_i_10_n_11
    SLICE_X52Y207        LUT6 (Prop_A6LUT_SLICEL_I4_O)
                                                      0.058    11.697 f  pccx_v002_system_i/u_npu/inst/u_wrap/u_pccx_npu_top/u_fmap_pre/u_fmap_shifter/local_max_low[7]_i_97/O
                         net (fo=4, routed)           0.158    11.855    pccx_v002_system_i/u_npu/inst/u_wrap/u_pccx_npu_top/u_fmap_pre/u_fmap_shifter/local_max_low[7]_i_97_n_0
    SLICE_X53Y206        LUT4 (Prop_B6LUT_SLICEM_I2_O)
                                                      0.137    11.992 r  pccx_v002_system_i/u_npu/inst/u_wrap/u_pccx_npu_top/u_fmap_pre/u_fmap_shifter/local_max_low[7]_i_32/O
                         net (fo=1, routed)           0.022    12.014    pccx_v002_system_i/u_npu/inst/u_wrap/u_pccx_npu_top/u_fmap_pre/u_fmap_shifter/local_max_low[7]_i_32_n_0
    SLICE_X53Y206        CARRY8 (Prop_CARRY8_SLICEM_S[1]_CO[3])
                                                      0.257    12.271 f  pccx_v002_system_i/u_npu/inst/u_wrap/u_pccx_npu_top/u_fmap_pre/u_fmap_shifter/local_max_low_reg[7]_i_7/CO[3]
                         net (fo=16, routed)          0.264    12.535    pccx_v002_system_i/u_npu/inst/u_wrap/u_pccx_npu_top/u_fmap_pre/u_fmap_shifter/local_max_low_reg[7]_i_7_n_4
    SLICE_X54Y206        LUT6 (Prop_E6LUT_SLICEM_I5_O)
                                                      0.057    12.592 r  pccx_v002_system_i/u_npu/inst/u_wrap/u_pccx_npu_top/u_fmap_pre/u_fmap_shifter/local_max_low[3]_i_1/O
                         net (fo=4, routed)           0.332    12.924    pccx_v002_system_i/u_npu/inst/u_wrap/u_pccx_npu_top/u_fmap_pre/u_fmap_shifter/max_val[3]
    SLICE_X55Y208        FDRE                                         r  pccx_v002_system_i/u_npu/inst/u_wrap/u_pccx_npu_top/u_fmap_pre/u_fmap_shifter/local_max_low_reg[3]/D
  -------------------------------------------------------------------    -------------------

                         (clock clk_pl_0 rise edge)
                                                     10.000    10.000 r  
    PS8_X0Y0             PS8                          0.000    10.000 r  pccx_v002_system_i/zynq_ps/inst/PS8_i/PLCLK[0]
                         net (fo=1, routed)           0.181    10.181    pccx_v002_system_i/zynq_ps/inst/pl_clk_unbuffered[0]
    BUFG_PS_X0Y93        BUFG_PS (Prop_BUFG_PS_I_O)
                                                      0.035    10.216 r  pccx_v002_system_i/zynq_ps/inst/buffer_pl_clk_0.PL_CLK_0_BUFG/O
    X1Y1 (CLOCK_ROOT)    net (fo=92606, routed)       2.918    13.134    pccx_v002_system_i/u_npu/inst/u_wrap/u_pccx_npu_top/u_fmap_pre/u_fmap_shifter/clk_core
    SLICE_X55Y208        FDRE                                         r  pccx_v002_system_i/u_npu/inst/u_wrap/u_pccx_npu_top/u_fmap_pre/u_fmap_shifter/local_max_low_reg[3]/C
                         clock pessimism              0.248    13.382    
                         clock uncertainty           -0.160    13.222    
    SLICE_X55Y208        FDRE (Setup_AFF2_SLICEL_C_D)
                                                      0.046    13.268    pccx_v002_system_i/u_npu/inst/u_wrap/u_pccx_npu_top/u_fmap_pre/u_fmap_shifter/local_max_low_reg[3]
  -------------------------------------------------------------------
                         required time                         13.268    
                         arrival time                         -12.924    
  -------------------------------------------------------------------
                         slack                                  0.344    

Slack (MET) :             0.368ns  (required time - arrival time)
  Source:                 pccx_v002_system_i/u_npu/inst/u_wrap/u_pccx_npu_top/u_fmap_pre/u_fmap_fifo/xpm_fifo_base_inst/gen_sdpram.xpm_memory_base_inst/gen_wr_a.gen_word_narrow.mem_reg_0/CLKARDCLK
                            (rising edge-triggered cell RAMB36E2 clocked by clk_pl_0  {rise@0.000ns fall@5.000ns period=10.000ns})
  Destination:            pccx_v002_system_i/u_npu/inst/u_wrap/u_pccx_npu_top/u_fmap_pre/u_fmap_shifter/local_max_low_reg[5]/D
                            (rising edge-triggered cell FDRE clocked by clk_pl_0  {rise@0.000ns fall@5.000ns period=10.000ns})
  Path Group:             clk_pl_0
  Path Type:              Setup (Max at Slow Process Corner)
  Requirement:            10.000ns  (clk_pl_0 rise@10.000ns - clk_pl_0 rise@0.000ns)
  Data Path Delay:        9.263ns  (logic 4.684ns (50.566%)  route 4.579ns (49.434%))
  Logic Levels:           26  (CARRY8=8 LUT3=1 LUT4=7 LUT5=2 LUT6=8)
  Clock Path Skew:        -0.253ns (DCD - SCD + CPR)
    Destination Clock Delay (DCD):    3.132ns = ( 13.132 - 10.000 ) 
    Source Clock Delay      (SCD):    3.633ns
    Clock Pessimism Removal (CPR):    0.248ns
  Clock Uncertainty:      0.160ns  ((TSJ^2 + DJ^2)^1/2) / 2 + PE
    Total System Jitter     (TSJ):    0.071ns
    Discrete Jitter          (DJ):    0.312ns
    Phase Error              (PE):    0.000ns
  Clock Net Delay (Source):      3.366ns (routing 1.680ns, distribution 1.686ns)
  Clock Net Delay (Destination): 2.916ns (routing 1.536ns, distribution 1.380ns)

    Location             Delay type                Incr(ns)  Path(ns)    Netlist Resource(s)
  -------------------------------------------------------------------    -------------------
                         (clock clk_pl_0 rise edge)
                                                      0.000     0.000 r  
    PS8_X0Y0             PS8                          0.000     0.000 r  pccx_v002_system_i/zynq_ps/inst/PS8_i/PLCLK[0]
                         net (fo=1, routed)           0.229     0.229    pccx_v002_system_i/zynq_ps/inst/pl_clk_unbuffered[0]
    BUFG_PS_X0Y93        BUFG_PS (Prop_BUFG_PS_I_O)
                                                      0.038     0.267 r  pccx_v002_system_i/zynq_ps/inst/buffer_pl_clk_0.PL_CLK_0_BUFG/O
    X1Y1 (CLOCK_ROOT)    net (fo=92606, routed)       3.366     3.633    pccx_v002_system_i/u_npu/inst/u_wrap/u_pccx_npu_top/u_fmap_pre/u_fmap_fifo/xpm_fifo_base_inst/gen_sdpram.xpm_memory_base_inst/clka
    RAMB36_X2Y40         RAMB36E2                                     r  pccx_v002_system_i/u_npu/inst/u_wrap/u_pccx_npu_top/u_fmap_pre/u_fmap_fifo/xpm_fifo_base_inst/gen_sdpram.xpm_memory_base_inst/gen_wr_a.gen_word_narrow.mem_reg_0/CLKARDCLK
  -------------------------------------------------------------------    -------------------
    RAMB36_X2Y40         RAMB36E2 (Prop_RAMB36E2_RAMB36_CLKARDCLK_DOUTADOUT[24])
                                                      0.301     3.934 r  pccx_v002_system_i/u_npu/inst/u_wrap/u_pccx_npu_top/u_fmap_pre/u_fmap_fifo/xpm_fifo_base_inst/gen_sdpram.xpm_memory_base_inst/gen_wr_a.gen_word_narrow.mem_reg_0/DOUTADOUT[24]
                         net (fo=12, routed)          0.281     4.215    pccx_v002_system_i/u_npu/inst/u_wrap/u_pccx_npu_top/u_fmap_pre/u_fmap_shifter/D[24]
    SLICE_X51Y201        LUT4 (Prop_A6LUT_SLICEL_I0_O)
                                                      0.225     4.440 r  pccx_v002_system_i/u_npu/inst/u_wrap/u_pccx_npu_top/u_fmap_pre/u_fmap_shifter/local_max_low[7]_i_229/O
                         net (fo=1, routed)           0.014     4.454    pccx_v002_system_i/u_npu/inst/u_wrap/u_pccx_npu_top/u_fmap_pre/u_fmap_shifter/local_max_low[7]_i_229_n_0
    SLICE_X51Y201        CARRY8 (Prop_CARRY8_SLICEL_S[0]_CO[3])
                                                      0.263     4.717 r  pccx_v002_system_i/u_npu/inst/u_wrap/u_pccx_npu_top/u_fmap_pre/u_fmap_shifter/local_max_low_reg[7]_i_141/CO[3]
                         net (fo=32, routed)          0.170     4.886    pccx_v002_system_i/u_npu/inst/u_wrap/u_pccx_npu_top/u_fmap_pre/u_fmap_shifter/local_max_low_reg[7]_i_141_n_4
    SLICE_X50Y200        LUT3 (Prop_G6LUT_SLICEL_I1_O)
                                                      0.057     4.943 f  pccx_v002_system_i/u_npu/inst/u_wrap/u_pccx_npu_top/u_fmap_pre/u_fmap_shifter/local_max_low[7]_i_249/O
                         net (fo=7, routed)           0.117     5.060    pccx_v002_system_i/u_npu/inst/u_wrap/u_pccx_npu_top/u_fmap_pre/u_fmap_shifter/local_max_low[7]_i_249_n_0
    SLICE_X49Y200        LUT6 (Prop_G6LUT_SLICEL_I1_O)
                                                      0.082     5.142 r  pccx_v002_system_i/u_npu/inst/u_wrap/u_pccx_npu_top/u_fmap_pre/u_fmap_shifter/local_max_low[7]_i_201/O
                         net (fo=1, routed)           0.218     5.360    pccx_v002_system_i/u_npu/inst/u_wrap/u_pccx_npu_top/u_fmap_pre/u_fmap_shifter/local_max_low[7]_i_201_n_0
    SLICE_X49Y201        CARRY8 (Prop_CARRY8_SLICEL_DI[0]_CO[3])
                                                      0.219     5.579 r  pccx_v002_system_i/u_npu/inst/u_wrap/u_pccx_npu_top/u_fmap_pre/u_fmap_shifter/local_max_low_reg[7]_i_138/CO[3]
                         net (fo=27, routed)          0.504     6.083    pccx_v002_system_i/u_npu/inst/u_wrap/u_pccx_npu_top/u_fmap_pre/u_fmap_shifter/local_max_low_reg[7]_i_138_n_4
    SLICE_X48Y201        LUT6 (Prop_F6LUT_SLICEL_I5_O)
                                                      0.187     6.270 r  pccx_v002_system_i/u_npu/inst/u_wrap/u_pccx_npu_top/u_fmap_pre/u_fmap_shifter/local_max_low[7]_i_242_replica/O
                         net (fo=2, routed)           0.111     6.381    pccx_v002_system_i/u_npu/inst/u_wrap/u_pccx_npu_top/u_fmap_pre/u_fmap_shifter/local_max_low[7]_i_242_n_0_repN
    SLICE_X48Y203        LUT4 (Prop_B6LUT_SLICEL_I0_O)
                                                      0.188     6.569 r  pccx_v002_system_i/u_npu/inst/u_wrap/u_pccx_npu_top/u_fmap_pre/u_fmap_shifter/local_max_low[7]_i_180/O
                         net (fo=1, routed)           0.013     6.582    pccx_v002_system_i/u_npu/inst/u_wrap/u_pccx_npu_top/u_fmap_pre/u_fmap_shifter/local_max_low[7]_i_180_n_0
    SLICE_X48Y203        CARRY8 (Prop_CARRY8_SLICEL_S[1]_CO[3])
                                                      0.250     6.832 f  pccx_v002_system_i/u_npu/inst/u_wrap/u_pccx_npu_top/u_fmap_pre/u_fmap_shifter/local_max_low_reg[7]_i_135/CO[3]
                         net (fo=22, routed)          0.208     7.040    pccx_v002_system_i/u_npu/inst/u_wrap/u_pccx_npu_top/u_fmap_pre/u_fmap_shifter/local_max_low_reg[7]_i_135_n_4
    SLICE_X48Y204        LUT5 (Prop_F6LUT_SLICEL_I1_O)
                                                      0.187     7.227 f  pccx_v002_system_i/u_npu/inst/u_wrap/u_pccx_npu_top/u_fmap_pre/u_fmap_shifter/local_max_low[6]_i_9/O
                         net (fo=3, routed)           0.409     7.636    pccx_v002_system_i/u_npu/inst/u_wrap/u_pccx_npu_top/u_fmap_pre/u_fmap_shifter/local_max_low[6]_i_9_n_0
    SLICE_X49Y205        LUT6 (Prop_D6LUT_SLICEL_I0_O)
                                                      0.152     7.788 f  pccx_v002_system_i/u_npu/inst/u_wrap/u_pccx_npu_top/u_fmap_pre/u_fmap_shifter/local_max_low[7]_i_230/O
                         net (fo=2, routed)           0.100     7.888    pccx_v002_system_i/u_npu/inst/u_wrap/u_pccx_npu_top/u_fmap_pre/u_fmap_shifter/local_max_low[7]_i_230_n_0
    SLICE_X50Y205        LUT4 (Prop_D5LUT_SLICEL_I0_O)
                                                      0.133     8.021 r  pccx_v002_system_i/u_npu/inst/u_wrap/u_pccx_npu_top/u_fmap_pre/u_fmap_shifter/local_max_low[7]_i_158/O
                         net (fo=1, routed)           0.000     8.021    pccx_v002_system_i/u_npu/inst/u_wrap/u_pccx_npu_top/u_fmap_pre/u_fmap_shifter/local_max_low[7]_i_158_n_0
    SLICE_X50Y205        CARRY8 (Prop_CARRY8_SLICEL_DI[3]_O[4])
                                                      0.228     8.249 r  pccx_v002_system_i/u_npu/inst/u_wrap/u_pccx_npu_top/u_fmap_pre/u_fmap_shifter/local_max_low_reg[7]_i_133/O[4]
                         net (fo=10, routed)          0.224     8.473    pccx_v002_system_i/u_npu/inst/u_wrap/u_pccx_npu_top/u_fmap_pre/u_fmap_shifter/local_max_low_reg[7]_i_133_n_11
    SLICE_X51Y205        LUT5 (Prop_A6LUT_SLICEL_I3_O)
                                                      0.082     8.555 f  pccx_v002_system_i/u_npu/inst/u_wrap/u_pccx_npu_top/u_fmap_pre/u_fmap_shifter/local_max_low[1]_i_8/O
                         net (fo=1, routed)           0.097     8.652    pccx_v002_system_i/u_npu/inst/u_wrap/u_pccx_npu_top/u_fmap_pre/u_fmap_shifter/local_max_low[1]_i_8_n_0
    SLICE_X51Y203        LUT6 (Prop_F6LUT_SLICEL_I0_O)
                                                      0.136     8.788 f  pccx_v002_system_i/u_npu/inst/u_wrap/u_pccx_npu_top/u_fmap_pre/u_fmap_shifter/local_max_low[1]_i_7/O
                         net (fo=6, routed)           0.233     9.021    pccx_v002_system_i/u_npu/inst/u_wrap/u_pccx_npu_top/u_fmap_pre/u_fmap_shifter/local_max_low[1]_i_7_n_0
    SLICE_X52Y203        LUT4 (Prop_A6LUT_SLICEL_I0_O)
                                                      0.225     9.246 r  pccx_v002_system_i/u_npu/inst/u_wrap/u_pccx_npu_top/u_fmap_pre/u_fmap_shifter/local_max_low[7]_i_115/O
                         net (fo=1, routed)           0.014     9.260    pccx_v002_system_i/u_npu/inst/u_wrap/u_pccx_npu_top/u_fmap_pre/u_fmap_shifter/local_max_low[7]_i_115_n_0
    SLICE_X52Y203        CARRY8 (Prop_CARRY8_SLICEL_S[0]_CO[3])
                                                      0.263     9.523 r  pccx_v002_system_i/u_npu/inst/u_wrap/u_pccx_npu_top/u_fmap_pre/u_fmap_shifter/local_max_low_reg[7]_i_67/CO[3]
                         net (fo=18, routed)          0.212     9.735    pccx_v002_system_i/u_npu/inst/u_wrap/u_pccx_npu_top/u_fmap_pre/u_fmap_shifter/local_max_low_reg[7]_i_67_n_4
    SLICE_X52Y202        LUT6 (Prop_F6LUT_SLICEL_I5_O)
                                                      0.056     9.791 f  pccx_v002_system_i/u_npu/inst/u_wrap/u_pccx_npu_top/u_fmap_pre/u_fmap_shifter/local_max_low[7]_i_147/O
                         net (fo=4, routed)           0.207     9.998    pccx_v002_system_i/u_npu/inst/u_wrap/u_pccx_npu_top/u_fmap_pre/u_fmap_shifter/local_max_low[7]_i_147_n_0
    SLICE_X52Y200        LUT4 (Prop_B6LUT_SLICEL_I2_O)
                                                      0.138    10.136 r  pccx_v002_system_i/u_npu/inst/u_wrap/u_pccx_npu_top/u_fmap_pre/u_fmap_shifter/local_max_low[7]_i_90/O
                         net (fo=1, routed)           0.013    10.149    pccx_v002_system_i/u_npu/inst/u_wrap/u_pccx_npu_top/u_fmap_pre/u_fmap_shifter/local_max_low[7]_i_90_n_0
    SLICE_X52Y200        CARRY8 (Prop_CARRY8_SLICEL_S[1]_CO[3])
                                                      0.250    10.399 r  pccx_v002_system_i/u_npu/inst/u_wrap/u_pccx_npu_top/u_fmap_pre/u_fmap_shifter/local_max_low_reg[7]_i_17/CO[3]
                         net (fo=17, routed)          0.307    10.705    pccx_v002_system_i/u_npu/inst/u_wrap/u_pccx_npu_top/u_fmap_pre/u_fmap_shifter/local_max_low_reg[7]_i_17_n_4
    SLICE_X52Y206        LUT6 (Prop_G6LUT_SLICEL_I5_O)
                                                      0.082    10.787 f  pccx_v002_system_i/u_npu/inst/u_wrap/u_pccx_npu_top/u_fmap_pre/u_fmap_shifter/local_max_low[2]_i_4_replica/O
                         net (fo=3, routed)           0.161    10.948    pccx_v002_system_i/u_npu/inst/u_wrap/u_pccx_npu_top/u_fmap_pre/u_fmap_shifter/local_max_low[2]_i_4_n_0_repN
    SLICE_X52Y206        LUT4 (Prop_B6LUT_SLICEL_I2_O)
                                                      0.138    11.086 r  pccx_v002_system_i/u_npu/inst/u_wrap/u_pccx_npu_top/u_fmap_pre/u_fmap_shifter/local_max_low[7]_i_56/O
                         net (fo=1, routed)           0.013    11.099    pccx_v002_system_i/u_npu/inst/u_wrap/u_pccx_npu_top/u_fmap_pre/u_fmap_shifter/local_max_low[7]_i_56_n_0
    SLICE_X52Y206        CARRY8 (Prop_CARRY8_SLICEL_S[1]_O[4])
                                                      0.279    11.378 f  pccx_v002_system_i/u_npu/inst/u_wrap/u_pccx_npu_top/u_fmap_pre/u_fmap_shifter/local_max_low_reg[7]_i_10/O[4]
                         net (fo=17, routed)          0.261    11.639    pccx_v002_system_i/u_npu/inst/u_wrap/u_pccx_npu_top/u_fmap_pre/u_fmap_shifter/local_max_low_reg[7]_i_10_n_11
    SLICE_X52Y207        LUT6 (Prop_A6LUT_SLICEL_I4_O)
                                                      0.058    11.697 f  pccx_v002_system_i/u_npu/inst/u_wrap/u_pccx_npu_top/u_fmap_pre/u_fmap_shifter/local_max_low[7]_i_97/O
                         net (fo=4, routed)           0.112    11.809    pccx_v002_system_i/u_npu/inst/u_wrap/u_pccx_npu_top/u_fmap_pre/u_fmap_shifter/local_max_low[7]_i_97_n_0
    SLICE_X53Y207        LUT4 (Prop_B6LUT_SLICEM_I2_O)
                                                      0.137    11.946 r  pccx_v002_system_i/u_npu/inst/u_wrap/u_pccx_npu_top/u_fmap_pre/u_fmap_shifter/local_max_low[7]_i_24/O
                         net (fo=1, routed)           0.022    11.968    pccx_v002_system_i/u_npu/inst/u_wrap/u_pccx_npu_top/u_fmap_pre/u_fmap_shifter/local_max_low[7]_i_24_n_0
    SLICE_X53Y207        CARRY8 (Prop_CARRY8_SLICEM_S[1]_O[4])
                                                      0.286    12.254 r  pccx_v002_system_i/u_npu/inst/u_wrap/u_pccx_npu_top/u_fmap_pre/u_fmap_shifter/local_max_low_reg[7]_i_6/O[4]
                         net (fo=16, routed)          0.312    12.566    pccx_v002_system_i/u_npu/inst/u_wrap/u_pccx_npu_top/u_fmap_pre/u_fmap_shifter/local_max_low_reg[7]_i_6_n_11
    SLICE_X55Y205        LUT6 (Prop_G6LUT_SLICEL_I4_O)
                                                      0.082    12.648 r  pccx_v002_system_i/u_npu/inst/u_wrap/u_pccx_npu_top/u_fmap_pre/u_fmap_shifter/local_max_low[5]_i_1/O
                         net (fo=4, routed)           0.247    12.896    pccx_v002_system_i/u_npu/inst/u_wrap/u_pccx_npu_top/u_fmap_pre/u_fmap_shifter/max_val[5]
    SLICE_X55Y207        FDRE                                         r  pccx_v002_system_i/u_npu/inst/u_wrap/u_pccx_npu_top/u_fmap_pre/u_fmap_shifter/local_max_low_reg[5]/D
  -------------------------------------------------------------------    -------------------

                         (clock clk_pl_0 rise edge)
                                                     10.000    10.000 r  
    PS8_X0Y0             PS8                          0.000    10.000 r  pccx_v002_system_i/zynq_ps/inst/PS8_i/PLCLK[0]
                         net (fo=1, routed)           0.181    10.181    pccx_v002_system_i/zynq_ps/inst/pl_clk_unbuffered[0]
    BUFG_PS_X0Y93        BUFG_PS (Prop_BUFG_PS_I_O)
                                                      0.035    10.216 r  pccx_v002_system_i/zynq_ps/inst/buffer_pl_clk_0.PL_CLK_0_BUFG/O
    X1Y1 (CLOCK_ROOT)    net (fo=92606, routed)       2.916    13.132    pccx_v002_system_i/u_npu/inst/u_wrap/u_pccx_npu_top/u_fmap_pre/u_fmap_shifter/clk_core
    SLICE_X55Y207        FDRE                                         r  pccx_v002_system_i/u_npu/inst/u_wrap/u_pccx_npu_top/u_fmap_pre/u_fmap_shifter/local_max_low_reg[5]/C
                         clock pessimism              0.248    13.380    
                         clock uncertainty           -0.160    13.220    
    SLICE_X55Y207        FDRE (Setup_FFF_SLICEL_C_D)
                                                      0.044    13.264    pccx_v002_system_i/u_npu/inst/u_wrap/u_pccx_npu_top/u_fmap_pre/u_fmap_shifter/local_max_low_reg[5]
  -------------------------------------------------------------------
                         required time                         13.264    
                         arrival time                         -12.896    
  -------------------------------------------------------------------
                         slack                                  0.368    

Slack (MET) :             0.391ns  (required time - arrival time)
  Source:                 pccx_v002_system_i/u_npu/inst/u_wrap/u_pccx_npu_top/u_fmap_pre/u_fmap_fifo/xpm_fifo_base_inst/gen_sdpram.xpm_memory_base_inst/gen_wr_a.gen_word_narrow.mem_reg_0/CLKARDCLK
                            (rising edge-triggered cell RAMB36E2 clocked by clk_pl_0  {rise@0.000ns fall@5.000ns period=10.000ns})
  Destination:            pccx_v002_system_i/u_npu/inst/u_wrap/u_pccx_npu_top/u_fmap_pre/u_fmap_shifter/local_max_low_reg[7]/D
                            (rising edge-triggered cell FDRE clocked by clk_pl_0  {rise@0.000ns fall@5.000ns period=10.000ns})
  Path Group:             clk_pl_0
  Path Type:              Setup (Max at Slow Process Corner)
  Requirement:            10.000ns  (clk_pl_0 rise@10.000ns - clk_pl_0 rise@0.000ns)
  Data Path Delay:        9.240ns  (logic 4.739ns (51.289%)  route 4.501ns (48.711%))
  Logic Levels:           26  (CARRY8=8 LUT3=1 LUT4=7 LUT5=2 LUT6=8)
  Clock Path Skew:        -0.253ns (DCD - SCD + CPR)
    Destination Clock Delay (DCD):    3.132ns = ( 13.132 - 10.000 ) 
    Source Clock Delay      (SCD):    3.633ns
    Clock Pessimism Removal (CPR):    0.248ns
  Clock Uncertainty:      0.160ns  ((TSJ^2 + DJ^2)^1/2) / 2 + PE
    Total System Jitter     (TSJ):    0.071ns
    Discrete Jitter          (DJ):    0.312ns
    Phase Error              (PE):    0.000ns
  Clock Net Delay (Source):      3.366ns (routing 1.680ns, distribution 1.686ns)
  Clock Net Delay (Destination): 2.916ns (routing 1.536ns, distribution 1.380ns)

    Location             Delay type                Incr(ns)  Path(ns)    Netlist Resource(s)
  -------------------------------------------------------------------    -------------------
                         (clock clk_pl_0 rise edge)
                                                      0.000     0.000 r  
    PS8_X0Y0             PS8                          0.000     0.000 r  pccx_v002_system_i/zynq_ps/inst/PS8_i/PLCLK[0]
                         net (fo=1, routed)           0.229     0.229    pccx_v002_system_i/zynq_ps/inst/pl_clk_unbuffered[0]
    BUFG_PS_X0Y93        BUFG_PS (Prop_BUFG_PS_I_O)
                                                      0.038     0.267 r  pccx_v002_system_i/zynq_ps/inst/buffer_pl_clk_0.PL_CLK_0_BUFG/O
    X1Y1 (CLOCK_ROOT)    net (fo=92606, routed)       3.366     3.633    pccx_v002_system_i/u_npu/inst/u_wrap/u_pccx_npu_top/u_fmap_pre/u_fmap_fifo/xpm_fifo_base_inst/gen_sdpram.xpm_memory_base_inst/clka
    RAMB36_X2Y40         RAMB36E2                                     r  pccx_v002_system_i/u_npu/inst/u_wrap/u_pccx_npu_top/u_fmap_pre/u_fmap_fifo/xpm_fifo_base_inst/gen_sdpram.xpm_memory_base_inst/gen_wr_a.gen_word_narrow.mem_reg_0/CLKARDCLK
  -------------------------------------------------------------------    -------------------
    RAMB36_X2Y40         RAMB36E2 (Prop_RAMB36E2_RAMB36_CLKARDCLK_DOUTADOUT[24])
                                                      0.301     3.934 r  pccx_v002_system_i/u_npu/inst/u_wrap/u_pccx_npu_top/u_fmap_pre/u_fmap_fifo/xpm_fifo_base_inst/gen_sdpram.xpm_memory_base_inst/gen_wr_a.gen_word_narrow.mem_reg_0/DOUTADOUT[24]
                         net (fo=12, routed)          0.281     4.215    pccx_v002_system_i/u_npu/inst/u_wrap/u_pccx_npu_top/u_fmap_pre/u_fmap_shifter/D[24]
    SLICE_X51Y201        LUT4 (Prop_A6LUT_SLICEL_I0_O)
                                                      0.225     4.440 r  pccx_v002_system_i/u_npu/inst/u_wrap/u_pccx_npu_top/u_fmap_pre/u_fmap_shifter/local_max_low[7]_i_229/O
                         net (fo=1, routed)           0.014     4.454    pccx_v002_system_i/u_npu/inst/u_wrap/u_pccx_npu_top/u_fmap_pre/u_fmap_shifter/local_max_low[7]_i_229_n_0
    SLICE_X51Y201        CARRY8 (Prop_CARRY8_SLICEL_S[0]_CO[3])
                                                      0.263     4.717 r  pccx_v002_system_i/u_npu/inst/u_wrap/u_pccx_npu_top/u_fmap_pre/u_fmap_shifter/local_max_low_reg[7]_i_141/CO[3]
                         net (fo=32, routed)          0.170     4.886    pccx_v002_system_i/u_npu/inst/u_wrap/u_pccx_npu_top/u_fmap_pre/u_fmap_shifter/local_max_low_reg[7]_i_141_n_4
    SLICE_X50Y200        LUT3 (Prop_G6LUT_SLICEL_I1_O)
                                                      0.057     4.943 f  pccx_v002_system_i/u_npu/inst/u_wrap/u_pccx_npu_top/u_fmap_pre/u_fmap_shifter/local_max_low[7]_i_249/O
                         net (fo=7, routed)           0.117     5.060    pccx_v002_system_i/u_npu/inst/u_wrap/u_pccx_npu_top/u_fmap_pre/u_fmap_shifter/local_max_low[7]_i_249_n_0
    SLICE_X49Y200        LUT6 (Prop_G6LUT_SLICEL_I1_O)
                                                      0.082     5.142 r  pccx_v002_system_i/u_npu/inst/u_wrap/u_pccx_npu_top/u_fmap_pre/u_fmap_shifter/local_max_low[7]_i_201/O
                         net (fo=1, routed)           0.218     5.360    pccx_v002_system_i/u_npu/inst/u_wrap/u_pccx_npu_top/u_fmap_pre/u_fmap_shifter/local_max_low[7]_i_201_n_0
    SLICE_X49Y201        CARRY8 (Prop_CARRY8_SLICEL_DI[0]_CO[3])
                                                      0.219     5.579 r  pccx_v002_system_i/u_npu/inst/u_wrap/u_pccx_npu_top/u_fmap_pre/u_fmap_shifter/local_max_low_reg[7]_i_138/CO[3]
                         net (fo=27, routed)          0.504     6.083    pccx_v002_system_i/u_npu/inst/u_wrap/u_pccx_npu_top/u_fmap_pre/u_fmap_shifter/local_max_low_reg[7]_i_138_n_4
    SLICE_X48Y201        LUT6 (Prop_F6LUT_SLICEL_I5_O)
                                                      0.187     6.270 r  pccx_v002_system_i/u_npu/inst/u_wrap/u_pccx_npu_top/u_fmap_pre/u_fmap_shifter/local_max_low[7]_i_242_replica/O
                         net (fo=2, routed)           0.111     6.381    pccx_v002_system_i/u_npu/inst/u_wrap/u_pccx_npu_top/u_fmap_pre/u_fmap_shifter/local_max_low[7]_i_242_n_0_repN
    SLICE_X48Y203        LUT4 (Prop_B6LUT_SLICEL_I0_O)
                                                      0.188     6.569 r  pccx_v002_system_i/u_npu/inst/u_wrap/u_pccx_npu_top/u_fmap_pre/u_fmap_shifter/local_max_low[7]_i_180/O
                         net (fo=1, routed)           0.013     6.582    pccx_v002_system_i/u_npu/inst/u_wrap/u_pccx_npu_top/u_fmap_pre/u_fmap_shifter/local_max_low[7]_i_180_n_0
    SLICE_X48Y203        CARRY8 (Prop_CARRY8_SLICEL_S[1]_CO[3])
                                                      0.250     6.832 f  pccx_v002_system_i/u_npu/inst/u_wrap/u_pccx_npu_top/u_fmap_pre/u_fmap_shifter/local_max_low_reg[7]_i_135/CO[3]
                         net (fo=22, routed)          0.208     7.040    pccx_v002_system_i/u_npu/inst/u_wrap/u_pccx_npu_top/u_fmap_pre/u_fmap_shifter/local_max_low_reg[7]_i_135_n_4
    SLICE_X48Y204        LUT5 (Prop_F6LUT_SLICEL_I1_O)
                                                      0.187     7.227 f  pccx_v002_system_i/u_npu/inst/u_wrap/u_pccx_npu_top/u_fmap_pre/u_fmap_shifter/local_max_low[6]_i_9/O
                         net (fo=3, routed)           0.409     7.636    pccx_v002_system_i/u_npu/inst/u_wrap/u_pccx_npu_top/u_fmap_pre/u_fmap_shifter/local_max_low[6]_i_9_n_0
    SLICE_X49Y205        LUT6 (Prop_D6LUT_SLICEL_I0_O)
                                                      0.152     7.788 f  pccx_v002_system_i/u_npu/inst/u_wrap/u_pccx_npu_top/u_fmap_pre/u_fmap_shifter/local_max_low[7]_i_230/O
                         net (fo=2, routed)           0.100     7.888    pccx_v002_system_i/u_npu/inst/u_wrap/u_pccx_npu_top/u_fmap_pre/u_fmap_shifter/local_max_low[7]_i_230_n_0
    SLICE_X50Y205        LUT4 (Prop_D5LUT_SLICEL_I0_O)
                                                      0.133     8.021 r  pccx_v002_system_i/u_npu/inst/u_wrap/u_pccx_npu_top/u_fmap_pre/u_fmap_shifter/local_max_low[7]_i_158/O
                         net (fo=1, routed)           0.000     8.021    pccx_v002_system_i/u_npu/inst/u_wrap/u_pccx_npu_top/u_fmap_pre/u_fmap_shifter/local_max_low[7]_i_158_n_0
    SLICE_X50Y205        CARRY8 (Prop_CARRY8_SLICEL_DI[3]_O[4])
                                                      0.228     8.249 r  pccx_v002_system_i/u_npu/inst/u_wrap/u_pccx_npu_top/u_fmap_pre/u_fmap_shifter/local_max_low_reg[7]_i_133/O[4]
                         net (fo=10, routed)          0.224     8.473    pccx_v002_system_i/u_npu/inst/u_wrap/u_pccx_npu_top/u_fmap_pre/u_fmap_shifter/local_max_low_reg[7]_i_133_n_11
    SLICE_X51Y205        LUT5 (Prop_A6LUT_SLICEL_I3_O)
                                                      0.082     8.555 f  pccx_v002_system_i/u_npu/inst/u_wrap/u_pccx_npu_top/u_fmap_pre/u_fmap_shifter/local_max_low[1]_i_8/O
                         net (fo=1, routed)           0.097     8.652    pccx_v002_system_i/u_npu/inst/u_wrap/u_pccx_npu_top/u_fmap_pre/u_fmap_shifter/local_max_low[1]_i_8_n_0
    SLICE_X51Y203        LUT6 (Prop_F6LUT_SLICEL_I0_O)
                                                      0.136     8.788 f  pccx_v002_system_i/u_npu/inst/u_wrap/u_pccx_npu_top/u_fmap_pre/u_fmap_shifter/local_max_low[1]_i_7/O
                         net (fo=6, routed)           0.233     9.021    pccx_v002_system_i/u_npu/inst/u_wrap/u_pccx_npu_top/u_fmap_pre/u_fmap_shifter/local_max_low[1]_i_7_n_0
    SLICE_X52Y203        LUT4 (Prop_A6LUT_SLICEL_I0_O)
                                                      0.225     9.246 r  pccx_v002_system_i/u_npu/inst/u_wrap/u_pccx_npu_top/u_fmap_pre/u_fmap_shifter/local_max_low[7]_i_115/O
                         net (fo=1, routed)           0.014     9.260    pccx_v002_system_i/u_npu/inst/u_wrap/u_pccx_npu_top/u_fmap_pre/u_fmap_shifter/local_max_low[7]_i_115_n_0
    SLICE_X52Y203        CARRY8 (Prop_CARRY8_SLICEL_S[0]_CO[3])
                                                      0.263     9.523 r  pccx_v002_system_i/u_npu/inst/u_wrap/u_pccx_npu_top/u_fmap_pre/u_fmap_shifter/local_max_low_reg[7]_i_67/CO[3]
                         net (fo=18, routed)          0.212     9.735    pccx_v002_system_i/u_npu/inst/u_wrap/u_pccx_npu_top/u_fmap_pre/u_fmap_shifter/local_max_low_reg[7]_i_67_n_4
    SLICE_X52Y202        LUT6 (Prop_F6LUT_SLICEL_I5_O)
                                                      0.056     9.791 f  pccx_v002_system_i/u_npu/inst/u_wrap/u_pccx_npu_top/u_fmap_pre/u_fmap_shifter/local_max_low[7]_i_147/O
                         net (fo=4, routed)           0.207     9.998    pccx_v002_system_i/u_npu/inst/u_wrap/u_pccx_npu_top/u_fmap_pre/u_fmap_shifter/local_max_low[7]_i_147_n_0
    SLICE_X52Y200        LUT4 (Prop_B6LUT_SLICEL_I2_O)
                                                      0.138    10.136 r  pccx_v002_system_i/u_npu/inst/u_wrap/u_pccx_npu_top/u_fmap_pre/u_fmap_shifter/local_max_low[7]_i_90/O
                         net (fo=1, routed)           0.013    10.149    pccx_v002_system_i/u_npu/inst/u_wrap/u_pccx_npu_top/u_fmap_pre/u_fmap_shifter/local_max_low[7]_i_90_n_0
    SLICE_X52Y200        CARRY8 (Prop_CARRY8_SLICEL_S[1]_CO[3])
                                                      0.250    10.399 r  pccx_v002_system_i/u_npu/inst/u_wrap/u_pccx_npu_top/u_fmap_pre/u_fmap_shifter/local_max_low_reg[7]_i_17/CO[3]
                         net (fo=17, routed)          0.307    10.705    pccx_v002_system_i/u_npu/inst/u_wrap/u_pccx_npu_top/u_fmap_pre/u_fmap_shifter/local_max_low_reg[7]_i_17_n_4
    SLICE_X52Y206        LUT6 (Prop_G6LUT_SLICEL_I5_O)
                                                      0.082    10.787 f  pccx_v002_system_i/u_npu/inst/u_wrap/u_pccx_npu_top/u_fmap_pre/u_fmap_shifter/local_max_low[2]_i_4_replica/O
                         net (fo=3, routed)           0.161    10.948    pccx_v002_system_i/u_npu/inst/u_wrap/u_pccx_npu_top/u_fmap_pre/u_fmap_shifter/local_max_low[2]_i_4_n_0_repN
    SLICE_X52Y206        LUT4 (Prop_B6LUT_SLICEL_I2_O)
                                                      0.138    11.086 r  pccx_v002_system_i/u_npu/inst/u_wrap/u_pccx_npu_top/u_fmap_pre/u_fmap_shifter/local_max_low[7]_i_56/O
                         net (fo=1, routed)           0.013    11.099    pccx_v002_system_i/u_npu/inst/u_wrap/u_pccx_npu_top/u_fmap_pre/u_fmap_shifter/local_max_low[7]_i_56_n_0
    SLICE_X52Y206        CARRY8 (Prop_CARRY8_SLICEL_S[1]_O[4])
                                                      0.279    11.378 f  pccx_v002_system_i/u_npu/inst/u_wrap/u_pccx_npu_top/u_fmap_pre/u_fmap_shifter/local_max_low_reg[7]_i_10/O[4]
                         net (fo=17, routed)          0.261    11.639    pccx_v002_system_i/u_npu/inst/u_wrap/u_pccx_npu_top/u_fmap_pre/u_fmap_shifter/local_max_low_reg[7]_i_10_n_11
    SLICE_X52Y207        LUT6 (Prop_A6LUT_SLICEL_I4_O)
                                                      0.058    11.697 f  pccx_v002_system_i/u_npu/inst/u_wrap/u_pccx_npu_top/u_fmap_pre/u_fmap_shifter/local_max_low[7]_i_97/O
                         net (fo=4, routed)           0.112    11.809    pccx_v002_system_i/u_npu/inst/u_wrap/u_pccx_npu_top/u_fmap_pre/u_fmap_shifter/local_max_low[7]_i_97_n_0
    SLICE_X53Y207        LUT4 (Prop_B6LUT_SLICEM_I2_O)
                                                      0.137    11.946 r  pccx_v002_system_i/u_npu/inst/u_wrap/u_pccx_npu_top/u_fmap_pre/u_fmap_shifter/local_max_low[7]_i_24/O
                         net (fo=1, routed)           0.022    11.968    pccx_v002_system_i/u_npu/inst/u_wrap/u_pccx_npu_top/u_fmap_pre/u_fmap_shifter/local_max_low[7]_i_24_n_0
    SLICE_X53Y207        CARRY8 (Prop_CARRY8_SLICEM_S[1]_O[4])
                                                      0.286    12.254 r  pccx_v002_system_i/u_npu/inst/u_wrap/u_pccx_npu_top/u_fmap_pre/u_fmap_shifter/local_max_low_reg[7]_i_6/O[4]
                         net (fo=16, routed)          0.298    12.551    pccx_v002_system_i/u_npu/inst/u_wrap/u_pccx_npu_top/u_fmap_pre/u_fmap_shifter/local_max_low_reg[7]_i_6_n_11
    SLICE_X55Y207        LUT6 (Prop_G6LUT_SLICEL_I4_O)
                                                      0.137    12.688 r  pccx_v002_system_i/u_npu/inst/u_wrap/u_pccx_npu_top/u_fmap_pre/u_fmap_shifter/local_max_low[7]_i_1/O
                         net (fo=4, routed)           0.184    12.872    pccx_v002_system_i/u_npu/inst/u_wrap/u_pccx_npu_top/u_fmap_pre/u_fmap_shifter/max_val[7]
    SLICE_X55Y207        FDRE                                         r  pccx_v002_system_i/u_npu/inst/u_wrap/u_pccx_npu_top/u_fmap_pre/u_fmap_shifter/local_max_low_reg[7]/D
  -------------------------------------------------------------------    -------------------

                         (clock clk_pl_0 rise edge)
                                                     10.000    10.000 r  
    PS8_X0Y0             PS8                          0.000    10.000 r  pccx_v002_system_i/zynq_ps/inst/PS8_i/PLCLK[0]
                         net (fo=1, routed)           0.181    10.181    pccx_v002_system_i/zynq_ps/inst/pl_clk_unbuffered[0]
    BUFG_PS_X0Y93        BUFG_PS (Prop_BUFG_PS_I_O)
                                                      0.035    10.216 r  pccx_v002_system_i/zynq_ps/inst/buffer_pl_clk_0.PL_CLK_0_BUFG/O
    X1Y1 (CLOCK_ROOT)    net (fo=92606, routed)       2.916    13.132    pccx_v002_system_i/u_npu/inst/u_wrap/u_pccx_npu_top/u_fmap_pre/u_fmap_shifter/clk_core
    SLICE_X55Y207        FDRE                                         r  pccx_v002_system_i/u_npu/inst/u_wrap/u_pccx_npu_top/u_fmap_pre/u_fmap_shifter/local_max_low_reg[7]/C
                         clock pessimism              0.248    13.380    
                         clock uncertainty           -0.160    13.220    
    SLICE_X55Y207        FDRE (Setup_EFF_SLICEL_C_D)
                                                      0.044    13.264    pccx_v002_system_i/u_npu/inst/u_wrap/u_pccx_npu_top/u_fmap_pre/u_fmap_shifter/local_max_low_reg[7]
  -------------------------------------------------------------------
                         required time                         13.264    
                         arrival time                         -12.872    
  -------------------------------------------------------------------
                         slack                                  0.391    

Slack (MET) :             0.458ns  (required time - arrival time)
  Source:                 pccx_v002_system_i/u_npu/inst/u_wrap/u_pccx_npu_top/u_fmap_pre/u_fmap_fifo/xpm_fifo_base_inst/gen_sdpram.xpm_memory_base_inst/gen_wr_a.gen_word_narrow.mem_reg_0/CLKARDCLK
                            (rising edge-triggered cell RAMB36E2 clocked by clk_pl_0  {rise@0.000ns fall@5.000ns period=10.000ns})
  Destination:            pccx_v002_system_i/u_npu/inst/u_wrap/u_pccx_npu_top/u_fmap_pre/u_fmap_shifter/local_max_low_reg[0]/D
                            (rising edge-triggered cell FDRE clocked by clk_pl_0  {rise@0.000ns fall@5.000ns period=10.000ns})
  Path Group:             clk_pl_0
  Path Type:              Setup (Max at Slow Process Corner)
  Requirement:            10.000ns  (clk_pl_0 rise@10.000ns - clk_pl_0 rise@0.000ns)
  Data Path Delay:        9.176ns  (logic 4.629ns (50.447%)  route 4.547ns (49.554%))
  Logic Levels:           26  (CARRY8=8 LUT3=1 LUT4=7 LUT5=2 LUT6=8)
  Clock Path Skew:        -0.252ns (DCD - SCD + CPR)
    Destination Clock Delay (DCD):    3.133ns = ( 13.133 - 10.000 ) 
    Source Clock Delay      (SCD):    3.633ns
    Clock Pessimism Removal (CPR):    0.248ns
  Clock Uncertainty:      0.160ns  ((TSJ^2 + DJ^2)^1/2) / 2 + PE
    Total System Jitter     (TSJ):    0.071ns
    Discrete Jitter          (DJ):    0.312ns
    Phase Error              (PE):    0.000ns
  Clock Net Delay (Source):      3.366ns (routing 1.680ns, distribution 1.686ns)
  Clock Net Delay (Destination): 2.917ns (routing 1.536ns, distribution 1.381ns)

    Location             Delay type                Incr(ns)  Path(ns)    Netlist Resource(s)
  -------------------------------------------------------------------    -------------------
                         (clock clk_pl_0 rise edge)
                                                      0.000     0.000 r  
    PS8_X0Y0             PS8                          0.000     0.000 r  pccx_v002_system_i/zynq_ps/inst/PS8_i/PLCLK[0]
                         net (fo=1, routed)           0.229     0.229    pccx_v002_system_i/zynq_ps/inst/pl_clk_unbuffered[0]
    BUFG_PS_X0Y93        BUFG_PS (Prop_BUFG_PS_I_O)
                                                      0.038     0.267 r  pccx_v002_system_i/zynq_ps/inst/buffer_pl_clk_0.PL_CLK_0_BUFG/O
    X1Y1 (CLOCK_ROOT)    net (fo=92606, routed)       3.366     3.633    pccx_v002_system_i/u_npu/inst/u_wrap/u_pccx_npu_top/u_fmap_pre/u_fmap_fifo/xpm_fifo_base_inst/gen_sdpram.xpm_memory_base_inst/clka
    RAMB36_X2Y40         RAMB36E2                                     r  pccx_v002_system_i/u_npu/inst/u_wrap/u_pccx_npu_top/u_fmap_pre/u_fmap_fifo/xpm_fifo_base_inst/gen_sdpram.xpm_memory_base_inst/gen_wr_a.gen_word_narrow.mem_reg_0/CLKARDCLK
  -------------------------------------------------------------------    -------------------
    RAMB36_X2Y40         RAMB36E2 (Prop_RAMB36E2_RAMB36_CLKARDCLK_DOUTADOUT[24])
                                                      0.301     3.934 r  pccx_v002_system_i/u_npu/inst/u_wrap/u_pccx_npu_top/u_fmap_pre/u_fmap_fifo/xpm_fifo_base_inst/gen_sdpram.xpm_memory_base_inst/gen_wr_a.gen_word_narrow.mem_reg_0/DOUTADOUT[24]
                         net (fo=12, routed)          0.281     4.215    pccx_v002_system_i/u_npu/inst/u_wrap/u_pccx_npu_top/u_fmap_pre/u_fmap_shifter/D[24]
    SLICE_X51Y201        LUT4 (Prop_A6LUT_SLICEL_I0_O)
                                                      0.225     4.440 r  pccx_v002_system_i/u_npu/inst/u_wrap/u_pccx_npu_top/u_fmap_pre/u_fmap_shifter/local_max_low[7]_i_229/O
                         net (fo=1, routed)           0.014     4.454    pccx_v002_system_i/u_npu/inst/u_wrap/u_pccx_npu_top/u_fmap_pre/u_fmap_shifter/local_max_low[7]_i_229_n_0
    SLICE_X51Y201        CARRY8 (Prop_CARRY8_SLICEL_S[0]_CO[3])
                                                      0.263     4.717 r  pccx_v002_system_i/u_npu/inst/u_wrap/u_pccx_npu_top/u_fmap_pre/u_fmap_shifter/local_max_low_reg[7]_i_141/CO[3]
                         net (fo=32, routed)          0.170     4.886    pccx_v002_system_i/u_npu/inst/u_wrap/u_pccx_npu_top/u_fmap_pre/u_fmap_shifter/local_max_low_reg[7]_i_141_n_4
    SLICE_X50Y200        LUT3 (Prop_G6LUT_SLICEL_I1_O)
                                                      0.057     4.943 f  pccx_v002_system_i/u_npu/inst/u_wrap/u_pccx_npu_top/u_fmap_pre/u_fmap_shifter/local_max_low[7]_i_249/O
                         net (fo=7, routed)           0.117     5.060    pccx_v002_system_i/u_npu/inst/u_wrap/u_pccx_npu_top/u_fmap_pre/u_fmap_shifter/local_max_low[7]_i_249_n_0
    SLICE_X49Y200        LUT6 (Prop_G6LUT_SLICEL_I1_O)
                                                      0.082     5.142 r  pccx_v002_system_i/u_npu/inst/u_wrap/u_pccx_npu_top/u_fmap_pre/u_fmap_shifter/local_max_low[7]_i_201/O
                         net (fo=1, routed)           0.218     5.360    pccx_v002_system_i/u_npu/inst/u_wrap/u_pccx_npu_top/u_fmap_pre/u_fmap_shifter/local_max_low[7]_i_201_n_0
    SLICE_X49Y201        CARRY8 (Prop_CARRY8_SLICEL_DI[0]_CO[3])
                                                      0.219     5.579 r  pccx_v002_system_i/u_npu/inst/u_wrap/u_pccx_npu_top/u_fmap_pre/u_fmap_shifter/local_max_low_reg[7]_i_138/CO[3]
                         net (fo=27, routed)          0.504     6.083    pccx_v002_system_i/u_npu/inst/u_wrap/u_pccx_npu_top/u_fmap_pre/u_fmap_shifter/local_max_low_reg[7]_i_138_n_4
    SLICE_X48Y201        LUT6 (Prop_F6LUT_SLICEL_I5_O)
                                                      0.187     6.270 r  pccx_v002_system_i/u_npu/inst/u_wrap/u_pccx_npu_top/u_fmap_pre/u_fmap_shifter/local_max_low[7]_i_242_replica/O
                         net (fo=2, routed)           0.111     6.381    pccx_v002_system_i/u_npu/inst/u_wrap/u_pccx_npu_top/u_fmap_pre/u_fmap_shifter/local_max_low[7]_i_242_n_0_repN
    SLICE_X48Y203        LUT4 (Prop_B6LUT_SLICEL_I0_O)
                                                      0.188     6.569 r  pccx_v002_system_i/u_npu/inst/u_wrap/u_pccx_npu_top/u_fmap_pre/u_fmap_shifter/local_max_low[7]_i_180/O
                         net (fo=1, routed)           0.013     6.582    pccx_v002_system_i/u_npu/inst/u_wrap/u_pccx_npu_top/u_fmap_pre/u_fmap_shifter/local_max_low[7]_i_180_n_0
    SLICE_X48Y203        CARRY8 (Prop_CARRY8_SLICEL_S[1]_CO[3])
                                                      0.250     6.832 f  pccx_v002_system_i/u_npu/inst/u_wrap/u_pccx_npu_top/u_fmap_pre/u_fmap_shifter/local_max_low_reg[7]_i_135/CO[3]
                         net (fo=22, routed)          0.208     7.040    pccx_v002_system_i/u_npu/inst/u_wrap/u_pccx_npu_top/u_fmap_pre/u_fmap_shifter/local_max_low_reg[7]_i_135_n_4
    SLICE_X48Y204        LUT5 (Prop_F6LUT_SLICEL_I1_O)
                                                      0.187     7.227 f  pccx_v002_system_i/u_npu/inst/u_wrap/u_pccx_npu_top/u_fmap_pre/u_fmap_shifter/local_max_low[6]_i_9/O
                         net (fo=3, routed)           0.409     7.636    pccx_v002_system_i/u_npu/inst/u_wrap/u_pccx_npu_top/u_fmap_pre/u_fmap_shifter/local_max_low[6]_i_9_n_0
    SLICE_X49Y205        LUT6 (Prop_D6LUT_SLICEL_I0_O)
                                                      0.152     7.788 f  pccx_v002_system_i/u_npu/inst/u_wrap/u_pccx_npu_top/u_fmap_pre/u_fmap_shifter/local_max_low[7]_i_230/O
                         net (fo=2, routed)           0.100     7.888    pccx_v002_system_i/u_npu/inst/u_wrap/u_pccx_npu_top/u_fmap_pre/u_fmap_shifter/local_max_low[7]_i_230_n_0
    SLICE_X50Y205        LUT4 (Prop_D5LUT_SLICEL_I0_O)
                                                      0.133     8.021 r  pccx_v002_system_i/u_npu/inst/u_wrap/u_pccx_npu_top/u_fmap_pre/u_fmap_shifter/local_max_low[7]_i_158/O
                         net (fo=1, routed)           0.000     8.021    pccx_v002_system_i/u_npu/inst/u_wrap/u_pccx_npu_top/u_fmap_pre/u_fmap_shifter/local_max_low[7]_i_158_n_0
    SLICE_X50Y205        CARRY8 (Prop_CARRY8_SLICEL_DI[3]_O[4])
                                                      0.228     8.249 r  pccx_v002_system_i/u_npu/inst/u_wrap/u_pccx_npu_top/u_fmap_pre/u_fmap_shifter/local_max_low_reg[7]_i_133/O[4]
                         net (fo=10, routed)          0.224     8.473    pccx_v002_system_i/u_npu/inst/u_wrap/u_pccx_npu_top/u_fmap_pre/u_fmap_shifter/local_max_low_reg[7]_i_133_n_11
    SLICE_X51Y205        LUT5 (Prop_A6LUT_SLICEL_I3_O)
                                                      0.082     8.555 f  pccx_v002_system_i/u_npu/inst/u_wrap/u_pccx_npu_top/u_fmap_pre/u_fmap_shifter/local_max_low[1]_i_8/O
                         net (fo=1, routed)           0.097     8.652    pccx_v002_system_i/u_npu/inst/u_wrap/u_pccx_npu_top/u_fmap_pre/u_fmap_shifter/local_max_low[1]_i_8_n_0
    SLICE_X51Y203        LUT6 (Prop_F6LUT_SLICEL_I0_O)
                                                      0.136     8.788 f  pccx_v002_system_i/u_npu/inst/u_wrap/u_pccx_npu_top/u_fmap_pre/u_fmap_shifter/local_max_low[1]_i_7/O
                         net (fo=6, routed)           0.233     9.021    pccx_v002_system_i/u_npu/inst/u_wrap/u_pccx_npu_top/u_fmap_pre/u_fmap_shifter/local_max_low[1]_i_7_n_0
    SLICE_X52Y203        LUT4 (Prop_A6LUT_SLICEL_I0_O)
                                                      0.225     9.246 r  pccx_v002_system_i/u_npu/inst/u_wrap/u_pccx_npu_top/u_fmap_pre/u_fmap_shifter/local_max_low[7]_i_115/O
                         net (fo=1, routed)           0.014     9.260    pccx_v002_system_i/u_npu/inst/u_wrap/u_pccx_npu_top/u_fmap_pre/u_fmap_shifter/local_max_low[7]_i_115_n_0
    SLICE_X52Y203        CARRY8 (Prop_CARRY8_SLICEL_S[0]_CO[3])
                                                      0.263     9.523 r  pccx_v002_system_i/u_npu/inst/u_wrap/u_pccx_npu_top/u_fmap_pre/u_fmap_shifter/local_max_low_reg[7]_i_67/CO[3]
                         net (fo=18, routed)          0.212     9.735    pccx_v002_system_i/u_npu/inst/u_wrap/u_pccx_npu_top/u_fmap_pre/u_fmap_shifter/local_max_low_reg[7]_i_67_n_4
    SLICE_X52Y202        LUT6 (Prop_F6LUT_SLICEL_I5_O)
                                                      0.056     9.791 f  pccx_v002_system_i/u_npu/inst/u_wrap/u_pccx_npu_top/u_fmap_pre/u_fmap_shifter/local_max_low[7]_i_147/O
                         net (fo=4, routed)           0.207     9.998    pccx_v002_system_i/u_npu/inst/u_wrap/u_pccx_npu_top/u_fmap_pre/u_fmap_shifter/local_max_low[7]_i_147_n_0
    SLICE_X52Y200        LUT4 (Prop_B6LUT_SLICEL_I2_O)
                                                      0.138    10.136 r  pccx_v002_system_i/u_npu/inst/u_wrap/u_pccx_npu_top/u_fmap_pre/u_fmap_shifter/local_max_low[7]_i_90/O
                         net (fo=1, routed)           0.013    10.149    pccx_v002_system_i/u_npu/inst/u_wrap/u_pccx_npu_top/u_fmap_pre/u_fmap_shifter/local_max_low[7]_i_90_n_0
    SLICE_X52Y200        CARRY8 (Prop_CARRY8_SLICEL_S[1]_CO[3])
                                                      0.250    10.399 r  pccx_v002_system_i/u_npu/inst/u_wrap/u_pccx_npu_top/u_fmap_pre/u_fmap_shifter/local_max_low_reg[7]_i_17/CO[3]
                         net (fo=17, routed)          0.307    10.705    pccx_v002_system_i/u_npu/inst/u_wrap/u_pccx_npu_top/u_fmap_pre/u_fmap_shifter/local_max_low_reg[7]_i_17_n_4
    SLICE_X52Y206        LUT6 (Prop_G6LUT_SLICEL_I5_O)
                                                      0.082    10.787 f  pccx_v002_system_i/u_npu/inst/u_wrap/u_pccx_npu_top/u_fmap_pre/u_fmap_shifter/local_max_low[2]_i_4_replica/O
                         net (fo=3, routed)           0.161    10.948    pccx_v002_system_i/u_npu/inst/u_wrap/u_pccx_npu_top/u_fmap_pre/u_fmap_shifter/local_max_low[2]_i_4_n_0_repN
    SLICE_X52Y206        LUT4 (Prop_B6LUT_SLICEL_I2_O)
                                                      0.138    11.086 r  pccx_v002_system_i/u_npu/inst/u_wrap/u_pccx_npu_top/u_fmap_pre/u_fmap_shifter/local_max_low[7]_i_56/O
                         net (fo=1, routed)           0.013    11.099    pccx_v002_system_i/u_npu/inst/u_wrap/u_pccx_npu_top/u_fmap_pre/u_fmap_shifter/local_max_low[7]_i_56_n_0
    SLICE_X52Y206        CARRY8 (Prop_CARRY8_SLICEL_S[1]_O[4])
                                                      0.279    11.378 f  pccx_v002_system_i/u_npu/inst/u_wrap/u_pccx_npu_top/u_fmap_pre/u_fmap_shifter/local_max_low_reg[7]_i_10/O[4]
                         net (fo=17, routed)          0.261    11.639    pccx_v002_system_i/u_npu/inst/u_wrap/u_pccx_npu_top/u_fmap_pre/u_fmap_shifter/local_max_low_reg[7]_i_10_n_11
    SLICE_X52Y207        LUT6 (Prop_A6LUT_SLICEL_I4_O)
                                                      0.058    11.697 f  pccx_v002_system_i/u_npu/inst/u_wrap/u_pccx_npu_top/u_fmap_pre/u_fmap_shifter/local_max_low[7]_i_97/O
                         net (fo=4, routed)           0.158    11.855    pccx_v002_system_i/u_npu/inst/u_wrap/u_pccx_npu_top/u_fmap_pre/u_fmap_shifter/local_max_low[7]_i_97_n_0
    SLICE_X53Y206        LUT4 (Prop_B6LUT_SLICEM_I2_O)
                                                      0.137    11.992 r  pccx_v002_system_i/u_npu/inst/u_wrap/u_pccx_npu_top/u_fmap_pre/u_fmap_shifter/local_max_low[7]_i_32/O
                         net (fo=1, routed)           0.022    12.014    pccx_v002_system_i/u_npu/inst/u_wrap/u_pccx_npu_top/u_fmap_pre/u_fmap_shifter/local_max_low[7]_i_32_n_0
    SLICE_X53Y206        CARRY8 (Prop_CARRY8_SLICEM_S[1]_CO[3])
                                                      0.257    12.271 f  pccx_v002_system_i/u_npu/inst/u_wrap/u_pccx_npu_top/u_fmap_pre/u_fmap_shifter/local_max_low_reg[7]_i_7/CO[3]
                         net (fo=16, routed)          0.251    12.522    pccx_v002_system_i/u_npu/inst/u_wrap/u_pccx_npu_top/u_fmap_pre/u_fmap_shifter/local_max_low_reg[7]_i_7_n_4
    SLICE_X54Y207        LUT6 (Prop_D6LUT_SLICEM_I5_O)
                                                      0.056    12.578 r  pccx_v002_system_i/u_npu/inst/u_wrap/u_pccx_npu_top/u_fmap_pre/u_fmap_shifter/local_max_low[0]_i_1/O
                         net (fo=4, routed)           0.230    12.809    pccx_v002_system_i/u_npu/inst/u_wrap/u_pccx_npu_top/u_fmap_pre/u_fmap_shifter/max_val[0]
    SLICE_X54Y207        FDRE                                         r  pccx_v002_system_i/u_npu/inst/u_wrap/u_pccx_npu_top/u_fmap_pre/u_fmap_shifter/local_max_low_reg[0]/D
  -------------------------------------------------------------------    -------------------

                         (clock clk_pl_0 rise edge)
                                                     10.000    10.000 r  
    PS8_X0Y0             PS8                          0.000    10.000 r  pccx_v002_system_i/zynq_ps/inst/PS8_i/PLCLK[0]
                         net (fo=1, routed)           0.181    10.181    pccx_v002_system_i/zynq_ps/inst/pl_clk_unbuffered[0]
    BUFG_PS_X0Y93        BUFG_PS (Prop_BUFG_PS_I_O)
                                                      0.035    10.216 r  pccx_v002_system_i/zynq_ps/inst/buffer_pl_clk_0.PL_CLK_0_BUFG/O
    X1Y1 (CLOCK_ROOT)    net (fo=92606, routed)       2.917    13.133    pccx_v002_system_i/u_npu/inst/u_wrap/u_pccx_npu_top/u_fmap_pre/u_fmap_shifter/clk_core
    SLICE_X54Y207        FDRE                                         r  pccx_v002_system_i/u_npu/inst/u_wrap/u_pccx_npu_top/u_fmap_pre/u_fmap_shifter/local_max_low_reg[0]/C
                         clock pessimism              0.248    13.381    
                         clock uncertainty           -0.160    13.221    
    SLICE_X54Y207        FDRE (Setup_HFF2_SLICEM_C_D)
                                                      0.046    13.267    pccx_v002_system_i/u_npu/inst/u_wrap/u_pccx_npu_top/u_fmap_pre/u_fmap_shifter/local_max_low_reg[0]
  -------------------------------------------------------------------
                         required time                         13.267    
                         arrival time                         -12.809    
  -------------------------------------------------------------------
                         slack                                  0.458    




