Copyright 1986-2022 Xilinx, Inc. All Rights Reserved. Copyright 2022-2025 Advanced Micro Devices, Inc. All Rights Reserved.
-------------------------------------------------------------------------------------------------------------------------------------------------------------------------------------------------------
| Tool Version      : Vivado v.2025.2 (lin64) Build 6299465 Fri Nov 14 12:34:56 MST 2025
| Date              : Wed Jun  3 16:26:36 2026
| Host              : pccx-vivado running 64-bit Ubuntu 22.04.5 LTS
| Command           : report_timing_summary -delay_type min_max -report_unconstrained -check_timing_verbose -max_paths 20 -file /home/hwkim/v002-rtl/hw/build/reports/timing_summary_post_impl_top.rpt
| Design            : pccx_v002_system_wrapper
| Device            : xck26-sfvc784
| Speed File        : -2LV  PRODUCTION 1.30 05-15-2022
| Design State      : Physopt postRoute
| Temperature Grade : C
-------------------------------------------------------------------------------------------------------------------------------------------------------------------------------------------------------

Timing Summary Report

------------------------------------------------------------------------------------------------
| Timer Settings
| --------------
------------------------------------------------------------------------------------------------

  Enable Multi Corner Analysis               :  Yes
  Enable Pessimism Removal                   :  Yes
  Pessimism Removal Resolution               :  Nearest Common Node
  Enable Input Delay Default Clock           :  No
  Enable Preset / Clear Arcs                 :  No
  Disable Flight Delays                      :  No
  Ignore I/O Paths                           :  No
  Timing Early Launch at Borrowing Latches   :  No
  Borrow Time for Max Delay Exceptions       :  Yes
  Merge Timing Exceptions                    :  Yes
  Inter-SLR Compensation                     :  Conservative

  Corner  Analyze    Analyze    
  Name    Max Paths  Min Paths  
  ------  ---------  ---------  
  Slow    Yes        Yes        
  Fast    Yes        Yes        


------------------------------------------------------------------------------------------------
| Report Methodology
| ------------------
------------------------------------------------------------------------------------------------

No report available as report_methodology has not been run prior. Run report_methodology on the current design for the summary of methodology violations.



check_timing report

Table of Contents
-----------------
1. checking no_clock (0)
2. checking constant_clock (0)
3. checking pulse_width_clock (0)
4. checking unconstrained_internal_endpoints (0)
5. checking no_input_delay (0)
6. checking no_output_delay (0)
7. checking multiple_clock (0)
8. checking generated_clocks (0)
9. checking loops (0)
10. checking partial_input_delay (0)
11. checking partial_output_delay (0)
12. checking latch_loops (0)

1. checking no_clock (0)
------------------------
 There are 0 register/latch pins with no clock.


2. checking constant_clock (0)
------------------------------
 There are 0 register/latch pins with constant_clock.


3. checking pulse_width_clock (0)
---------------------------------
 There are 0 register/latch pins which need pulse_width check


4. checking unconstrained_internal_endpoints (0)
------------------------------------------------
 There are 0 pins that are not constrained for maximum delay.

 There are 0 pins that are not constrained for maximum delay due to constant clock.


5. checking no_input_delay (0)
------------------------------
 There are 0 input ports with no input delay specified.

 There are 0 input ports with no input delay but user has a false path constraint.


6. checking no_output_delay (0)
-------------------------------
 There are 0 ports with no output delay specified.

 There are 0 ports with no output delay but user has a false path constraint

 There are 0 ports with no output delay but with a timing clock defined on it or propagating through it


7. checking multiple_clock (0)
------------------------------
 There are 0 register/latch pins with multiple clocks.


8. checking generated_clocks (0)
--------------------------------
 There are 0 generated clocks that are not connected to a clock source.


9. checking loops (0)
---------------------
 There are 0 combinational loops in the design.


10. checking partial_input_delay (0)
------------------------------------
 There are 0 input ports with partial input delay specified.


11. checking partial_output_delay (0)
-------------------------------------
 There are 0 ports with partial output delay specified.


12. checking latch_loops (0)
----------------------------
 There are 0 combinational latch loops in the design through latch input



------------------------------------------------------------------------------------------------
| Design Timing Summary
| ---------------------
------------------------------------------------------------------------------------------------

    WNS(ns)      TNS(ns)  TNS Failing Endpoints  TNS Total Endpoints      WHS(ns)      THS(ns)  THS Failing Endpoints  THS Total Endpoints     WPWS(ns)     TPWS(ns)  TPWS Failing Endpoints  TPWS Total Endpoints  
    -------      -------  ---------------------  -------------------      -------      -------  ---------------------  -------------------     --------     --------  ----------------------  --------------------  
      2.020        0.000                      0               414481        0.010        0.000                      0               414481        3.500        0.000                       0                 77774  


All user specified timing constraints are met.


------------------------------------------------------------------------------------------------
| Clock Summary
| -------------
------------------------------------------------------------------------------------------------

Clock     Waveform(ns)       Period(ns)      Frequency(MHz)
-----     ------------       ----------      --------------
clk_pl_0  {0.000 5.000}      10.000          100.000         
clk_pl_1  {0.000 5.000}      10.000          100.000         


------------------------------------------------------------------------------------------------
| Intra Clock Table
| -----------------
------------------------------------------------------------------------------------------------

Clock             WNS(ns)      TNS(ns)  TNS Failing Endpoints  TNS Total Endpoints      WHS(ns)      THS(ns)  THS Failing Endpoints  THS Total Endpoints     WPWS(ns)     TPWS(ns)  TPWS Failing Endpoints  TPWS Total Endpoints  
-----             -------      -------  ---------------------  -------------------      -------      -------  ---------------------  -------------------     --------     --------  ----------------------  --------------------  
clk_pl_0            2.020        0.000                      0               414481        0.010        0.000                      0               414481        3.500        0.000                       0                 77774  


------------------------------------------------------------------------------------------------
| Inter Clock Table
| -----------------
------------------------------------------------------------------------------------------------

From Clock    To Clock          WNS(ns)      TNS(ns)  TNS Failing Endpoints  TNS Total Endpoints      WHS(ns)      THS(ns)  THS Failing Endpoints  THS Total Endpoints  
----------    --------          -------      -------  ---------------------  -------------------      -------      -------  ---------------------  -------------------  


------------------------------------------------------------------------------------------------
| Other Path Groups Table
| -----------------------
------------------------------------------------------------------------------------------------

Path Group    From Clock    To Clock          WNS(ns)      TNS(ns)  TNS Failing Endpoints  TNS Total Endpoints      WHS(ns)      THS(ns)  THS Failing Endpoints  THS Total Endpoints  
----------    ----------    --------          -------      -------  ---------------------  -------------------      -------      -------  ---------------------  -------------------  


------------------------------------------------------------------------------------------------
| User Ignored Path Table
| -----------------------
------------------------------------------------------------------------------------------------

Path Group    From Clock    To Clock    
----------    ----------    --------    
(none)                      clk_pl_0      
(none)        clk_pl_0      clk_pl_0      


------------------------------------------------------------------------------------------------
| Unconstrained Path Table
| ------------------------
------------------------------------------------------------------------------------------------

Path Group    From Clock    To Clock    
----------    ----------    --------    
(none)                      clk_pl_0      


------------------------------------------------------------------------------------------------
| Timing Details
| --------------
------------------------------------------------------------------------------------------------


---------------------------------------------------------------------------------------------------
From Clock:  clk_pl_0
  To Clock:  clk_pl_0

Setup :            0  Failing Endpoints,  Worst Slack        2.020ns,  Total Violation        0.000ns
Hold  :            0  Failing Endpoints,  Worst Slack        0.010ns,  Total Violation        0.000ns
PW    :            0  Failing Endpoints,  Worst Slack        3.500ns,  Total Violation        0.000ns
---------------------------------------------------------------------------------------------------


Max Delay Paths
--------------------------------------------------------------------------------------
Slack (MET) :             2.020ns  (required time - arrival time)
  Source:                 pccx_v002_system_i/rst_axi/U0/ACTIVE_LOW_PR_OUT_DFF[0].FDRE_PER_N/C
                            (rising edge-triggered cell FDRE clocked by clk_pl_0  {rise@0.000ns fall@5.000ns period=10.000ns})
  Destination:            pccx_v002_system_i/u_npu/inst/u_wrap/u_pccx_npu_top/gen_norm[12].u_norm_seq/s3_new_exp_reg[0]/R
                            (rising edge-triggered cell FDRE clocked by clk_pl_0  {rise@0.000ns fall@5.000ns period=10.000ns})
  Path Group:             clk_pl_0
  Path Type:              Setup (Max at Slow Process Corner)
  Requirement:            10.000ns  (clk_pl_0 rise@10.000ns - clk_pl_0 rise@0.000ns)
  Data Path Delay:        7.523ns  (logic 0.337ns (4.480%)  route 7.186ns (95.520%))
  Logic Levels:           1  (LUT5=1)
  Clock Path Skew:        -0.178ns (DCD - SCD + CPR)
    Destination Clock Delay (DCD):    2.910ns = ( 12.910 - 10.000 ) 
    Source Clock Delay      (SCD):    3.286ns
    Clock Pessimism Removal (CPR):    0.197ns
  Clock Uncertainty:      0.160ns  ((TSJ^2 + DJ^2)^1/2) / 2 + PE
    Total System Jitter     (TSJ):    0.071ns
    Discrete Jitter          (DJ):    0.312ns
    Phase Error              (PE):    0.000ns
  Clock Net Delay (Source):      3.019ns (routing 1.681ns, distribution 1.338ns)
  Clock Net Delay (Destination): 2.694ns (routing 1.538ns, distribution 1.156ns)

    Location             Delay type                Incr(ns)  Path(ns)    Netlist Resource(s)
  -------------------------------------------------------------------    -------------------
                         (clock clk_pl_0 rise edge)
                                                      0.000     0.000 r  
    PS8_X0Y0             PS8                          0.000     0.000 r  pccx_v002_system_i/zynq_ps/inst/PS8_i/PLCLK[0]
                         net (fo=1, routed)           0.229     0.229    pccx_v002_system_i/zynq_ps/inst/pl_clk_unbuffered[0]
    BUFG_PS_X0Y90        BUFG_PS (Prop_BUFG_PS_I_O)
                                                      0.038     0.267 r  pccx_v002_system_i/zynq_ps/inst/buffer_pl_clk_0.PL_CLK_0_BUFG/O
    X1Y1 (CLOCK_ROOT)    net (fo=82039, routed)       3.019     3.286    pccx_v002_system_i/rst_axi/U0/slowest_sync_clk
    SLICE_X30Y57         FDRE                                         r  pccx_v002_system_i/rst_axi/U0/ACTIVE_LOW_PR_OUT_DFF[0].FDRE_PER_N/C
  -------------------------------------------------------------------    -------------------
    SLICE_X30Y57         FDRE (Prop_AFF_SLICEL_C_Q)
                                                      0.114     3.400 f  pccx_v002_system_i/rst_axi/U0/ACTIVE_LOW_PR_OUT_DFF[0].FDRE_PER_N/Q
                         net (fo=380, routed)         5.038     8.437    pccx_v002_system_i/u_npu/inst/u_wrap/u_pccx_npu_top/gen_norm[12].u_norm_seq/lopt
    SLICE_X36Y234        LUT5 (Prop_E6LUT_SLICEL_I4_O)
                                                      0.223     8.660 r  pccx_v002_system_i/u_npu/inst/u_wrap/u_pccx_npu_top/gen_norm[12].u_norm_seq/s3_mantissa[6]_i_1__8/O
                         net (fo=15, routed)          2.148    10.809    pccx_v002_system_i/u_npu/inst/u_wrap/u_pccx_npu_top/gen_norm[12].u_norm_seq/s3_mantissa[6]_i_1__8_n_0
    SLICE_X35Y90         FDRE                                         r  pccx_v002_system_i/u_npu/inst/u_wrap/u_pccx_npu_top/gen_norm[12].u_norm_seq/s3_new_exp_reg[0]/R
  -------------------------------------------------------------------    -------------------

                         (clock clk_pl_0 rise edge)
                                                     10.000    10.000 r  
    PS8_X0Y0             PS8                          0.000    10.000 r  pccx_v002_system_i/zynq_ps/inst/PS8_i/PLCLK[0]
                         net (fo=1, routed)           0.181    10.181    pccx_v002_system_i/zynq_ps/inst/pl_clk_unbuffered[0]
    BUFG_PS_X0Y90        BUFG_PS (Prop_BUFG_PS_I_O)
                                                      0.035    10.216 r  pccx_v002_system_i/zynq_ps/inst/buffer_pl_clk_0.PL_CLK_0_BUFG/O
    X1Y1 (CLOCK_ROOT)    net (fo=82039, routed)       2.694    12.910    pccx_v002_system_i/u_npu/inst/u_wrap/u_pccx_npu_top/gen_norm[12].u_norm_seq/clk_core
    SLICE_X35Y90         FDRE                                         r  pccx_v002_system_i/u_npu/inst/u_wrap/u_pccx_npu_top/gen_norm[12].u_norm_seq/s3_new_exp_reg[0]/C
                         clock pessimism              0.197    13.107    
                         clock uncertainty           -0.160    12.947    
    SLICE_X35Y90         FDRE (Setup_AFF_SLICEM_C_R)
                                                     -0.118    12.829    pccx_v002_system_i/u_npu/inst/u_wrap/u_pccx_npu_top/gen_norm[12].u_norm_seq/s3_new_exp_reg[0]
  -------------------------------------------------------------------
                         required time                         12.829    
                         arrival time                         -10.809    
  -------------------------------------------------------------------
                         slack                                  2.020    

Slack (MET) :             2.020ns  (required time - arrival time)
  Source:                 pccx_v002_system_i/rst_axi/U0/ACTIVE_LOW_PR_OUT_DFF[0].FDRE_PER_N/C
                            (rising edge-triggered cell FDRE clocked by clk_pl_0  {rise@0.000ns fall@5.000ns period=10.000ns})
  Destination:            pccx_v002_system_i/u_npu/inst/u_wrap/u_pccx_npu_top/gen_norm[12].u_norm_seq/s3_new_exp_reg[1]/R
                            (rising edge-triggered cell FDRE clocked by clk_pl_0  {rise@0.000ns fall@5.000ns period=10.000ns})
  Path Group:             clk_pl_0
  Path Type:              Setup (Max at Slow Process Corner)
  Requirement:            10.000ns  (clk_pl_0 rise@10.000ns - clk_pl_0 rise@0.000ns)
  Data Path Delay:        7.523ns  (logic 0.337ns (4.480%)  route 7.186ns (95.520%))
  Logic Levels:           1  (LUT5=1)
  Clock Path Skew:        -0.178ns (DCD - SCD + CPR)
    Destination Clock Delay (DCD):    2.910ns = ( 12.910 - 10.000 ) 
    Source Clock Delay      (SCD):    3.286ns
    Clock Pessimism Removal (CPR):    0.197ns
  Clock Uncertainty:      0.160ns  ((TSJ^2 + DJ^2)^1/2) / 2 + PE
    Total System Jitter     (TSJ):    0.071ns
    Discrete Jitter          (DJ):    0.312ns
    Phase Error              (PE):    0.000ns
  Clock Net Delay (Source):      3.019ns (routing 1.681ns, distribution 1.338ns)
  Clock Net Delay (Destination): 2.694ns (routing 1.538ns, distribution 1.156ns)

    Location             Delay type                Incr(ns)  Path(ns)    Netlist Resource(s)
  -------------------------------------------------------------------    -------------------
                         (clock clk_pl_0 rise edge)
                                                      0.000     0.000 r  
    PS8_X0Y0             PS8                          0.000     0.000 r  pccx_v002_system_i/zynq_ps/inst/PS8_i/PLCLK[0]
                         net (fo=1, routed)           0.229     0.229    pccx_v002_system_i/zynq_ps/inst/pl_clk_unbuffered[0]
    BUFG_PS_X0Y90        BUFG_PS (Prop_BUFG_PS_I_O)
                                                      0.038     0.267 r  pccx_v002_system_i/zynq_ps/inst/buffer_pl_clk_0.PL_CLK_0_BUFG/O
    X1Y1 (CLOCK_ROOT)    net (fo=82039, routed)       3.019     3.286    pccx_v002_system_i/rst_axi/U0/slowest_sync_clk
    SLICE_X30Y57         FDRE                                         r  pccx_v002_system_i/rst_axi/U0/ACTIVE_LOW_PR_OUT_DFF[0].FDRE_PER_N/C
  -------------------------------------------------------------------    -------------------
    SLICE_X30Y57         FDRE (Prop_AFF_SLICEL_C_Q)
                                                      0.114     3.400 f  pccx_v002_system_i/rst_axi/U0/ACTIVE_LOW_PR_OUT_DFF[0].FDRE_PER_N/Q
                         net (fo=380, routed)         5.038     8.437    pccx_v002_system_i/u_npu/inst/u_wrap/u_pccx_npu_top/gen_norm[12].u_norm_seq/lopt
    SLICE_X36Y234        LUT5 (Prop_E6LUT_SLICEL_I4_O)
                                                      0.223     8.660 r  pccx_v002_system_i/u_npu/inst/u_wrap/u_pccx_npu_top/gen_norm[12].u_norm_seq/s3_mantissa[6]_i_1__8/O
                         net (fo=15, routed)          2.148    10.809    pccx_v002_system_i/u_npu/inst/u_wrap/u_pccx_npu_top/gen_norm[12].u_norm_seq/s3_mantissa[6]_i_1__8_n_0
    SLICE_X35Y90         FDRE                                         r  pccx_v002_system_i/u_npu/inst/u_wrap/u_pccx_npu_top/gen_norm[12].u_norm_seq/s3_new_exp_reg[1]/R
  -------------------------------------------------------------------    -------------------

                         (clock clk_pl_0 rise edge)
                                                     10.000    10.000 r  
    PS8_X0Y0             PS8                          0.000    10.000 r  pccx_v002_system_i/zynq_ps/inst/PS8_i/PLCLK[0]
                         net (fo=1, routed)           0.181    10.181    pccx_v002_system_i/zynq_ps/inst/pl_clk_unbuffered[0]
    BUFG_PS_X0Y90        BUFG_PS (Prop_BUFG_PS_I_O)
                                                      0.035    10.216 r  pccx_v002_system_i/zynq_ps/inst/buffer_pl_clk_0.PL_CLK_0_BUFG/O
    X1Y1 (CLOCK_ROOT)    net (fo=82039, routed)       2.694    12.910    pccx_v002_system_i/u_npu/inst/u_wrap/u_pccx_npu_top/gen_norm[12].u_norm_seq/clk_core
    SLICE_X35Y90         FDRE                                         r  pccx_v002_system_i/u_npu/inst/u_wrap/u_pccx_npu_top/gen_norm[12].u_norm_seq/s3_new_exp_reg[1]/C
                         clock pessimism              0.197    13.107    
                         clock uncertainty           -0.160    12.947    
    SLICE_X35Y90         FDRE (Setup_BFF_SLICEM_C_R)
                                                     -0.118    12.829    pccx_v002_system_i/u_npu/inst/u_wrap/u_pccx_npu_top/gen_norm[12].u_norm_seq/s3_new_exp_reg[1]
  -------------------------------------------------------------------
                         required time                         12.829    
                         arrival time                         -10.809    
  -------------------------------------------------------------------
                         slack                                  2.020    

Slack (MET) :             2.020ns  (required time - arrival time)
  Source:                 pccx_v002_system_i/rst_axi/U0/ACTIVE_LOW_PR_OUT_DFF[0].FDRE_PER_N/C
                            (rising edge-triggered cell FDRE clocked by clk_pl_0  {rise@0.000ns fall@5.000ns period=10.000ns})
  Destination:            pccx_v002_system_i/u_npu/inst/u_wrap/u_pccx_npu_top/gen_norm[12].u_norm_seq/s3_new_exp_reg[2]/R
                            (rising edge-triggered cell FDRE clocked by clk_pl_0  {rise@0.000ns fall@5.000ns period=10.000ns})
  Path Group:             clk_pl_0
  Path Type:              Setup (Max at Slow Process Corner)
  Requirement:            10.000ns  (clk_pl_0 rise@10.000ns - clk_pl_0 rise@0.000ns)
  Data Path Delay:        7.523ns  (logic 0.337ns (4.480%)  route 7.186ns (95.520%))
  Logic Levels:           1  (LUT5=1)
  Clock Path Skew:        -0.178ns (DCD - SCD + CPR)
    Destination Clock Delay (DCD):    2.910ns = ( 12.910 - 10.000 ) 
    Source Clock Delay      (SCD):    3.286ns
    Clock Pessimism Removal (CPR):    0.197ns
  Clock Uncertainty:      0.160ns  ((TSJ^2 + DJ^2)^1/2) / 2 + PE
    Total System Jitter     (TSJ):    0.071ns
    Discrete Jitter          (DJ):    0.312ns
    Phase Error              (PE):    0.000ns
  Clock Net Delay (Source):      3.019ns (routing 1.681ns, distribution 1.338ns)
  Clock Net Delay (Destination): 2.694ns (routing 1.538ns, distribution 1.156ns)

    Location             Delay type                Incr(ns)  Path(ns)    Netlist Resource(s)
  -------------------------------------------------------------------    -------------------
                         (clock clk_pl_0 rise edge)
                                                      0.000     0.000 r  
    PS8_X0Y0             PS8                          0.000     0.000 r  pccx_v002_system_i/zynq_ps/inst/PS8_i/PLCLK[0]
                         net (fo=1, routed)           0.229     0.229    pccx_v002_system_i/zynq_ps/inst/pl_clk_unbuffered[0]
    BUFG_PS_X0Y90        BUFG_PS (Prop_BUFG_PS_I_O)
                                                      0.038     0.267 r  pccx_v002_system_i/zynq_ps/inst/buffer_pl_clk_0.PL_CLK_0_BUFG/O
    X1Y1 (CLOCK_ROOT)    net (fo=82039, routed)       3.019     3.286    pccx_v002_system_i/rst_axi/U0/slowest_sync_clk
    SLICE_X30Y57         FDRE                                         r  pccx_v002_system_i/rst_axi/U0/ACTIVE_LOW_PR_OUT_DFF[0].FDRE_PER_N/C
  -------------------------------------------------------------------    -------------------
    SLICE_X30Y57         FDRE (Prop_AFF_SLICEL_C_Q)
                                                      0.114     3.400 f  pccx_v002_system_i/rst_axi/U0/ACTIVE_LOW_PR_OUT_DFF[0].FDRE_PER_N/Q
                         net (fo=380, routed)         5.038     8.437    pccx_v002_system_i/u_npu/inst/u_wrap/u_pccx_npu_top/gen_norm[12].u_norm_seq/lopt
    SLICE_X36Y234        LUT5 (Prop_E6LUT_SLICEL_I4_O)
                                                      0.223     8.660 r  pccx_v002_system_i/u_npu/inst/u_wrap/u_pccx_npu_top/gen_norm[12].u_norm_seq/s3_mantissa[6]_i_1__8/O
                         net (fo=15, routed)          2.148    10.809    pccx_v002_system_i/u_npu/inst/u_wrap/u_pccx_npu_top/gen_norm[12].u_norm_seq/s3_mantissa[6]_i_1__8_n_0
    SLICE_X35Y90         FDRE                                         r  pccx_v002_system_i/u_npu/inst/u_wrap/u_pccx_npu_top/gen_norm[12].u_norm_seq/s3_new_exp_reg[2]/R
  -------------------------------------------------------------------    -------------------

                         (clock clk_pl_0 rise edge)
                                                     10.000    10.000 r  
    PS8_X0Y0             PS8                          0.000    10.000 r  pccx_v002_system_i/zynq_ps/inst/PS8_i/PLCLK[0]
                         net (fo=1, routed)           0.181    10.181    pccx_v002_system_i/zynq_ps/inst/pl_clk_unbuffered[0]
    BUFG_PS_X0Y90        BUFG_PS (Prop_BUFG_PS_I_O)
                                                      0.035    10.216 r  pccx_v002_system_i/zynq_ps/inst/buffer_pl_clk_0.PL_CLK_0_BUFG/O
    X1Y1 (CLOCK_ROOT)    net (fo=82039, routed)       2.694    12.910    pccx_v002_system_i/u_npu/inst/u_wrap/u_pccx_npu_top/gen_norm[12].u_norm_seq/clk_core
    SLICE_X35Y90         FDRE                                         r  pccx_v002_system_i/u_npu/inst/u_wrap/u_pccx_npu_top/gen_norm[12].u_norm_seq/s3_new_exp_reg[2]/C
                         clock pessimism              0.197    13.107    
                         clock uncertainty           -0.160    12.947    
    SLICE_X35Y90         FDRE (Setup_CFF_SLICEM_C_R)
                                                     -0.118    12.829    pccx_v002_system_i/u_npu/inst/u_wrap/u_pccx_npu_top/gen_norm[12].u_norm_seq/s3_new_exp_reg[2]
  -------------------------------------------------------------------
                         required time                         12.829    
                         arrival time                         -10.809    
  -------------------------------------------------------------------
                         slack                                  2.020    

Slack (MET) :             2.020ns  (required time - arrival time)
  Source:                 pccx_v002_system_i/rst_axi/U0/ACTIVE_LOW_PR_OUT_DFF[0].FDRE_PER_N/C
                            (rising edge-triggered cell FDRE clocked by clk_pl_0  {rise@0.000ns fall@5.000ns period=10.000ns})
  Destination:            pccx_v002_system_i/u_npu/inst/u_wrap/u_pccx_npu_top/gen_norm[12].u_norm_seq/s3_new_exp_reg[3]/R
                            (rising edge-triggered cell FDRE clocked by clk_pl_0  {rise@0.000ns fall@5.000ns period=10.000ns})
  Path Group:             clk_pl_0
  Path Type:              Setup (Max at Slow Process Corner)
  Requirement:            10.000ns  (clk_pl_0 rise@10.000ns - clk_pl_0 rise@0.000ns)
  Data Path Delay:        7.523ns  (logic 0.337ns (4.480%)  route 7.186ns (95.520%))
  Logic Levels:           1  (LUT5=1)
  Clock Path Skew:        -0.178ns (DCD - SCD + CPR)
    Destination Clock Delay (DCD):    2.910ns = ( 12.910 - 10.000 ) 
    Source Clock Delay      (SCD):    3.286ns
    Clock Pessimism Removal (CPR):    0.197ns
  Clock Uncertainty:      0.160ns  ((TSJ^2 + DJ^2)^1/2) / 2 + PE
    Total System Jitter     (TSJ):    0.071ns
    Discrete Jitter          (DJ):    0.312ns
    Phase Error              (PE):    0.000ns
  Clock Net Delay (Source):      3.019ns (routing 1.681ns, distribution 1.338ns)
  Clock Net Delay (Destination): 2.694ns (routing 1.538ns, distribution 1.156ns)

    Location             Delay type                Incr(ns)  Path(ns)    Netlist Resource(s)
  -------------------------------------------------------------------    -------------------
                         (clock clk_pl_0 rise edge)
                                                      0.000     0.000 r  
    PS8_X0Y0             PS8                          0.000     0.000 r  pccx_v002_system_i/zynq_ps/inst/PS8_i/PLCLK[0]
                         net (fo=1, routed)           0.229     0.229    pccx_v002_system_i/zynq_ps/inst/pl_clk_unbuffered[0]
    BUFG_PS_X0Y90        BUFG_PS (Prop_BUFG_PS_I_O)
                                                      0.038     0.267 r  pccx_v002_system_i/zynq_ps/inst/buffer_pl_clk_0.PL_CLK_0_BUFG/O
    X1Y1 (CLOCK_ROOT)    net (fo=82039, routed)       3.019     3.286    pccx_v002_system_i/rst_axi/U0/slowest_sync_clk
    SLICE_X30Y57         FDRE                                         r  pccx_v002_system_i/rst_axi/U0/ACTIVE_LOW_PR_OUT_DFF[0].FDRE_PER_N/C
  -------------------------------------------------------------------    -------------------
    SLICE_X30Y57         FDRE (Prop_AFF_SLICEL_C_Q)
                                                      0.114     3.400 f  pccx_v002_system_i/rst_axi/U0/ACTIVE_LOW_PR_OUT_DFF[0].FDRE_PER_N/Q
                         net (fo=380, routed)         5.038     8.437    pccx_v002_system_i/u_npu/inst/u_wrap/u_pccx_npu_top/gen_norm[12].u_norm_seq/lopt
    SLICE_X36Y234        LUT5 (Prop_E6LUT_SLICEL_I4_O)
                                                      0.223     8.660 r  pccx_v002_system_i/u_npu/inst/u_wrap/u_pccx_npu_top/gen_norm[12].u_norm_seq/s3_mantissa[6]_i_1__8/O
                         net (fo=15, routed)          2.148    10.809    pccx_v002_system_i/u_npu/inst/u_wrap/u_pccx_npu_top/gen_norm[12].u_norm_seq/s3_mantissa[6]_i_1__8_n_0
    SLICE_X35Y90         FDRE                                         r  pccx_v002_system_i/u_npu/inst/u_wrap/u_pccx_npu_top/gen_norm[12].u_norm_seq/s3_new_exp_reg[3]/R
  -------------------------------------------------------------------    -------------------

                         (clock clk_pl_0 rise edge)
                                                     10.000    10.000 r  
    PS8_X0Y0             PS8                          0.000    10.000 r  pccx_v002_system_i/zynq_ps/inst/PS8_i/PLCLK[0]
                         net (fo=1, routed)           0.181    10.181    pccx_v002_system_i/zynq_ps/inst/pl_clk_unbuffered[0]
    BUFG_PS_X0Y90        BUFG_PS (Prop_BUFG_PS_I_O)
                                                      0.035    10.216 r  pccx_v002_system_i/zynq_ps/inst/buffer_pl_clk_0.PL_CLK_0_BUFG/O
    X1Y1 (CLOCK_ROOT)    net (fo=82039, routed)       2.694    12.910    pccx_v002_system_i/u_npu/inst/u_wrap/u_pccx_npu_top/gen_norm[12].u_norm_seq/clk_core
    SLICE_X35Y90         FDRE                                         r  pccx_v002_system_i/u_npu/inst/u_wrap/u_pccx_npu_top/gen_norm[12].u_norm_seq/s3_new_exp_reg[3]/C
                         clock pessimism              0.197    13.107    
                         clock uncertainty           -0.160    12.947    
    SLICE_X35Y90         FDRE (Setup_DFF_SLICEM_C_R)
                                                     -0.118    12.829    pccx_v002_system_i/u_npu/inst/u_wrap/u_pccx_npu_top/gen_norm[12].u_norm_seq/s3_new_exp_reg[3]
  -------------------------------------------------------------------
                         required time                         12.829    
                         arrival time                         -10.809    
  -------------------------------------------------------------------
                         slack                                  2.020    

Slack (MET) :             2.022ns  (required time - arrival time)
  Source:                 pccx_v002_system_i/rst_axi/U0/ACTIVE_LOW_PR_OUT_DFF[0].FDRE_PER_N/C
                            (rising edge-triggered cell FDRE clocked by clk_pl_0  {rise@0.000ns fall@5.000ns period=10.000ns})
  Destination:            pccx_v002_system_i/u_npu/inst/u_wrap/u_pccx_npu_top/gen_norm[12].u_norm_seq/s3_new_exp_reg[4]/R
                            (rising edge-triggered cell FDRE clocked by clk_pl_0  {rise@0.000ns fall@5.000ns period=10.000ns})
  Path Group:             clk_pl_0
  Path Type:              Setup (Max at Slow Process Corner)
  Requirement:            10.000ns  (clk_pl_0 rise@10.000ns - clk_pl_0 rise@0.000ns)
  Data Path Delay:        7.520ns  (logic 0.337ns (4.481%)  route 7.183ns (95.519%))
  Logic Levels:           1  (LUT5=1)
  Clock Path Skew:        -0.178ns (DCD - SCD + CPR)
    Destination Clock Delay (DCD):    2.910ns = ( 12.910 - 10.000 ) 
    Source Clock Delay      (SCD):    3.286ns
    Clock Pessimism Removal (CPR):    0.197ns
  Clock Uncertainty:      0.160ns  ((TSJ^2 + DJ^2)^1/2) / 2 + PE
    Total System Jitter     (TSJ):    0.071ns
    Discrete Jitter          (DJ):    0.312ns
    Phase Error              (PE):    0.000ns
  Clock Net Delay (Source):      3.019ns (routing 1.681ns, distribution 1.338ns)
  Clock Net Delay (Destination): 2.694ns (routing 1.538ns, distribution 1.156ns)

    Location             Delay type                Incr(ns)  Path(ns)    Netlist Resource(s)
  -------------------------------------------------------------------    -------------------
                         (clock clk_pl_0 rise edge)
                                                      0.000     0.000 r  
    PS8_X0Y0             PS8                          0.000     0.000 r  pccx_v002_system_i/zynq_ps/inst/PS8_i/PLCLK[0]
                         net (fo=1, routed)           0.229     0.229    pccx_v002_system_i/zynq_ps/inst/pl_clk_unbuffered[0]
    BUFG_PS_X0Y90        BUFG_PS (Prop_BUFG_PS_I_O)
                                                      0.038     0.267 r  pccx_v002_system_i/zynq_ps/inst/buffer_pl_clk_0.PL_CLK_0_BUFG/O
    X1Y1 (CLOCK_ROOT)    net (fo=82039, routed)       3.019     3.286    pccx_v002_system_i/rst_axi/U0/slowest_sync_clk
    SLICE_X30Y57         FDRE                                         r  pccx_v002_system_i/rst_axi/U0/ACTIVE_LOW_PR_OUT_DFF[0].FDRE_PER_N/C
  -------------------------------------------------------------------    -------------------
    SLICE_X30Y57         FDRE (Prop_AFF_SLICEL_C_Q)
                                                      0.114     3.400 f  pccx_v002_system_i/rst_axi/U0/ACTIVE_LOW_PR_OUT_DFF[0].FDRE_PER_N/Q
                         net (fo=380, routed)         5.038     8.437    pccx_v002_system_i/u_npu/inst/u_wrap/u_pccx_npu_top/gen_norm[12].u_norm_seq/lopt
    SLICE_X36Y234        LUT5 (Prop_E6LUT_SLICEL_I4_O)
                                                      0.223     8.660 r  pccx_v002_system_i/u_npu/inst/u_wrap/u_pccx_npu_top/gen_norm[12].u_norm_seq/s3_mantissa[6]_i_1__8/O
                         net (fo=15, routed)          2.145    10.806    pccx_v002_system_i/u_npu/inst/u_wrap/u_pccx_npu_top/gen_norm[12].u_norm_seq/s3_mantissa[6]_i_1__8_n_0
    SLICE_X35Y90         FDRE                                         r  pccx_v002_system_i/u_npu/inst/u_wrap/u_pccx_npu_top/gen_norm[12].u_norm_seq/s3_new_exp_reg[4]/R
  -------------------------------------------------------------------    -------------------

                         (clock clk_pl_0 rise edge)
                                                     10.000    10.000 r  
    PS8_X0Y0             PS8                          0.000    10.000 r  pccx_v002_system_i/zynq_ps/inst/PS8_i/PLCLK[0]
                         net (fo=1, routed)           0.181    10.181    pccx_v002_system_i/zynq_ps/inst/pl_clk_unbuffered[0]
    BUFG_PS_X0Y90        BUFG_PS (Prop_BUFG_PS_I_O)
                                                      0.035    10.216 r  pccx_v002_system_i/zynq_ps/inst/buffer_pl_clk_0.PL_CLK_0_BUFG/O
    X1Y1 (CLOCK_ROOT)    net (fo=82039, routed)       2.694    12.910    pccx_v002_system_i/u_npu/inst/u_wrap/u_pccx_npu_top/gen_norm[12].u_norm_seq/clk_core
    SLICE_X35Y90         FDRE                                         r  pccx_v002_system_i/u_npu/inst/u_wrap/u_pccx_npu_top/gen_norm[12].u_norm_seq/s3_new_exp_reg[4]/C
                         clock pessimism              0.197    13.107    
                         clock uncertainty           -0.160    12.947    
    SLICE_X35Y90         FDRE (Setup_EFF_SLICEM_C_R)
                                                     -0.119    12.828    pccx_v002_system_i/u_npu/inst/u_wrap/u_pccx_npu_top/gen_norm[12].u_norm_seq/s3_new_exp_reg[4]
  -------------------------------------------------------------------
                         required time                         12.828    
                         arrival time                         -10.806    
  -------------------------------------------------------------------
                         slack                                  2.022    

Slack (MET) :             2.022ns  (required time - arrival time)
  Source:                 pccx_v002_system_i/rst_axi/U0/ACTIVE_LOW_PR_OUT_DFF[0].FDRE_PER_N/C
                            (rising edge-triggered cell FDRE clocked by clk_pl_0  {rise@0.000ns fall@5.000ns period=10.000ns})
  Destination:            pccx_v002_system_i/u_npu/inst/u_wrap/u_pccx_npu_top/gen_norm[12].u_norm_seq/s3_new_exp_reg[5]/R
                            (rising edge-triggered cell FDRE clocked by clk_pl_0  {rise@0.000ns fall@5.000ns period=10.000ns})
  Path Group:             clk_pl_0
  Path Type:              Setup (Max at Slow Process Corner)
  Requirement:            10.000ns  (clk_pl_0 rise@10.000ns - clk_pl_0 rise@0.000ns)
  Data Path Delay:        7.520ns  (logic 0.337ns (4.481%)  route 7.183ns (95.519%))
  Logic Levels:           1  (LUT5=1)
  Clock Path Skew:        -0.178ns (DCD - SCD + CPR)
    Destination Clock Delay (DCD):    2.910ns = ( 12.910 - 10.000 ) 
    Source Clock Delay      (SCD):    3.286ns
    Clock Pessimism Removal (CPR):    0.197ns
  Clock Uncertainty:      0.160ns  ((TSJ^2 + DJ^2)^1/2) / 2 + PE
    Total System Jitter     (TSJ):    0.071ns
    Discrete Jitter          (DJ):    0.312ns
    Phase Error              (PE):    0.000ns
  Clock Net Delay (Source):      3.019ns (routing 1.681ns, distribution 1.338ns)
  Clock Net Delay (Destination): 2.694ns (routing 1.538ns, distribution 1.156ns)

    Location             Delay type                Incr(ns)  Path(ns)    Netlist Resource(s)
  -------------------------------------------------------------------    -------------------
                         (clock clk_pl_0 rise edge)
                                                      0.000     0.000 r  
    PS8_X0Y0             PS8                          0.000     0.000 r  pccx_v002_system_i/zynq_ps/inst/PS8_i/PLCLK[0]
                         net (fo=1, routed)           0.229     0.229    pccx_v002_system_i/zynq_ps/inst/pl_clk_unbuffered[0]
    BUFG_PS_X0Y90        BUFG_PS (Prop_BUFG_PS_I_O)
                                                      0.038     0.267 r  pccx_v002_system_i/zynq_ps/inst/buffer_pl_clk_0.PL_CLK_0_BUFG/O
    X1Y1 (CLOCK_ROOT)    net (fo=82039, routed)       3.019     3.286    pccx_v002_system_i/rst_axi/U0/slowest_sync_clk
    SLICE_X30Y57         FDRE                                         r  pccx_v002_system_i/rst_axi/U0/ACTIVE_LOW_PR_OUT_DFF[0].FDRE_PER_N/C
  -------------------------------------------------------------------    -------------------
    SLICE_X30Y57         FDRE (Prop_AFF_SLICEL_C_Q)
                                                      0.114     3.400 f  pccx_v002_system_i/rst_axi/U0/ACTIVE_LOW_PR_OUT_DFF[0].FDRE_PER_N/Q
                         net (fo=380, routed)         5.038     8.437    pccx_v002_system_i/u_npu/inst/u_wrap/u_pccx_npu_top/gen_norm[12].u_norm_seq/lopt
    SLICE_X36Y234        LUT5 (Prop_E6LUT_SLICEL_I4_O)
                                                      0.223     8.660 r  pccx_v002_system_i/u_npu/inst/u_wrap/u_pccx_npu_top/gen_norm[12].u_norm_seq/s3_mantissa[6]_i_1__8/O
                         net (fo=15, routed)          2.145    10.806    pccx_v002_system_i/u_npu/inst/u_wrap/u_pccx_npu_top/gen_norm[12].u_norm_seq/s3_mantissa[6]_i_1__8_n_0
    SLICE_X35Y90         FDRE                                         r  pccx_v002_system_i/u_npu/inst/u_wrap/u_pccx_npu_top/gen_norm[12].u_norm_seq/s3_new_exp_reg[5]/R
  -------------------------------------------------------------------    -------------------

                         (clock clk_pl_0 rise edge)
                                                     10.000    10.000 r  
    PS8_X0Y0             PS8                          0.000    10.000 r  pccx_v002_system_i/zynq_ps/inst/PS8_i/PLCLK[0]
                         net (fo=1, routed)           0.181    10.181    pccx_v002_system_i/zynq_ps/inst/pl_clk_unbuffered[0]
    BUFG_PS_X0Y90        BUFG_PS (Prop_BUFG_PS_I_O)
                                                      0.035    10.216 r  pccx_v002_system_i/zynq_ps/inst/buffer_pl_clk_0.PL_CLK_0_BUFG/O
    X1Y1 (CLOCK_ROOT)    net (fo=82039, routed)       2.694    12.910    pccx_v002_system_i/u_npu/inst/u_wrap/u_pccx_npu_top/gen_norm[12].u_norm_seq/clk_core
    SLICE_X35Y90         FDRE                                         r  pccx_v002_system_i/u_npu/inst/u_wrap/u_pccx_npu_top/gen_norm[12].u_norm_seq/s3_new_exp_reg[5]/C
                         clock pessimism              0.197    13.107    
                         clock uncertainty           -0.160    12.947    
    SLICE_X35Y90         FDRE (Setup_FFF_SLICEM_C_R)
                                                     -0.119    12.828    pccx_v002_system_i/u_npu/inst/u_wrap/u_pccx_npu_top/gen_norm[12].u_norm_seq/s3_new_exp_reg[5]
  -------------------------------------------------------------------
                         required time                         12.828    
                         arrival time                         -10.806    
  -------------------------------------------------------------------
                         slack                                  2.022    

Slack (MET) :             2.022ns  (required time - arrival time)
  Source:                 pccx_v002_system_i/rst_axi/U0/ACTIVE_LOW_PR_OUT_DFF[0].FDRE_PER_N/C
                            (rising edge-triggered cell FDRE clocked by clk_pl_0  {rise@0.000ns fall@5.000ns period=10.000ns})
  Destination:            pccx_v002_system_i/u_npu/inst/u_wrap/u_pccx_npu_top/gen_norm[12].u_norm_seq/s3_new_exp_reg[6]/R
                            (rising edge-triggered cell FDRE clocked by clk_pl_0  {rise@0.000ns fall@5.000ns period=10.000ns})
  Path Group:             clk_pl_0
  Path Type:              Setup (Max at Slow Process Corner)
  Requirement:            10.000ns  (clk_pl_0 rise@10.000ns - clk_pl_0 rise@0.000ns)
  Data Path Delay:        7.520ns  (logic 0.337ns (4.481%)  route 7.183ns (95.519%))
  Logic Levels:           1  (LUT5=1)
  Clock Path Skew:        -0.178ns (DCD - SCD + CPR)
    Destination Clock Delay (DCD):    2.910ns = ( 12.910 - 10.000 ) 
    Source Clock Delay      (SCD):    3.286ns
    Clock Pessimism Removal (CPR):    0.197ns
  Clock Uncertainty:      0.160ns  ((TSJ^2 + DJ^2)^1/2) / 2 + PE
    Total System Jitter     (TSJ):    0.071ns
    Discrete Jitter          (DJ):    0.312ns
    Phase Error              (PE):    0.000ns
  Clock Net Delay (Source):      3.019ns (routing 1.681ns, distribution 1.338ns)
  Clock Net Delay (Destination): 2.694ns (routing 1.538ns, distribution 1.156ns)

    Location             Delay type                Incr(ns)  Path(ns)    Netlist Resource(s)
  -------------------------------------------------------------------    -------------------
                         (clock clk_pl_0 rise edge)
                                                      0.000     0.000 r  
    PS8_X0Y0             PS8                          0.000     0.000 r  pccx_v002_system_i/zynq_ps/inst/PS8_i/PLCLK[0]
                         net (fo=1, routed)           0.229     0.229    pccx_v002_system_i/zynq_ps/inst/pl_clk_unbuffered[0]
    BUFG_PS_X0Y90        BUFG_PS (Prop_BUFG_PS_I_O)
                                                      0.038     0.267 r  pccx_v002_system_i/zynq_ps/inst/buffer_pl_clk_0.PL_CLK_0_BUFG/O
    X1Y1 (CLOCK_ROOT)    net (fo=82039, routed)       3.019     3.286    pccx_v002_system_i/rst_axi/U0/slowest_sync_clk
    SLICE_X30Y57         FDRE                                         r  pccx_v002_system_i/rst_axi/U0/ACTIVE_LOW_PR_OUT_DFF[0].FDRE_PER_N/C
  -------------------------------------------------------------------    -------------------
    SLICE_X30Y57         FDRE (Prop_AFF_SLICEL_C_Q)
                                                      0.114     3.400 f  pccx_v002_system_i/rst_axi/U0/ACTIVE_LOW_PR_OUT_DFF[0].FDRE_PER_N/Q
                         net (fo=380, routed)         5.038     8.437    pccx_v002_system_i/u_npu/inst/u_wrap/u_pccx_npu_top/gen_norm[12].u_norm_seq/lopt
    SLICE_X36Y234        LUT5 (Prop_E6LUT_SLICEL_I4_O)
                                                      0.223     8.660 r  pccx_v002_system_i/u_npu/inst/u_wrap/u_pccx_npu_top/gen_norm[12].u_norm_seq/s3_mantissa[6]_i_1__8/O
                         net (fo=15, routed)          2.145    10.806    pccx_v002_system_i/u_npu/inst/u_wrap/u_pccx_npu_top/gen_norm[12].u_norm_seq/s3_mantissa[6]_i_1__8_n_0
    SLICE_X35Y90         FDRE                                         r  pccx_v002_system_i/u_npu/inst/u_wrap/u_pccx_npu_top/gen_norm[12].u_norm_seq/s3_new_exp_reg[6]/R
  -------------------------------------------------------------------    -------------------

                         (clock clk_pl_0 rise edge)
                                                     10.000    10.000 r  
    PS8_X0Y0             PS8                          0.000    10.000 r  pccx_v002_system_i/zynq_ps/inst/PS8_i/PLCLK[0]
                         net (fo=1, routed)           0.181    10.181    pccx_v002_system_i/zynq_ps/inst/pl_clk_unbuffered[0]
    BUFG_PS_X0Y90        BUFG_PS (Prop_BUFG_PS_I_O)
                                                      0.035    10.216 r  pccx_v002_system_i/zynq_ps/inst/buffer_pl_clk_0.PL_CLK_0_BUFG/O
    X1Y1 (CLOCK_ROOT)    net (fo=82039, routed)       2.694    12.910    pccx_v002_system_i/u_npu/inst/u_wrap/u_pccx_npu_top/gen_norm[12].u_norm_seq/clk_core
    SLICE_X35Y90         FDRE                                         r  pccx_v002_system_i/u_npu/inst/u_wrap/u_pccx_npu_top/gen_norm[12].u_norm_seq/s3_new_exp_reg[6]/C
                         clock pessimism              0.197    13.107    
                         clock uncertainty           -0.160    12.947    
    SLICE_X35Y90         FDRE (Setup_GFF_SLICEM_C_R)
                                                     -0.119    12.828    pccx_v002_system_i/u_npu/inst/u_wrap/u_pccx_npu_top/gen_norm[12].u_norm_seq/s3_new_exp_reg[6]
  -------------------------------------------------------------------
                         required time                         12.828    
                         arrival time                         -10.806    
  -------------------------------------------------------------------
                         slack                                  2.022    

Slack (MET) :             2.022ns  (required time - arrival time)
  Source:                 pccx_v002_system_i/rst_axi/U0/ACTIVE_LOW_PR_OUT_DFF[0].FDRE_PER_N/C
                            (rising edge-triggered cell FDRE clocked by clk_pl_0  {rise@0.000ns fall@5.000ns period=10.000ns})
  Destination:            pccx_v002_system_i/u_npu/inst/u_wrap/u_pccx_npu_top/gen_norm[12].u_norm_seq/s3_new_exp_reg[7]/R
                            (rising edge-triggered cell FDRE clocked by clk_pl_0  {rise@0.000ns fall@5.000ns period=10.000ns})
  Path Group:             clk_pl_0
  Path Type:              Setup (Max at Slow Process Corner)
  Requirement:            10.000ns  (clk_pl_0 rise@10.000ns - clk_pl_0 rise@0.000ns)
  Data Path Delay:        7.520ns  (logic 0.337ns (4.481%)  route 7.183ns (95.519%))
  Logic Levels:           1  (LUT5=1)
  Clock Path Skew:        -0.178ns (DCD - SCD + CPR)
    Destination Clock Delay (DCD):    2.910ns = ( 12.910 - 10.000 ) 
    Source Clock Delay      (SCD):    3.286ns
    Clock Pessimism Removal (CPR):    0.197ns
  Clock Uncertainty:      0.160ns  ((TSJ^2 + DJ^2)^1/2) / 2 + PE
    Total System Jitter     (TSJ):    0.071ns
    Discrete Jitter          (DJ):    0.312ns
    Phase Error              (PE):    0.000ns
  Clock Net Delay (Source):      3.019ns (routing 1.681ns, distribution 1.338ns)
  Clock Net Delay (Destination): 2.694ns (routing 1.538ns, distribution 1.156ns)

    Location             Delay type                Incr(ns)  Path(ns)    Netlist Resource(s)
  -------------------------------------------------------------------    -------------------
                         (clock clk_pl_0 rise edge)
                                                      0.000     0.000 r  
    PS8_X0Y0             PS8                          0.000     0.000 r  pccx_v002_system_i/zynq_ps/inst/PS8_i/PLCLK[0]
                         net (fo=1, routed)           0.229     0.229    pccx_v002_system_i/zynq_ps/inst/pl_clk_unbuffered[0]
    BUFG_PS_X0Y90        BUFG_PS (Prop_BUFG_PS_I_O)
                                                      0.038     0.267 r  pccx_v002_system_i/zynq_ps/inst/buffer_pl_clk_0.PL_CLK_0_BUFG/O
    X1Y1 (CLOCK_ROOT)    net (fo=82039, routed)       3.019     3.286    pccx_v002_system_i/rst_axi/U0/slowest_sync_clk
    SLICE_X30Y57         FDRE                                         r  pccx_v002_system_i/rst_axi/U0/ACTIVE_LOW_PR_OUT_DFF[0].FDRE_PER_N/C
  -------------------------------------------------------------------    -------------------
    SLICE_X30Y57         FDRE (Prop_AFF_SLICEL_C_Q)
                                                      0.114     3.400 f  pccx_v002_system_i/rst_axi/U0/ACTIVE_LOW_PR_OUT_DFF[0].FDRE_PER_N/Q
                         net (fo=380, routed)         5.038     8.437    pccx_v002_system_i/u_npu/inst/u_wrap/u_pccx_npu_top/gen_norm[12].u_norm_seq/lopt
    SLICE_X36Y234        LUT5 (Prop_E6LUT_SLICEL_I4_O)
                                                      0.223     8.660 r  pccx_v002_system_i/u_npu/inst/u_wrap/u_pccx_npu_top/gen_norm[12].u_norm_seq/s3_mantissa[6]_i_1__8/O
                         net (fo=15, routed)          2.145    10.806    pccx_v002_system_i/u_npu/inst/u_wrap/u_pccx_npu_top/gen_norm[12].u_norm_seq/s3_mantissa[6]_i_1__8_n_0
    SLICE_X35Y90         FDRE                                         r  pccx_v002_system_i/u_npu/inst/u_wrap/u_pccx_npu_top/gen_norm[12].u_norm_seq/s3_new_exp_reg[7]/R
  -------------------------------------------------------------------    -------------------

                         (clock clk_pl_0 rise edge)
                                                     10.000    10.000 r  
    PS8_X0Y0             PS8                          0.000    10.000 r  pccx_v002_system_i/zynq_ps/inst/PS8_i/PLCLK[0]
                         net (fo=1, routed)           0.181    10.181    pccx_v002_system_i/zynq_ps/inst/pl_clk_unbuffered[0]
    BUFG_PS_X0Y90        BUFG_PS (Prop_BUFG_PS_I_O)
                                                      0.035    10.216 r  pccx_v002_system_i/zynq_ps/inst/buffer_pl_clk_0.PL_CLK_0_BUFG/O
    X1Y1 (CLOCK_ROOT)    net (fo=82039, routed)       2.694    12.910    pccx_v002_system_i/u_npu/inst/u_wrap/u_pccx_npu_top/gen_norm[12].u_norm_seq/clk_core
    SLICE_X35Y90         FDRE                                         r  pccx_v002_system_i/u_npu/inst/u_wrap/u_pccx_npu_top/gen_norm[12].u_norm_seq/s3_new_exp_reg[7]/C
                         clock pessimism              0.197    13.107    
                         clock uncertainty           -0.160    12.947    
    SLICE_X35Y90         FDRE (Setup_HFF_SLICEM_C_R)
                                                     -0.119    12.828    pccx_v002_system_i/u_npu/inst/u_wrap/u_pccx_npu_top/gen_norm[12].u_norm_seq/s3_new_exp_reg[7]
  -------------------------------------------------------------------
                         required time                         12.828    
                         arrival time                         -10.806    
  -------------------------------------------------------------------
                         slack                                  2.022    

Slack (MET) :             2.066ns  (required time - arrival time)
  Source:                 pccx_v002_system_i/u_npu/inst/u_wrap/u_pccx_npu_top/u_HP_buffer/u_hp1_weight_fifo/xpm_fifo_base_inst/gen_fwft.gdvld_fwft.data_valid_fwft_reg/C
                            (rising edge-triggered cell FDRE clocked by clk_pl_0  {rise@0.000ns fall@5.000ns period=10.000ns})
  Destination:            pccx_v002_system_i/u_npu/inst/u_wrap/u_pccx_npu_top/u_systolic_engine/u_weight_unpacker/weight_valid_reg_rep__546/D
                            (rising edge-triggered cell FDRE clocked by clk_pl_0  {rise@0.000ns fall@5.000ns period=10.000ns})
  Path Group:             clk_pl_0
  Path Type:              Setup (Max at Slow Process Corner)
  Requirement:            10.000ns  (clk_pl_0 rise@10.000ns - clk_pl_0 rise@0.000ns)
  Data Path Delay:        7.905ns  (logic 0.267ns (3.378%)  route 7.638ns (96.622%))
  Logic Levels:           1  (LUT4=1)
  Clock Path Skew:        0.088ns (DCD - SCD + CPR)
    Destination Clock Delay (DCD):    3.163ns = ( 13.163 - 10.000 ) 
    Source Clock Delay      (SCD):    3.269ns
    Clock Pessimism Removal (CPR):    0.194ns
  Clock Uncertainty:      0.160ns  ((TSJ^2 + DJ^2)^1/2) / 2 + PE
    Total System Jitter     (TSJ):    0.071ns
    Discrete Jitter          (DJ):    0.312ns
    Phase Error              (PE):    0.000ns
  Clock Net Delay (Source):      3.002ns (routing 1.681ns, distribution 1.321ns)
  Clock Net Delay (Destination): 2.947ns (routing 1.538ns, distribution 1.409ns)

    Location             Delay type                Incr(ns)  Path(ns)    Netlist Resource(s)
  -------------------------------------------------------------------    -------------------
                         (clock clk_pl_0 rise edge)
                                                      0.000     0.000 r  
    PS8_X0Y0             PS8                          0.000     0.000 r  pccx_v002_system_i/zynq_ps/inst/PS8_i/PLCLK[0]
                         net (fo=1, routed)           0.229     0.229    pccx_v002_system_i/zynq_ps/inst/pl_clk_unbuffered[0]
    BUFG_PS_X0Y90        BUFG_PS (Prop_BUFG_PS_I_O)
                                                      0.038     0.267 r  pccx_v002_system_i/zynq_ps/inst/buffer_pl_clk_0.PL_CLK_0_BUFG/O
    X1Y1 (CLOCK_ROOT)    net (fo=82039, routed)       3.002     3.269    pccx_v002_system_i/u_npu/inst/u_wrap/u_pccx_npu_top/u_HP_buffer/u_hp1_weight_fifo/xpm_fifo_base_inst/rd_clk
    SLICE_X27Y40         FDRE                                         r  pccx_v002_system_i/u_npu/inst/u_wrap/u_pccx_npu_top/u_HP_buffer/u_hp1_weight_fifo/xpm_fifo_base_inst/gen_fwft.gdvld_fwft.data_valid_fwft_reg/C
  -------------------------------------------------------------------    -------------------
    SLICE_X27Y40         FDRE (Prop_DFF2_SLICEL_C_Q)
                                                      0.115     3.384 r  pccx_v002_system_i/u_npu/inst/u_wrap/u_pccx_npu_top/u_HP_buffer/u_hp1_weight_fifo/xpm_fifo_base_inst/gen_fwft.gdvld_fwft.data_valid_fwft_reg/Q
                         net (fo=7, routed)           0.898     4.282    pccx_v002_system_i/u_npu/inst/u_wrap/u_pccx_npu_top/u_systolic_engine/u_weight_unpacker/M_CORE_HP1_WEIGHT\\.tvalid
    SLICE_X43Y60         LUT4 (Prop_B6LUT_SLICEM_I2_O)
                                                      0.152     4.434 r  pccx_v002_system_i/u_npu/inst/u_wrap/u_pccx_npu_top/u_systolic_engine/u_weight_unpacker/pair_fire/O
                         net (fo=1024, routed)        6.740    11.174    pccx_v002_system_i/u_npu/inst/u_wrap/u_pccx_npu_top/u_systolic_engine/u_weight_unpacker/pair_fire__3
    SLICE_X21Y192        FDRE                                         r  pccx_v002_system_i/u_npu/inst/u_wrap/u_pccx_npu_top/u_systolic_engine/u_weight_unpacker/weight_valid_reg_rep__546/D
  -------------------------------------------------------------------    -------------------

                         (clock clk_pl_0 rise edge)
                                                     10.000    10.000 r  
    PS8_X0Y0             PS8                          0.000    10.000 r  pccx_v002_system_i/zynq_ps/inst/PS8_i/PLCLK[0]
                         net (fo=1, routed)           0.181    10.181    pccx_v002_system_i/zynq_ps/inst/pl_clk_unbuffered[0]
    BUFG_PS_X0Y90        BUFG_PS (Prop_BUFG_PS_I_O)
                                                      0.035    10.216 r  pccx_v002_system_i/zynq_ps/inst/buffer_pl_clk_0.PL_CLK_0_BUFG/O
    X1Y1 (CLOCK_ROOT)    net (fo=82039, routed)       2.947    13.163    pccx_v002_system_i/u_npu/inst/u_wrap/u_pccx_npu_top/u_systolic_engine/u_weight_unpacker/clk_core
    SLICE_X21Y192        FDRE                                         r  pccx_v002_system_i/u_npu/inst/u_wrap/u_pccx_npu_top/u_systolic_engine/u_weight_unpacker/weight_valid_reg_rep__546/C
                         clock pessimism              0.194    13.357    
                         clock uncertainty           -0.160    13.197    
    SLICE_X21Y192        FDRE (Setup_FFF_SLICEM_C_D)
                                                      0.043    13.240    pccx_v002_system_i/u_npu/inst/u_wrap/u_pccx_npu_top/u_systolic_engine/u_weight_unpacker/weight_valid_reg_rep__546
  -------------------------------------------------------------------
                         required time                         13.240    
                         arrival time                         -11.174    
  -------------------------------------------------------------------
                         slack                                  2.066    

Slack (MET) :             2.070ns  (required time - arrival time)
  Source:                 pccx_v002_system_i/u_npu/inst/u_wrap/u_pccx_npu_top/u_HP_buffer/u_hp1_weight_fifo/xpm_fifo_base_inst/gen_fwft.gdvld_fwft.data_valid_fwft_reg/C
                            (rising edge-triggered cell FDRE clocked by clk_pl_0  {rise@0.000ns fall@5.000ns period=10.000ns})
  Destination:            pccx_v002_system_i/u_npu/inst/u_wrap/u_pccx_npu_top/u_systolic_engine/u_weight_unpacker/weight_valid_reg_rep__40/D
                            (rising edge-triggered cell FDRE clocked by clk_pl_0  {rise@0.000ns fall@5.000ns period=10.000ns})
  Path Group:             clk_pl_0
  Path Type:              Setup (Max at Slow Process Corner)
  Requirement:            10.000ns  (clk_pl_0 rise@10.000ns - clk_pl_0 rise@0.000ns)
  Data Path Delay:        7.902ns  (logic 0.267ns (3.379%)  route 7.635ns (96.621%))
  Logic Levels:           1  (LUT4=1)
  Clock Path Skew:        0.088ns (DCD - SCD + CPR)
    Destination Clock Delay (DCD):    3.163ns = ( 13.163 - 10.000 ) 
    Source Clock Delay      (SCD):    3.269ns
    Clock Pessimism Removal (CPR):    0.194ns
  Clock Uncertainty:      0.160ns  ((TSJ^2 + DJ^2)^1/2) / 2 + PE
    Total System Jitter     (TSJ):    0.071ns
    Discrete Jitter          (DJ):    0.312ns
    Phase Error              (PE):    0.000ns
  Clock Net Delay (Source):      3.002ns (routing 1.681ns, distribution 1.321ns)
  Clock Net Delay (Destination): 2.947ns (routing 1.538ns, distribution 1.409ns)

    Location             Delay type                Incr(ns)  Path(ns)    Netlist Resource(s)
  -------------------------------------------------------------------    -------------------
                         (clock clk_pl_0 rise edge)
                                                      0.000     0.000 r  
    PS8_X0Y0             PS8                          0.000     0.000 r  pccx_v002_system_i/zynq_ps/inst/PS8_i/PLCLK[0]
                         net (fo=1, routed)           0.229     0.229    pccx_v002_system_i/zynq_ps/inst/pl_clk_unbuffered[0]
    BUFG_PS_X0Y90        BUFG_PS (Prop_BUFG_PS_I_O)
                                                      0.038     0.267 r  pccx_v002_system_i/zynq_ps/inst/buffer_pl_clk_0.PL_CLK_0_BUFG/O
    X1Y1 (CLOCK_ROOT)    net (fo=82039, routed)       3.002     3.269    pccx_v002_system_i/u_npu/inst/u_wrap/u_pccx_npu_top/u_HP_buffer/u_hp1_weight_fifo/xpm_fifo_base_inst/rd_clk
    SLICE_X27Y40         FDRE                                         r  pccx_v002_system_i/u_npu/inst/u_wrap/u_pccx_npu_top/u_HP_buffer/u_hp1_weight_fifo/xpm_fifo_base_inst/gen_fwft.gdvld_fwft.data_valid_fwft_reg/C
  -------------------------------------------------------------------    -------------------
    SLICE_X27Y40         FDRE (Prop_DFF2_SLICEL_C_Q)
                                                      0.115     3.384 r  pccx_v002_system_i/u_npu/inst/u_wrap/u_pccx_npu_top/u_HP_buffer/u_hp1_weight_fifo/xpm_fifo_base_inst/gen_fwft.gdvld_fwft.data_valid_fwft_reg/Q
                         net (fo=7, routed)           0.898     4.282    pccx_v002_system_i/u_npu/inst/u_wrap/u_pccx_npu_top/u_systolic_engine/u_weight_unpacker/M_CORE_HP1_WEIGHT\\.tvalid
    SLICE_X43Y60         LUT4 (Prop_B6LUT_SLICEM_I2_O)
                                                      0.152     4.434 r  pccx_v002_system_i/u_npu/inst/u_wrap/u_pccx_npu_top/u_systolic_engine/u_weight_unpacker/pair_fire/O
                         net (fo=1024, routed)        6.737    11.171    pccx_v002_system_i/u_npu/inst/u_wrap/u_pccx_npu_top/u_systolic_engine/u_weight_unpacker/pair_fire__3
    SLICE_X21Y192        FDRE                                         r  pccx_v002_system_i/u_npu/inst/u_wrap/u_pccx_npu_top/u_systolic_engine/u_weight_unpacker/weight_valid_reg_rep__40/D
  -------------------------------------------------------------------    -------------------

                         (clock clk_pl_0 rise edge)
                                                     10.000    10.000 r  
    PS8_X0Y0             PS8                          0.000    10.000 r  pccx_v002_system_i/zynq_ps/inst/PS8_i/PLCLK[0]
                         net (fo=1, routed)           0.181    10.181    pccx_v002_system_i/zynq_ps/inst/pl_clk_unbuffered[0]
    BUFG_PS_X0Y90        BUFG_PS (Prop_BUFG_PS_I_O)
                                                      0.035    10.216 r  pccx_v002_system_i/zynq_ps/inst/buffer_pl_clk_0.PL_CLK_0_BUFG/O
    X1Y1 (CLOCK_ROOT)    net (fo=82039, routed)       2.947    13.163    pccx_v002_system_i/u_npu/inst/u_wrap/u_pccx_npu_top/u_systolic_engine/u_weight_unpacker/clk_core
    SLICE_X21Y192        FDRE                                         r  pccx_v002_system_i/u_npu/inst/u_wrap/u_pccx_npu_top/u_systolic_engine/u_weight_unpacker/weight_valid_reg_rep__40/C
                         clock pessimism              0.194    13.357    
                         clock uncertainty           -0.160    13.197    
    SLICE_X21Y192        FDRE (Setup_EFF_SLICEM_C_D)
                                                      0.044    13.241    pccx_v002_system_i/u_npu/inst/u_wrap/u_pccx_npu_top/u_systolic_engine/u_weight_unpacker/weight_valid_reg_rep__40
  -------------------------------------------------------------------
                         required time                         13.241    
                         arrival time                         -11.171    
  -------------------------------------------------------------------
                         slack                                  2.070    

Slack (MET) :             2.150ns  (required time - arrival time)
  Source:                 pccx_v002_system_i/u_npu/inst/u_wrap/u_pccx_npu_top/u_HP_buffer/u_hp1_weight_fifo/xpm_fifo_base_inst/gen_fwft.gdvld_fwft.data_valid_fwft_reg/C
                            (rising edge-triggered cell FDRE clocked by clk_pl_0  {rise@0.000ns fall@5.000ns period=10.000ns})
  Destination:            pccx_v002_system_i/u_npu/inst/u_wrap/u_pccx_npu_top/u_systolic_engine/u_weight_unpacker/weight_valid_reg_rep__42/D
                            (rising edge-triggered cell FDRE clocked by clk_pl_0  {rise@0.000ns fall@5.000ns period=10.000ns})
  Path Group:             clk_pl_0
  Path Type:              Setup (Max at Slow Process Corner)
  Requirement:            10.000ns  (clk_pl_0 rise@10.000ns - clk_pl_0 rise@0.000ns)
  Data Path Delay:        7.823ns  (logic 0.267ns (3.413%)  route 7.556ns (96.587%))
  Logic Levels:           1  (LUT4=1)
  Clock Path Skew:        0.088ns (DCD - SCD + CPR)
    Destination Clock Delay (DCD):    3.163ns = ( 13.163 - 10.000 ) 
    Source Clock Delay      (SCD):    3.269ns
    Clock Pessimism Removal (CPR):    0.194ns
  Clock Uncertainty:      0.160ns  ((TSJ^2 + DJ^2)^1/2) / 2 + PE
    Total System Jitter     (TSJ):    0.071ns
    Discrete Jitter          (DJ):    0.312ns
    Phase Error              (PE):    0.000ns
  Clock Net Delay (Source):      3.002ns (routing 1.681ns, distribution 1.321ns)
  Clock Net Delay (Destination): 2.947ns (routing 1.538ns, distribution 1.409ns)

    Location             Delay type                Incr(ns)  Path(ns)    Netlist Resource(s)
  -------------------------------------------------------------------    -------------------
                         (clock clk_pl_0 rise edge)
                                                      0.000     0.000 r  
    PS8_X0Y0             PS8                          0.000     0.000 r  pccx_v002_system_i/zynq_ps/inst/PS8_i/PLCLK[0]
                         net (fo=1, routed)           0.229     0.229    pccx_v002_system_i/zynq_ps/inst/pl_clk_unbuffered[0]
    BUFG_PS_X0Y90        BUFG_PS (Prop_BUFG_PS_I_O)
                                                      0.038     0.267 r  pccx_v002_system_i/zynq_ps/inst/buffer_pl_clk_0.PL_CLK_0_BUFG/O
    X1Y1 (CLOCK_ROOT)    net (fo=82039, routed)       3.002     3.269    pccx_v002_system_i/u_npu/inst/u_wrap/u_pccx_npu_top/u_HP_buffer/u_hp1_weight_fifo/xpm_fifo_base_inst/rd_clk
    SLICE_X27Y40         FDRE                                         r  pccx_v002_system_i/u_npu/inst/u_wrap/u_pccx_npu_top/u_HP_buffer/u_hp1_weight_fifo/xpm_fifo_base_inst/gen_fwft.gdvld_fwft.data_valid_fwft_reg/C
  -------------------------------------------------------------------    -------------------
    SLICE_X27Y40         FDRE (Prop_DFF2_SLICEL_C_Q)
                                                      0.115     3.384 r  pccx_v002_system_i/u_npu/inst/u_wrap/u_pccx_npu_top/u_HP_buffer/u_hp1_weight_fifo/xpm_fifo_base_inst/gen_fwft.gdvld_fwft.data_valid_fwft_reg/Q
                         net (fo=7, routed)           0.898     4.282    pccx_v002_system_i/u_npu/inst/u_wrap/u_pccx_npu_top/u_systolic_engine/u_weight_unpacker/M_CORE_HP1_WEIGHT\\.tvalid
    SLICE_X43Y60         LUT4 (Prop_B6LUT_SLICEM_I2_O)
                                                      0.152     4.434 r  pccx_v002_system_i/u_npu/inst/u_wrap/u_pccx_npu_top/u_systolic_engine/u_weight_unpacker/pair_fire/O
                         net (fo=1024, routed)        6.658    11.092    pccx_v002_system_i/u_npu/inst/u_wrap/u_pccx_npu_top/u_systolic_engine/u_weight_unpacker/pair_fire__3
    SLICE_X21Y192        FDRE                                         r  pccx_v002_system_i/u_npu/inst/u_wrap/u_pccx_npu_top/u_systolic_engine/u_weight_unpacker/weight_valid_reg_rep__42/D
  -------------------------------------------------------------------    -------------------

                         (clock clk_pl_0 rise edge)
                                                     10.000    10.000 r  
    PS8_X0Y0             PS8                          0.000    10.000 r  pccx_v002_system_i/zynq_ps/inst/PS8_i/PLCLK[0]
                         net (fo=1, routed)           0.181    10.181    pccx_v002_system_i/zynq_ps/inst/pl_clk_unbuffered[0]
    BUFG_PS_X0Y90        BUFG_PS (Prop_BUFG_PS_I_O)
                                                      0.035    10.216 r  pccx_v002_system_i/zynq_ps/inst/buffer_pl_clk_0.PL_CLK_0_BUFG/O
    X1Y1 (CLOCK_ROOT)    net (fo=82039, routed)       2.947    13.163    pccx_v002_system_i/u_npu/inst/u_wrap/u_pccx_npu_top/u_systolic_engine/u_weight_unpacker/clk_core
    SLICE_X21Y192        FDRE                                         r  pccx_v002_system_i/u_npu/inst/u_wrap/u_pccx_npu_top/u_systolic_engine/u_weight_unpacker/weight_valid_reg_rep__42/C
                         clock pessimism              0.194    13.357    
                         clock uncertainty           -0.160    13.197    
    SLICE_X21Y192        FDRE (Setup_EFF2_SLICEM_C_D)
                                                      0.045    13.242    pccx_v002_system_i/u_npu/inst/u_wrap/u_pccx_npu_top/u_systolic_engine/u_weight_unpacker/weight_valid_reg_rep__42
  -------------------------------------------------------------------
                         required time                         13.242    
                         arrival time                         -11.092    
  -------------------------------------------------------------------
                         slack                                  2.150    

Slack (MET) :             2.363ns  (required time - arrival time)
  Source:                 pccx_v002_system_i/u_npu/inst/u_wrap/u_pccx_npu_top/u_HP_buffer/u_hp1_weight_fifo/xpm_fifo_base_inst/gen_fwft.gdvld_fwft.data_valid_fwft_reg/C
                            (rising edge-triggered cell FDRE clocked by clk_pl_0  {rise@0.000ns fall@5.000ns period=10.000ns})
  Destination:            pccx_v002_system_i/u_npu/inst/u_wrap/u_pccx_npu_top/u_systolic_engine/u_weight_unpacker/weight_valid_reg_rep__459/D
                            (rising edge-triggered cell FDRE clocked by clk_pl_0  {rise@0.000ns fall@5.000ns period=10.000ns})
  Path Group:             clk_pl_0
  Path Type:              Setup (Max at Slow Process Corner)
  Requirement:            10.000ns  (clk_pl_0 rise@10.000ns - clk_pl_0 rise@0.000ns)
  Data Path Delay:        7.533ns  (logic 0.267ns (3.544%)  route 7.266ns (96.456%))
  Logic Levels:           1  (LUT4=1)
  Clock Path Skew:        0.012ns (DCD - SCD + CPR)
    Destination Clock Delay (DCD):    3.087ns = ( 13.087 - 10.000 ) 
    Source Clock Delay      (SCD):    3.269ns
    Clock Pessimism Removal (CPR):    0.194ns
  Clock Uncertainty:      0.160ns  ((TSJ^2 + DJ^2)^1/2) / 2 + PE
    Total System Jitter     (TSJ):    0.071ns
    Discrete Jitter          (DJ):    0.312ns
    Phase Error              (PE):    0.000ns
  Clock Net Delay (Source):      3.002ns (routing 1.681ns, distribution 1.321ns)
  Clock Net Delay (Destination): 2.871ns (routing 1.538ns, distribution 1.333ns)

    Location             Delay type                Incr(ns)  Path(ns)    Netlist Resource(s)
  -------------------------------------------------------------------    -------------------
                         (clock clk_pl_0 rise edge)
                                                      0.000     0.000 r  
    PS8_X0Y0             PS8                          0.000     0.000 r  pccx_v002_system_i/zynq_ps/inst/PS8_i/PLCLK[0]
                         net (fo=1, routed)           0.229     0.229    pccx_v002_system_i/zynq_ps/inst/pl_clk_unbuffered[0]
    BUFG_PS_X0Y90        BUFG_PS (Prop_BUFG_PS_I_O)
                                                      0.038     0.267 r  pccx_v002_system_i/zynq_ps/inst/buffer_pl_clk_0.PL_CLK_0_BUFG/O
    X1Y1 (CLOCK_ROOT)    net (fo=82039, routed)       3.002     3.269    pccx_v002_system_i/u_npu/inst/u_wrap/u_pccx_npu_top/u_HP_buffer/u_hp1_weight_fifo/xpm_fifo_base_inst/rd_clk
    SLICE_X27Y40         FDRE                                         r  pccx_v002_system_i/u_npu/inst/u_wrap/u_pccx_npu_top/u_HP_buffer/u_hp1_weight_fifo/xpm_fifo_base_inst/gen_fwft.gdvld_fwft.data_valid_fwft_reg/C
  -------------------------------------------------------------------    -------------------
    SLICE_X27Y40         FDRE (Prop_DFF2_SLICEL_C_Q)
                                                      0.115     3.384 r  pccx_v002_system_i/u_npu/inst/u_wrap/u_pccx_npu_top/u_HP_buffer/u_hp1_weight_fifo/xpm_fifo_base_inst/gen_fwft.gdvld_fwft.data_valid_fwft_reg/Q
                         net (fo=7, routed)           0.898     4.282    pccx_v002_system_i/u_npu/inst/u_wrap/u_pccx_npu_top/u_systolic_engine/u_weight_unpacker/M_CORE_HP1_WEIGHT\\.tvalid
    SLICE_X43Y60         LUT4 (Prop_B6LUT_SLICEM_I2_O)
                                                      0.152     4.434 r  pccx_v002_system_i/u_npu/inst/u_wrap/u_pccx_npu_top/u_systolic_engine/u_weight_unpacker/pair_fire/O
                         net (fo=1024, routed)        6.368    10.802    pccx_v002_system_i/u_npu/inst/u_wrap/u_pccx_npu_top/u_systolic_engine/u_weight_unpacker/pair_fire__3
    SLICE_X47Y205        FDRE                                         r  pccx_v002_system_i/u_npu/inst/u_wrap/u_pccx_npu_top/u_systolic_engine/u_weight_unpacker/weight_valid_reg_rep__459/D
  -------------------------------------------------------------------    -------------------

                         (clock clk_pl_0 rise edge)
                                                     10.000    10.000 r  
    PS8_X0Y0             PS8                          0.000    10.000 r  pccx_v002_system_i/zynq_ps/inst/PS8_i/PLCLK[0]
                         net (fo=1, routed)           0.181    10.181    pccx_v002_system_i/zynq_ps/inst/pl_clk_unbuffered[0]
    BUFG_PS_X0Y90        BUFG_PS (Prop_BUFG_PS_I_O)
                                                      0.035    10.216 r  pccx_v002_system_i/zynq_ps/inst/buffer_pl_clk_0.PL_CLK_0_BUFG/O
    X1Y1 (CLOCK_ROOT)    net (fo=82039, routed)       2.871    13.087    pccx_v002_system_i/u_npu/inst/u_wrap/u_pccx_npu_top/u_systolic_engine/u_weight_unpacker/clk_core
    SLICE_X47Y205        FDRE                                         r  pccx_v002_system_i/u_npu/inst/u_wrap/u_pccx_npu_top/u_systolic_engine/u_weight_unpacker/weight_valid_reg_rep__459/C
                         clock pessimism              0.194    13.281    
                         clock uncertainty           -0.160    13.121    
    SLICE_X47Y205        FDRE (Setup_BFF_SLICEL_C_D)
                                                      0.044    13.165    pccx_v002_system_i/u_npu/inst/u_wrap/u_pccx_npu_top/u_systolic_engine/u_weight_unpacker/weight_valid_reg_rep__459
  -------------------------------------------------------------------
                         required time                         13.165    
                         arrival time                         -10.802    
  -------------------------------------------------------------------
                         slack                                  2.363    

Slack (MET) :             2.366ns  (required time - arrival time)
  Source:                 pccx_v002_system_i/u_npu/inst/u_wrap/u_pccx_npu_top/u_HP_buffer/u_hp1_weight_fifo/xpm_fifo_base_inst/gen_fwft.gdvld_fwft.data_valid_fwft_reg/C
                            (rising edge-triggered cell FDRE clocked by clk_pl_0  {rise@0.000ns fall@5.000ns period=10.000ns})
  Destination:            pccx_v002_system_i/u_npu/inst/u_wrap/u_pccx_npu_top/u_systolic_engine/u_weight_unpacker/weight_valid_reg_rep__437/D
                            (rising edge-triggered cell FDRE clocked by clk_pl_0  {rise@0.000ns fall@5.000ns period=10.000ns})
  Path Group:             clk_pl_0
  Path Type:              Setup (Max at Slow Process Corner)
  Requirement:            10.000ns  (clk_pl_0 rise@10.000ns - clk_pl_0 rise@0.000ns)
  Data Path Delay:        7.530ns  (logic 0.267ns (3.546%)  route 7.263ns (96.454%))
  Logic Levels:           1  (LUT4=1)
  Clock Path Skew:        0.012ns (DCD - SCD + CPR)
    Destination Clock Delay (DCD):    3.087ns = ( 13.087 - 10.000 ) 
    Source Clock Delay      (SCD):    3.269ns
    Clock Pessimism Removal (CPR):    0.194ns
  Clock Uncertainty:      0.160ns  ((TSJ^2 + DJ^2)^1/2) / 2 + PE
    Total System Jitter     (TSJ):    0.071ns
    Discrete Jitter          (DJ):    0.312ns
    Phase Error              (PE):    0.000ns
  Clock Net Delay (Source):      3.002ns (routing 1.681ns, distribution 1.321ns)
  Clock Net Delay (Destination): 2.871ns (routing 1.538ns, distribution 1.333ns)

    Location             Delay type                Incr(ns)  Path(ns)    Netlist Resource(s)
  -------------------------------------------------------------------    -------------------
                         (clock clk_pl_0 rise edge)
                                                      0.000     0.000 r  
    PS8_X0Y0             PS8                          0.000     0.000 r  pccx_v002_system_i/zynq_ps/inst/PS8_i/PLCLK[0]
                         net (fo=1, routed)           0.229     0.229    pccx_v002_system_i/zynq_ps/inst/pl_clk_unbuffered[0]
    BUFG_PS_X0Y90        BUFG_PS (Prop_BUFG_PS_I_O)
                                                      0.038     0.267 r  pccx_v002_system_i/zynq_ps/inst/buffer_pl_clk_0.PL_CLK_0_BUFG/O
    X1Y1 (CLOCK_ROOT)    net (fo=82039, routed)       3.002     3.269    pccx_v002_system_i/u_npu/inst/u_wrap/u_pccx_npu_top/u_HP_buffer/u_hp1_weight_fifo/xpm_fifo_base_inst/rd_clk
    SLICE_X27Y40         FDRE                                         r  pccx_v002_system_i/u_npu/inst/u_wrap/u_pccx_npu_top/u_HP_buffer/u_hp1_weight_fifo/xpm_fifo_base_inst/gen_fwft.gdvld_fwft.data_valid_fwft_reg/C
  -------------------------------------------------------------------    -------------------
    SLICE_X27Y40         FDRE (Prop_DFF2_SLICEL_C_Q)
                                                      0.115     3.384 r  pccx_v002_system_i/u_npu/inst/u_wrap/u_pccx_npu_top/u_HP_buffer/u_hp1_weight_fifo/xpm_fifo_base_inst/gen_fwft.gdvld_fwft.data_valid_fwft_reg/Q
                         net (fo=7, routed)           0.898     4.282    pccx_v002_system_i/u_npu/inst/u_wrap/u_pccx_npu_top/u_systolic_engine/u_weight_unpacker/M_CORE_HP1_WEIGHT\\.tvalid
    SLICE_X43Y60         LUT4 (Prop_B6LUT_SLICEM_I2_O)
                                                      0.152     4.434 r  pccx_v002_system_i/u_npu/inst/u_wrap/u_pccx_npu_top/u_systolic_engine/u_weight_unpacker/pair_fire/O
                         net (fo=1024, routed)        6.365    10.799    pccx_v002_system_i/u_npu/inst/u_wrap/u_pccx_npu_top/u_systolic_engine/u_weight_unpacker/pair_fire__3
    SLICE_X47Y205        FDRE                                         r  pccx_v002_system_i/u_npu/inst/u_wrap/u_pccx_npu_top/u_systolic_engine/u_weight_unpacker/weight_valid_reg_rep__437/D
  -------------------------------------------------------------------    -------------------

                         (clock clk_pl_0 rise edge)
                                                     10.000    10.000 r  
    PS8_X0Y0             PS8                          0.000    10.000 r  pccx_v002_system_i/zynq_ps/inst/PS8_i/PLCLK[0]
                         net (fo=1, routed)           0.181    10.181    pccx_v002_system_i/zynq_ps/inst/pl_clk_unbuffered[0]
    BUFG_PS_X0Y90        BUFG_PS (Prop_BUFG_PS_I_O)
                                                      0.035    10.216 r  pccx_v002_system_i/zynq_ps/inst/buffer_pl_clk_0.PL_CLK_0_BUFG/O
    X1Y1 (CLOCK_ROOT)    net (fo=82039, routed)       2.871    13.087    pccx_v002_system_i/u_npu/inst/u_wrap/u_pccx_npu_top/u_systolic_engine/u_weight_unpacker/clk_core
    SLICE_X47Y205        FDRE                                         r  pccx_v002_system_i/u_npu/inst/u_wrap/u_pccx_npu_top/u_systolic_engine/u_weight_unpacker/weight_valid_reg_rep__437/C
                         clock pessimism              0.194    13.281    
                         clock uncertainty           -0.160    13.121    
    SLICE_X47Y205        FDRE (Setup_AFF_SLICEL_C_D)
                                                      0.044    13.165    pccx_v002_system_i/u_npu/inst/u_wrap/u_pccx_npu_top/u_systolic_engine/u_weight_unpacker/weight_valid_reg_rep__437
  -------------------------------------------------------------------
                         required time                         13.165    
                         arrival time                         -10.799    
  -------------------------------------------------------------------
                         slack                                  2.366    

Slack (MET) :             2.434ns  (required time - arrival time)
  Source:                 pccx_v002_system_i/u_npu/inst/u_wrap/u_pccx_npu_top/u_HP_buffer/u_hp1_weight_fifo/xpm_fifo_base_inst/gen_fwft.gdvld_fwft.data_valid_fwft_reg/C
                            (rising edge-triggered cell FDRE clocked by clk_pl_0  {rise@0.000ns fall@5.000ns period=10.000ns})
  Destination:            pccx_v002_system_i/u_npu/inst/u_wrap/u_pccx_npu_top/u_systolic_engine/u_weight_unpacker/weight_valid_reg_rep__467/D
                            (rising edge-triggered cell FDRE clocked by clk_pl_0  {rise@0.000ns fall@5.000ns period=10.000ns})
  Path Group:             clk_pl_0
  Path Type:              Setup (Max at Slow Process Corner)
  Requirement:            10.000ns  (clk_pl_0 rise@10.000ns - clk_pl_0 rise@0.000ns)
  Data Path Delay:        7.464ns  (logic 0.267ns (3.577%)  route 7.197ns (96.423%))
  Logic Levels:           1  (LUT4=1)
  Clock Path Skew:        0.012ns (DCD - SCD + CPR)
    Destination Clock Delay (DCD):    3.087ns = ( 13.087 - 10.000 ) 
    Source Clock Delay      (SCD):    3.269ns
    Clock Pessimism Removal (CPR):    0.194ns
  Clock Uncertainty:      0.160ns  ((TSJ^2 + DJ^2)^1/2) / 2 + PE
    Total System Jitter     (TSJ):    0.071ns
    Discrete Jitter          (DJ):    0.312ns
    Phase Error              (PE):    0.000ns
  Clock Net Delay (Source):      3.002ns (routing 1.681ns, distribution 1.321ns)
  Clock Net Delay (Destination): 2.871ns (routing 1.538ns, distribution 1.333ns)

    Location             Delay type                Incr(ns)  Path(ns)    Netlist Resource(s)
  -------------------------------------------------------------------    -------------------
                         (clock clk_pl_0 rise edge)
                                                      0.000     0.000 r  
    PS8_X0Y0             PS8                          0.000     0.000 r  pccx_v002_system_i/zynq_ps/inst/PS8_i/PLCLK[0]
                         net (fo=1, routed)           0.229     0.229    pccx_v002_system_i/zynq_ps/inst/pl_clk_unbuffered[0]
    BUFG_PS_X0Y90        BUFG_PS (Prop_BUFG_PS_I_O)
                                                      0.038     0.267 r  pccx_v002_system_i/zynq_ps/inst/buffer_pl_clk_0.PL_CLK_0_BUFG/O
    X1Y1 (CLOCK_ROOT)    net (fo=82039, routed)       3.002     3.269    pccx_v002_system_i/u_npu/inst/u_wrap/u_pccx_npu_top/u_HP_buffer/u_hp1_weight_fifo/xpm_fifo_base_inst/rd_clk
    SLICE_X27Y40         FDRE                                         r  pccx_v002_system_i/u_npu/inst/u_wrap/u_pccx_npu_top/u_HP_buffer/u_hp1_weight_fifo/xpm_fifo_base_inst/gen_fwft.gdvld_fwft.data_valid_fwft_reg/C
  -------------------------------------------------------------------    -------------------
    SLICE_X27Y40         FDRE (Prop_DFF2_SLICEL_C_Q)
                                                      0.115     3.384 r  pccx_v002_system_i/u_npu/inst/u_wrap/u_pccx_npu_top/u_HP_buffer/u_hp1_weight_fifo/xpm_fifo_base_inst/gen_fwft.gdvld_fwft.data_valid_fwft_reg/Q
                         net (fo=7, routed)           0.898     4.282    pccx_v002_system_i/u_npu/inst/u_wrap/u_pccx_npu_top/u_systolic_engine/u_weight_unpacker/M_CORE_HP1_WEIGHT\\.tvalid
    SLICE_X43Y60         LUT4 (Prop_B6LUT_SLICEM_I2_O)
                                                      0.152     4.434 r  pccx_v002_system_i/u_npu/inst/u_wrap/u_pccx_npu_top/u_systolic_engine/u_weight_unpacker/pair_fire/O
                         net (fo=1024, routed)        6.299    10.732    pccx_v002_system_i/u_npu/inst/u_wrap/u_pccx_npu_top/u_systolic_engine/u_weight_unpacker/pair_fire__3
    SLICE_X47Y205        FDRE                                         r  pccx_v002_system_i/u_npu/inst/u_wrap/u_pccx_npu_top/u_systolic_engine/u_weight_unpacker/weight_valid_reg_rep__467/D
  -------------------------------------------------------------------    -------------------

                         (clock clk_pl_0 rise edge)
                                                     10.000    10.000 r  
    PS8_X0Y0             PS8                          0.000    10.000 r  pccx_v002_system_i/zynq_ps/inst/PS8_i/PLCLK[0]
                         net (fo=1, routed)           0.181    10.181    pccx_v002_system_i/zynq_ps/inst/pl_clk_unbuffered[0]
    BUFG_PS_X0Y90        BUFG_PS (Prop_BUFG_PS_I_O)
                                                      0.035    10.216 r  pccx_v002_system_i/zynq_ps/inst/buffer_pl_clk_0.PL_CLK_0_BUFG/O
    X1Y1 (CLOCK_ROOT)    net (fo=82039, routed)       2.871    13.087    pccx_v002_system_i/u_npu/inst/u_wrap/u_pccx_npu_top/u_systolic_engine/u_weight_unpacker/clk_core
    SLICE_X47Y205        FDRE                                         r  pccx_v002_system_i/u_npu/inst/u_wrap/u_pccx_npu_top/u_systolic_engine/u_weight_unpacker/weight_valid_reg_rep__467/C
                         clock pessimism              0.194    13.281    
                         clock uncertainty           -0.160    13.121    
    SLICE_X47Y205        FDRE (Setup_BFF2_SLICEL_C_D)
                                                      0.046    13.167    pccx_v002_system_i/u_npu/inst/u_wrap/u_pccx_npu_top/u_systolic_engine/u_weight_unpacker/weight_valid_reg_rep__467
  -------------------------------------------------------------------
                         required time                         13.167    
                         arrival time                         -10.732    
  -------------------------------------------------------------------
                         slack                                  2.434    

Slack (MET) :             2.437ns  (required time - arrival time)
  Source:                 pccx_v002_system_i/u_npu/inst/u_wrap/u_pccx_npu_top/u_HP_buffer/u_hp1_weight_fifo/xpm_fifo_base_inst/gen_fwft.gdvld_fwft.data_valid_fwft_reg/C
                            (rising edge-triggered cell FDRE clocked by clk_pl_0  {rise@0.000ns fall@5.000ns period=10.000ns})
  Destination:            pccx_v002_system_i/u_npu/inst/u_wrap/u_pccx_npu_top/u_systolic_engine/u_weight_unpacker/weight_valid_reg_rep__449/D
                            (rising edge-triggered cell FDRE clocked by clk_pl_0  {rise@0.000ns fall@5.000ns period=10.000ns})
  Path Group:             clk_pl_0
  Path Type:              Setup (Max at Slow Process Corner)
  Requirement:            10.000ns  (clk_pl_0 rise@10.000ns - clk_pl_0 rise@0.000ns)
  Data Path Delay:        7.461ns  (logic 0.267ns (3.579%)  route 7.194ns (96.421%))
  Logic Levels:           1  (LUT4=1)
  Clock Path Skew:        0.012ns (DCD - SCD + CPR)
    Destination Clock Delay (DCD):    3.087ns = ( 13.087 - 10.000 ) 
    Source Clock Delay      (SCD):    3.269ns
    Clock Pessimism Removal (CPR):    0.194ns
  Clock Uncertainty:      0.160ns  ((TSJ^2 + DJ^2)^1/2) / 2 + PE
    Total System Jitter     (TSJ):    0.071ns
    Discrete Jitter          (DJ):    0.312ns
    Phase Error              (PE):    0.000ns
  Clock Net Delay (Source):      3.002ns (routing 1.681ns, distribution 1.321ns)
  Clock Net Delay (Destination): 2.871ns (routing 1.538ns, distribution 1.333ns)

    Location             Delay type                Incr(ns)  Path(ns)    Netlist Resource(s)
  -------------------------------------------------------------------    -------------------
                         (clock clk_pl_0 rise edge)
                                                      0.000     0.000 r  
    PS8_X0Y0             PS8                          0.000     0.000 r  pccx_v002_system_i/zynq_ps/inst/PS8_i/PLCLK[0]
                         net (fo=1, routed)           0.229     0.229    pccx_v002_system_i/zynq_ps/inst/pl_clk_unbuffered[0]
    BUFG_PS_X0Y90        BUFG_PS (Prop_BUFG_PS_I_O)
                                                      0.038     0.267 r  pccx_v002_system_i/zynq_ps/inst/buffer_pl_clk_0.PL_CLK_0_BUFG/O
    X1Y1 (CLOCK_ROOT)    net (fo=82039, routed)       3.002     3.269    pccx_v002_system_i/u_npu/inst/u_wrap/u_pccx_npu_top/u_HP_buffer/u_hp1_weight_fifo/xpm_fifo_base_inst/rd_clk
    SLICE_X27Y40         FDRE                                         r  pccx_v002_system_i/u_npu/inst/u_wrap/u_pccx_npu_top/u_HP_buffer/u_hp1_weight_fifo/xpm_fifo_base_inst/gen_fwft.gdvld_fwft.data_valid_fwft_reg/C
  -------------------------------------------------------------------    -------------------
    SLICE_X27Y40         FDRE (Prop_DFF2_SLICEL_C_Q)
                                                      0.115     3.384 r  pccx_v002_system_i/u_npu/inst/u_wrap/u_pccx_npu_top/u_HP_buffer/u_hp1_weight_fifo/xpm_fifo_base_inst/gen_fwft.gdvld_fwft.data_valid_fwft_reg/Q
                         net (fo=7, routed)           0.898     4.282    pccx_v002_system_i/u_npu/inst/u_wrap/u_pccx_npu_top/u_systolic_engine/u_weight_unpacker/M_CORE_HP1_WEIGHT\\.tvalid
    SLICE_X43Y60         LUT4 (Prop_B6LUT_SLICEM_I2_O)
                                                      0.152     4.434 r  pccx_v002_system_i/u_npu/inst/u_wrap/u_pccx_npu_top/u_systolic_engine/u_weight_unpacker/pair_fire/O
                         net (fo=1024, routed)        6.296    10.729    pccx_v002_system_i/u_npu/inst/u_wrap/u_pccx_npu_top/u_systolic_engine/u_weight_unpacker/pair_fire__3
    SLICE_X47Y205        FDRE                                         r  pccx_v002_system_i/u_npu/inst/u_wrap/u_pccx_npu_top/u_systolic_engine/u_weight_unpacker/weight_valid_reg_rep__449/D
  -------------------------------------------------------------------    -------------------

                         (clock clk_pl_0 rise edge)
                                                     10.000    10.000 r  
    PS8_X0Y0             PS8                          0.000    10.000 r  pccx_v002_system_i/zynq_ps/inst/PS8_i/PLCLK[0]
                         net (fo=1, routed)           0.181    10.181    pccx_v002_system_i/zynq_ps/inst/pl_clk_unbuffered[0]
    BUFG_PS_X0Y90        BUFG_PS (Prop_BUFG_PS_I_O)
                                                      0.035    10.216 r  pccx_v002_system_i/zynq_ps/inst/buffer_pl_clk_0.PL_CLK_0_BUFG/O
    X1Y1 (CLOCK_ROOT)    net (fo=82039, routed)       2.871    13.087    pccx_v002_system_i/u_npu/inst/u_wrap/u_pccx_npu_top/u_systolic_engine/u_weight_unpacker/clk_core
    SLICE_X47Y205        FDRE                                         r  pccx_v002_system_i/u_npu/inst/u_wrap/u_pccx_npu_top/u_systolic_engine/u_weight_unpacker/weight_valid_reg_rep__449/C
                         clock pessimism              0.194    13.281    
                         clock uncertainty           -0.160    13.121    
    SLICE_X47Y205        FDRE (Setup_AFF2_SLICEL_C_D)
                                                      0.046    13.167    pccx_v002_system_i/u_npu/inst/u_wrap/u_pccx_npu_top/u_systolic_engine/u_weight_unpacker/weight_valid_reg_rep__449
  -------------------------------------------------------------------
                         required time                         13.167    
                         arrival time                         -10.729    
  -------------------------------------------------------------------
                         slack                                  2.437    

Slack (MET) :             2.497ns  (required time - arrival time)
  Source:                 pccx_v002_system_i/rst_axi/U0/ACTIVE_LOW_PR_OUT_DFF[0].FDRE_PER_N/C
                            (rising edge-triggered cell FDRE clocked by clk_pl_0  {rise@0.000ns fall@5.000ns period=10.000ns})
  Destination:            pccx_v002_system_i/u_npu/inst/u_wrap/u_pccx_npu_top/gen_norm[11].u_norm_seq/s3_new_exp_reg[0]/R
                            (rising edge-triggered cell FDRE clocked by clk_pl_0  {rise@0.000ns fall@5.000ns period=10.000ns})
  Path Group:             clk_pl_0
  Path Type:              Setup (Max at Slow Process Corner)
  Requirement:            10.000ns  (clk_pl_0 rise@10.000ns - clk_pl_0 rise@0.000ns)
  Data Path Delay:        7.057ns  (logic 0.301ns (4.265%)  route 6.756ns (95.735%))
  Logic Levels:           1  (LUT5=1)
  Clock Path Skew:        -0.167ns (DCD - SCD + CPR)
    Destination Clock Delay (DCD):    2.921ns = ( 12.921 - 10.000 ) 
    Source Clock Delay      (SCD):    3.286ns
    Clock Pessimism Removal (CPR):    0.197ns
  Clock Uncertainty:      0.160ns  ((TSJ^2 + DJ^2)^1/2) / 2 + PE
    Total System Jitter     (TSJ):    0.071ns
    Discrete Jitter          (DJ):    0.312ns
    Phase Error              (PE):    0.000ns
  Clock Net Delay (Source):      3.019ns (routing 1.681ns, distribution 1.338ns)
  Clock Net Delay (Destination): 2.705ns (routing 1.538ns, distribution 1.167ns)

    Location             Delay type                Incr(ns)  Path(ns)    Netlist Resource(s)
  -------------------------------------------------------------------    -------------------
                         (clock clk_pl_0 rise edge)
                                                      0.000     0.000 r  
    PS8_X0Y0             PS8                          0.000     0.000 r  pccx_v002_system_i/zynq_ps/inst/PS8_i/PLCLK[0]
                         net (fo=1, routed)           0.229     0.229    pccx_v002_system_i/zynq_ps/inst/pl_clk_unbuffered[0]
    BUFG_PS_X0Y90        BUFG_PS (Prop_BUFG_PS_I_O)
                                                      0.038     0.267 r  pccx_v002_system_i/zynq_ps/inst/buffer_pl_clk_0.PL_CLK_0_BUFG/O
    X1Y1 (CLOCK_ROOT)    net (fo=82039, routed)       3.019     3.286    pccx_v002_system_i/rst_axi/U0/slowest_sync_clk
    SLICE_X30Y57         FDRE                                         r  pccx_v002_system_i/rst_axi/U0/ACTIVE_LOW_PR_OUT_DFF[0].FDRE_PER_N/C
  -------------------------------------------------------------------    -------------------
    SLICE_X30Y57         FDRE (Prop_AFF_SLICEL_C_Q)
                                                      0.114     3.400 f  pccx_v002_system_i/rst_axi/U0/ACTIVE_LOW_PR_OUT_DFF[0].FDRE_PER_N/Q
                         net (fo=380, routed)         4.810     8.210    pccx_v002_system_i/u_npu/inst/u_wrap/u_pccx_npu_top/gen_norm[11].u_norm_seq/lopt
    SLICE_X36Y219        LUT5 (Prop_F6LUT_SLICEL_I4_O)
                                                      0.187     8.397 r  pccx_v002_system_i/u_npu/inst/u_wrap/u_pccx_npu_top/gen_norm[11].u_norm_seq/s3_mantissa[6]_i_1__7/O
                         net (fo=15, routed)          1.946    10.343    pccx_v002_system_i/u_npu/inst/u_wrap/u_pccx_npu_top/gen_norm[11].u_norm_seq/s3_mantissa[6]_i_1__7_n_0
    SLICE_X36Y80         FDRE                                         r  pccx_v002_system_i/u_npu/inst/u_wrap/u_pccx_npu_top/gen_norm[11].u_norm_seq/s3_new_exp_reg[0]/R
  -------------------------------------------------------------------    -------------------

                         (clock clk_pl_0 rise edge)
                                                     10.000    10.000 r  
    PS8_X0Y0             PS8                          0.000    10.000 r  pccx_v002_system_i/zynq_ps/inst/PS8_i/PLCLK[0]
                         net (fo=1, routed)           0.181    10.181    pccx_v002_system_i/zynq_ps/inst/pl_clk_unbuffered[0]
    BUFG_PS_X0Y90        BUFG_PS (Prop_BUFG_PS_I_O)
                                                      0.035    10.216 r  pccx_v002_system_i/zynq_ps/inst/buffer_pl_clk_0.PL_CLK_0_BUFG/O
    X1Y1 (CLOCK_ROOT)    net (fo=82039, routed)       2.705    12.921    pccx_v002_system_i/u_npu/inst/u_wrap/u_pccx_npu_top/gen_norm[11].u_norm_seq/clk_core
    SLICE_X36Y80         FDRE                                         r  pccx_v002_system_i/u_npu/inst/u_wrap/u_pccx_npu_top/gen_norm[11].u_norm_seq/s3_new_exp_reg[0]/C
                         clock pessimism              0.197    13.118    
                         clock uncertainty           -0.160    12.958    
    SLICE_X36Y80         FDRE (Setup_AFF_SLICEL_C_R)
                                                     -0.118    12.840    pccx_v002_system_i/u_npu/inst/u_wrap/u_pccx_npu_top/gen_norm[11].u_norm_seq/s3_new_exp_reg[0]
  -------------------------------------------------------------------
                         required time                         12.840    
                         arrival time                         -10.343    
  -------------------------------------------------------------------
                         slack                                  2.497    

Slack (MET) :             2.497ns  (required time - arrival time)
  Source:                 pccx_v002_system_i/rst_axi/U0/ACTIVE_LOW_PR_OUT_DFF[0].FDRE_PER_N/C
                            (rising edge-triggered cell FDRE clocked by clk_pl_0  {rise@0.000ns fall@5.000ns period=10.000ns})
  Destination:            pccx_v002_system_i/u_npu/inst/u_wrap/u_pccx_npu_top/gen_norm[11].u_norm_seq/s3_new_exp_reg[1]/R
                            (rising edge-triggered cell FDRE clocked by clk_pl_0  {rise@0.000ns fall@5.000ns period=10.000ns})
  Path Group:             clk_pl_0
  Path Type:              Setup (Max at Slow Process Corner)
  Requirement:            10.000ns  (clk_pl_0 rise@10.000ns - clk_pl_0 rise@0.000ns)
  Data Path Delay:        7.057ns  (logic 0.301ns (4.265%)  route 6.756ns (95.735%))
  Logic Levels:           1  (LUT5=1)
  Clock Path Skew:        -0.167ns (DCD - SCD + CPR)
    Destination Clock Delay (DCD):    2.921ns = ( 12.921 - 10.000 ) 
    Source Clock Delay      (SCD):    3.286ns
    Clock Pessimism Removal (CPR):    0.197ns
  Clock Uncertainty:      0.160ns  ((TSJ^2 + DJ^2)^1/2) / 2 + PE
    Total System Jitter     (TSJ):    0.071ns
    Discrete Jitter          (DJ):    0.312ns
    Phase Error              (PE):    0.000ns
  Clock Net Delay (Source):      3.019ns (routing 1.681ns, distribution 1.338ns)
  Clock Net Delay (Destination): 2.705ns (routing 1.538ns, distribution 1.167ns)

    Location             Delay type                Incr(ns)  Path(ns)    Netlist Resource(s)
  -------------------------------------------------------------------    -------------------
                         (clock clk_pl_0 rise edge)
                                                      0.000     0.000 r  
    PS8_X0Y0             PS8                          0.000     0.000 r  pccx_v002_system_i/zynq_ps/inst/PS8_i/PLCLK[0]
                         net (fo=1, routed)           0.229     0.229    pccx_v002_system_i/zynq_ps/inst/pl_clk_unbuffered[0]
    BUFG_PS_X0Y90        BUFG_PS (Prop_BUFG_PS_I_O)
                                                      0.038     0.267 r  pccx_v002_system_i/zynq_ps/inst/buffer_pl_clk_0.PL_CLK_0_BUFG/O
    X1Y1 (CLOCK_ROOT)    net (fo=82039, routed)       3.019     3.286    pccx_v002_system_i/rst_axi/U0/slowest_sync_clk
    SLICE_X30Y57         FDRE                                         r  pccx_v002_system_i/rst_axi/U0/ACTIVE_LOW_PR_OUT_DFF[0].FDRE_PER_N/C
  -------------------------------------------------------------------    -------------------
    SLICE_X30Y57         FDRE (Prop_AFF_SLICEL_C_Q)
                                                      0.114     3.400 f  pccx_v002_system_i/rst_axi/U0/ACTIVE_LOW_PR_OUT_DFF[0].FDRE_PER_N/Q
                         net (fo=380, routed)         4.810     8.210    pccx_v002_system_i/u_npu/inst/u_wrap/u_pccx_npu_top/gen_norm[11].u_norm_seq/lopt
    SLICE_X36Y219        LUT5 (Prop_F6LUT_SLICEL_I4_O)
                                                      0.187     8.397 r  pccx_v002_system_i/u_npu/inst/u_wrap/u_pccx_npu_top/gen_norm[11].u_norm_seq/s3_mantissa[6]_i_1__7/O
                         net (fo=15, routed)          1.946    10.343    pccx_v002_system_i/u_npu/inst/u_wrap/u_pccx_npu_top/gen_norm[11].u_norm_seq/s3_mantissa[6]_i_1__7_n_0
    SLICE_X36Y80         FDRE                                         r  pccx_v002_system_i/u_npu/inst/u_wrap/u_pccx_npu_top/gen_norm[11].u_norm_seq/s3_new_exp_reg[1]/R
  -------------------------------------------------------------------    -------------------

                         (clock clk_pl_0 rise edge)
                                                     10.000    10.000 r  
    PS8_X0Y0             PS8                          0.000    10.000 r  pccx_v002_system_i/zynq_ps/inst/PS8_i/PLCLK[0]
                         net (fo=1, routed)           0.181    10.181    pccx_v002_system_i/zynq_ps/inst/pl_clk_unbuffered[0]
    BUFG_PS_X0Y90        BUFG_PS (Prop_BUFG_PS_I_O)
                                                      0.035    10.216 r  pccx_v002_system_i/zynq_ps/inst/buffer_pl_clk_0.PL_CLK_0_BUFG/O
    X1Y1 (CLOCK_ROOT)    net (fo=82039, routed)       2.705    12.921    pccx_v002_system_i/u_npu/inst/u_wrap/u_pccx_npu_top/gen_norm[11].u_norm_seq/clk_core
    SLICE_X36Y80         FDRE                                         r  pccx_v002_system_i/u_npu/inst/u_wrap/u_pccx_npu_top/gen_norm[11].u_norm_seq/s3_new_exp_reg[1]/C
                         clock pessimism              0.197    13.118    
                         clock uncertainty           -0.160    12.958    
    SLICE_X36Y80         FDRE (Setup_BFF_SLICEL_C_R)
                                                     -0.118    12.840    pccx_v002_system_i/u_npu/inst/u_wrap/u_pccx_npu_top/gen_norm[11].u_norm_seq/s3_new_exp_reg[1]
  -------------------------------------------------------------------
                         required time                         12.840    
                         arrival time                         -10.343    
  -------------------------------------------------------------------
                         slack                                  2.497    

Slack (MET) :             2.497ns  (required time - arrival time)
  Source:                 pccx_v002_system_i/rst_axi/U0/ACTIVE_LOW_PR_OUT_DFF[0].FDRE_PER_N/C
                            (rising edge-triggered cell FDRE clocked by clk_pl_0  {rise@0.000ns fall@5.000ns period=10.000ns})
  Destination:            pccx_v002_system_i/u_npu/inst/u_wrap/u_pccx_npu_top/gen_norm[11].u_norm_seq/s3_new_exp_reg[2]/R
                            (rising edge-triggered cell FDRE clocked by clk_pl_0  {rise@0.000ns fall@5.000ns period=10.000ns})
  Path Group:             clk_pl_0
  Path Type:              Setup (Max at Slow Process Corner)
  Requirement:            10.000ns  (clk_pl_0 rise@10.000ns - clk_pl_0 rise@0.000ns)
  Data Path Delay:        7.057ns  (logic 0.301ns (4.265%)  route 6.756ns (95.735%))
  Logic Levels:           1  (LUT5=1)
  Clock Path Skew:        -0.167ns (DCD - SCD + CPR)
    Destination Clock Delay (DCD):    2.921ns = ( 12.921 - 10.000 ) 
    Source Clock Delay      (SCD):    3.286ns
    Clock Pessimism Removal (CPR):    0.197ns
  Clock Uncertainty:      0.160ns  ((TSJ^2 + DJ^2)^1/2) / 2 + PE
    Total System Jitter     (TSJ):    0.071ns
    Discrete Jitter          (DJ):    0.312ns
    Phase Error              (PE):    0.000ns
  Clock Net Delay (Source):      3.019ns (routing 1.681ns, distribution 1.338ns)
  Clock Net Delay (Destination): 2.705ns (routing 1.538ns, distribution 1.167ns)

    Location             Delay type                Incr(ns)  Path(ns)    Netlist Resource(s)
  -------------------------------------------------------------------    -------------------
                         (clock clk_pl_0 rise edge)
                                                      0.000     0.000 r  
    PS8_X0Y0             PS8                          0.000     0.000 r  pccx_v002_system_i/zynq_ps/inst/PS8_i/PLCLK[0]
                         net (fo=1, routed)           0.229     0.229    pccx_v002_system_i/zynq_ps/inst/pl_clk_unbuffered[0]
    BUFG_PS_X0Y90        BUFG_PS (Prop_BUFG_PS_I_O)
                                                      0.038     0.267 r  pccx_v002_system_i/zynq_ps/inst/buffer_pl_clk_0.PL_CLK_0_BUFG/O
    X1Y1 (CLOCK_ROOT)    net (fo=82039, routed)       3.019     3.286    pccx_v002_system_i/rst_axi/U0/slowest_sync_clk
    SLICE_X30Y57         FDRE                                         r  pccx_v002_system_i/rst_axi/U0/ACTIVE_LOW_PR_OUT_DFF[0].FDRE_PER_N/C
  -------------------------------------------------------------------    -------------------
    SLICE_X30Y57         FDRE (Prop_AFF_SLICEL_C_Q)
                                                      0.114     3.400 f  pccx_v002_system_i/rst_axi/U0/ACTIVE_LOW_PR_OUT_DFF[0].FDRE_PER_N/Q
                         net (fo=380, routed)         4.810     8.210    pccx_v002_system_i/u_npu/inst/u_wrap/u_pccx_npu_top/gen_norm[11].u_norm_seq/lopt
    SLICE_X36Y219        LUT5 (Prop_F6LUT_SLICEL_I4_O)
                                                      0.187     8.397 r  pccx_v002_system_i/u_npu/inst/u_wrap/u_pccx_npu_top/gen_norm[11].u_norm_seq/s3_mantissa[6]_i_1__7/O
                         net (fo=15, routed)          1.946    10.343    pccx_v002_system_i/u_npu/inst/u_wrap/u_pccx_npu_top/gen_norm[11].u_norm_seq/s3_mantissa[6]_i_1__7_n_0
    SLICE_X36Y80         FDRE                                         r  pccx_v002_system_i/u_npu/inst/u_wrap/u_pccx_npu_top/gen_norm[11].u_norm_seq/s3_new_exp_reg[2]/R
  -------------------------------------------------------------------    -------------------

                         (clock clk_pl_0 rise edge)
                                                     10.000    10.000 r  
    PS8_X0Y0             PS8                          0.000    10.000 r  pccx_v002_system_i/zynq_ps/inst/PS8_i/PLCLK[0]
                         net (fo=1, routed)           0.181    10.181    pccx_v002_system_i/zynq_ps/inst/pl_clk_unbuffered[0]
    BUFG_PS_X0Y90        BUFG_PS (Prop_BUFG_PS_I_O)
                                                      0.035    10.216 r  pccx_v002_system_i/zynq_ps/inst/buffer_pl_clk_0.PL_CLK_0_BUFG/O
    X1Y1 (CLOCK_ROOT)    net (fo=82039, routed)       2.705    12.921    pccx_v002_system_i/u_npu/inst/u_wrap/u_pccx_npu_top/gen_norm[11].u_norm_seq/clk_core
    SLICE_X36Y80         FDRE                                         r  pccx_v002_system_i/u_npu/inst/u_wrap/u_pccx_npu_top/gen_norm[11].u_norm_seq/s3_new_exp_reg[2]/C
                         clock pessimism              0.197    13.118    
                         clock uncertainty           -0.160    12.958    
    SLICE_X36Y80         FDRE (Setup_CFF_SLICEL_C_R)
                                                     -0.118    12.840    pccx_v002_system_i/u_npu/inst/u_wrap/u_pccx_npu_top/gen_norm[11].u_norm_seq/s3_new_exp_reg[2]
  -------------------------------------------------------------------
                         required time                         12.840    
                         arrival time                         -10.343    
  -------------------------------------------------------------------
                         slack                                  2.497    

Slack (MET) :             2.497ns  (required time - arrival time)
  Source:                 pccx_v002_system_i/rst_axi/U0/ACTIVE_LOW_PR_OUT_DFF[0].FDRE_PER_N/C
                            (rising edge-triggered cell FDRE clocked by clk_pl_0  {rise@0.000ns fall@5.000ns period=10.000ns})
  Destination:            pccx_v002_system_i/u_npu/inst/u_wrap/u_pccx_npu_top/gen_norm[11].u_norm_seq/s3_new_exp_reg[3]/R
                            (rising edge-triggered cell FDRE clocked by clk_pl_0  {rise@0.000ns fall@5.000ns period=10.000ns})
  Path Group:             clk_pl_0
  Path Type:              Setup (Max at Slow Process Corner)
  Requirement:            10.000ns  (clk_pl_0 rise@10.000ns - clk_pl_0 rise@0.000ns)
  Data Path Delay:        7.057ns  (logic 0.301ns (4.265%)  route 6.756ns (95.735%))
  Logic Levels:           1  (LUT5=1)
  Clock Path Skew:        -0.167ns (DCD - SCD + CPR)
    Destination Clock Delay (DCD):    2.921ns = ( 12.921 - 10.000 ) 
    Source Clock Delay      (SCD):    3.286ns
    Clock Pessimism Removal (CPR):    0.197ns
  Clock Uncertainty:      0.160ns  ((TSJ^2 + DJ^2)^1/2) / 2 + PE
    Total System Jitter     (TSJ):    0.071ns
    Discrete Jitter          (DJ):    0.312ns
    Phase Error              (PE):    0.000ns
  Clock Net Delay (Source):      3.019ns (routing 1.681ns, distribution 1.338ns)
  Clock Net Delay (Destination): 2.705ns (routing 1.538ns, distribution 1.167ns)

    Location             Delay type                Incr(ns)  Path(ns)    Netlist Resource(s)
  -------------------------------------------------------------------    -------------------
                         (clock clk_pl_0 rise edge)
                                                      0.000     0.000 r  
    PS8_X0Y0             PS8                          0.000     0.000 r  pccx_v002_system_i/zynq_ps/inst/PS8_i/PLCLK[0]
                         net (fo=1, routed)           0.229     0.229    pccx_v002_system_i/zynq_ps/inst/pl_clk_unbuffered[0]
    BUFG_PS_X0Y90        BUFG_PS (Prop_BUFG_PS_I_O)
                                                      0.038     0.267 r  pccx_v002_system_i/zynq_ps/inst/buffer_pl_clk_0.PL_CLK_0_BUFG/O
    X1Y1 (CLOCK_ROOT)    net (fo=82039, routed)       3.019     3.286    pccx_v002_system_i/rst_axi/U0/slowest_sync_clk
    SLICE_X30Y57         FDRE                                         r  pccx_v002_system_i/rst_axi/U0/ACTIVE_LOW_PR_OUT_DFF[0].FDRE_PER_N/C
  -------------------------------------------------------------------    -------------------
    SLICE_X30Y57         FDRE (Prop_AFF_SLICEL_C_Q)
                                                      0.114     3.400 f  pccx_v002_system_i/rst_axi/U0/ACTIVE_LOW_PR_OUT_DFF[0].FDRE_PER_N/Q
                         net (fo=380, routed)         4.810     8.210    pccx_v002_system_i/u_npu/inst/u_wrap/u_pccx_npu_top/gen_norm[11].u_norm_seq/lopt
    SLICE_X36Y219        LUT5 (Prop_F6LUT_SLICEL_I4_O)
                                                      0.187     8.397 r  pccx_v002_system_i/u_npu/inst/u_wrap/u_pccx_npu_top/gen_norm[11].u_norm_seq/s3_mantissa[6]_i_1__7/O
                         net (fo=15, routed)          1.946    10.343    pccx_v002_system_i/u_npu/inst/u_wrap/u_pccx_npu_top/gen_norm[11].u_norm_seq/s3_mantissa[6]_i_1__7_n_0
    SLICE_X36Y80         FDRE                                         r  pccx_v002_system_i/u_npu/inst/u_wrap/u_pccx_npu_top/gen_norm[11].u_norm_seq/s3_new_exp_reg[3]/R
  -------------------------------------------------------------------    -------------------

                         (clock clk_pl_0 rise edge)
                                                     10.000    10.000 r  
    PS8_X0Y0             PS8                          0.000    10.000 r  pccx_v002_system_i/zynq_ps/inst/PS8_i/PLCLK[0]
                         net (fo=1, routed)           0.181    10.181    pccx_v002_system_i/zynq_ps/inst/pl_clk_unbuffered[0]
    BUFG_PS_X0Y90        BUFG_PS (Prop_BUFG_PS_I_O)
                                                      0.035    10.216 r  pccx_v002_system_i/zynq_ps/inst/buffer_pl_clk_0.PL_CLK_0_BUFG/O
    X1Y1 (CLOCK_ROOT)    net (fo=82039, routed)       2.705    12.921    pccx_v002_system_i/u_npu/inst/u_wrap/u_pccx_npu_top/gen_norm[11].u_norm_seq/clk_core
    SLICE_X36Y80         FDRE                                         r  pccx_v002_system_i/u_npu/inst/u_wrap/u_pccx_npu_top/gen_norm[11].u_norm_seq/s3_new_exp_reg[3]/C
                         clock pessimism              0.197    13.118    
                         clock uncertainty           -0.160    12.958    
    SLICE_X36Y80         FDRE (Setup_DFF_SLICEL_C_R)
                                                     -0.118    12.840    pccx_v002_system_i/u_npu/inst/u_wrap/u_pccx_npu_top/gen_norm[11].u_norm_seq/s3_new_exp_reg[3]
  -------------------------------------------------------------------
                         required time                         12.840    
                         arrival time                         -10.343    
  -------------------------------------------------------------------
                         slack                                  2.497    

Slack (MET) :             2.499ns  (required time - arrival time)
  Source:                 pccx_v002_system_i/rst_axi/U0/ACTIVE_LOW_PR_OUT_DFF[0].FDRE_PER_N/C
                            (rising edge-triggered cell FDRE clocked by clk_pl_0  {rise@0.000ns fall@5.000ns period=10.000ns})
  Destination:            pccx_v002_system_i/u_npu/inst/u_wrap/u_pccx_npu_top/gen_norm[11].u_norm_seq/s3_new_exp_reg[4]/R
                            (rising edge-triggered cell FDRE clocked by clk_pl_0  {rise@0.000ns fall@5.000ns period=10.000ns})
  Path Group:             clk_pl_0
  Path Type:              Setup (Max at Slow Process Corner)
  Requirement:            10.000ns  (clk_pl_0 rise@10.000ns - clk_pl_0 rise@0.000ns)
  Data Path Delay:        7.057ns  (logic 0.301ns (4.265%)  route 6.756ns (95.735%))
  Logic Levels:           1  (LUT5=1)
  Clock Path Skew:        -0.164ns (DCD - SCD + CPR)
    Destination Clock Delay (DCD):    2.924ns = ( 12.924 - 10.000 ) 
    Source Clock Delay      (SCD):    3.286ns
    Clock Pessimism Removal (CPR):    0.197ns
  Clock Uncertainty:      0.160ns  ((TSJ^2 + DJ^2)^1/2) / 2 + PE
    Total System Jitter     (TSJ):    0.071ns
    Discrete Jitter          (DJ):    0.312ns
    Phase Error              (PE):    0.000ns
  Clock Net Delay (Source):      3.019ns (routing 1.681ns, distribution 1.338ns)
  Clock Net Delay (Destination): 2.708ns (routing 1.538ns, distribution 1.170ns)

    Location             Delay type                Incr(ns)  Path(ns)    Netlist Resource(s)
  -------------------------------------------------------------------    -------------------
                         (clock clk_pl_0 rise edge)
                                                      0.000     0.000 r  
    PS8_X0Y0             PS8                          0.000     0.000 r  pccx_v002_system_i/zynq_ps/inst/PS8_i/PLCLK[0]
                         net (fo=1, routed)           0.229     0.229    pccx_v002_system_i/zynq_ps/inst/pl_clk_unbuffered[0]
    BUFG_PS_X0Y90        BUFG_PS (Prop_BUFG_PS_I_O)
                                                      0.038     0.267 r  pccx_v002_system_i/zynq_ps/inst/buffer_pl_clk_0.PL_CLK_0_BUFG/O
    X1Y1 (CLOCK_ROOT)    net (fo=82039, routed)       3.019     3.286    pccx_v002_system_i/rst_axi/U0/slowest_sync_clk
    SLICE_X30Y57         FDRE                                         r  pccx_v002_system_i/rst_axi/U0/ACTIVE_LOW_PR_OUT_DFF[0].FDRE_PER_N/C
  -------------------------------------------------------------------    -------------------
    SLICE_X30Y57         FDRE (Prop_AFF_SLICEL_C_Q)
                                                      0.114     3.400 f  pccx_v002_system_i/rst_axi/U0/ACTIVE_LOW_PR_OUT_DFF[0].FDRE_PER_N/Q
                         net (fo=380, routed)         4.810     8.210    pccx_v002_system_i/u_npu/inst/u_wrap/u_pccx_npu_top/gen_norm[11].u_norm_seq/lopt
    SLICE_X36Y219        LUT5 (Prop_F6LUT_SLICEL_I4_O)
                                                      0.187     8.397 r  pccx_v002_system_i/u_npu/inst/u_wrap/u_pccx_npu_top/gen_norm[11].u_norm_seq/s3_mantissa[6]_i_1__7/O
                         net (fo=15, routed)          1.946    10.343    pccx_v002_system_i/u_npu/inst/u_wrap/u_pccx_npu_top/gen_norm[11].u_norm_seq/s3_mantissa[6]_i_1__7_n_0
    SLICE_X36Y80         FDRE                                         r  pccx_v002_system_i/u_npu/inst/u_wrap/u_pccx_npu_top/gen_norm[11].u_norm_seq/s3_new_exp_reg[4]/R
  -------------------------------------------------------------------    -------------------

                         (clock clk_pl_0 rise edge)
                                                     10.000    10.000 r  
    PS8_X0Y0             PS8                          0.000    10.000 r  pccx_v002_system_i/zynq_ps/inst/PS8_i/PLCLK[0]
                         net (fo=1, routed)           0.181    10.181    pccx_v002_system_i/zynq_ps/inst/pl_clk_unbuffered[0]
    BUFG_PS_X0Y90        BUFG_PS (Prop_BUFG_PS_I_O)
                                                      0.035    10.216 r  pccx_v002_system_i/zynq_ps/inst/buffer_pl_clk_0.PL_CLK_0_BUFG/O
    X1Y1 (CLOCK_ROOT)    net (fo=82039, routed)       2.708    12.924    pccx_v002_system_i/u_npu/inst/u_wrap/u_pccx_npu_top/gen_norm[11].u_norm_seq/clk_core
    SLICE_X36Y80         FDRE                                         r  pccx_v002_system_i/u_npu/inst/u_wrap/u_pccx_npu_top/gen_norm[11].u_norm_seq/s3_new_exp_reg[4]/C
                         clock pessimism              0.197    13.121    
                         clock uncertainty           -0.160    12.961    
    SLICE_X36Y80         FDRE (Setup_EFF_SLICEL_C_R)
                                                     -0.119    12.842    pccx_v002_system_i/u_npu/inst/u_wrap/u_pccx_npu_top/gen_norm[11].u_norm_seq/s3_new_exp_reg[4]
  -------------------------------------------------------------------
                         required time                         12.842    
                         arrival time                         -10.343    
  -------------------------------------------------------------------
                         slack                                  2.499    





Min Delay Paths
--------------------------------------------------------------------------------------
Slack (MET) :             0.010ns  (arrival time - required time)
  Source:                 pccx_v002_system_i/u_npu/inst/u_wrap/u_pccx_npu_top/u_systolic_engine/u_weight_unpacker/weight_upper_reg[21][2]/C
                            (rising edge-triggered cell FDRE clocked by clk_pl_0  {rise@0.000ns fall@5.000ns period=10.000ns})
  Destination:            pccx_v002_system_i/u_npu/inst/u_wrap/u_pccx_npu_top/u_systolic_engine/u_compute_core/gemm_row_loop[21].gemm_col_loop[0].normal_row.dsp_unit/w_upper_reg_reg[2]/D
                            (rising edge-triggered cell FDRE clocked by clk_pl_0  {rise@0.000ns fall@5.000ns period=10.000ns})
  Path Group:             clk_pl_0
  Path Type:              Hold (Min at Slow Process Corner)
  Requirement:            0.000ns  (clk_pl_0 rise@0.000ns - clk_pl_0 rise@0.000ns)
  Data Path Delay:        0.204ns  (logic 0.115ns (56.373%)  route 0.089ns (43.627%))
  Logic Levels:           0  
  Clock Path Skew:        0.091ns (DCD - SCD - CPR)
    Destination Clock Delay (DCD):    3.430ns
    Source Clock Delay      (SCD):    3.090ns
    Clock Pessimism Removal (CPR):    0.248ns
  Clock Net Delay (Source):      2.874ns (routing 1.538ns, distribution 1.336ns)
  Clock Net Delay (Destination): 3.163ns (routing 1.681ns, distribution 1.482ns)

    Location             Delay type                Incr(ns)  Path(ns)    Netlist Resource(s)
  -------------------------------------------------------------------    -------------------
                         (clock clk_pl_0 rise edge)
                                                      0.000     0.000 r  
    PS8_X0Y0             PS8                          0.000     0.000 r  pccx_v002_system_i/zynq_ps/inst/PS8_i/PLCLK[0]
                         net (fo=1, routed)           0.181     0.181    pccx_v002_system_i/zynq_ps/inst/pl_clk_unbuffered[0]
    BUFG_PS_X0Y90        BUFG_PS (Prop_BUFG_PS_I_O)
                                                      0.035     0.216 r  pccx_v002_system_i/zynq_ps/inst/buffer_pl_clk_0.PL_CLK_0_BUFG/O
    X1Y1 (CLOCK_ROOT)    net (fo=82039, routed)       2.874     3.090    pccx_v002_system_i/u_npu/inst/u_wrap/u_pccx_npu_top/u_systolic_engine/u_weight_unpacker/clk_core
    SLICE_X50Y74         FDRE                                         r  pccx_v002_system_i/u_npu/inst/u_wrap/u_pccx_npu_top/u_systolic_engine/u_weight_unpacker/weight_upper_reg[21][2]/C
  -------------------------------------------------------------------    -------------------
    SLICE_X50Y74         FDRE (Prop_DFF2_SLICEL_C_Q)
                                                      0.115     3.205 r  pccx_v002_system_i/u_npu/inst/u_wrap/u_pccx_npu_top/u_systolic_engine/u_weight_unpacker/weight_upper_reg[21][2]/Q
                         net (fo=1, routed)           0.089     3.294    pccx_v002_system_i/u_npu/inst/u_wrap/u_pccx_npu_top/u_systolic_engine/u_compute_core/gemm_row_loop[21].gemm_col_loop[0].normal_row.dsp_unit/w_upper_reg_reg[3]_2[2]
    SLICE_X49Y74         FDRE                                         r  pccx_v002_system_i/u_npu/inst/u_wrap/u_pccx_npu_top/u_systolic_engine/u_compute_core/gemm_row_loop[21].gemm_col_loop[0].normal_row.dsp_unit/w_upper_reg_reg[2]/D
  -------------------------------------------------------------------    -------------------

                         (clock clk_pl_0 rise edge)
                                                      0.000     0.000 r  
    PS8_X0Y0             PS8                          0.000     0.000 r  pccx_v002_system_i/zynq_ps/inst/PS8_i/PLCLK[0]
                         net (fo=1, routed)           0.229     0.229    pccx_v002_system_i/zynq_ps/inst/pl_clk_unbuffered[0]
    BUFG_PS_X0Y90        BUFG_PS (Prop_BUFG_PS_I_O)
                                                      0.038     0.267 r  pccx_v002_system_i/zynq_ps/inst/buffer_pl_clk_0.PL_CLK_0_BUFG/O
    X1Y1 (CLOCK_ROOT)    net (fo=82039, routed)       3.163     3.430    pccx_v002_system_i/u_npu/inst/u_wrap/u_pccx_npu_top/u_systolic_engine/u_compute_core/gemm_row_loop[21].gemm_col_loop[0].normal_row.dsp_unit/clk_core
    SLICE_X49Y74         FDRE                                         r  pccx_v002_system_i/u_npu/inst/u_wrap/u_pccx_npu_top/u_systolic_engine/u_compute_core/gemm_row_loop[21].gemm_col_loop[0].normal_row.dsp_unit/w_upper_reg_reg[2]/C
                         clock pessimism             -0.248     3.182    
    SLICE_X49Y74         FDRE (Hold_HFF2_SLICEL_C_D)
                                                      0.103     3.285    pccx_v002_system_i/u_npu/inst/u_wrap/u_pccx_npu_top/u_systolic_engine/u_compute_core/gemm_row_loop[21].gemm_col_loop[0].normal_row.dsp_unit/w_upper_reg_reg[2]
  -------------------------------------------------------------------
                         required time                         -3.285    
                         arrival time                           3.294    
  -------------------------------------------------------------------
                         slack                                  0.010    

Slack (MET) :             0.010ns  (arrival time - required time)
  Source:                 pccx_v002_system_i/u_npu/inst/u_wrap/u_pccx_npu_top/u_systolic_engine/u_compute_core/v_delay_row[23].v_delay_col[8].gemm_in_V_fabric_reg[24][8][4]/C
                            (rising edge-triggered cell FDRE clocked by clk_pl_0  {rise@0.000ns fall@5.000ns period=10.000ns})
  Destination:            pccx_v002_system_i/u_npu/inst/u_wrap/u_pccx_npu_top/u_systolic_engine/u_compute_core/v_delay_row[24].v_delay_col[8].gemm_in_V_fabric_reg[25][8][4]/D
                            (rising edge-triggered cell FDRE clocked by clk_pl_0  {rise@0.000ns fall@5.000ns period=10.000ns})
  Path Group:             clk_pl_0
  Path Type:              Hold (Min at Slow Process Corner)
  Requirement:            0.000ns  (clk_pl_0 rise@0.000ns - clk_pl_0 rise@0.000ns)
  Data Path Delay:        0.242ns  (logic 0.112ns (46.281%)  route 0.130ns (53.719%))
  Logic Levels:           0  
  Clock Path Skew:        0.129ns (DCD - SCD - CPR)
    Destination Clock Delay (DCD):    3.506ns
    Source Clock Delay      (SCD):    3.124ns
    Clock Pessimism Removal (CPR):    0.252ns
  Clock Net Delay (Source):      2.908ns (routing 1.538ns, distribution 1.370ns)
  Clock Net Delay (Destination): 3.239ns (routing 1.681ns, distribution 1.558ns)

    Location             Delay type                Incr(ns)  Path(ns)    Netlist Resource(s)
  -------------------------------------------------------------------    -------------------
                         (clock clk_pl_0 rise edge)
                                                      0.000     0.000 r  
    PS8_X0Y0             PS8                          0.000     0.000 r  pccx_v002_system_i/zynq_ps/inst/PS8_i/PLCLK[0]
                         net (fo=1, routed)           0.181     0.181    pccx_v002_system_i/zynq_ps/inst/pl_clk_unbuffered[0]
    BUFG_PS_X0Y90        BUFG_PS (Prop_BUFG_PS_I_O)
                                                      0.035     0.216 r  pccx_v002_system_i/zynq_ps/inst/buffer_pl_clk_0.PL_CLK_0_BUFG/O
    X1Y1 (CLOCK_ROOT)    net (fo=82039, routed)       2.908     3.124    pccx_v002_system_i/u_npu/inst/u_wrap/u_pccx_npu_top/u_systolic_engine/u_compute_core/clk_core
    SLICE_X57Y145        FDRE                                         r  pccx_v002_system_i/u_npu/inst/u_wrap/u_pccx_npu_top/u_systolic_engine/u_compute_core/v_delay_row[23].v_delay_col[8].gemm_in_V_fabric_reg[24][8][4]/C
  -------------------------------------------------------------------    -------------------
    SLICE_X57Y145        FDRE (Prop_HFF_SLICEL_C_Q)
                                                      0.112     3.236 r  pccx_v002_system_i/u_npu/inst/u_wrap/u_pccx_npu_top/u_systolic_engine/u_compute_core/v_delay_row[23].v_delay_col[8].gemm_in_V_fabric_reg[24][8][4]/Q
                         net (fo=1, routed)           0.130     3.366    pccx_v002_system_i/u_npu/inst/u_wrap/u_pccx_npu_top/u_systolic_engine/u_compute_core/v_delay_row[23].v_delay_col[8].gemm_in_V_fabric_reg[24][8]_4810[4]
    SLICE_X59Y147        FDRE                                         r  pccx_v002_system_i/u_npu/inst/u_wrap/u_pccx_npu_top/u_systolic_engine/u_compute_core/v_delay_row[24].v_delay_col[8].gemm_in_V_fabric_reg[25][8][4]/D
  -------------------------------------------------------------------    -------------------

                         (clock clk_pl_0 rise edge)
                                                      0.000     0.000 r  
    PS8_X0Y0             PS8                          0.000     0.000 r  pccx_v002_system_i/zynq_ps/inst/PS8_i/PLCLK[0]
                         net (fo=1, routed)           0.229     0.229    pccx_v002_system_i/zynq_ps/inst/pl_clk_unbuffered[0]
    BUFG_PS_X0Y90        BUFG_PS (Prop_BUFG_PS_I_O)
                                                      0.038     0.267 r  pccx_v002_system_i/zynq_ps/inst/buffer_pl_clk_0.PL_CLK_0_BUFG/O
    X1Y1 (CLOCK_ROOT)    net (fo=82039, routed)       3.239     3.506    pccx_v002_system_i/u_npu/inst/u_wrap/u_pccx_npu_top/u_systolic_engine/u_compute_core/clk_core
    SLICE_X59Y147        FDRE                                         r  pccx_v002_system_i/u_npu/inst/u_wrap/u_pccx_npu_top/u_systolic_engine/u_compute_core/v_delay_row[24].v_delay_col[8].gemm_in_V_fabric_reg[25][8][4]/C
                         clock pessimism             -0.252     3.253    
    SLICE_X59Y147        FDRE (Hold_FFF2_SLICEL_C_D)
                                                      0.103     3.356    pccx_v002_system_i/u_npu/inst/u_wrap/u_pccx_npu_top/u_systolic_engine/u_compute_core/v_delay_row[24].v_delay_col[8].gemm_in_V_fabric_reg[25][8][4]
  -------------------------------------------------------------------
                         required time                         -3.356    
                         arrival time                           3.366    
  -------------------------------------------------------------------
                         slack                                  0.010    

Slack (MET) :             0.010ns  (arrival time - required time)
  Source:                 pccx_v002_system_i/sc_hp0_stage0/inst/s00_entry_pipeline/s00_mmu/inst/r_sreg/m_vector_i_reg[1112]/C
                            (rising edge-triggered cell FDRE clocked by clk_pl_0  {rise@0.000ns fall@5.000ns period=10.000ns})
  Destination:            pccx_v002_system_i/weight_dm_hp0/U0/GEN_MM2S_FULL.I_MM2S_FULL_WRAPPER/GEN_INCLUDE_MM2S_SF.I_RD_SF/I_DATA_FIFO/BLK_MEM.I_SYNC_FIFOGEN_FIFO/xpm_fifo_base_inst/gen_sdpram.xpm_memory_base_inst/gen_wr_a.gen_word_narrow.mem_reg_0/DINBDIN[21]
                            (rising edge-triggered cell RAMB36E2 clocked by clk_pl_0  {rise@0.000ns fall@5.000ns period=10.000ns})
  Path Group:             clk_pl_0
  Path Type:              Hold (Min at Slow Process Corner)
  Requirement:            0.000ns  (clk_pl_0 rise@0.000ns - clk_pl_0 rise@0.000ns)
  Data Path Delay:        0.216ns  (logic 0.112ns (51.852%)  route 0.104ns (48.148%))
  Logic Levels:           0  
  Clock Path Skew:        0.254ns (DCD - SCD - CPR)
    Destination Clock Delay (DCD):    3.548ns
    Source Clock Delay      (SCD):    3.041ns
    Clock Pessimism Removal (CPR):    0.252ns
  Clock Net Delay (Source):      2.825ns (routing 1.538ns, distribution 1.287ns)
  Clock Net Delay (Destination): 3.281ns (routing 1.681ns, distribution 1.600ns)

    Location             Delay type                Incr(ns)  Path(ns)    Netlist Resource(s)
  -------------------------------------------------------------------    -------------------
                         (clock clk_pl_0 rise edge)
                                                      0.000     0.000 r  
    PS8_X0Y0             PS8                          0.000     0.000 r  pccx_v002_system_i/zynq_ps/inst/PS8_i/PLCLK[0]
                         net (fo=1, routed)           0.181     0.181    pccx_v002_system_i/zynq_ps/inst/pl_clk_unbuffered[0]
    BUFG_PS_X0Y90        BUFG_PS (Prop_BUFG_PS_I_O)
                                                      0.035     0.216 r  pccx_v002_system_i/zynq_ps/inst/buffer_pl_clk_0.PL_CLK_0_BUFG/O
    X1Y1 (CLOCK_ROOT)    net (fo=82039, routed)       2.825     3.041    pccx_v002_system_i/sc_hp0_stage0/inst/s00_entry_pipeline/s00_mmu/inst/r_sreg/aclk
    SLICE_X45Y108        FDRE                                         r  pccx_v002_system_i/sc_hp0_stage0/inst/s00_entry_pipeline/s00_mmu/inst/r_sreg/m_vector_i_reg[1112]/C
  -------------------------------------------------------------------    -------------------
    SLICE_X45Y108        FDRE (Prop_GFF_SLICEM_C_Q)
                                                      0.112     3.153 r  pccx_v002_system_i/sc_hp0_stage0/inst/s00_entry_pipeline/s00_mmu/inst/r_sreg/m_vector_i_reg[1112]/Q
                         net (fo=1, routed)           0.104     3.257    pccx_v002_system_i/weight_dm_hp0/U0/GEN_MM2S_FULL.I_MM2S_FULL_WRAPPER/GEN_INCLUDE_MM2S_SF.I_RD_SF/I_DATA_FIFO/BLK_MEM.I_SYNC_FIFOGEN_FIFO/xpm_fifo_base_inst/gen_sdpram.xpm_memory_base_inst/dina[53]
    RAMB36_X1Y21         RAMB36E2                                     r  pccx_v002_system_i/weight_dm_hp0/U0/GEN_MM2S_FULL.I_MM2S_FULL_WRAPPER/GEN_INCLUDE_MM2S_SF.I_RD_SF/I_DATA_FIFO/BLK_MEM.I_SYNC_FIFOGEN_FIFO/xpm_fifo_base_inst/gen_sdpram.xpm_memory_base_inst/gen_wr_a.gen_word_narrow.mem_reg_0/DINBDIN[21]
  -------------------------------------------------------------------    -------------------

                         (clock clk_pl_0 rise edge)
                                                      0.000     0.000 r  
    PS8_X0Y0             PS8                          0.000     0.000 r  pccx_v002_system_i/zynq_ps/inst/PS8_i/PLCLK[0]
                         net (fo=1, routed)           0.229     0.229    pccx_v002_system_i/zynq_ps/inst/pl_clk_unbuffered[0]
    BUFG_PS_X0Y90        BUFG_PS (Prop_BUFG_PS_I_O)
                                                      0.038     0.267 r  pccx_v002_system_i/zynq_ps/inst/buffer_pl_clk_0.PL_CLK_0_BUFG/O
    X1Y1 (CLOCK_ROOT)    net (fo=82039, routed)       3.281     3.548    pccx_v002_system_i/weight_dm_hp0/U0/GEN_MM2S_FULL.I_MM2S_FULL_WRAPPER/GEN_INCLUDE_MM2S_SF.I_RD_SF/I_DATA_FIFO/BLK_MEM.I_SYNC_FIFOGEN_FIFO/xpm_fifo_base_inst/gen_sdpram.xpm_memory_base_inst/clka
    RAMB36_X1Y21         RAMB36E2                                     r  pccx_v002_system_i/weight_dm_hp0/U0/GEN_MM2S_FULL.I_MM2S_FULL_WRAPPER/GEN_INCLUDE_MM2S_SF.I_RD_SF/I_DATA_FIFO/BLK_MEM.I_SYNC_FIFOGEN_FIFO/xpm_fifo_base_inst/gen_sdpram.xpm_memory_base_inst/gen_wr_a.gen_word_narrow.mem_reg_0/CLKBWRCLK
                         clock pessimism             -0.252     3.295    
    RAMB36_X1Y21         RAMB36E2 (Hold_RAMB36E2_RAMB36_CLKBWRCLK_DINBDIN[21])
                                                     -0.048     3.247    pccx_v002_system_i/weight_dm_hp0/U0/GEN_MM2S_FULL.I_MM2S_FULL_WRAPPER/GEN_INCLUDE_MM2S_SF.I_RD_SF/I_DATA_FIFO/BLK_MEM.I_SYNC_FIFOGEN_FIFO/xpm_fifo_base_inst/gen_sdpram.xpm_memory_base_inst/gen_wr_a.gen_word_narrow.mem_reg_0
  -------------------------------------------------------------------
                         required time                         -3.247    
                         arrival time                           3.257    
  -------------------------------------------------------------------
                         slack                                  0.010    

Slack (MET) :             0.010ns  (arrival time - required time)
  Source:                 pccx_v002_system_i/sc_axil/inst/s00_nodes/s00_w_node/inst/inst_mi_handler/gen_normal_area.inst_fifo_node_payld/gen_xpm_memory_fifo.inst_fifo/gen_mem_rep[0].inst_xpm_memory/xpm_memory_base_inst/gen_rd_b.gen_rd_b_synth_template.gen_rf_narrow_reg.doutb_reg_reg[33]/C
                            (rising edge-triggered cell FDRE clocked by clk_pl_0  {rise@0.000ns fall@5.000ns period=10.000ns})
  Destination:            pccx_v002_system_i/sc_axil/inst/switchboards/w_switchboard/inst/gen_mi[0].inst_opipe_payld/gen_pipe[1].pipe_reg[1][33]/D
                            (rising edge-triggered cell FDRE clocked by clk_pl_0  {rise@0.000ns fall@5.000ns period=10.000ns})
  Path Group:             clk_pl_0
  Path Type:              Hold (Min at Slow Process Corner)
  Requirement:            0.000ns  (clk_pl_0 rise@0.000ns - clk_pl_0 rise@0.000ns)
  Data Path Delay:        0.221ns  (logic 0.112ns (50.679%)  route 0.109ns (49.321%))
  Logic Levels:           0  
  Clock Path Skew:        0.110ns (DCD - SCD - CPR)
    Destination Clock Delay (DCD):    3.496ns
    Source Clock Delay      (SCD):    3.134ns
    Clock Pessimism Removal (CPR):    0.251ns
  Clock Net Delay (Source):      2.918ns (routing 1.538ns, distribution 1.380ns)
  Clock Net Delay (Destination): 3.229ns (routing 1.681ns, distribution 1.548ns)

    Location             Delay type                Incr(ns)  Path(ns)    Netlist Resource(s)
  -------------------------------------------------------------------    -------------------
                         (clock clk_pl_0 rise edge)
                                                      0.000     0.000 r  
    PS8_X0Y0             PS8                          0.000     0.000 r  pccx_v002_system_i/zynq_ps/inst/PS8_i/PLCLK[0]
                         net (fo=1, routed)           0.181     0.181    pccx_v002_system_i/zynq_ps/inst/pl_clk_unbuffered[0]
    BUFG_PS_X0Y90        BUFG_PS (Prop_BUFG_PS_I_O)
                                                      0.035     0.216 r  pccx_v002_system_i/zynq_ps/inst/buffer_pl_clk_0.PL_CLK_0_BUFG/O
    X1Y1 (CLOCK_ROOT)    net (fo=82039, routed)       2.918     3.134    pccx_v002_system_i/sc_axil/inst/s00_nodes/s00_w_node/inst/inst_mi_handler/gen_normal_area.inst_fifo_node_payld/gen_xpm_memory_fifo.inst_fifo/gen_mem_rep[0].inst_xpm_memory/xpm_memory_base_inst/clka
    SLICE_X13Y106        FDRE                                         r  pccx_v002_system_i/sc_axil/inst/s00_nodes/s00_w_node/inst/inst_mi_handler/gen_normal_area.inst_fifo_node_payld/gen_xpm_memory_fifo.inst_fifo/gen_mem_rep[0].inst_xpm_memory/xpm_memory_base_inst/gen_rd_b.gen_rd_b_synth_template.gen_rf_narrow_reg.doutb_reg_reg[33]/C
  -------------------------------------------------------------------    -------------------
    SLICE_X13Y106        FDRE (Prop_CFF_SLICEM_C_Q)
                                                      0.112     3.246 r  pccx_v002_system_i/sc_axil/inst/s00_nodes/s00_w_node/inst/inst_mi_handler/gen_normal_area.inst_fifo_node_payld/gen_xpm_memory_fifo.inst_fifo/gen_mem_rep[0].inst_xpm_memory/xpm_memory_base_inst/gen_rd_b.gen_rd_b_synth_template.gen_rf_narrow_reg.doutb_reg_reg[33]/Q
                         net (fo=1, routed)           0.109     3.355    pccx_v002_system_i/sc_axil/inst/switchboards/w_switchboard/inst/gen_mi[0].inst_opipe_payld/s_sc_payld[21]
    SLICE_X15Y106        FDRE                                         r  pccx_v002_system_i/sc_axil/inst/switchboards/w_switchboard/inst/gen_mi[0].inst_opipe_payld/gen_pipe[1].pipe_reg[1][33]/D
  -------------------------------------------------------------------    -------------------

                         (clock clk_pl_0 rise edge)
                                                      0.000     0.000 r  
    PS8_X0Y0             PS8                          0.000     0.000 r  pccx_v002_system_i/zynq_ps/inst/PS8_i/PLCLK[0]
                         net (fo=1, routed)           0.229     0.229    pccx_v002_system_i/zynq_ps/inst/pl_clk_unbuffered[0]
    BUFG_PS_X0Y90        BUFG_PS (Prop_BUFG_PS_I_O)
                                                      0.038     0.267 r  pccx_v002_system_i/zynq_ps/inst/buffer_pl_clk_0.PL_CLK_0_BUFG/O
    X1Y1 (CLOCK_ROOT)    net (fo=82039, routed)       3.229     3.496    pccx_v002_system_i/sc_axil/inst/switchboards/w_switchboard/inst/gen_mi[0].inst_opipe_payld/aclk
    SLICE_X15Y106        FDRE                                         r  pccx_v002_system_i/sc_axil/inst/switchboards/w_switchboard/inst/gen_mi[0].inst_opipe_payld/gen_pipe[1].pipe_reg[1][33]/C
                         clock pessimism             -0.251     3.244    
    SLICE_X15Y106        FDRE (Hold_BFF_SLICEL_C_D)
                                                      0.101     3.345    pccx_v002_system_i/sc_axil/inst/switchboards/w_switchboard/inst/gen_mi[0].inst_opipe_payld/gen_pipe[1].pipe_reg[1][33]
  -------------------------------------------------------------------
                         required time                         -3.345    
                         arrival time                           3.355    
  -------------------------------------------------------------------
                         slack                                  0.010    

Slack (MET) :             0.010ns  (arrival time - required time)
  Source:                 pccx_v002_system_i/u_npu/inst/u_wrap/u_pccx_npu_top/u_systolic_engine/u_compute_core/v_delay_row[15].v_delay_col[21].gemm_in_V_fabric_reg[16][21][0]/C
                            (rising edge-triggered cell FDRE clocked by clk_pl_0  {rise@0.000ns fall@5.000ns period=10.000ns})
  Destination:            pccx_v002_system_i/u_npu/inst/u_wrap/u_pccx_npu_top/u_systolic_engine/u_compute_core/v_delay_row[16].v_delay_col[21].gemm_in_V_fabric_reg[17][21][0]/D
                            (rising edge-triggered cell FDRE clocked by clk_pl_0  {rise@0.000ns fall@5.000ns period=10.000ns})
  Path Group:             clk_pl_0
  Path Type:              Hold (Min at Slow Process Corner)
  Requirement:            0.000ns  (clk_pl_0 rise@0.000ns - clk_pl_0 rise@0.000ns)
  Data Path Delay:        0.237ns  (logic 0.115ns (48.456%)  route 0.122ns (51.544%))
  Logic Levels:           0  
  Clock Path Skew:        0.124ns (DCD - SCD - CPR)
    Destination Clock Delay (DCD):    3.507ns
    Source Clock Delay      (SCD):    3.131ns
    Clock Pessimism Removal (CPR):    0.251ns
  Clock Net Delay (Source):      2.915ns (routing 1.538ns, distribution 1.377ns)
  Clock Net Delay (Destination): 3.240ns (routing 1.681ns, distribution 1.559ns)

    Location             Delay type                Incr(ns)  Path(ns)    Netlist Resource(s)
  -------------------------------------------------------------------    -------------------
                         (clock clk_pl_0 rise edge)
                                                      0.000     0.000 r  
    PS8_X0Y0             PS8                          0.000     0.000 r  pccx_v002_system_i/zynq_ps/inst/PS8_i/PLCLK[0]
                         net (fo=1, routed)           0.181     0.181    pccx_v002_system_i/zynq_ps/inst/pl_clk_unbuffered[0]
    BUFG_PS_X0Y90        BUFG_PS (Prop_BUFG_PS_I_O)
                                                      0.035     0.216 r  pccx_v002_system_i/zynq_ps/inst/buffer_pl_clk_0.PL_CLK_0_BUFG/O
    X1Y1 (CLOCK_ROOT)    net (fo=82039, routed)       2.915     3.131    pccx_v002_system_i/u_npu/inst/u_wrap/u_pccx_npu_top/u_systolic_engine/u_compute_core/clk_core
    SLICE_X15Y76         FDRE                                         r  pccx_v002_system_i/u_npu/inst/u_wrap/u_pccx_npu_top/u_systolic_engine/u_compute_core/v_delay_row[15].v_delay_col[21].gemm_in_V_fabric_reg[16][21][0]/C
  -------------------------------------------------------------------    -------------------
    SLICE_X15Y76         FDRE (Prop_DFF2_SLICEL_C_Q)
                                                      0.115     3.246 r  pccx_v002_system_i/u_npu/inst/u_wrap/u_pccx_npu_top/u_systolic_engine/u_compute_core/v_delay_row[15].v_delay_col[21].gemm_in_V_fabric_reg[16][21][0]/Q
                         net (fo=2, routed)           0.122     3.369    pccx_v002_system_i/u_npu/inst/u_wrap/u_pccx_npu_top/u_systolic_engine/u_compute_core/v_delay_row[15].v_delay_col[21].gemm_in_V_fabric_reg_n_0_[16][21][0]
    SLICE_X14Y77         FDRE                                         r  pccx_v002_system_i/u_npu/inst/u_wrap/u_pccx_npu_top/u_systolic_engine/u_compute_core/v_delay_row[16].v_delay_col[21].gemm_in_V_fabric_reg[17][21][0]/D
  -------------------------------------------------------------------    -------------------

                         (clock clk_pl_0 rise edge)
                                                      0.000     0.000 r  
    PS8_X0Y0             PS8                          0.000     0.000 r  pccx_v002_system_i/zynq_ps/inst/PS8_i/PLCLK[0]
                         net (fo=1, routed)           0.229     0.229    pccx_v002_system_i/zynq_ps/inst/pl_clk_unbuffered[0]
    BUFG_PS_X0Y90        BUFG_PS (Prop_BUFG_PS_I_O)
                                                      0.038     0.267 r  pccx_v002_system_i/zynq_ps/inst/buffer_pl_clk_0.PL_CLK_0_BUFG/O
    X1Y1 (CLOCK_ROOT)    net (fo=82039, routed)       3.240     3.507    pccx_v002_system_i/u_npu/inst/u_wrap/u_pccx_npu_top/u_systolic_engine/u_compute_core/clk_core
    SLICE_X14Y77         FDRE                                         r  pccx_v002_system_i/u_npu/inst/u_wrap/u_pccx_npu_top/u_systolic_engine/u_compute_core/v_delay_row[16].v_delay_col[21].gemm_in_V_fabric_reg[17][21][0]/C
                         clock pessimism             -0.251     3.256    
    SLICE_X14Y77         FDRE (Hold_HFF2_SLICEL_C_D)
                                                      0.103     3.359    pccx_v002_system_i/u_npu/inst/u_wrap/u_pccx_npu_top/u_systolic_engine/u_compute_core/v_delay_row[16].v_delay_col[21].gemm_in_V_fabric_reg[17][21][0]
  -------------------------------------------------------------------
                         required time                         -3.359    
                         arrival time                           3.369    
  -------------------------------------------------------------------
                         slack                                  0.010    

Slack (MET) :             0.010ns  (arrival time - required time)
  Source:                 pccx_v002_system_i/fmap_dm_acp/U0/GEN_MM2S_FULL.I_MM2S_FULL_WRAPPER/I_MSTR_PCC/sig_addr_cntr_im0_msh_reg[14]/C
                            (rising edge-triggered cell FDRE clocked by clk_pl_0  {rise@0.000ns fall@5.000ns period=10.000ns})
  Destination:            pccx_v002_system_i/fmap_dm_acp/U0/GEN_MM2S_FULL.I_MM2S_FULL_WRAPPER/I_MSTR_PCC/sig_addr_cntr_im0_msh_reg[15]/D
                            (rising edge-triggered cell FDRE clocked by clk_pl_0  {rise@0.000ns fall@5.000ns period=10.000ns})
  Path Group:             clk_pl_0
  Path Type:              Hold (Min at Slow Process Corner)
  Requirement:            0.000ns  (clk_pl_0 rise@0.000ns - clk_pl_0 rise@0.000ns)
  Data Path Delay:        0.300ns  (logic 0.165ns (54.932%)  route 0.135ns (45.068%))
  Logic Levels:           1  (LUT5=1)
  Clock Path Skew:        0.190ns (DCD - SCD - CPR)
    Destination Clock Delay (DCD):    3.401ns
    Source Clock Delay      (SCD):    2.958ns
    Clock Pessimism Removal (CPR):    0.252ns
  Clock Net Delay (Source):      2.742ns (routing 1.538ns, distribution 1.204ns)
  Clock Net Delay (Destination): 3.134ns (routing 1.681ns, distribution 1.453ns)

    Location             Delay type                Incr(ns)  Path(ns)    Netlist Resource(s)
  -------------------------------------------------------------------    -------------------
                         (clock clk_pl_0 rise edge)
                                                      0.000     0.000 r  
    PS8_X0Y0             PS8                          0.000     0.000 r  pccx_v002_system_i/zynq_ps/inst/PS8_i/PLCLK[0]
                         net (fo=1, routed)           0.181     0.181    pccx_v002_system_i/zynq_ps/inst/pl_clk_unbuffered[0]
    BUFG_PS_X0Y90        BUFG_PS (Prop_BUFG_PS_I_O)
                                                      0.035     0.216 r  pccx_v002_system_i/zynq_ps/inst/buffer_pl_clk_0.PL_CLK_0_BUFG/O
    X1Y1 (CLOCK_ROOT)    net (fo=82039, routed)       2.742     2.958    pccx_v002_system_i/fmap_dm_acp/U0/GEN_MM2S_FULL.I_MM2S_FULL_WRAPPER/I_MSTR_PCC/m_axi_mm2s_aclk
    SLICE_X40Y162        FDRE                                         r  pccx_v002_system_i/fmap_dm_acp/U0/GEN_MM2S_FULL.I_MM2S_FULL_WRAPPER/I_MSTR_PCC/sig_addr_cntr_im0_msh_reg[14]/C
  -------------------------------------------------------------------    -------------------
    SLICE_X40Y162        FDRE (Prop_GFF_SLICEM_C_Q)
                                                      0.112     3.070 r  pccx_v002_system_i/fmap_dm_acp/U0/GEN_MM2S_FULL.I_MM2S_FULL_WRAPPER/I_MSTR_PCC/sig_addr_cntr_im0_msh_reg[14]/Q
                         net (fo=3, routed)           0.097     3.167    pccx_v002_system_i/fmap_dm_acp/U0/GEN_MM2S_FULL.I_MM2S_FULL_WRAPPER/I_MSTR_PCC/sig_addr_cntr_im0_msh_reg[14]
    SLICE_X41Y162        LUT5 (Prop_G6LUT_SLICEM_I4_O)
                                                      0.053     3.220 r  pccx_v002_system_i/fmap_dm_acp/U0/GEN_MM2S_FULL.I_MM2S_FULL_WRAPPER/I_MSTR_PCC/sig_addr_cntr_im0_msh[15]_i_2/O
                         net (fo=1, routed)           0.038     3.258    pccx_v002_system_i/fmap_dm_acp/U0/GEN_MM2S_FULL.I_MM2S_FULL_WRAPPER/I_MSTR_PCC/p_0_in[15]
    SLICE_X41Y162        FDRE                                         r  pccx_v002_system_i/fmap_dm_acp/U0/GEN_MM2S_FULL.I_MM2S_FULL_WRAPPER/I_MSTR_PCC/sig_addr_cntr_im0_msh_reg[15]/D
  -------------------------------------------------------------------    -------------------

                         (clock clk_pl_0 rise edge)
                                                      0.000     0.000 r  
    PS8_X0Y0             PS8                          0.000     0.000 r  pccx_v002_system_i/zynq_ps/inst/PS8_i/PLCLK[0]
                         net (fo=1, routed)           0.229     0.229    pccx_v002_system_i/zynq_ps/inst/pl_clk_unbuffered[0]
    BUFG_PS_X0Y90        BUFG_PS (Prop_BUFG_PS_I_O)
                                                      0.038     0.267 r  pccx_v002_system_i/zynq_ps/inst/buffer_pl_clk_0.PL_CLK_0_BUFG/O
    X1Y1 (CLOCK_ROOT)    net (fo=82039, routed)       3.134     3.401    pccx_v002_system_i/fmap_dm_acp/U0/GEN_MM2S_FULL.I_MM2S_FULL_WRAPPER/I_MSTR_PCC/m_axi_mm2s_aclk
    SLICE_X41Y162        FDRE                                         r  pccx_v002_system_i/fmap_dm_acp/U0/GEN_MM2S_FULL.I_MM2S_FULL_WRAPPER/I_MSTR_PCC/sig_addr_cntr_im0_msh_reg[15]/C
                         clock pessimism             -0.252     3.148    
    SLICE_X41Y162        FDRE (Hold_GFF_SLICEM_C_D)
                                                      0.100     3.248    pccx_v002_system_i/fmap_dm_acp/U0/GEN_MM2S_FULL.I_MM2S_FULL_WRAPPER/I_MSTR_PCC/sig_addr_cntr_im0_msh_reg[15]
  -------------------------------------------------------------------
                         required time                         -3.248    
                         arrival time                           3.258    
  -------------------------------------------------------------------
                         slack                                  0.010    

Slack (MET) :             0.010ns  (arrival time - required time)
  Source:                 pccx_v002_system_i/u_npu/inst/u_wrap/u_pccx_npu_top/u_systolic_engine/u_compute_core/v_delay_row[15].v_delay_col[21].gemm_in_V_fabric_reg[16][21][5]/C
                            (rising edge-triggered cell FDRE clocked by clk_pl_0  {rise@0.000ns fall@5.000ns period=10.000ns})
  Destination:            pccx_v002_system_i/u_npu/inst/u_wrap/u_pccx_npu_top/u_systolic_engine/u_compute_core/v_delay_row[16].v_delay_col[21].gemm_in_V_fabric_reg[17][21][5]/D
                            (rising edge-triggered cell FDRE clocked by clk_pl_0  {rise@0.000ns fall@5.000ns period=10.000ns})
  Path Group:             clk_pl_0
  Path Type:              Hold (Min at Slow Process Corner)
  Requirement:            0.000ns  (clk_pl_0 rise@0.000ns - clk_pl_0 rise@0.000ns)
  Data Path Delay:        0.237ns  (logic 0.114ns (48.018%)  route 0.123ns (51.982%))
  Logic Levels:           0  
  Clock Path Skew:        0.124ns (DCD - SCD - CPR)
    Destination Clock Delay (DCD):    3.507ns
    Source Clock Delay      (SCD):    3.131ns
    Clock Pessimism Removal (CPR):    0.251ns
  Clock Net Delay (Source):      2.915ns (routing 1.538ns, distribution 1.377ns)
  Clock Net Delay (Destination): 3.240ns (routing 1.681ns, distribution 1.559ns)

    Location             Delay type                Incr(ns)  Path(ns)    Netlist Resource(s)
  -------------------------------------------------------------------    -------------------
                         (clock clk_pl_0 rise edge)
                                                      0.000     0.000 r  
    PS8_X0Y0             PS8                          0.000     0.000 r  pccx_v002_system_i/zynq_ps/inst/PS8_i/PLCLK[0]
                         net (fo=1, routed)           0.181     0.181    pccx_v002_system_i/zynq_ps/inst/pl_clk_unbuffered[0]
    BUFG_PS_X0Y90        BUFG_PS (Prop_BUFG_PS_I_O)
                                                      0.035     0.216 r  pccx_v002_system_i/zynq_ps/inst/buffer_pl_clk_0.PL_CLK_0_BUFG/O
    X1Y1 (CLOCK_ROOT)    net (fo=82039, routed)       2.915     3.131    pccx_v002_system_i/u_npu/inst/u_wrap/u_pccx_npu_top/u_systolic_engine/u_compute_core/clk_core
    SLICE_X15Y76         FDRE                                         r  pccx_v002_system_i/u_npu/inst/u_wrap/u_pccx_npu_top/u_systolic_engine/u_compute_core/v_delay_row[15].v_delay_col[21].gemm_in_V_fabric_reg[16][21][5]/C
  -------------------------------------------------------------------    -------------------
    SLICE_X15Y76         FDRE (Prop_AFF2_SLICEL_C_Q)
                                                      0.114     3.245 r  pccx_v002_system_i/u_npu/inst/u_wrap/u_pccx_npu_top/u_systolic_engine/u_compute_core/v_delay_row[15].v_delay_col[21].gemm_in_V_fabric_reg[16][21][5]/Q
                         net (fo=2, routed)           0.123     3.369    pccx_v002_system_i/u_npu/inst/u_wrap/u_pccx_npu_top/u_systolic_engine/u_compute_core/v_delay_row[15].v_delay_col[21].gemm_in_V_fabric_reg_n_0_[16][21][5]
    SLICE_X14Y77         FDRE                                         r  pccx_v002_system_i/u_npu/inst/u_wrap/u_pccx_npu_top/u_systolic_engine/u_compute_core/v_delay_row[16].v_delay_col[21].gemm_in_V_fabric_reg[17][21][5]/D
  -------------------------------------------------------------------    -------------------

                         (clock clk_pl_0 rise edge)
                                                      0.000     0.000 r  
    PS8_X0Y0             PS8                          0.000     0.000 r  pccx_v002_system_i/zynq_ps/inst/PS8_i/PLCLK[0]
                         net (fo=1, routed)           0.229     0.229    pccx_v002_system_i/zynq_ps/inst/pl_clk_unbuffered[0]
    BUFG_PS_X0Y90        BUFG_PS (Prop_BUFG_PS_I_O)
                                                      0.038     0.267 r  pccx_v002_system_i/zynq_ps/inst/buffer_pl_clk_0.PL_CLK_0_BUFG/O
    X1Y1 (CLOCK_ROOT)    net (fo=82039, routed)       3.240     3.507    pccx_v002_system_i/u_npu/inst/u_wrap/u_pccx_npu_top/u_systolic_engine/u_compute_core/clk_core
    SLICE_X14Y77         FDRE                                         r  pccx_v002_system_i/u_npu/inst/u_wrap/u_pccx_npu_top/u_systolic_engine/u_compute_core/v_delay_row[16].v_delay_col[21].gemm_in_V_fabric_reg[17][21][5]/C
                         clock pessimism             -0.251     3.256    
    SLICE_X14Y77         FDRE (Hold_FFF2_SLICEL_C_D)
                                                      0.103     3.359    pccx_v002_system_i/u_npu/inst/u_wrap/u_pccx_npu_top/u_systolic_engine/u_compute_core/v_delay_row[16].v_delay_col[21].gemm_in_V_fabric_reg[17][21][5]
  -------------------------------------------------------------------
                         required time                         -3.359    
                         arrival time                           3.369    
  -------------------------------------------------------------------
                         slack                                  0.010    

Slack (MET) :             0.010ns  (arrival time - required time)
  Source:                 pccx_v002_system_i/sc_axil/inst/m00_nodes/m00_ar_node/inst/inst_mi_handler/gen_normal_area.inst_fifo_node_payld/gen_xpm_memory_fifo.inst_fifo/gen_mem_rep[0].inst_xpm_memory/xpm_memory_base_inst/gen_rd_b.gen_rd_b_synth_template.gen_rf_narrow_reg.doutb_reg_reg[116]/C
                            (rising edge-triggered cell FDRE clocked by clk_pl_0  {rise@0.000ns fall@5.000ns period=10.000ns})
  Destination:            pccx_v002_system_i/sc_axil/inst/m00_exit_pipeline/m00_exit/inst/splitter_inst/gen_axi4lite.axilite_conv/m_axi_arid_i_reg[0]/D
                            (rising edge-triggered cell FDRE clocked by clk_pl_0  {rise@0.000ns fall@5.000ns period=10.000ns})
  Path Group:             clk_pl_0
  Path Type:              Hold (Min at Slow Process Corner)
  Requirement:            0.000ns  (clk_pl_0 rise@0.000ns - clk_pl_0 rise@0.000ns)
  Data Path Delay:        0.235ns  (logic 0.114ns (48.511%)  route 0.121ns (51.489%))
  Logic Levels:           0  
  Clock Path Skew:        0.123ns (DCD - SCD - CPR)
    Destination Clock Delay (DCD):    3.368ns
    Source Clock Delay      (SCD):    2.996ns
    Clock Pessimism Removal (CPR):    0.249ns
  Clock Net Delay (Source):      2.780ns (routing 1.538ns, distribution 1.242ns)
  Clock Net Delay (Destination): 3.101ns (routing 1.681ns, distribution 1.420ns)

    Location             Delay type                Incr(ns)  Path(ns)    Netlist Resource(s)
  -------------------------------------------------------------------    -------------------
                         (clock clk_pl_0 rise edge)
                                                      0.000     0.000 r  
    PS8_X0Y0             PS8                          0.000     0.000 r  pccx_v002_system_i/zynq_ps/inst/PS8_i/PLCLK[0]
                         net (fo=1, routed)           0.181     0.181    pccx_v002_system_i/zynq_ps/inst/pl_clk_unbuffered[0]
    BUFG_PS_X0Y90        BUFG_PS (Prop_BUFG_PS_I_O)
                                                      0.035     0.216 r  pccx_v002_system_i/zynq_ps/inst/buffer_pl_clk_0.PL_CLK_0_BUFG/O
    X1Y1 (CLOCK_ROOT)    net (fo=82039, routed)       2.780     2.996    pccx_v002_system_i/sc_axil/inst/m00_nodes/m00_ar_node/inst/inst_mi_handler/gen_normal_area.inst_fifo_node_payld/gen_xpm_memory_fifo.inst_fifo/gen_mem_rep[0].inst_xpm_memory/xpm_memory_base_inst/clka
    SLICE_X24Y134        FDRE                                         r  pccx_v002_system_i/sc_axil/inst/m00_nodes/m00_ar_node/inst/inst_mi_handler/gen_normal_area.inst_fifo_node_payld/gen_xpm_memory_fifo.inst_fifo/gen_mem_rep[0].inst_xpm_memory/xpm_memory_base_inst/gen_rd_b.gen_rd_b_synth_template.gen_rf_narrow_reg.doutb_reg_reg[116]/C
  -------------------------------------------------------------------    -------------------
    SLICE_X24Y134        FDRE (Prop_AFF2_SLICEM_C_Q)
                                                      0.114     3.110 r  pccx_v002_system_i/sc_axil/inst/m00_nodes/m00_ar_node/inst/inst_mi_handler/gen_normal_area.inst_fifo_node_payld/gen_xpm_memory_fifo.inst_fifo/gen_mem_rep[0].inst_xpm_memory/xpm_memory_base_inst/gen_rd_b.gen_rd_b_synth_template.gen_rf_narrow_reg.doutb_reg_reg[116]/Q
                         net (fo=1, routed)           0.121     3.231    pccx_v002_system_i/sc_axil/inst/m00_exit_pipeline/m00_exit/inst/splitter_inst/gen_axi4lite.axilite_conv/s_axi_arid[0]
    SLICE_X25Y134        FDRE                                         r  pccx_v002_system_i/sc_axil/inst/m00_exit_pipeline/m00_exit/inst/splitter_inst/gen_axi4lite.axilite_conv/m_axi_arid_i_reg[0]/D
  -------------------------------------------------------------------    -------------------

                         (clock clk_pl_0 rise edge)
                                                      0.000     0.000 r  
    PS8_X0Y0             PS8                          0.000     0.000 r  pccx_v002_system_i/zynq_ps/inst/PS8_i/PLCLK[0]
                         net (fo=1, routed)           0.229     0.229    pccx_v002_system_i/zynq_ps/inst/pl_clk_unbuffered[0]
    BUFG_PS_X0Y90        BUFG_PS (Prop_BUFG_PS_I_O)
                                                      0.038     0.267 r  pccx_v002_system_i/zynq_ps/inst/buffer_pl_clk_0.PL_CLK_0_BUFG/O
    X1Y1 (CLOCK_ROOT)    net (fo=82039, routed)       3.101     3.368    pccx_v002_system_i/sc_axil/inst/m00_exit_pipeline/m00_exit/inst/splitter_inst/gen_axi4lite.axilite_conv/aclk
    SLICE_X25Y134        FDRE                                         r  pccx_v002_system_i/sc_axil/inst/m00_exit_pipeline/m00_exit/inst/splitter_inst/gen_axi4lite.axilite_conv/m_axi_arid_i_reg[0]/C
                         clock pessimism             -0.249     3.119    
    SLICE_X25Y134        FDRE (Hold_EFF2_SLICEM_C_D)
                                                      0.102     3.221    pccx_v002_system_i/sc_axil/inst/m00_exit_pipeline/m00_exit/inst/splitter_inst/gen_axi4lite.axilite_conv/m_axi_arid_i_reg[0]
  -------------------------------------------------------------------
                         required time                         -3.221    
                         arrival time                           3.231    
  -------------------------------------------------------------------
                         slack                                  0.010    

Slack (MET) :             0.010ns  (arrival time - required time)
  Source:                 pccx_v002_system_i/u_npu/inst/u_wrap/u_pccx_npu_top/u_systolic_engine/u_compute_core/v_delay_row[29].v_delay_col[21].gemm_in_V_fabric_reg[30][21][3]/C
                            (rising edge-triggered cell FDRE clocked by clk_pl_0  {rise@0.000ns fall@5.000ns period=10.000ns})
  Destination:            pccx_v002_system_i/u_npu/inst/u_wrap/u_pccx_npu_top/u_systolic_engine/u_compute_core/v_delay_row[30].v_delay_col[21].gemm_in_V_fabric_reg[31][21][3]/D
                            (rising edge-triggered cell FDRE clocked by clk_pl_0  {rise@0.000ns fall@5.000ns period=10.000ns})
  Path Group:             clk_pl_0
  Path Type:              Hold (Min at Slow Process Corner)
  Requirement:            0.000ns  (clk_pl_0 rise@0.000ns - clk_pl_0 rise@0.000ns)
  Data Path Delay:        0.343ns  (logic 0.114ns (33.236%)  route 0.229ns (66.764%))
  Logic Levels:           0  
  Clock Path Skew:        0.231ns (DCD - SCD - CPR)
    Destination Clock Delay (DCD):    3.544ns
    Source Clock Delay      (SCD):    3.119ns
    Clock Pessimism Removal (CPR):    0.194ns
  Clock Net Delay (Source):      2.903ns (routing 1.538ns, distribution 1.365ns)
  Clock Net Delay (Destination): 3.277ns (routing 1.681ns, distribution 1.596ns)

    Location             Delay type                Incr(ns)  Path(ns)    Netlist Resource(s)
  -------------------------------------------------------------------    -------------------
                         (clock clk_pl_0 rise edge)
                                                      0.000     0.000 r  
    PS8_X0Y0             PS8                          0.000     0.000 r  pccx_v002_system_i/zynq_ps/inst/PS8_i/PLCLK[0]
                         net (fo=1, routed)           0.181     0.181    pccx_v002_system_i/zynq_ps/inst/pl_clk_unbuffered[0]
    BUFG_PS_X0Y90        BUFG_PS (Prop_BUFG_PS_I_O)
                                                      0.035     0.216 r  pccx_v002_system_i/zynq_ps/inst/buffer_pl_clk_0.PL_CLK_0_BUFG/O
    X1Y1 (CLOCK_ROOT)    net (fo=82039, routed)       2.903     3.119    pccx_v002_system_i/u_npu/inst/u_wrap/u_pccx_npu_top/u_systolic_engine/u_compute_core/clk_core
    SLICE_X18Y113        FDRE                                         r  pccx_v002_system_i/u_npu/inst/u_wrap/u_pccx_npu_top/u_systolic_engine/u_compute_core/v_delay_row[29].v_delay_col[21].gemm_in_V_fabric_reg[30][21][3]/C
  -------------------------------------------------------------------    -------------------
    SLICE_X18Y113        FDRE (Prop_GFF2_SLICEM_C_Q)
                                                      0.114     3.233 r  pccx_v002_system_i/u_npu/inst/u_wrap/u_pccx_npu_top/u_systolic_engine/u_compute_core/v_delay_row[29].v_delay_col[21].gemm_in_V_fabric_reg[30][21][3]/Q
                         net (fo=1, routed)           0.229     3.462    pccx_v002_system_i/u_npu/inst/u_wrap/u_pccx_npu_top/u_systolic_engine/u_compute_core/v_delay_row[29].v_delay_col[21].gemm_in_V_fabric_reg[30][21]_983[3]
    SLICE_X17Y121        FDRE                                         r  pccx_v002_system_i/u_npu/inst/u_wrap/u_pccx_npu_top/u_systolic_engine/u_compute_core/v_delay_row[30].v_delay_col[21].gemm_in_V_fabric_reg[31][21][3]/D
  -------------------------------------------------------------------    -------------------

                         (clock clk_pl_0 rise edge)
                                                      0.000     0.000 r  
    PS8_X0Y0             PS8                          0.000     0.000 r  pccx_v002_system_i/zynq_ps/inst/PS8_i/PLCLK[0]
                         net (fo=1, routed)           0.229     0.229    pccx_v002_system_i/zynq_ps/inst/pl_clk_unbuffered[0]
    BUFG_PS_X0Y90        BUFG_PS (Prop_BUFG_PS_I_O)
                                                      0.038     0.267 r  pccx_v002_system_i/zynq_ps/inst/buffer_pl_clk_0.PL_CLK_0_BUFG/O
    X1Y1 (CLOCK_ROOT)    net (fo=82039, routed)       3.277     3.544    pccx_v002_system_i/u_npu/inst/u_wrap/u_pccx_npu_top/u_systolic_engine/u_compute_core/clk_core
    SLICE_X17Y121        FDRE                                         r  pccx_v002_system_i/u_npu/inst/u_wrap/u_pccx_npu_top/u_systolic_engine/u_compute_core/v_delay_row[30].v_delay_col[21].gemm_in_V_fabric_reg[31][21][3]/C
                         clock pessimism             -0.194     3.350    
    SLICE_X17Y121        FDRE (Hold_BFF2_SLICEM_C_D)
                                                      0.102     3.452    pccx_v002_system_i/u_npu/inst/u_wrap/u_pccx_npu_top/u_systolic_engine/u_compute_core/v_delay_row[30].v_delay_col[21].gemm_in_V_fabric_reg[31][21][3]
  -------------------------------------------------------------------
                         required time                         -3.452    
                         arrival time                           3.462    
  -------------------------------------------------------------------
                         slack                                  0.010    

Slack (MET) :             0.010ns  (arrival time - required time)
  Source:                 pccx_v002_system_i/u_npu/inst/u_wrap/u_pccx_npu_top/u_mem_dispatcher/u_l2_cache/u_acp_cdc/tx_axi_hold_tdata_reg[109]/C
                            (rising edge-triggered cell FDRE clocked by clk_pl_0  {rise@0.000ns fall@5.000ns period=10.000ns})
  Destination:            pccx_v002_system_i/result_dm_acp/U0/GEN_S2MM_FULL.I_S2MM_FULL_WRAPPER/ENABLE_AXIS_SKID.I_S2MM_STRM_SKID_BUF/sig_data_skid_reg_reg[109]/D
                            (rising edge-triggered cell FDRE clocked by clk_pl_0  {rise@0.000ns fall@5.000ns period=10.000ns})
  Path Group:             clk_pl_0
  Path Type:              Hold (Min at Slow Process Corner)
  Requirement:            0.000ns  (clk_pl_0 rise@0.000ns - clk_pl_0 rise@0.000ns)
  Data Path Delay:        0.251ns  (logic 0.113ns (45.058%)  route 0.138ns (54.942%))
  Logic Levels:           0  
  Clock Path Skew:        0.137ns (DCD - SCD - CPR)
    Destination Clock Delay (DCD):    3.512ns
    Source Clock Delay      (SCD):    3.122ns
    Clock Pessimism Removal (CPR):    0.252ns
  Clock Net Delay (Source):      2.906ns (routing 1.538ns, distribution 1.368ns)
  Clock Net Delay (Destination): 3.245ns (routing 1.681ns, distribution 1.564ns)

    Location             Delay type                Incr(ns)  Path(ns)    Netlist Resource(s)
  -------------------------------------------------------------------    -------------------
                         (clock clk_pl_0 rise edge)
                                                      0.000     0.000 r  
    PS8_X0Y0             PS8                          0.000     0.000 r  pccx_v002_system_i/zynq_ps/inst/PS8_i/PLCLK[0]
                         net (fo=1, routed)           0.181     0.181    pccx_v002_system_i/zynq_ps/inst/pl_clk_unbuffered[0]
    BUFG_PS_X0Y90        BUFG_PS (Prop_BUFG_PS_I_O)
                                                      0.035     0.216 r  pccx_v002_system_i/zynq_ps/inst/buffer_pl_clk_0.PL_CLK_0_BUFG/O
    X1Y1 (CLOCK_ROOT)    net (fo=82039, routed)       2.906     3.122    pccx_v002_system_i/u_npu/inst/u_wrap/u_pccx_npu_top/u_mem_dispatcher/u_l2_cache/u_acp_cdc/clk_axi
    SLICE_X49Y133        FDRE                                         r  pccx_v002_system_i/u_npu/inst/u_wrap/u_pccx_npu_top/u_mem_dispatcher/u_l2_cache/u_acp_cdc/tx_axi_hold_tdata_reg[109]/C
  -------------------------------------------------------------------    -------------------
    SLICE_X49Y133        FDRE (Prop_CFF2_SLICEL_C_Q)
                                                      0.113     3.235 r  pccx_v002_system_i/u_npu/inst/u_wrap/u_pccx_npu_top/u_mem_dispatcher/u_l2_cache/u_acp_cdc/tx_axi_hold_tdata_reg[109]/Q
                         net (fo=2, routed)           0.138     3.373    pccx_v002_system_i/result_dm_acp/U0/GEN_S2MM_FULL.I_S2MM_FULL_WRAPPER/ENABLE_AXIS_SKID.I_S2MM_STRM_SKID_BUF/s_axis_s2mm_tdata[109]
    SLICE_X51Y131        FDRE                                         r  pccx_v002_system_i/result_dm_acp/U0/GEN_S2MM_FULL.I_S2MM_FULL_WRAPPER/ENABLE_AXIS_SKID.I_S2MM_STRM_SKID_BUF/sig_data_skid_reg_reg[109]/D
  -------------------------------------------------------------------    -------------------

                         (clock clk_pl_0 rise edge)
                                                      0.000     0.000 r  
    PS8_X0Y0             PS8                          0.000     0.000 r  pccx_v002_system_i/zynq_ps/inst/PS8_i/PLCLK[0]
                         net (fo=1, routed)           0.229     0.229    pccx_v002_system_i/zynq_ps/inst/pl_clk_unbuffered[0]
    BUFG_PS_X0Y90        BUFG_PS (Prop_BUFG_PS_I_O)
                                                      0.038     0.267 r  pccx_v002_system_i/zynq_ps/inst/buffer_pl_clk_0.PL_CLK_0_BUFG/O
    X1Y1 (CLOCK_ROOT)    net (fo=82039, routed)       3.245     3.512    pccx_v002_system_i/result_dm_acp/U0/GEN_S2MM_FULL.I_S2MM_FULL_WRAPPER/ENABLE_AXIS_SKID.I_S2MM_STRM_SKID_BUF/m_axi_s2mm_aclk
    SLICE_X51Y131        FDRE                                         r  pccx_v002_system_i/result_dm_acp/U0/GEN_S2MM_FULL.I_S2MM_FULL_WRAPPER/ENABLE_AXIS_SKID.I_S2MM_STRM_SKID_BUF/sig_data_skid_reg_reg[109]/C
                         clock pessimism             -0.252     3.259    
    SLICE_X51Y131        FDRE (Hold_HFF2_SLICEL_C_D)
                                                      0.103     3.362    pccx_v002_system_i/result_dm_acp/U0/GEN_S2MM_FULL.I_S2MM_FULL_WRAPPER/ENABLE_AXIS_SKID.I_S2MM_STRM_SKID_BUF/sig_data_skid_reg_reg[109]
  -------------------------------------------------------------------
                         required time                         -3.362    
                         arrival time                           3.373    
  -------------------------------------------------------------------
                         slack                                  0.010    

Slack (MET) :             0.011ns  (arrival time - required time)
  Source:                 pccx_v002_system_i/u_npu/inst/u_wrap/u_pccx_npu_top/u_systolic_engine/u_compute_core/v_delay_row[13].v_delay_col[0].gemm_in_V_fabric_reg[14][0][4]/C
                            (rising edge-triggered cell FDRE clocked by clk_pl_0  {rise@0.000ns fall@5.000ns period=10.000ns})
  Destination:            pccx_v002_system_i/u_npu/inst/u_wrap/u_pccx_npu_top/u_systolic_engine/u_compute_core/v_delay_row[14].v_delay_col[0].gemm_in_V_fabric_reg[15][0][4]/D
                            (rising edge-triggered cell FDRE clocked by clk_pl_0  {rise@0.000ns fall@5.000ns period=10.000ns})
  Path Group:             clk_pl_0
  Path Type:              Hold (Min at Slow Process Corner)
  Requirement:            0.000ns  (clk_pl_0 rise@0.000ns - clk_pl_0 rise@0.000ns)
  Data Path Delay:        0.286ns  (logic 0.112ns (39.161%)  route 0.174ns (60.839%))
  Logic Levels:           0  
  Clock Path Skew:        0.173ns (DCD - SCD - CPR)
    Destination Clock Delay (DCD):    3.351ns
    Source Clock Delay      (SCD):    2.935ns
    Clock Pessimism Removal (CPR):    0.242ns
  Clock Net Delay (Source):      2.719ns (routing 1.538ns, distribution 1.181ns)
  Clock Net Delay (Destination): 3.084ns (routing 1.681ns, distribution 1.403ns)

    Location             Delay type                Incr(ns)  Path(ns)    Netlist Resource(s)
  -------------------------------------------------------------------    -------------------
                         (clock clk_pl_0 rise edge)
                                                      0.000     0.000 r  
    PS8_X0Y0             PS8                          0.000     0.000 r  pccx_v002_system_i/zynq_ps/inst/PS8_i/PLCLK[0]
                         net (fo=1, routed)           0.181     0.181    pccx_v002_system_i/zynq_ps/inst/pl_clk_unbuffered[0]
    BUFG_PS_X0Y90        BUFG_PS (Prop_BUFG_PS_I_O)
                                                      0.035     0.216 r  pccx_v002_system_i/zynq_ps/inst/buffer_pl_clk_0.PL_CLK_0_BUFG/O
    X1Y1 (CLOCK_ROOT)    net (fo=82039, routed)       2.719     2.935    pccx_v002_system_i/u_npu/inst/u_wrap/u_pccx_npu_top/u_systolic_engine/u_compute_core/clk_core
    SLICE_X40Y16         FDRE                                         r  pccx_v002_system_i/u_npu/inst/u_wrap/u_pccx_npu_top/u_systolic_engine/u_compute_core/v_delay_row[13].v_delay_col[0].gemm_in_V_fabric_reg[14][0][4]/C
  -------------------------------------------------------------------    -------------------
    SLICE_X40Y16         FDRE (Prop_CFF_SLICEM_C_Q)
                                                      0.112     3.047 r  pccx_v002_system_i/u_npu/inst/u_wrap/u_pccx_npu_top/u_systolic_engine/u_compute_core/v_delay_row[13].v_delay_col[0].gemm_in_V_fabric_reg[14][0][4]/Q
                         net (fo=1, routed)           0.174     3.221    pccx_v002_system_i/u_npu/inst/u_wrap/u_pccx_npu_top/u_systolic_engine/u_compute_core/v_delay_row[13].v_delay_col[0].gemm_in_V_fabric_reg[14][0]_5248[4]
    SLICE_X41Y15         FDRE                                         r  pccx_v002_system_i/u_npu/inst/u_wrap/u_pccx_npu_top/u_systolic_engine/u_compute_core/v_delay_row[14].v_delay_col[0].gemm_in_V_fabric_reg[15][0][4]/D
  -------------------------------------------------------------------    -------------------

                         (clock clk_pl_0 rise edge)
                                                      0.000     0.000 r  
    PS8_X0Y0             PS8                          0.000     0.000 r  pccx_v002_system_i/zynq_ps/inst/PS8_i/PLCLK[0]
                         net (fo=1, routed)           0.229     0.229    pccx_v002_system_i/zynq_ps/inst/pl_clk_unbuffered[0]
    BUFG_PS_X0Y90        BUFG_PS (Prop_BUFG_PS_I_O)
                                                      0.038     0.267 r  pccx_v002_system_i/zynq_ps/inst/buffer_pl_clk_0.PL_CLK_0_BUFG/O
    X1Y1 (CLOCK_ROOT)    net (fo=82039, routed)       3.084     3.351    pccx_v002_system_i/u_npu/inst/u_wrap/u_pccx_npu_top/u_systolic_engine/u_compute_core/clk_core
    SLICE_X41Y15         FDRE                                         r  pccx_v002_system_i/u_npu/inst/u_wrap/u_pccx_npu_top/u_systolic_engine/u_compute_core/v_delay_row[14].v_delay_col[0].gemm_in_V_fabric_reg[15][0][4]/C
                         clock pessimism             -0.242     3.109    
    SLICE_X41Y15         FDRE (Hold_AFF2_SLICEM_C_D)
                                                      0.102     3.211    pccx_v002_system_i/u_npu/inst/u_wrap/u_pccx_npu_top/u_systolic_engine/u_compute_core/v_delay_row[14].v_delay_col[0].gemm_in_V_fabric_reg[15][0][4]
  -------------------------------------------------------------------
                         required time                         -3.211    
                         arrival time                           3.221    
  -------------------------------------------------------------------
                         slack                                  0.011    

Slack (MET) :             0.011ns  (arrival time - required time)
  Source:                 pccx_v002_system_i/sc_axil/inst/m01_exit_pipeline/m01_exit/inst/splitter_inst/gen_axi4lite.axilite_conv/m_axi_wdata_i_reg[8]/C
                            (rising edge-triggered cell FDRE clocked by clk_pl_0  {rise@0.000ns fall@5.000ns period=10.000ns})
  Destination:            pccx_v002_system_i/sc_axil/inst/m01_exit_pipeline/m01_exit/inst/w_reg/skid_buffer_reg[1033]/D
                            (rising edge-triggered cell FDRE clocked by clk_pl_0  {rise@0.000ns fall@5.000ns period=10.000ns})
  Path Group:             clk_pl_0
  Path Type:              Hold (Min at Slow Process Corner)
  Requirement:            0.000ns  (clk_pl_0 rise@0.000ns - clk_pl_0 rise@0.000ns)
  Data Path Delay:        0.236ns  (logic 0.112ns (47.458%)  route 0.124ns (52.542%))
  Logic Levels:           0  
  Clock Path Skew:        0.123ns (DCD - SCD - CPR)
    Destination Clock Delay (DCD):    3.330ns
    Source Clock Delay      (SCD):    2.957ns
    Clock Pessimism Removal (CPR):    0.249ns
  Clock Net Delay (Source):      2.741ns (routing 1.538ns, distribution 1.203ns)
  Clock Net Delay (Destination): 3.063ns (routing 1.681ns, distribution 1.382ns)

    Location             Delay type                Incr(ns)  Path(ns)    Netlist Resource(s)
  -------------------------------------------------------------------    -------------------
                         (clock clk_pl_0 rise edge)
                                                      0.000     0.000 r  
    PS8_X0Y0             PS8                          0.000     0.000 r  pccx_v002_system_i/zynq_ps/inst/PS8_i/PLCLK[0]
                         net (fo=1, routed)           0.181     0.181    pccx_v002_system_i/zynq_ps/inst/pl_clk_unbuffered[0]
    BUFG_PS_X0Y90        BUFG_PS (Prop_BUFG_PS_I_O)
                                                      0.035     0.216 r  pccx_v002_system_i/zynq_ps/inst/buffer_pl_clk_0.PL_CLK_0_BUFG/O
    X1Y1 (CLOCK_ROOT)    net (fo=82039, routed)       2.741     2.957    pccx_v002_system_i/sc_axil/inst/m01_exit_pipeline/m01_exit/inst/splitter_inst/gen_axi4lite.axilite_conv/aclk
    SLICE_X31Y157        FDRE                                         r  pccx_v002_system_i/sc_axil/inst/m01_exit_pipeline/m01_exit/inst/splitter_inst/gen_axi4lite.axilite_conv/m_axi_wdata_i_reg[8]/C
  -------------------------------------------------------------------    -------------------
    SLICE_X31Y157        FDRE (Prop_DFF_SLICEM_C_Q)
                                                      0.112     3.069 r  pccx_v002_system_i/sc_axil/inst/m01_exit_pipeline/m01_exit/inst/splitter_inst/gen_axi4lite.axilite_conv/m_axi_wdata_i_reg[8]/Q
                         net (fo=2, routed)           0.124     3.193    pccx_v002_system_i/sc_axil/inst/m01_exit_pipeline/m01_exit/inst/w_reg/D[8]
    SLICE_X32Y157        FDRE                                         r  pccx_v002_system_i/sc_axil/inst/m01_exit_pipeline/m01_exit/inst/w_reg/skid_buffer_reg[1033]/D
  -------------------------------------------------------------------    -------------------

                         (clock clk_pl_0 rise edge)
                                                      0.000     0.000 r  
    PS8_X0Y0             PS8                          0.000     0.000 r  pccx_v002_system_i/zynq_ps/inst/PS8_i/PLCLK[0]
                         net (fo=1, routed)           0.229     0.229    pccx_v002_system_i/zynq_ps/inst/pl_clk_unbuffered[0]
    BUFG_PS_X0Y90        BUFG_PS (Prop_BUFG_PS_I_O)
                                                      0.038     0.267 r  pccx_v002_system_i/zynq_ps/inst/buffer_pl_clk_0.PL_CLK_0_BUFG/O
    X1Y1 (CLOCK_ROOT)    net (fo=82039, routed)       3.063     3.330    pccx_v002_system_i/sc_axil/inst/m01_exit_pipeline/m01_exit/inst/w_reg/aclk
    SLICE_X32Y157        FDRE                                         r  pccx_v002_system_i/sc_axil/inst/m01_exit_pipeline/m01_exit/inst/w_reg/skid_buffer_reg[1033]/C
                         clock pessimism             -0.249     3.080    
    SLICE_X32Y157        FDRE (Hold_DFF2_SLICEM_C_D)
                                                      0.102     3.182    pccx_v002_system_i/sc_axil/inst/m01_exit_pipeline/m01_exit/inst/w_reg/skid_buffer_reg[1033]
  -------------------------------------------------------------------
                         required time                         -3.182    
                         arrival time                           3.193    
  -------------------------------------------------------------------
                         slack                                  0.011    

Slack (MET) :             0.011ns  (arrival time - required time)
  Source:                 pccx_v002_system_i/result_dm_acp/U0/GEN_S2MM_FULL.I_S2MM_FULL_WRAPPER/GEN_INCLUDE_REALIGNER.I_S2MM_REALIGNER/GEN_INCLUDE_SCATTER.I_S2MM_SCATTER/I_MSSAI_SKID_BUF/sig_data_reg_out_reg[106]/C
                            (rising edge-triggered cell FDRE clocked by clk_pl_0  {rise@0.000ns fall@5.000ns period=10.000ns})
  Destination:            pccx_v002_system_i/result_dm_acp/U0/GEN_S2MM_FULL.I_S2MM_FULL_WRAPPER/GEN_INCLUDE_GP_SF.I_S2MM_GP_SF/I_DATA_FIFO/BLK_MEM.I_SYNC_FIFOGEN_FIFO/xpm_fifo_base_inst/gen_sdpram.xpm_memory_base_inst/gen_wr_a.gen_word_narrow.mem_reg_1/DINBDIN[2]
                            (rising edge-triggered cell RAMB36E2 clocked by clk_pl_0  {rise@0.000ns fall@5.000ns period=10.000ns})
  Path Group:             clk_pl_0
  Path Type:              Hold (Min at Slow Process Corner)
  Requirement:            0.000ns  (clk_pl_0 rise@0.000ns - clk_pl_0 rise@0.000ns)
  Data Path Delay:        0.233ns  (logic 0.112ns (48.069%)  route 0.121ns (51.931%))
  Logic Levels:           0  
  Clock Path Skew:        0.270ns (DCD - SCD - CPR)
    Destination Clock Delay (DCD):    3.603ns
    Source Clock Delay      (SCD):    3.076ns
    Clock Pessimism Removal (CPR):    0.256ns
  Clock Net Delay (Source):      2.860ns (routing 1.538ns, distribution 1.322ns)
  Clock Net Delay (Destination): 3.336ns (routing 1.681ns, distribution 1.655ns)

    Location             Delay type                Incr(ns)  Path(ns)    Netlist Resource(s)
  -------------------------------------------------------------------    -------------------
                         (clock clk_pl_0 rise edge)
                                                      0.000     0.000 r  
    PS8_X0Y0             PS8                          0.000     0.000 r  pccx_v002_system_i/zynq_ps/inst/PS8_i/PLCLK[0]
                         net (fo=1, routed)           0.181     0.181    pccx_v002_system_i/zynq_ps/inst/pl_clk_unbuffered[0]
    BUFG_PS_X0Y90        BUFG_PS (Prop_BUFG_PS_I_O)
                                                      0.035     0.216 r  pccx_v002_system_i/zynq_ps/inst/buffer_pl_clk_0.PL_CLK_0_BUFG/O
    X1Y1 (CLOCK_ROOT)    net (fo=82039, routed)       2.860     3.076    pccx_v002_system_i/result_dm_acp/U0/GEN_S2MM_FULL.I_S2MM_FULL_WRAPPER/GEN_INCLUDE_REALIGNER.I_S2MM_REALIGNER/GEN_INCLUDE_SCATTER.I_S2MM_SCATTER/I_MSSAI_SKID_BUF/m_axi_s2mm_aclk
    SLICE_X46Y124        FDRE                                         r  pccx_v002_system_i/result_dm_acp/U0/GEN_S2MM_FULL.I_S2MM_FULL_WRAPPER/GEN_INCLUDE_REALIGNER.I_S2MM_REALIGNER/GEN_INCLUDE_SCATTER.I_S2MM_SCATTER/I_MSSAI_SKID_BUF/sig_data_reg_out_reg[106]/C
  -------------------------------------------------------------------    -------------------
    SLICE_X46Y124        FDRE (Prop_DFF_SLICEL_C_Q)
                                                      0.112     3.188 r  pccx_v002_system_i/result_dm_acp/U0/GEN_S2MM_FULL.I_S2MM_FULL_WRAPPER/GEN_INCLUDE_REALIGNER.I_S2MM_REALIGNER/GEN_INCLUDE_SCATTER.I_S2MM_SCATTER/I_MSSAI_SKID_BUF/sig_data_reg_out_reg[106]/Q
                         net (fo=1, routed)           0.121     3.309    pccx_v002_system_i/result_dm_acp/U0/GEN_S2MM_FULL.I_S2MM_FULL_WRAPPER/GEN_INCLUDE_GP_SF.I_S2MM_GP_SF/I_DATA_FIFO/BLK_MEM.I_SYNC_FIFOGEN_FIFO/xpm_fifo_base_inst/gen_sdpram.xpm_memory_base_inst/dina[106]
    RAMB36_X1Y25         RAMB36E2                                     r  pccx_v002_system_i/result_dm_acp/U0/GEN_S2MM_FULL.I_S2MM_FULL_WRAPPER/GEN_INCLUDE_GP_SF.I_S2MM_GP_SF/I_DATA_FIFO/BLK_MEM.I_SYNC_FIFOGEN_FIFO/xpm_fifo_base_inst/gen_sdpram.xpm_memory_base_inst/gen_wr_a.gen_word_narrow.mem_reg_1/DINBDIN[2]
  -------------------------------------------------------------------    -------------------

                         (clock clk_pl_0 rise edge)
                                                      0.000     0.000 r  
    PS8_X0Y0             PS8                          0.000     0.000 r  pccx_v002_system_i/zynq_ps/inst/PS8_i/PLCLK[0]
                         net (fo=1, routed)           0.229     0.229    pccx_v002_system_i/zynq_ps/inst/pl_clk_unbuffered[0]
    BUFG_PS_X0Y90        BUFG_PS (Prop_BUFG_PS_I_O)
                                                      0.038     0.267 r  pccx_v002_system_i/zynq_ps/inst/buffer_pl_clk_0.PL_CLK_0_BUFG/O
    X1Y1 (CLOCK_ROOT)    net (fo=82039, routed)       3.336     3.603    pccx_v002_system_i/result_dm_acp/U0/GEN_S2MM_FULL.I_S2MM_FULL_WRAPPER/GEN_INCLUDE_GP_SF.I_S2MM_GP_SF/I_DATA_FIFO/BLK_MEM.I_SYNC_FIFOGEN_FIFO/xpm_fifo_base_inst/gen_sdpram.xpm_memory_base_inst/clka
    RAMB36_X1Y25         RAMB36E2                                     r  pccx_v002_system_i/result_dm_acp/U0/GEN_S2MM_FULL.I_S2MM_FULL_WRAPPER/GEN_INCLUDE_GP_SF.I_S2MM_GP_SF/I_DATA_FIFO/BLK_MEM.I_SYNC_FIFOGEN_FIFO/xpm_fifo_base_inst/gen_sdpram.xpm_memory_base_inst/gen_wr_a.gen_word_narrow.mem_reg_1/CLKBWRCLK
                         clock pessimism             -0.256     3.346    
    RAMB36_X1Y25         RAMB36E2 (Hold_RAMB36E2_RAMB36_CLKBWRCLK_DINBDIN[2])
                                                     -0.048     3.298    pccx_v002_system_i/result_dm_acp/U0/GEN_S2MM_FULL.I_S2MM_FULL_WRAPPER/GEN_INCLUDE_GP_SF.I_S2MM_GP_SF/I_DATA_FIFO/BLK_MEM.I_SYNC_FIFOGEN_FIFO/xpm_fifo_base_inst/gen_sdpram.xpm_memory_base_inst/gen_wr_a.gen_word_narrow.mem_reg_1
  -------------------------------------------------------------------
                         required time                         -3.298    
                         arrival time                           3.309    
  -------------------------------------------------------------------
                         slack                                  0.011    

Slack (MET) :             0.011ns  (arrival time - required time)
  Source:                 pccx_v002_system_i/u_npu/inst/u_wrap/u_pccx_npu_top/u_systolic_engine/u_compute_core/gemm_row_loop[23].gemm_col_loop[15].normal_row.dsp_unit/w_lower_reg_reg[0]/C
                            (rising edge-triggered cell FDRE clocked by clk_pl_0  {rise@0.000ns fall@5.000ns period=10.000ns})
  Destination:            pccx_v002_system_i/u_npu/inst/u_wrap/u_pccx_npu_top/u_systolic_engine/u_compute_core/gemm_row_loop[23].gemm_col_loop[16].normal_row.dsp_unit/w_lower_reg_reg[0]/D
                            (rising edge-triggered cell FDRE clocked by clk_pl_0  {rise@0.000ns fall@5.000ns period=10.000ns})
  Path Group:             clk_pl_0
  Path Type:              Hold (Min at Slow Process Corner)
  Requirement:            0.000ns  (clk_pl_0 rise@0.000ns - clk_pl_0 rise@0.000ns)
  Data Path Delay:        0.224ns  (logic 0.115ns (51.270%)  route 0.109ns (48.730%))
  Logic Levels:           0  
  Clock Path Skew:        0.113ns (DCD - SCD - CPR)
    Destination Clock Delay (DCD):    3.338ns
    Source Clock Delay      (SCD):    2.976ns
    Clock Pessimism Removal (CPR):    0.249ns
  Clock Net Delay (Source):      2.760ns (routing 1.538ns, distribution 1.222ns)
  Clock Net Delay (Destination): 3.071ns (routing 1.681ns, distribution 1.390ns)

    Location             Delay type                Incr(ns)  Path(ns)    Netlist Resource(s)
  -------------------------------------------------------------------    -------------------
                         (clock clk_pl_0 rise edge)
                                                      0.000     0.000 r  
    PS8_X0Y0             PS8                          0.000     0.000 r  pccx_v002_system_i/zynq_ps/inst/PS8_i/PLCLK[0]
                         net (fo=1, routed)           0.181     0.181    pccx_v002_system_i/zynq_ps/inst/pl_clk_unbuffered[0]
    BUFG_PS_X0Y90        BUFG_PS (Prop_BUFG_PS_I_O)
                                                      0.035     0.216 r  pccx_v002_system_i/zynq_ps/inst/buffer_pl_clk_0.PL_CLK_0_BUFG/O
    X1Y1 (CLOCK_ROOT)    net (fo=82039, routed)       2.760     2.976    pccx_v002_system_i/u_npu/inst/u_wrap/u_pccx_npu_top/u_systolic_engine/u_compute_core/gemm_row_loop[23].gemm_col_loop[15].normal_row.dsp_unit/clk_core
    SLICE_X31Y132        FDRE                                         r  pccx_v002_system_i/u_npu/inst/u_wrap/u_pccx_npu_top/u_systolic_engine/u_compute_core/gemm_row_loop[23].gemm_col_loop[15].normal_row.dsp_unit/w_lower_reg_reg[0]/C
  -------------------------------------------------------------------    -------------------
    SLICE_X31Y132        FDRE (Prop_DFF2_SLICEM_C_Q)
                                                      0.115     3.091 r  pccx_v002_system_i/u_npu/inst/u_wrap/u_pccx_npu_top/u_systolic_engine/u_compute_core/gemm_row_loop[23].gemm_col_loop[15].normal_row.dsp_unit/w_lower_reg_reg[0]/Q
                         net (fo=2, routed)           0.109     3.200    pccx_v002_system_i/u_npu/inst/u_wrap/u_pccx_npu_top/u_systolic_engine/u_compute_core/gemm_row_loop[23].gemm_col_loop[16].normal_row.dsp_unit/w_lower_reg_reg[3]_1[0]
    SLICE_X30Y132        FDRE                                         r  pccx_v002_system_i/u_npu/inst/u_wrap/u_pccx_npu_top/u_systolic_engine/u_compute_core/gemm_row_loop[23].gemm_col_loop[16].normal_row.dsp_unit/w_lower_reg_reg[0]/D
  -------------------------------------------------------------------    -------------------

                         (clock clk_pl_0 rise edge)
                                                      0.000     0.000 r  
    PS8_X0Y0             PS8                          0.000     0.000 r  pccx_v002_system_i/zynq_ps/inst/PS8_i/PLCLK[0]
                         net (fo=1, routed)           0.229     0.229    pccx_v002_system_i/zynq_ps/inst/pl_clk_unbuffered[0]
    BUFG_PS_X0Y90        BUFG_PS (Prop_BUFG_PS_I_O)
                                                      0.038     0.267 r  pccx_v002_system_i/zynq_ps/inst/buffer_pl_clk_0.PL_CLK_0_BUFG/O
    X1Y1 (CLOCK_ROOT)    net (fo=82039, routed)       3.071     3.338    pccx_v002_system_i/u_npu/inst/u_wrap/u_pccx_npu_top/u_systolic_engine/u_compute_core/gemm_row_loop[23].gemm_col_loop[16].normal_row.dsp_unit/clk_core
    SLICE_X30Y132        FDRE                                         r  pccx_v002_system_i/u_npu/inst/u_wrap/u_pccx_npu_top/u_systolic_engine/u_compute_core/gemm_row_loop[23].gemm_col_loop[16].normal_row.dsp_unit/w_lower_reg_reg[0]/C
                         clock pessimism             -0.249     3.089    
    SLICE_X30Y132        FDRE (Hold_HFF_SLICEL_C_D)
                                                      0.101     3.190    pccx_v002_system_i/u_npu/inst/u_wrap/u_pccx_npu_top/u_systolic_engine/u_compute_core/gemm_row_loop[23].gemm_col_loop[16].normal_row.dsp_unit/w_lower_reg_reg[0]
  -------------------------------------------------------------------
                         required time                         -3.190    
                         arrival time                           3.200    
  -------------------------------------------------------------------
                         slack                                  0.011    

Slack (MET) :             0.011ns  (arrival time - required time)
  Source:                 pccx_v002_system_i/u_npu/inst/u_wrap/u_pccx_npu_top/u_systolic_engine/u_compute_core/gemm_row_loop[0].gemm_col_loop[23].normal_row.dsp_unit/w_upper_reg_reg[3]/C
                            (rising edge-triggered cell FDRE clocked by clk_pl_0  {rise@0.000ns fall@5.000ns period=10.000ns})
  Destination:            pccx_v002_system_i/u_npu/inst/u_wrap/u_pccx_npu_top/u_systolic_engine/u_compute_core/gemm_row_loop[0].gemm_col_loop[24].normal_row.dsp_unit/w_upper_reg_reg[3]/D
                            (rising edge-triggered cell FDRE clocked by clk_pl_0  {rise@0.000ns fall@5.000ns period=10.000ns})
  Path Group:             clk_pl_0
  Path Type:              Hold (Min at Slow Process Corner)
  Requirement:            0.000ns  (clk_pl_0 rise@0.000ns - clk_pl_0 rise@0.000ns)
  Data Path Delay:        0.212ns  (logic 0.115ns (54.168%)  route 0.097ns (45.832%))
  Logic Levels:           0  
  Clock Path Skew:        0.099ns (DCD - SCD - CPR)
    Destination Clock Delay (DCD):    3.545ns
    Source Clock Delay      (SCD):    3.197ns
    Clock Pessimism Removal (CPR):    0.249ns
  Clock Net Delay (Source):      2.981ns (routing 1.538ns, distribution 1.443ns)
  Clock Net Delay (Destination): 3.278ns (routing 1.681ns, distribution 1.597ns)

    Location             Delay type                Incr(ns)  Path(ns)    Netlist Resource(s)
  -------------------------------------------------------------------    -------------------
                         (clock clk_pl_0 rise edge)
                                                      0.000     0.000 r  
    PS8_X0Y0             PS8                          0.000     0.000 r  pccx_v002_system_i/zynq_ps/inst/PS8_i/PLCLK[0]
                         net (fo=1, routed)           0.181     0.181    pccx_v002_system_i/zynq_ps/inst/pl_clk_unbuffered[0]
    BUFG_PS_X0Y90        BUFG_PS (Prop_BUFG_PS_I_O)
                                                      0.035     0.216 r  pccx_v002_system_i/zynq_ps/inst/buffer_pl_clk_0.PL_CLK_0_BUFG/O
    X1Y1 (CLOCK_ROOT)    net (fo=82039, routed)       2.981     3.197    pccx_v002_system_i/u_npu/inst/u_wrap/u_pccx_npu_top/u_systolic_engine/u_compute_core/gemm_row_loop[0].gemm_col_loop[23].normal_row.dsp_unit/clk_core
    SLICE_X12Y183        FDRE                                         r  pccx_v002_system_i/u_npu/inst/u_wrap/u_pccx_npu_top/u_systolic_engine/u_compute_core/gemm_row_loop[0].gemm_col_loop[23].normal_row.dsp_unit/w_upper_reg_reg[3]/C
  -------------------------------------------------------------------    -------------------
    SLICE_X12Y183        FDRE (Prop_DFF2_SLICEM_C_Q)
                                                      0.115     3.312 r  pccx_v002_system_i/u_npu/inst/u_wrap/u_pccx_npu_top/u_systolic_engine/u_compute_core/gemm_row_loop[0].gemm_col_loop[23].normal_row.dsp_unit/w_upper_reg_reg[3]/Q
                         net (fo=2, routed)           0.097     3.409    pccx_v002_system_i/u_npu/inst/u_wrap/u_pccx_npu_top/u_systolic_engine/u_compute_core/gemm_row_loop[0].gemm_col_loop[24].normal_row.dsp_unit/w_upper_reg_reg[3]_2[3]
    SLICE_X11Y183        FDRE                                         r  pccx_v002_system_i/u_npu/inst/u_wrap/u_pccx_npu_top/u_systolic_engine/u_compute_core/gemm_row_loop[0].gemm_col_loop[24].normal_row.dsp_unit/w_upper_reg_reg[3]/D
  -------------------------------------------------------------------    -------------------

                         (clock clk_pl_0 rise edge)
                                                      0.000     0.000 r  
    PS8_X0Y0             PS8                          0.000     0.000 r  pccx_v002_system_i/zynq_ps/inst/PS8_i/PLCLK[0]
                         net (fo=1, routed)           0.229     0.229    pccx_v002_system_i/zynq_ps/inst/pl_clk_unbuffered[0]
    BUFG_PS_X0Y90        BUFG_PS (Prop_BUFG_PS_I_O)
                                                      0.038     0.267 r  pccx_v002_system_i/zynq_ps/inst/buffer_pl_clk_0.PL_CLK_0_BUFG/O
    X1Y1 (CLOCK_ROOT)    net (fo=82039, routed)       3.278     3.545    pccx_v002_system_i/u_npu/inst/u_wrap/u_pccx_npu_top/u_systolic_engine/u_compute_core/gemm_row_loop[0].gemm_col_loop[24].normal_row.dsp_unit/clk_core
    SLICE_X11Y183        FDRE                                         r  pccx_v002_system_i/u_npu/inst/u_wrap/u_pccx_npu_top/u_systolic_engine/u_compute_core/gemm_row_loop[0].gemm_col_loop[24].normal_row.dsp_unit/w_upper_reg_reg[3]/C
                         clock pessimism             -0.249     3.296    
    SLICE_X11Y183        FDRE (Hold_HFF2_SLICEL_C_D)
                                                      0.103     3.399    pccx_v002_system_i/u_npu/inst/u_wrap/u_pccx_npu_top/u_systolic_engine/u_compute_core/gemm_row_loop[0].gemm_col_loop[24].normal_row.dsp_unit/w_upper_reg_reg[3]
  -------------------------------------------------------------------
                         required time                         -3.399    
                         arrival time                           3.409    
  -------------------------------------------------------------------
                         slack                                  0.011    

Slack (MET) :             0.011ns  (arrival time - required time)
  Source:                 pccx_v002_system_i/u_npu/inst/u_wrap/u_pccx_npu_top/gen_norm[0].u_norm_seq/s1_abs_data_reg[19]/C
                            (rising edge-triggered cell FDRE clocked by clk_pl_0  {rise@0.000ns fall@5.000ns period=10.000ns})
  Destination:            pccx_v002_system_i/u_npu/inst/u_wrap/u_pccx_npu_top/gen_norm[0].u_norm_seq/s2_abs_data_reg[19]/D
                            (rising edge-triggered cell FDRE clocked by clk_pl_0  {rise@0.000ns fall@5.000ns period=10.000ns})
  Path Group:             clk_pl_0
  Path Type:              Hold (Min at Slow Process Corner)
  Requirement:            0.000ns  (clk_pl_0 rise@0.000ns - clk_pl_0 rise@0.000ns)
  Data Path Delay:        0.322ns  (logic 0.112ns (34.794%)  route 0.210ns (65.206%))
  Logic Levels:           0  
  Clock Path Skew:        0.209ns (DCD - SCD - CPR)
    Destination Clock Delay (DCD):    3.382ns
    Source Clock Delay      (SCD):    2.930ns
    Clock Pessimism Removal (CPR):    0.242ns
  Clock Net Delay (Source):      2.714ns (routing 1.538ns, distribution 1.176ns)
  Clock Net Delay (Destination): 3.115ns (routing 1.681ns, distribution 1.434ns)

    Location             Delay type                Incr(ns)  Path(ns)    Netlist Resource(s)
  -------------------------------------------------------------------    -------------------
                         (clock clk_pl_0 rise edge)
                                                      0.000     0.000 r  
    PS8_X0Y0             PS8                          0.000     0.000 r  pccx_v002_system_i/zynq_ps/inst/PS8_i/PLCLK[0]
                         net (fo=1, routed)           0.181     0.181    pccx_v002_system_i/zynq_ps/inst/pl_clk_unbuffered[0]
    BUFG_PS_X0Y90        BUFG_PS (Prop_BUFG_PS_I_O)
                                                      0.035     0.216 r  pccx_v002_system_i/zynq_ps/inst/buffer_pl_clk_0.PL_CLK_0_BUFG/O
    X1Y1 (CLOCK_ROOT)    net (fo=82039, routed)       2.714     2.930    pccx_v002_system_i/u_npu/inst/u_wrap/u_pccx_npu_top/gen_norm[0].u_norm_seq/clk_core
    SLICE_X40Y55         FDRE                                         r  pccx_v002_system_i/u_npu/inst/u_wrap/u_pccx_npu_top/gen_norm[0].u_norm_seq/s1_abs_data_reg[19]/C
  -------------------------------------------------------------------    -------------------
    SLICE_X40Y55         FDRE (Prop_DFF_SLICEM_C_Q)
                                                      0.112     3.042 r  pccx_v002_system_i/u_npu/inst/u_wrap/u_pccx_npu_top/gen_norm[0].u_norm_seq/s1_abs_data_reg[19]/Q
                         net (fo=6, routed)           0.210     3.252    pccx_v002_system_i/u_npu/inst/u_wrap/u_pccx_npu_top/gen_norm[0].u_norm_seq/s1_abs_data_reg_n_0_[19]
    SLICE_X41Y57         FDRE                                         r  pccx_v002_system_i/u_npu/inst/u_wrap/u_pccx_npu_top/gen_norm[0].u_norm_seq/s2_abs_data_reg[19]/D
  -------------------------------------------------------------------    -------------------

                         (clock clk_pl_0 rise edge)
                                                      0.000     0.000 r  
    PS8_X0Y0             PS8                          0.000     0.000 r  pccx_v002_system_i/zynq_ps/inst/PS8_i/PLCLK[0]
                         net (fo=1, routed)           0.229     0.229    pccx_v002_system_i/zynq_ps/inst/pl_clk_unbuffered[0]
    BUFG_PS_X0Y90        BUFG_PS (Prop_BUFG_PS_I_O)
                                                      0.038     0.267 r  pccx_v002_system_i/zynq_ps/inst/buffer_pl_clk_0.PL_CLK_0_BUFG/O
    X1Y1 (CLOCK_ROOT)    net (fo=82039, routed)       3.115     3.382    pccx_v002_system_i/u_npu/inst/u_wrap/u_pccx_npu_top/gen_norm[0].u_norm_seq/clk_core
    SLICE_X41Y57         FDRE                                         r  pccx_v002_system_i/u_npu/inst/u_wrap/u_pccx_npu_top/gen_norm[0].u_norm_seq/s2_abs_data_reg[19]/C
                         clock pessimism             -0.242     3.139    
    SLICE_X41Y57         FDRE (Hold_BFF2_SLICEM_C_D)
                                                      0.102     3.241    pccx_v002_system_i/u_npu/inst/u_wrap/u_pccx_npu_top/gen_norm[0].u_norm_seq/s2_abs_data_reg[19]
  -------------------------------------------------------------------
                         required time                         -3.241    
                         arrival time                           3.252    
  -------------------------------------------------------------------
                         slack                                  0.011    

Slack (MET) :             0.011ns  (arrival time - required time)
  Source:                 pccx_v002_system_i/u_npu/inst/u_wrap/u_pccx_npu_top/u_CVO_top/sub_s0_passthrough_reg[3]/C
                            (rising edge-triggered cell FDRE clocked by clk_pl_0  {rise@0.000ns fall@5.000ns period=10.000ns})
  Destination:            pccx_v002_system_i/u_npu/inst/u_wrap/u_pccx_npu_top/u_CVO_top/sub_s1p_passthrough_reg[3]/D
                            (rising edge-triggered cell FDRE clocked by clk_pl_0  {rise@0.000ns fall@5.000ns period=10.000ns})
  Path Group:             clk_pl_0
  Path Type:              Hold (Min at Slow Process Corner)
  Requirement:            0.000ns  (clk_pl_0 rise@0.000ns - clk_pl_0 rise@0.000ns)
  Data Path Delay:        0.245ns  (logic 0.114ns (46.531%)  route 0.131ns (53.469%))
  Logic Levels:           0  
  Clock Path Skew:        0.131ns (DCD - SCD - CPR)
    Destination Clock Delay (DCD):    3.448ns
    Source Clock Delay      (SCD):    3.068ns
    Clock Pessimism Removal (CPR):    0.248ns
  Clock Net Delay (Source):      2.852ns (routing 1.538ns, distribution 1.314ns)
  Clock Net Delay (Destination): 3.181ns (routing 1.681ns, distribution 1.500ns)

    Location             Delay type                Incr(ns)  Path(ns)    Netlist Resource(s)
  -------------------------------------------------------------------    -------------------
                         (clock clk_pl_0 rise edge)
                                                      0.000     0.000 r  
    PS8_X0Y0             PS8                          0.000     0.000 r  pccx_v002_system_i/zynq_ps/inst/PS8_i/PLCLK[0]
                         net (fo=1, routed)           0.181     0.181    pccx_v002_system_i/zynq_ps/inst/pl_clk_unbuffered[0]
    BUFG_PS_X0Y90        BUFG_PS (Prop_BUFG_PS_I_O)
                                                      0.035     0.216 r  pccx_v002_system_i/zynq_ps/inst/buffer_pl_clk_0.PL_CLK_0_BUFG/O
    X1Y1 (CLOCK_ROOT)    net (fo=82039, routed)       2.852     3.068    pccx_v002_system_i/u_npu/inst/u_wrap/u_pccx_npu_top/u_CVO_top/clk_core
    SLICE_X53Y94         FDRE                                         r  pccx_v002_system_i/u_npu/inst/u_wrap/u_pccx_npu_top/u_CVO_top/sub_s0_passthrough_reg[3]/C
  -------------------------------------------------------------------    -------------------
    SLICE_X53Y94         FDRE (Prop_EFF2_SLICEM_C_Q)
                                                      0.114     3.182 r  pccx_v002_system_i/u_npu/inst/u_wrap/u_pccx_npu_top/u_CVO_top/sub_s0_passthrough_reg[3]/Q
                         net (fo=1, routed)           0.131     3.313    pccx_v002_system_i/u_npu/inst/u_wrap/u_pccx_npu_top/u_CVO_top/sub_s0_passthrough[3]
    SLICE_X55Y94         FDRE                                         r  pccx_v002_system_i/u_npu/inst/u_wrap/u_pccx_npu_top/u_CVO_top/sub_s1p_passthrough_reg[3]/D
  -------------------------------------------------------------------    -------------------

                         (clock clk_pl_0 rise edge)
                                                      0.000     0.000 r  
    PS8_X0Y0             PS8                          0.000     0.000 r  pccx_v002_system_i/zynq_ps/inst/PS8_i/PLCLK[0]
                         net (fo=1, routed)           0.229     0.229    pccx_v002_system_i/zynq_ps/inst/pl_clk_unbuffered[0]
    BUFG_PS_X0Y90        BUFG_PS (Prop_BUFG_PS_I_O)
                                                      0.038     0.267 r  pccx_v002_system_i/zynq_ps/inst/buffer_pl_clk_0.PL_CLK_0_BUFG/O
    X1Y1 (CLOCK_ROOT)    net (fo=82039, routed)       3.181     3.448    pccx_v002_system_i/u_npu/inst/u_wrap/u_pccx_npu_top/u_CVO_top/clk_core
    SLICE_X55Y94         FDRE                                         r  pccx_v002_system_i/u_npu/inst/u_wrap/u_pccx_npu_top/u_CVO_top/sub_s1p_passthrough_reg[3]/C
                         clock pessimism             -0.248     3.199    
    SLICE_X55Y94         FDRE (Hold_CFF2_SLICEL_C_D)
                                                      0.103     3.302    pccx_v002_system_i/u_npu/inst/u_wrap/u_pccx_npu_top/u_CVO_top/sub_s1p_passthrough_reg[3]
  -------------------------------------------------------------------
                         required time                         -3.302    
                         arrival time                           3.313    
  -------------------------------------------------------------------
                         slack                                  0.011    

Slack (MET) :             0.011ns  (arrival time - required time)
  Source:                 pccx_v002_system_i/u_npu/inst/u_wrap/u_pccx_npu_top/u_systolic_engine/u_compute_core/gemm_row_loop[19].gemm_col_loop[23].normal_row.dsp_unit/w_lower_reg_reg[1]/C
                            (rising edge-triggered cell FDRE clocked by clk_pl_0  {rise@0.000ns fall@5.000ns period=10.000ns})
  Destination:            pccx_v002_system_i/u_npu/inst/u_wrap/u_pccx_npu_top/u_systolic_engine/u_compute_core/gemm_row_loop[19].gemm_col_loop[24].normal_row.dsp_unit/w_lower_reg_reg[1]/D
                            (rising edge-triggered cell FDRE clocked by clk_pl_0  {rise@0.000ns fall@5.000ns period=10.000ns})
  Path Group:             clk_pl_0
  Path Type:              Hold (Min at Slow Process Corner)
  Requirement:            0.000ns  (clk_pl_0 rise@0.000ns - clk_pl_0 rise@0.000ns)
  Data Path Delay:        0.243ns  (logic 0.111ns (45.642%)  route 0.132ns (54.358%))
  Logic Levels:           0  
  Clock Path Skew:        0.130ns (DCD - SCD - CPR)
    Destination Clock Delay (DCD):    3.553ns
    Source Clock Delay      (SCD):    3.167ns
    Clock Pessimism Removal (CPR):    0.255ns
  Clock Net Delay (Source):      2.951ns (routing 1.538ns, distribution 1.413ns)
  Clock Net Delay (Destination): 3.286ns (routing 1.681ns, distribution 1.605ns)

    Location             Delay type                Incr(ns)  Path(ns)    Netlist Resource(s)
  -------------------------------------------------------------------    -------------------
                         (clock clk_pl_0 rise edge)
                                                      0.000     0.000 r  
    PS8_X0Y0             PS8                          0.000     0.000 r  pccx_v002_system_i/zynq_ps/inst/PS8_i/PLCLK[0]
                         net (fo=1, routed)           0.181     0.181    pccx_v002_system_i/zynq_ps/inst/pl_clk_unbuffered[0]
    BUFG_PS_X0Y90        BUFG_PS (Prop_BUFG_PS_I_O)
                                                      0.035     0.216 r  pccx_v002_system_i/zynq_ps/inst/buffer_pl_clk_0.PL_CLK_0_BUFG/O
    X1Y1 (CLOCK_ROOT)    net (fo=82039, routed)       2.951     3.167    pccx_v002_system_i/u_npu/inst/u_wrap/u_pccx_npu_top/u_systolic_engine/u_compute_core/gemm_row_loop[19].gemm_col_loop[23].normal_row.dsp_unit/clk_core
    SLICE_X17Y130        FDRE                                         r  pccx_v002_system_i/u_npu/inst/u_wrap/u_pccx_npu_top/u_systolic_engine/u_compute_core/gemm_row_loop[19].gemm_col_loop[23].normal_row.dsp_unit/w_lower_reg_reg[1]/C
  -------------------------------------------------------------------    -------------------
    SLICE_X17Y130        FDRE (Prop_BFF_SLICEM_C_Q)
                                                      0.111     3.278 r  pccx_v002_system_i/u_npu/inst/u_wrap/u_pccx_npu_top/u_systolic_engine/u_compute_core/gemm_row_loop[19].gemm_col_loop[23].normal_row.dsp_unit/w_lower_reg_reg[1]/Q
                         net (fo=2, routed)           0.132     3.410    pccx_v002_system_i/u_npu/inst/u_wrap/u_pccx_npu_top/u_systolic_engine/u_compute_core/gemm_row_loop[19].gemm_col_loop[24].normal_row.dsp_unit/w_lower_reg_reg[3]_1[1]
    SLICE_X15Y128        FDRE                                         r  pccx_v002_system_i/u_npu/inst/u_wrap/u_pccx_npu_top/u_systolic_engine/u_compute_core/gemm_row_loop[19].gemm_col_loop[24].normal_row.dsp_unit/w_lower_reg_reg[1]/D
  -------------------------------------------------------------------    -------------------

                         (clock clk_pl_0 rise edge)
                                                      0.000     0.000 r  
    PS8_X0Y0             PS8                          0.000     0.000 r  pccx_v002_system_i/zynq_ps/inst/PS8_i/PLCLK[0]
                         net (fo=1, routed)           0.229     0.229    pccx_v002_system_i/zynq_ps/inst/pl_clk_unbuffered[0]
    BUFG_PS_X0Y90        BUFG_PS (Prop_BUFG_PS_I_O)
                                                      0.038     0.267 r  pccx_v002_system_i/zynq_ps/inst/buffer_pl_clk_0.PL_CLK_0_BUFG/O
    X1Y1 (CLOCK_ROOT)    net (fo=82039, routed)       3.286     3.553    pccx_v002_system_i/u_npu/inst/u_wrap/u_pccx_npu_top/u_systolic_engine/u_compute_core/gemm_row_loop[19].gemm_col_loop[24].normal_row.dsp_unit/clk_core
    SLICE_X15Y128        FDRE                                         r  pccx_v002_system_i/u_npu/inst/u_wrap/u_pccx_npu_top/u_systolic_engine/u_compute_core/gemm_row_loop[19].gemm_col_loop[24].normal_row.dsp_unit/w_lower_reg_reg[1]/C
                         clock pessimism             -0.255     3.297    
    SLICE_X15Y128        FDRE (Hold_BFF2_SLICEL_C_D)
                                                      0.102     3.399    pccx_v002_system_i/u_npu/inst/u_wrap/u_pccx_npu_top/u_systolic_engine/u_compute_core/gemm_row_loop[19].gemm_col_loop[24].normal_row.dsp_unit/w_lower_reg_reg[1]
  -------------------------------------------------------------------
                         required time                         -3.399    
                         arrival time                           3.410    
  -------------------------------------------------------------------
                         slack                                  0.011    

Slack (MET) :             0.011ns  (arrival time - required time)
  Source:                 pccx_v002_system_i/u_npu/inst/u_wrap/u_pccx_npu_top/u_systolic_engine/u_compute_core/v_delay_row[15].v_delay_col[17].gemm_in_V_fabric_reg[16][17][4]/C
                            (rising edge-triggered cell FDRE clocked by clk_pl_0  {rise@0.000ns fall@5.000ns period=10.000ns})
  Destination:            pccx_v002_system_i/u_npu/inst/u_wrap/u_pccx_npu_top/u_systolic_engine/u_compute_core/v_delay_row[16].v_delay_col[17].gemm_in_V_fabric_reg[17][17][4]/D
                            (rising edge-triggered cell FDRE clocked by clk_pl_0  {rise@0.000ns fall@5.000ns period=10.000ns})
  Path Group:             clk_pl_0
  Path Type:              Hold (Min at Slow Process Corner)
  Requirement:            0.000ns  (clk_pl_0 rise@0.000ns - clk_pl_0 rise@0.000ns)
  Data Path Delay:        0.230ns  (logic 0.112ns (48.632%)  route 0.118ns (51.368%))
  Logic Levels:           0  
  Clock Path Skew:        0.117ns (DCD - SCD - CPR)
    Destination Clock Delay (DCD):    3.504ns
    Source Clock Delay      (SCD):    3.141ns
    Clock Pessimism Removal (CPR):    0.245ns
  Clock Net Delay (Source):      2.925ns (routing 1.538ns, distribution 1.387ns)
  Clock Net Delay (Destination): 3.237ns (routing 1.681ns, distribution 1.556ns)

    Location             Delay type                Incr(ns)  Path(ns)    Netlist Resource(s)
  -------------------------------------------------------------------    -------------------
                         (clock clk_pl_0 rise edge)
                                                      0.000     0.000 r  
    PS8_X0Y0             PS8                          0.000     0.000 r  pccx_v002_system_i/zynq_ps/inst/PS8_i/PLCLK[0]
                         net (fo=1, routed)           0.181     0.181    pccx_v002_system_i/zynq_ps/inst/pl_clk_unbuffered[0]
    BUFG_PS_X0Y90        BUFG_PS (Prop_BUFG_PS_I_O)
                                                      0.035     0.216 r  pccx_v002_system_i/zynq_ps/inst/buffer_pl_clk_0.PL_CLK_0_BUFG/O
    X1Y1 (CLOCK_ROOT)    net (fo=82039, routed)       2.925     3.141    pccx_v002_system_i/u_npu/inst/u_wrap/u_pccx_npu_top/u_systolic_engine/u_compute_core/clk_core
    SLICE_X13Y51         FDRE                                         r  pccx_v002_system_i/u_npu/inst/u_wrap/u_pccx_npu_top/u_systolic_engine/u_compute_core/v_delay_row[15].v_delay_col[17].gemm_in_V_fabric_reg[16][17][4]/C
  -------------------------------------------------------------------    -------------------
    SLICE_X13Y51         FDRE (Prop_GFF_SLICEM_C_Q)
                                                      0.112     3.253 r  pccx_v002_system_i/u_npu/inst/u_wrap/u_pccx_npu_top/u_systolic_engine/u_compute_core/v_delay_row[15].v_delay_col[17].gemm_in_V_fabric_reg[16][17][4]/Q
                         net (fo=2, routed)           0.118     3.371    pccx_v002_system_i/u_npu/inst/u_wrap/u_pccx_npu_top/u_systolic_engine/u_compute_core/v_delay_row[15].v_delay_col[17].gemm_in_V_fabric_reg_n_0_[16][17][4]
    SLICE_X12Y51         FDRE                                         r  pccx_v002_system_i/u_npu/inst/u_wrap/u_pccx_npu_top/u_systolic_engine/u_compute_core/v_delay_row[16].v_delay_col[17].gemm_in_V_fabric_reg[17][17][4]/D
  -------------------------------------------------------------------    -------------------

                         (clock clk_pl_0 rise edge)
                                                      0.000     0.000 r  
    PS8_X0Y0             PS8                          0.000     0.000 r  pccx_v002_system_i/zynq_ps/inst/PS8_i/PLCLK[0]
                         net (fo=1, routed)           0.229     0.229    pccx_v002_system_i/zynq_ps/inst/pl_clk_unbuffered[0]
    BUFG_PS_X0Y90        BUFG_PS (Prop_BUFG_PS_I_O)
                                                      0.038     0.267 r  pccx_v002_system_i/zynq_ps/inst/buffer_pl_clk_0.PL_CLK_0_BUFG/O
    X1Y1 (CLOCK_ROOT)    net (fo=82039, routed)       3.237     3.504    pccx_v002_system_i/u_npu/inst/u_wrap/u_pccx_npu_top/u_systolic_engine/u_compute_core/clk_core
    SLICE_X12Y51         FDRE                                         r  pccx_v002_system_i/u_npu/inst/u_wrap/u_pccx_npu_top/u_systolic_engine/u_compute_core/v_delay_row[16].v_delay_col[17].gemm_in_V_fabric_reg[17][17][4]/C
                         clock pessimism             -0.245     3.259    
    SLICE_X12Y51         FDRE (Hold_BFF2_SLICEM_C_D)
                                                      0.102     3.361    pccx_v002_system_i/u_npu/inst/u_wrap/u_pccx_npu_top/u_systolic_engine/u_compute_core/v_delay_row[16].v_delay_col[17].gemm_in_V_fabric_reg[17][17][4]
  -------------------------------------------------------------------
                         required time                         -3.361    
                         arrival time                           3.371    
  -------------------------------------------------------------------
                         slack                                  0.011    

Slack (MET) :             0.011ns  (arrival time - required time)
  Source:                 pccx_v002_system_i/result_dm_acp/U0/GEN_S2MM_FULL.I_S2MM_FULL_WRAPPER/I_S2MM_MMAP_SKID_BUF/sig_data_reg_out_reg[95]/C
                            (rising edge-triggered cell FDRE clocked by clk_pl_0  {rise@0.000ns fall@5.000ns period=10.000ns})
  Destination:            pccx_v002_system_i/sc_hp0_stage0/inst/s02_entry_pipeline/s02_mmu/inst/w_sreg/skid_buffer_reg[1120]/D
                            (rising edge-triggered cell FDRE clocked by clk_pl_0  {rise@0.000ns fall@5.000ns period=10.000ns})
  Path Group:             clk_pl_0
  Path Type:              Hold (Min at Slow Process Corner)
  Requirement:            0.000ns  (clk_pl_0 rise@0.000ns - clk_pl_0 rise@0.000ns)
  Data Path Delay:        0.235ns  (logic 0.111ns (47.155%)  route 0.124ns (52.845%))
  Logic Levels:           0  
  Clock Path Skew:        0.121ns (DCD - SCD - CPR)
    Destination Clock Delay (DCD):    3.346ns
    Source Clock Delay      (SCD):    2.975ns
    Clock Pessimism Removal (CPR):    0.249ns
  Clock Net Delay (Source):      2.759ns (routing 1.538ns, distribution 1.221ns)
  Clock Net Delay (Destination): 3.079ns (routing 1.681ns, distribution 1.398ns)

    Location             Delay type                Incr(ns)  Path(ns)    Netlist Resource(s)
  -------------------------------------------------------------------    -------------------
                         (clock clk_pl_0 rise edge)
                                                      0.000     0.000 r  
    PS8_X0Y0             PS8                          0.000     0.000 r  pccx_v002_system_i/zynq_ps/inst/PS8_i/PLCLK[0]
                         net (fo=1, routed)           0.181     0.181    pccx_v002_system_i/zynq_ps/inst/pl_clk_unbuffered[0]
    BUFG_PS_X0Y90        BUFG_PS (Prop_BUFG_PS_I_O)
                                                      0.035     0.216 r  pccx_v002_system_i/zynq_ps/inst/buffer_pl_clk_0.PL_CLK_0_BUFG/O
    X1Y1 (CLOCK_ROOT)    net (fo=82039, routed)       2.759     2.975    pccx_v002_system_i/result_dm_acp/U0/GEN_S2MM_FULL.I_S2MM_FULL_WRAPPER/I_S2MM_MMAP_SKID_BUF/m_axi_s2mm_aclk
    SLICE_X34Y126        FDRE                                         r  pccx_v002_system_i/result_dm_acp/U0/GEN_S2MM_FULL.I_S2MM_FULL_WRAPPER/I_S2MM_MMAP_SKID_BUF/sig_data_reg_out_reg[95]/C
  -------------------------------------------------------------------    -------------------
    SLICE_X34Y126        FDRE (Prop_FFF_SLICEM_C_Q)
                                                      0.111     3.086 r  pccx_v002_system_i/result_dm_acp/U0/GEN_S2MM_FULL.I_S2MM_FULL_WRAPPER/I_S2MM_MMAP_SKID_BUF/sig_data_reg_out_reg[95]/Q
                         net (fo=2, routed)           0.124     3.211    pccx_v002_system_i/sc_hp0_stage0/inst/s02_entry_pipeline/s02_mmu/inst/w_sreg/D[96]
    SLICE_X33Y125        FDRE                                         r  pccx_v002_system_i/sc_hp0_stage0/inst/s02_entry_pipeline/s02_mmu/inst/w_sreg/skid_buffer_reg[1120]/D
  -------------------------------------------------------------------    -------------------

                         (clock clk_pl_0 rise edge)
                                                      0.000     0.000 r  
    PS8_X0Y0             PS8                          0.000     0.000 r  pccx_v002_system_i/zynq_ps/inst/PS8_i/PLCLK[0]
                         net (fo=1, routed)           0.229     0.229    pccx_v002_system_i/zynq_ps/inst/pl_clk_unbuffered[0]
    BUFG_PS_X0Y90        BUFG_PS (Prop_BUFG_PS_I_O)
                                                      0.038     0.267 r  pccx_v002_system_i/zynq_ps/inst/buffer_pl_clk_0.PL_CLK_0_BUFG/O
    X1Y1 (CLOCK_ROOT)    net (fo=82039, routed)       3.079     3.346    pccx_v002_system_i/sc_hp0_stage0/inst/s02_entry_pipeline/s02_mmu/inst/w_sreg/aclk
    SLICE_X33Y125        FDRE                                         r  pccx_v002_system_i/sc_hp0_stage0/inst/s02_entry_pipeline/s02_mmu/inst/w_sreg/skid_buffer_reg[1120]/C
                         clock pessimism             -0.249     3.097    
    SLICE_X33Y125        FDRE (Hold_FFF2_SLICEL_C_D)
                                                      0.103     3.200    pccx_v002_system_i/sc_hp0_stage0/inst/s02_entry_pipeline/s02_mmu/inst/w_sreg/skid_buffer_reg[1120]
  -------------------------------------------------------------------
                         required time                         -3.200    
                         arrival time                           3.211    
  -------------------------------------------------------------------
                         slack                                  0.011    





Pulse Width Checks
--------------------------------------------------------------------------------------
Clock Name:         clk_pl_0
Waveform(ns):       { 0.000 5.000 }
Period(ns):         10.000
Sources:            { pccx_v002_system_i/zynq_ps/inst/PS8_i/PLCLK[0] }

Check Type        Corner  Lib Pin          Reference Pin  Required(ns)  Actual(ns)  Slack(ns)  Location       Pin
Min Period        n/a     PS8/MAXIGP0ACLK  n/a            3.000         10.000      7.000      PS8_X0Y0       pccx_v002_system_i/zynq_ps/inst/PS8_i/MAXIGP0ACLK
Min Period        n/a     PS8/SAXIACPACLK  n/a            3.000         10.000      7.000      PS8_X0Y0       pccx_v002_system_i/zynq_ps/inst/PS8_i/SAXIACPACLK
Min Period        n/a     PS8/SAXIGP2RCLK  n/a            3.000         10.000      7.000      PS8_X0Y0       pccx_v002_system_i/zynq_ps/inst/PS8_i/SAXIGP2RCLK
Min Period        n/a     PS8/SAXIGP2WCLK  n/a            3.000         10.000      7.000      PS8_X0Y0       pccx_v002_system_i/zynq_ps/inst/PS8_i/SAXIGP2WCLK
Min Period        n/a     PS8/SAXIGP3RCLK  n/a            3.000         10.000      7.000      PS8_X0Y0       pccx_v002_system_i/zynq_ps/inst/PS8_i/SAXIGP3RCLK
Min Period        n/a     PS8/SAXIGP3WCLK  n/a            3.000         10.000      7.000      PS8_X0Y0       pccx_v002_system_i/zynq_ps/inst/PS8_i/SAXIGP3WCLK
Min Period        n/a     PS8/SAXIGP4RCLK  n/a            3.000         10.000      7.000      PS8_X0Y0       pccx_v002_system_i/zynq_ps/inst/PS8_i/SAXIGP4RCLK
Min Period        n/a     PS8/SAXIGP4WCLK  n/a            3.000         10.000      7.000      PS8_X0Y0       pccx_v002_system_i/zynq_ps/inst/PS8_i/SAXIGP4WCLK
Min Period        n/a     PS8/SAXIGP5RCLK  n/a            3.000         10.000      7.000      PS8_X0Y0       pccx_v002_system_i/zynq_ps/inst/PS8_i/SAXIGP5RCLK
Min Period        n/a     PS8/SAXIGP5WCLK  n/a            3.000         10.000      7.000      PS8_X0Y0       pccx_v002_system_i/zynq_ps/inst/PS8_i/SAXIGP5WCLK
Min Period        n/a     URAM288/CLK      n/a            2.000         10.000      8.000      URAM288_X0Y48  pccx_v002_system_i/u_npu/inst/u_wrap/u_pccx_npu_top/u_mem_dispatcher/u_l2_cache/u_l2_uram/u_l2_uram/xpm_memory_base_inst/gen_wr_a.gen_word_narrow.mem_reg_uram_0/CLK
Min Period        n/a     URAM288/CLK      n/a            2.000         10.000      8.000      URAM288_X0Y49  pccx_v002_system_i/u_npu/inst/u_wrap/u_pccx_npu_top/u_mem_dispatcher/u_l2_cache/u_l2_uram/u_l2_uram/xpm_memory_base_inst/gen_wr_a.gen_word_narrow.mem_reg_uram_1/CLK
Min Period        n/a     URAM288/CLK      n/a            2.000         10.000      8.000      URAM288_X0Y56  pccx_v002_system_i/u_npu/inst/u_wrap/u_pccx_npu_top/u_mem_dispatcher/u_l2_cache/u_l2_uram/u_l2_uram/xpm_memory_base_inst/gen_wr_a.gen_word_narrow.mem_reg_uram_10/CLK
Min Period        n/a     URAM288/CLK      n/a            2.000         10.000      8.000      URAM288_X0Y57  pccx_v002_system_i/u_npu/inst/u_wrap/u_pccx_npu_top/u_mem_dispatcher/u_l2_cache/u_l2_uram/u_l2_uram/xpm_memory_base_inst/gen_wr_a.gen_word_narrow.mem_reg_uram_11/CLK
Min Period        n/a     URAM288/CLK      n/a            2.000         10.000      8.000      URAM288_X0Y50  pccx_v002_system_i/u_npu/inst/u_wrap/u_pccx_npu_top/u_mem_dispatcher/u_l2_cache/u_l2_uram/u_l2_uram/xpm_memory_base_inst/gen_wr_a.gen_word_narrow.mem_reg_uram_12/CLK
Min Period        n/a     URAM288/CLK      n/a            2.000         10.000      8.000      URAM288_X0Y51  pccx_v002_system_i/u_npu/inst/u_wrap/u_pccx_npu_top/u_mem_dispatcher/u_l2_cache/u_l2_uram/u_l2_uram/xpm_memory_base_inst/gen_wr_a.gen_word_narrow.mem_reg_uram_13/CLK
Min Period        n/a     URAM288/CLK      n/a            2.000         10.000      8.000      URAM288_X0Y58  pccx_v002_system_i/u_npu/inst/u_wrap/u_pccx_npu_top/u_mem_dispatcher/u_l2_cache/u_l2_uram/u_l2_uram/xpm_memory_base_inst/gen_wr_a.gen_word_narrow.mem_reg_uram_14/CLK
Min Period        n/a     URAM288/CLK      n/a            2.000         10.000      8.000      URAM288_X0Y59  pccx_v002_system_i/u_npu/inst/u_wrap/u_pccx_npu_top/u_mem_dispatcher/u_l2_cache/u_l2_uram/u_l2_uram/xpm_memory_base_inst/gen_wr_a.gen_word_narrow.mem_reg_uram_15/CLK
Min Period        n/a     URAM288/CLK      n/a            2.000         10.000      8.000      URAM288_X0Y52  pccx_v002_system_i/u_npu/inst/u_wrap/u_pccx_npu_top/u_mem_dispatcher/u_l2_cache/u_l2_uram/u_l2_uram/xpm_memory_base_inst/gen_wr_a.gen_word_narrow.mem_reg_uram_16/CLK
Min Period        n/a     URAM288/CLK      n/a            2.000         10.000      8.000      URAM288_X0Y53  pccx_v002_system_i/u_npu/inst/u_wrap/u_pccx_npu_top/u_mem_dispatcher/u_l2_cache/u_l2_uram/u_l2_uram/xpm_memory_base_inst/gen_wr_a.gen_word_narrow.mem_reg_uram_17/CLK
Low Pulse Width   Slow    PS8/MAXIGP0ACLK  n/a            1.500         5.000       3.500      PS8_X0Y0       pccx_v002_system_i/zynq_ps/inst/PS8_i/MAXIGP0ACLK
Low Pulse Width   Fast    PS8/MAXIGP0ACLK  n/a            1.500         5.000       3.500      PS8_X0Y0       pccx_v002_system_i/zynq_ps/inst/PS8_i/MAXIGP0ACLK
Low Pulse Width   Slow    PS8/SAXIACPACLK  n/a            1.500         5.000       3.500      PS8_X0Y0       pccx_v002_system_i/zynq_ps/inst/PS8_i/SAXIACPACLK
Low Pulse Width   Fast    PS8/SAXIACPACLK  n/a            1.500         5.000       3.500      PS8_X0Y0       pccx_v002_system_i/zynq_ps/inst/PS8_i/SAXIACPACLK
Low Pulse Width   Slow    PS8/SAXIGP2RCLK  n/a            1.500         5.000       3.500      PS8_X0Y0       pccx_v002_system_i/zynq_ps/inst/PS8_i/SAXIGP2RCLK
Low Pulse Width   Fast    PS8/SAXIGP2RCLK  n/a            1.500         5.000       3.500      PS8_X0Y0       pccx_v002_system_i/zynq_ps/inst/PS8_i/SAXIGP2RCLK
Low Pulse Width   Slow    PS8/SAXIGP2WCLK  n/a            1.500         5.000       3.500      PS8_X0Y0       pccx_v002_system_i/zynq_ps/inst/PS8_i/SAXIGP2WCLK
Low Pulse Width   Fast    PS8/SAXIGP2WCLK  n/a            1.500         5.000       3.500      PS8_X0Y0       pccx_v002_system_i/zynq_ps/inst/PS8_i/SAXIGP2WCLK
Low Pulse Width   Slow    PS8/SAXIGP3RCLK  n/a            1.500         5.000       3.500      PS8_X0Y0       pccx_v002_system_i/zynq_ps/inst/PS8_i/SAXIGP3RCLK
Low Pulse Width   Fast    PS8/SAXIGP3RCLK  n/a            1.500         5.000       3.500      PS8_X0Y0       pccx_v002_system_i/zynq_ps/inst/PS8_i/SAXIGP3RCLK
Low Pulse Width   Slow    PS8/SAXIGP3WCLK  n/a            1.500         5.000       3.500      PS8_X0Y0       pccx_v002_system_i/zynq_ps/inst/PS8_i/SAXIGP3WCLK
Low Pulse Width   Fast    PS8/SAXIGP3WCLK  n/a            1.500         5.000       3.500      PS8_X0Y0       pccx_v002_system_i/zynq_ps/inst/PS8_i/SAXIGP3WCLK
Low Pulse Width   Slow    PS8/SAXIGP4RCLK  n/a            1.500         5.000       3.500      PS8_X0Y0       pccx_v002_system_i/zynq_ps/inst/PS8_i/SAXIGP4RCLK
Low Pulse Width   Fast    PS8/SAXIGP4RCLK  n/a            1.500         5.000       3.500      PS8_X0Y0       pccx_v002_system_i/zynq_ps/inst/PS8_i/SAXIGP4RCLK
Low Pulse Width   Slow    PS8/SAXIGP4WCLK  n/a            1.500         5.000       3.500      PS8_X0Y0       pccx_v002_system_i/zynq_ps/inst/PS8_i/SAXIGP4WCLK
Low Pulse Width   Fast    PS8/SAXIGP4WCLK  n/a            1.500         5.000       3.500      PS8_X0Y0       pccx_v002_system_i/zynq_ps/inst/PS8_i/SAXIGP4WCLK
Low Pulse Width   Slow    PS8/SAXIGP5RCLK  n/a            1.500         5.000       3.500      PS8_X0Y0       pccx_v002_system_i/zynq_ps/inst/PS8_i/SAXIGP5RCLK
Low Pulse Width   Fast    PS8/SAXIGP5RCLK  n/a            1.500         5.000       3.500      PS8_X0Y0       pccx_v002_system_i/zynq_ps/inst/PS8_i/SAXIGP5RCLK
Low Pulse Width   Slow    PS8/SAXIGP5WCLK  n/a            1.500         5.000       3.500      PS8_X0Y0       pccx_v002_system_i/zynq_ps/inst/PS8_i/SAXIGP5WCLK
Low Pulse Width   Fast    PS8/SAXIGP5WCLK  n/a            1.500         5.000       3.500      PS8_X0Y0       pccx_v002_system_i/zynq_ps/inst/PS8_i/SAXIGP5WCLK
High Pulse Width  Slow    PS8/MAXIGP0ACLK  n/a            1.500         5.000       3.500      PS8_X0Y0       pccx_v002_system_i/zynq_ps/inst/PS8_i/MAXIGP0ACLK
High Pulse Width  Fast    PS8/MAXIGP0ACLK  n/a            1.500         5.000       3.500      PS8_X0Y0       pccx_v002_system_i/zynq_ps/inst/PS8_i/MAXIGP0ACLK
High Pulse Width  Slow    PS8/SAXIACPACLK  n/a            1.500         5.000       3.500      PS8_X0Y0       pccx_v002_system_i/zynq_ps/inst/PS8_i/SAXIACPACLK
High Pulse Width  Fast    PS8/SAXIACPACLK  n/a            1.500         5.000       3.500      PS8_X0Y0       pccx_v002_system_i/zynq_ps/inst/PS8_i/SAXIACPACLK
High Pulse Width  Slow    PS8/SAXIGP2RCLK  n/a            1.500         5.000       3.500      PS8_X0Y0       pccx_v002_system_i/zynq_ps/inst/PS8_i/SAXIGP2RCLK
High Pulse Width  Fast    PS8/SAXIGP2RCLK  n/a            1.500         5.000       3.500      PS8_X0Y0       pccx_v002_system_i/zynq_ps/inst/PS8_i/SAXIGP2RCLK
High Pulse Width  Slow    PS8/SAXIGP2WCLK  n/a            1.500         5.000       3.500      PS8_X0Y0       pccx_v002_system_i/zynq_ps/inst/PS8_i/SAXIGP2WCLK
High Pulse Width  Fast    PS8/SAXIGP2WCLK  n/a            1.500         5.000       3.500      PS8_X0Y0       pccx_v002_system_i/zynq_ps/inst/PS8_i/SAXIGP2WCLK
High Pulse Width  Slow    PS8/SAXIGP3RCLK  n/a            1.500         5.000       3.500      PS8_X0Y0       pccx_v002_system_i/zynq_ps/inst/PS8_i/SAXIGP3RCLK
High Pulse Width  Fast    PS8/SAXIGP3RCLK  n/a            1.500         5.000       3.500      PS8_X0Y0       pccx_v002_system_i/zynq_ps/inst/PS8_i/SAXIGP3RCLK
High Pulse Width  Slow    PS8/SAXIGP3WCLK  n/a            1.500         5.000       3.500      PS8_X0Y0       pccx_v002_system_i/zynq_ps/inst/PS8_i/SAXIGP3WCLK
High Pulse Width  Fast    PS8/SAXIGP3WCLK  n/a            1.500         5.000       3.500      PS8_X0Y0       pccx_v002_system_i/zynq_ps/inst/PS8_i/SAXIGP3WCLK
High Pulse Width  Slow    PS8/SAXIGP4RCLK  n/a            1.500         5.000       3.500      PS8_X0Y0       pccx_v002_system_i/zynq_ps/inst/PS8_i/SAXIGP4RCLK
High Pulse Width  Fast    PS8/SAXIGP4RCLK  n/a            1.500         5.000       3.500      PS8_X0Y0       pccx_v002_system_i/zynq_ps/inst/PS8_i/SAXIGP4RCLK
High Pulse Width  Slow    PS8/SAXIGP4WCLK  n/a            1.500         5.000       3.500      PS8_X0Y0       pccx_v002_system_i/zynq_ps/inst/PS8_i/SAXIGP4WCLK
High Pulse Width  Fast    PS8/SAXIGP4WCLK  n/a            1.500         5.000       3.500      PS8_X0Y0       pccx_v002_system_i/zynq_ps/inst/PS8_i/SAXIGP4WCLK
High Pulse Width  Slow    PS8/SAXIGP5RCLK  n/a            1.500         5.000       3.500      PS8_X0Y0       pccx_v002_system_i/zynq_ps/inst/PS8_i/SAXIGP5RCLK
High Pulse Width  Fast    PS8/SAXIGP5RCLK  n/a            1.500         5.000       3.500      PS8_X0Y0       pccx_v002_system_i/zynq_ps/inst/PS8_i/SAXIGP5RCLK
High Pulse Width  Slow    PS8/SAXIGP5WCLK  n/a            1.500         5.000       3.500      PS8_X0Y0       pccx_v002_system_i/zynq_ps/inst/PS8_i/SAXIGP5WCLK
High Pulse Width  Fast    PS8/SAXIGP5WCLK  n/a            1.500         5.000       3.500      PS8_X0Y0       pccx_v002_system_i/zynq_ps/inst/PS8_i/SAXIGP5WCLK



--------------------------------------------------------------------------------------
Path Group:  (none)
From Clock:  
  To Clock:  clk_pl_0

Max Delay             1 Endpoint
Min Delay             1 Endpoint
--------------------------------------------------------------------------------------


Max Delay Paths
--------------------------------------------------------------------------------------
Slack:                    inf
  Source:                 pccx_v002_system_i/zynq_ps/inst/PS8_i/EMIOGPIOO[95]
                            (internal pin)
  Destination:            pccx_v002_system_i/rst_axi/U0/EXT_LPF/ACTIVE_LOW_EXT.ACT_LO_EXT/syncstages_ff_reg[0]/D
                            (rising edge-triggered cell FDRE clocked by clk_pl_0  {rise@0.000ns fall@5.000ns period=10.000ns})
  Path Group:             (none)
  Path Type:              Setup (Max at Slow Process Corner)
  Data Path Delay:        3.550ns  (logic 0.187ns (5.268%)  route 3.363ns (94.732%))
  Logic Levels:           1  (LUT1=1)
  Clock Uncertainty:      0.158ns  ((TSJ^2 + DJ^2)^1/2) / 2 + PE
    Total System Jitter     (TSJ):    0.050ns
    Discrete Jitter          (DJ):    0.312ns
    Phase Error              (PE):    0.000ns
  Clock Net Delay (Destination): 2.724ns (routing 1.538ns, distribution 1.186ns)
  Timing Exception:       False Path

    Location             Delay type                Incr(ns)  Path(ns)    Netlist Resource(s)
  -------------------------------------------------------------------    -------------------
    PS8_X0Y0             PS8                          0.000     0.000 f  pccx_v002_system_i/zynq_ps/inst/PS8_i/EMIOGPIOO[95]
                         net (fo=1, routed)           3.079     3.079    pccx_v002_system_i/rst_axi/U0/EXT_LPF/ext_reset_in
    SLICE_X31Y58         LUT1 (Prop_E6LUT_SLICEM_I0_O)
                                                      0.187     3.266 r  pccx_v002_system_i/rst_axi/U0/EXT_LPF/ACTIVE_LOW_EXT.ACT_LO_EXT_i_1/O
                         net (fo=1, routed)           0.284     3.550    pccx_v002_system_i/rst_axi/U0/EXT_LPF/ACTIVE_LOW_EXT.ACT_LO_EXT/src_in
    SLICE_X31Y58         FDRE                                         r  pccx_v002_system_i/rst_axi/U0/EXT_LPF/ACTIVE_LOW_EXT.ACT_LO_EXT/syncstages_ff_reg[0]/D
  -------------------------------------------------------------------    -------------------

                         (clock clk_pl_0 rise edge)
                                                      0.000     0.000 r  
    PS8_X0Y0             PS8                          0.000     0.000 r  pccx_v002_system_i/zynq_ps/inst/PS8_i/PLCLK[0]
                         net (fo=1, routed)           0.181     0.181    pccx_v002_system_i/zynq_ps/inst/pl_clk_unbuffered[0]
    BUFG_PS_X0Y90        BUFG_PS (Prop_BUFG_PS_I_O)
                                                      0.035     0.216 r  pccx_v002_system_i/zynq_ps/inst/buffer_pl_clk_0.PL_CLK_0_BUFG/O
    X1Y1 (CLOCK_ROOT)    net (fo=82039, routed)       2.724     2.940    pccx_v002_system_i/rst_axi/U0/EXT_LPF/ACTIVE_LOW_EXT.ACT_LO_EXT/dest_clk
    SLICE_X31Y58         FDRE                                         r  pccx_v002_system_i/rst_axi/U0/EXT_LPF/ACTIVE_LOW_EXT.ACT_LO_EXT/syncstages_ff_reg[0]/C





Min Delay Paths
--------------------------------------------------------------------------------------
Slack:                    inf
  Source:                 pccx_v002_system_i/zynq_ps/inst/PS8_i/EMIOGPIOO[95]
                            (internal pin)
  Destination:            pccx_v002_system_i/rst_axi/U0/EXT_LPF/ACTIVE_LOW_EXT.ACT_LO_EXT/syncstages_ff_reg[0]/D
                            (rising edge-triggered cell FDRE clocked by clk_pl_0  {rise@0.000ns fall@5.000ns period=10.000ns})
  Path Group:             (none)
  Path Type:              Hold (Min at Fast Process Corner)
  Data Path Delay:        1.436ns  (logic 0.089ns (6.198%)  route 1.347ns (93.802%))
  Logic Levels:           1  (LUT1=1)
  Clock Uncertainty:      0.158ns  ((TSJ^2 + DJ^2)^1/2) / 2 + PE
    Total System Jitter     (TSJ):    0.050ns
    Discrete Jitter          (DJ):    0.312ns
    Phase Error              (PE):    0.000ns
  Clock Net Delay (Destination): 1.823ns (routing 1.033ns, distribution 0.790ns)
  Timing Exception:       False Path

    Location             Delay type                Incr(ns)  Path(ns)    Netlist Resource(s)
  -------------------------------------------------------------------    -------------------
    PS8_X0Y0             PS8                          0.000     0.000 f  pccx_v002_system_i/zynq_ps/inst/PS8_i/EMIOGPIOO[95]
                         net (fo=1, routed)           1.263     1.263    pccx_v002_system_i/rst_axi/U0/EXT_LPF/ext_reset_in
    SLICE_X31Y58         LUT1 (Prop_E6LUT_SLICEM_I0_O)
                                                      0.089     1.352 r  pccx_v002_system_i/rst_axi/U0/EXT_LPF/ACTIVE_LOW_EXT.ACT_LO_EXT_i_1/O
                         net (fo=1, routed)           0.084     1.436    pccx_v002_system_i/rst_axi/U0/EXT_LPF/ACTIVE_LOW_EXT.ACT_LO_EXT/src_in
    SLICE_X31Y58         FDRE                                         r  pccx_v002_system_i/rst_axi/U0/EXT_LPF/ACTIVE_LOW_EXT.ACT_LO_EXT/syncstages_ff_reg[0]/D
  -------------------------------------------------------------------    -------------------

                         (clock clk_pl_0 rise edge)
                                                      0.000     0.000 r  
    PS8_X0Y0             PS8                          0.000     0.000 r  pccx_v002_system_i/zynq_ps/inst/PS8_i/PLCLK[0]
                         net (fo=1, routed)           0.164     0.164    pccx_v002_system_i/zynq_ps/inst/pl_clk_unbuffered[0]
    BUFG_PS_X0Y90        BUFG_PS (Prop_BUFG_PS_I_O)
                                                      0.023     0.187 r  pccx_v002_system_i/zynq_ps/inst/buffer_pl_clk_0.PL_CLK_0_BUFG/O
    X1Y1 (CLOCK_ROOT)    net (fo=82039, routed)       1.823     2.010    pccx_v002_system_i/rst_axi/U0/EXT_LPF/ACTIVE_LOW_EXT.ACT_LO_EXT/dest_clk
    SLICE_X31Y58         FDRE                                         r  pccx_v002_system_i/rst_axi/U0/EXT_LPF/ACTIVE_LOW_EXT.ACT_LO_EXT/syncstages_ff_reg[0]/C





--------------------------------------------------------------------------------------
Path Group:  (none)
From Clock:  clk_pl_0
  To Clock:  clk_pl_0

Max Delay           235 Endpoints
Min Delay           235 Endpoints
--------------------------------------------------------------------------------------


Max Delay Paths
--------------------------------------------------------------------------------------
Slack:                    inf
  Source:                 pccx_v002_system_i/sc_hp0_stage0/inst/clk_map/psr_aclk/U0/ACTIVE_LOW_BSR_OUT_DFF[0].FDRE_BSR_N/C
                            (rising edge-triggered cell FDRE clocked by clk_pl_0  {rise@0.000ns fall@5.000ns period=10.000ns})
  Destination:            pccx_v002_system_i/sc_hp0_stage0/inst/m00_nodes/m00_b_node/inst/s_sc_xpm_cdc_async_rst_inst/arststages_ff_reg[0]/CLR
                            (recovery check against rising-edge clock clk_pl_0  {rise@0.000ns fall@5.000ns period=10.000ns})
  Path Group:             (none)
  Path Type:              Recovery (Max at Slow Process Corner)
  Data Path Delay:        6.028ns  (logic 0.114ns (1.891%)  route 5.914ns (98.109%))
  Logic Levels:           0  
  Clock Path Skew:        -0.289ns (DCD - SCD + CPR)
    Destination Clock Delay (DCD):    3.150ns
    Source Clock Delay      (SCD):    3.439ns
    Clock Pessimism Removal (CPR):    0.000ns
  Clock Uncertainty:      0.160ns  ((TSJ^2 + DJ^2)^1/2) / 2 + PE
    Total System Jitter     (TSJ):    0.071ns
    Discrete Jitter          (DJ):    0.312ns
    Phase Error              (PE):    0.000ns
  Clock Net Delay (Source):      3.172ns (routing 1.681ns, distribution 1.491ns)
  Clock Net Delay (Destination): 2.934ns (routing 1.538ns, distribution 1.396ns)
  Timing Exception:       False Path

    Location             Delay type                Incr(ns)  Path(ns)    Netlist Resource(s)
  -------------------------------------------------------------------    -------------------
                         (clock clk_pl_0 rise edge)
                                                      0.000     0.000 r  
    PS8_X0Y0             PS8                          0.000     0.000 r  pccx_v002_system_i/zynq_ps/inst/PS8_i/PLCLK[0]
                         net (fo=1, routed)           0.229     0.229    pccx_v002_system_i/zynq_ps/inst/pl_clk_unbuffered[0]
    BUFG_PS_X0Y90        BUFG_PS (Prop_BUFG_PS_I_O)
                                                      0.038     0.267 r  pccx_v002_system_i/zynq_ps/inst/buffer_pl_clk_0.PL_CLK_0_BUFG/O
    X1Y1 (CLOCK_ROOT)    net (fo=82039, routed)       3.172     3.439    pccx_v002_system_i/sc_hp0_stage0/inst/clk_map/psr_aclk/U0/aclk
    SLICE_X48Y177        FDRE                                         r  pccx_v002_system_i/sc_hp0_stage0/inst/clk_map/psr_aclk/U0/ACTIVE_LOW_BSR_OUT_DFF[0].FDRE_BSR_N/C
  -------------------------------------------------------------------    -------------------
    SLICE_X48Y177        FDRE (Prop_DFF_SLICEL_C_Q)
                                                      0.114     3.553 r  pccx_v002_system_i/sc_hp0_stage0/inst/clk_map/psr_aclk/U0/ACTIVE_LOW_BSR_OUT_DFF[0].FDRE_BSR_N/Q
                         net (fo=66, routed)          5.914     9.467    pccx_v002_system_i/sc_hp0_stage0/inst/m00_nodes/m00_b_node/inst/s_sc_xpm_cdc_async_rst_inst/src_arst
    SLICE_X10Y66         FDCE                                         f  pccx_v002_system_i/sc_hp0_stage0/inst/m00_nodes/m00_b_node/inst/s_sc_xpm_cdc_async_rst_inst/arststages_ff_reg[0]/CLR  (IS_INVERTED)
  -------------------------------------------------------------------    -------------------

                         (clock clk_pl_0 rise edge)
                                                      0.000     0.000 r  
    PS8_X0Y0             PS8                          0.000     0.000 r  pccx_v002_system_i/zynq_ps/inst/PS8_i/PLCLK[0]
                         net (fo=1, routed)           0.181     0.181    pccx_v002_system_i/zynq_ps/inst/pl_clk_unbuffered[0]
    BUFG_PS_X0Y90        BUFG_PS (Prop_BUFG_PS_I_O)
                                                      0.035     0.216 r  pccx_v002_system_i/zynq_ps/inst/buffer_pl_clk_0.PL_CLK_0_BUFG/O
    X1Y1 (CLOCK_ROOT)    net (fo=82039, routed)       2.934     3.150    pccx_v002_system_i/sc_hp0_stage0/inst/m00_nodes/m00_b_node/inst/s_sc_xpm_cdc_async_rst_inst/dest_clk
    SLICE_X10Y66         FDCE                                         r  pccx_v002_system_i/sc_hp0_stage0/inst/m00_nodes/m00_b_node/inst/s_sc_xpm_cdc_async_rst_inst/arststages_ff_reg[0]/C

Slack:                    inf
  Source:                 pccx_v002_system_i/sc_hp0_stage0/inst/clk_map/psr_aclk/U0/ACTIVE_LOW_BSR_OUT_DFF[0].FDRE_BSR_N/C
                            (rising edge-triggered cell FDRE clocked by clk_pl_0  {rise@0.000ns fall@5.000ns period=10.000ns})
  Destination:            pccx_v002_system_i/sc_hp0_stage0/inst/m00_nodes/m00_b_node/inst/s_sc_xpm_cdc_async_rst_inst/arststages_ff_reg[1]/CLR
                            (recovery check against rising-edge clock clk_pl_0  {rise@0.000ns fall@5.000ns period=10.000ns})
  Path Group:             (none)
  Path Type:              Recovery (Max at Slow Process Corner)
  Data Path Delay:        6.028ns  (logic 0.114ns (1.891%)  route 5.914ns (98.109%))
  Logic Levels:           0  
  Clock Path Skew:        -0.289ns (DCD - SCD + CPR)
    Destination Clock Delay (DCD):    3.150ns
    Source Clock Delay      (SCD):    3.439ns
    Clock Pessimism Removal (CPR):    0.000ns
  Clock Uncertainty:      0.160ns  ((TSJ^2 + DJ^2)^1/2) / 2 + PE
    Total System Jitter     (TSJ):    0.071ns
    Discrete Jitter          (DJ):    0.312ns
    Phase Error              (PE):    0.000ns
  Clock Net Delay (Source):      3.172ns (routing 1.681ns, distribution 1.491ns)
  Clock Net Delay (Destination): 2.934ns (routing 1.538ns, distribution 1.396ns)
  Timing Exception:       False Path

    Location             Delay type                Incr(ns)  Path(ns)    Netlist Resource(s)
  -------------------------------------------------------------------    -------------------
                         (clock clk_pl_0 rise edge)
                                                      0.000     0.000 r  
    PS8_X0Y0             PS8                          0.000     0.000 r  pccx_v002_system_i/zynq_ps/inst/PS8_i/PLCLK[0]
                         net (fo=1, routed)           0.229     0.229    pccx_v002_system_i/zynq_ps/inst/pl_clk_unbuffered[0]
    BUFG_PS_X0Y90        BUFG_PS (Prop_BUFG_PS_I_O)
                                                      0.038     0.267 r  pccx_v002_system_i/zynq_ps/inst/buffer_pl_clk_0.PL_CLK_0_BUFG/O
    X1Y1 (CLOCK_ROOT)    net (fo=82039, routed)       3.172     3.439    pccx_v002_system_i/sc_hp0_stage0/inst/clk_map/psr_aclk/U0/aclk
    SLICE_X48Y177        FDRE                                         r  pccx_v002_system_i/sc_hp0_stage0/inst/clk_map/psr_aclk/U0/ACTIVE_LOW_BSR_OUT_DFF[0].FDRE_BSR_N/C
  -------------------------------------------------------------------    -------------------
    SLICE_X48Y177        FDRE (Prop_DFF_SLICEL_C_Q)
                                                      0.114     3.553 r  pccx_v002_system_i/sc_hp0_stage0/inst/clk_map/psr_aclk/U0/ACTIVE_LOW_BSR_OUT_DFF[0].FDRE_BSR_N/Q
                         net (fo=66, routed)          5.914     9.467    pccx_v002_system_i/sc_hp0_stage0/inst/m00_nodes/m00_b_node/inst/s_sc_xpm_cdc_async_rst_inst/src_arst
    SLICE_X10Y66         FDCE                                         f  pccx_v002_system_i/sc_hp0_stage0/inst/m00_nodes/m00_b_node/inst/s_sc_xpm_cdc_async_rst_inst/arststages_ff_reg[1]/CLR  (IS_INVERTED)
  -------------------------------------------------------------------    -------------------

                         (clock clk_pl_0 rise edge)
                                                      0.000     0.000 r  
    PS8_X0Y0             PS8                          0.000     0.000 r  pccx_v002_system_i/zynq_ps/inst/PS8_i/PLCLK[0]
                         net (fo=1, routed)           0.181     0.181    pccx_v002_system_i/zynq_ps/inst/pl_clk_unbuffered[0]
    BUFG_PS_X0Y90        BUFG_PS (Prop_BUFG_PS_I_O)
                                                      0.035     0.216 r  pccx_v002_system_i/zynq_ps/inst/buffer_pl_clk_0.PL_CLK_0_BUFG/O
    X1Y1 (CLOCK_ROOT)    net (fo=82039, routed)       2.934     3.150    pccx_v002_system_i/sc_hp0_stage0/inst/m00_nodes/m00_b_node/inst/s_sc_xpm_cdc_async_rst_inst/dest_clk
    SLICE_X10Y66         FDCE                                         r  pccx_v002_system_i/sc_hp0_stage0/inst/m00_nodes/m00_b_node/inst/s_sc_xpm_cdc_async_rst_inst/arststages_ff_reg[1]/C

Slack:                    inf
  Source:                 pccx_v002_system_i/sc_hp0_stage0/inst/clk_map/psr_aclk/U0/ACTIVE_LOW_BSR_OUT_DFF[0].FDRE_BSR_N/C
                            (rising edge-triggered cell FDRE clocked by clk_pl_0  {rise@0.000ns fall@5.000ns period=10.000ns})
  Destination:            pccx_v002_system_i/sc_hp0_stage0/inst/m00_nodes/m00_b_node/inst/s_sc_xpm_cdc_async_rst_inst/arststages_ff_reg[2]/CLR
                            (recovery check against rising-edge clock clk_pl_0  {rise@0.000ns fall@5.000ns period=10.000ns})
  Path Group:             (none)
  Path Type:              Recovery (Max at Slow Process Corner)
  Data Path Delay:        6.028ns  (logic 0.114ns (1.891%)  route 5.914ns (98.109%))
  Logic Levels:           0  
  Clock Path Skew:        -0.289ns (DCD - SCD + CPR)
    Destination Clock Delay (DCD):    3.150ns
    Source Clock Delay      (SCD):    3.439ns
    Clock Pessimism Removal (CPR):    0.000ns
  Clock Uncertainty:      0.160ns  ((TSJ^2 + DJ^2)^1/2) / 2 + PE
    Total System Jitter     (TSJ):    0.071ns
    Discrete Jitter          (DJ):    0.312ns
    Phase Error              (PE):    0.000ns
  Clock Net Delay (Source):      3.172ns (routing 1.681ns, distribution 1.491ns)
  Clock Net Delay (Destination): 2.934ns (routing 1.538ns, distribution 1.396ns)
  Timing Exception:       False Path

    Location             Delay type                Incr(ns)  Path(ns)    Netlist Resource(s)
  -------------------------------------------------------------------    -------------------
                         (clock clk_pl_0 rise edge)
                                                      0.000     0.000 r  
    PS8_X0Y0             PS8                          0.000     0.000 r  pccx_v002_system_i/zynq_ps/inst/PS8_i/PLCLK[0]
                         net (fo=1, routed)           0.229     0.229    pccx_v002_system_i/zynq_ps/inst/pl_clk_unbuffered[0]
    BUFG_PS_X0Y90        BUFG_PS (Prop_BUFG_PS_I_O)
                                                      0.038     0.267 r  pccx_v002_system_i/zynq_ps/inst/buffer_pl_clk_0.PL_CLK_0_BUFG/O
    X1Y1 (CLOCK_ROOT)    net (fo=82039, routed)       3.172     3.439    pccx_v002_system_i/sc_hp0_stage0/inst/clk_map/psr_aclk/U0/aclk
    SLICE_X48Y177        FDRE                                         r  pccx_v002_system_i/sc_hp0_stage0/inst/clk_map/psr_aclk/U0/ACTIVE_LOW_BSR_OUT_DFF[0].FDRE_BSR_N/C
  -------------------------------------------------------------------    -------------------
    SLICE_X48Y177        FDRE (Prop_DFF_SLICEL_C_Q)
                                                      0.114     3.553 r  pccx_v002_system_i/sc_hp0_stage0/inst/clk_map/psr_aclk/U0/ACTIVE_LOW_BSR_OUT_DFF[0].FDRE_BSR_N/Q
                         net (fo=66, routed)          5.914     9.467    pccx_v002_system_i/sc_hp0_stage0/inst/m00_nodes/m00_b_node/inst/s_sc_xpm_cdc_async_rst_inst/src_arst
    SLICE_X10Y66         FDCE                                         f  pccx_v002_system_i/sc_hp0_stage0/inst/m00_nodes/m00_b_node/inst/s_sc_xpm_cdc_async_rst_inst/arststages_ff_reg[2]/CLR  (IS_INVERTED)
  -------------------------------------------------------------------    -------------------

                         (clock clk_pl_0 rise edge)
                                                      0.000     0.000 r  
    PS8_X0Y0             PS8                          0.000     0.000 r  pccx_v002_system_i/zynq_ps/inst/PS8_i/PLCLK[0]
                         net (fo=1, routed)           0.181     0.181    pccx_v002_system_i/zynq_ps/inst/pl_clk_unbuffered[0]
    BUFG_PS_X0Y90        BUFG_PS (Prop_BUFG_PS_I_O)
                                                      0.035     0.216 r  pccx_v002_system_i/zynq_ps/inst/buffer_pl_clk_0.PL_CLK_0_BUFG/O
    X1Y1 (CLOCK_ROOT)    net (fo=82039, routed)       2.934     3.150    pccx_v002_system_i/sc_hp0_stage0/inst/m00_nodes/m00_b_node/inst/s_sc_xpm_cdc_async_rst_inst/dest_clk
    SLICE_X10Y66         FDCE                                         r  pccx_v002_system_i/sc_hp0_stage0/inst/m00_nodes/m00_b_node/inst/s_sc_xpm_cdc_async_rst_inst/arststages_ff_reg[2]/C

Slack:                    inf
  Source:                 pccx_v002_system_i/sc_hp0_stage0/inst/clk_map/psr_aclk/U0/ACTIVE_LOW_BSR_OUT_DFF[0].FDRE_BSR_N/C
                            (rising edge-triggered cell FDRE clocked by clk_pl_0  {rise@0.000ns fall@5.000ns period=10.000ns})
  Destination:            pccx_v002_system_i/sc_hp0_stage0/inst/s02_nodes/s02_b_node/inst/s_sc_xpm_cdc_async_rst_inst/arststages_ff_reg[0]/CLR
                            (recovery check against rising-edge clock clk_pl_0  {rise@0.000ns fall@5.000ns period=10.000ns})
  Path Group:             (none)
  Path Type:              Recovery (Max at Slow Process Corner)
  Data Path Delay:        5.841ns  (logic 0.114ns (1.952%)  route 5.727ns (98.048%))
  Logic Levels:           0  
  Clock Path Skew:        -0.294ns (DCD - SCD + CPR)
    Destination Clock Delay (DCD):    3.145ns
    Source Clock Delay      (SCD):    3.439ns
    Clock Pessimism Removal (CPR):    0.000ns
  Clock Uncertainty:      0.160ns  ((TSJ^2 + DJ^2)^1/2) / 2 + PE
    Total System Jitter     (TSJ):    0.071ns
    Discrete Jitter          (DJ):    0.312ns
    Phase Error              (PE):    0.000ns
  Clock Net Delay (Source):      3.172ns (routing 1.681ns, distribution 1.491ns)
  Clock Net Delay (Destination): 2.929ns (routing 1.538ns, distribution 1.391ns)
  Timing Exception:       False Path

    Location             Delay type                Incr(ns)  Path(ns)    Netlist Resource(s)
  -------------------------------------------------------------------    -------------------
                         (clock clk_pl_0 rise edge)
                                                      0.000     0.000 r  
    PS8_X0Y0             PS8                          0.000     0.000 r  pccx_v002_system_i/zynq_ps/inst/PS8_i/PLCLK[0]
                         net (fo=1, routed)           0.229     0.229    pccx_v002_system_i/zynq_ps/inst/pl_clk_unbuffered[0]
    BUFG_PS_X0Y90        BUFG_PS (Prop_BUFG_PS_I_O)
                                                      0.038     0.267 r  pccx_v002_system_i/zynq_ps/inst/buffer_pl_clk_0.PL_CLK_0_BUFG/O
    X1Y1 (CLOCK_ROOT)    net (fo=82039, routed)       3.172     3.439    pccx_v002_system_i/sc_hp0_stage0/inst/clk_map/psr_aclk/U0/aclk
    SLICE_X48Y177        FDRE                                         r  pccx_v002_system_i/sc_hp0_stage0/inst/clk_map/psr_aclk/U0/ACTIVE_LOW_BSR_OUT_DFF[0].FDRE_BSR_N/C
  -------------------------------------------------------------------    -------------------
    SLICE_X48Y177        FDRE (Prop_DFF_SLICEL_C_Q)
                                                      0.114     3.553 r  pccx_v002_system_i/sc_hp0_stage0/inst/clk_map/psr_aclk/U0/ACTIVE_LOW_BSR_OUT_DFF[0].FDRE_BSR_N/Q
                         net (fo=66, routed)          5.727     9.280    pccx_v002_system_i/sc_hp0_stage0/inst/s02_nodes/s02_b_node/inst/s_sc_xpm_cdc_async_rst_inst/src_arst
    SLICE_X10Y61         FDCE                                         f  pccx_v002_system_i/sc_hp0_stage0/inst/s02_nodes/s02_b_node/inst/s_sc_xpm_cdc_async_rst_inst/arststages_ff_reg[0]/CLR  (IS_INVERTED)
  -------------------------------------------------------------------    -------------------

                         (clock clk_pl_0 rise edge)
                                                      0.000     0.000 r  
    PS8_X0Y0             PS8                          0.000     0.000 r  pccx_v002_system_i/zynq_ps/inst/PS8_i/PLCLK[0]
                         net (fo=1, routed)           0.181     0.181    pccx_v002_system_i/zynq_ps/inst/pl_clk_unbuffered[0]
    BUFG_PS_X0Y90        BUFG_PS (Prop_BUFG_PS_I_O)
                                                      0.035     0.216 r  pccx_v002_system_i/zynq_ps/inst/buffer_pl_clk_0.PL_CLK_0_BUFG/O
    X1Y1 (CLOCK_ROOT)    net (fo=82039, routed)       2.929     3.145    pccx_v002_system_i/sc_hp0_stage0/inst/s02_nodes/s02_b_node/inst/s_sc_xpm_cdc_async_rst_inst/dest_clk
    SLICE_X10Y61         FDCE                                         r  pccx_v002_system_i/sc_hp0_stage0/inst/s02_nodes/s02_b_node/inst/s_sc_xpm_cdc_async_rst_inst/arststages_ff_reg[0]/C

Slack:                    inf
  Source:                 pccx_v002_system_i/sc_hp0_stage0/inst/clk_map/psr_aclk/U0/ACTIVE_LOW_BSR_OUT_DFF[0].FDRE_BSR_N/C
                            (rising edge-triggered cell FDRE clocked by clk_pl_0  {rise@0.000ns fall@5.000ns period=10.000ns})
  Destination:            pccx_v002_system_i/sc_hp0_stage0/inst/s02_nodes/s02_b_node/inst/s_sc_xpm_cdc_async_rst_inst/arststages_ff_reg[1]/CLR
                            (recovery check against rising-edge clock clk_pl_0  {rise@0.000ns fall@5.000ns period=10.000ns})
  Path Group:             (none)
  Path Type:              Recovery (Max at Slow Process Corner)
  Data Path Delay:        5.841ns  (logic 0.114ns (1.952%)  route 5.727ns (98.048%))
  Logic Levels:           0  
  Clock Path Skew:        -0.294ns (DCD - SCD + CPR)
    Destination Clock Delay (DCD):    3.145ns
    Source Clock Delay      (SCD):    3.439ns
    Clock Pessimism Removal (CPR):    0.000ns
  Clock Uncertainty:      0.160ns  ((TSJ^2 + DJ^2)^1/2) / 2 + PE
    Total System Jitter     (TSJ):    0.071ns
    Discrete Jitter          (DJ):    0.312ns
    Phase Error              (PE):    0.000ns
  Clock Net Delay (Source):      3.172ns (routing 1.681ns, distribution 1.491ns)
  Clock Net Delay (Destination): 2.929ns (routing 1.538ns, distribution 1.391ns)
  Timing Exception:       False Path

    Location             Delay type                Incr(ns)  Path(ns)    Netlist Resource(s)
  -------------------------------------------------------------------    -------------------
                         (clock clk_pl_0 rise edge)
                                                      0.000     0.000 r  
    PS8_X0Y0             PS8                          0.000     0.000 r  pccx_v002_system_i/zynq_ps/inst/PS8_i/PLCLK[0]
                         net (fo=1, routed)           0.229     0.229    pccx_v002_system_i/zynq_ps/inst/pl_clk_unbuffered[0]
    BUFG_PS_X0Y90        BUFG_PS (Prop_BUFG_PS_I_O)
                                                      0.038     0.267 r  pccx_v002_system_i/zynq_ps/inst/buffer_pl_clk_0.PL_CLK_0_BUFG/O
    X1Y1 (CLOCK_ROOT)    net (fo=82039, routed)       3.172     3.439    pccx_v002_system_i/sc_hp0_stage0/inst/clk_map/psr_aclk/U0/aclk
    SLICE_X48Y177        FDRE                                         r  pccx_v002_system_i/sc_hp0_stage0/inst/clk_map/psr_aclk/U0/ACTIVE_LOW_BSR_OUT_DFF[0].FDRE_BSR_N/C
  -------------------------------------------------------------------    -------------------
    SLICE_X48Y177        FDRE (Prop_DFF_SLICEL_C_Q)
                                                      0.114     3.553 r  pccx_v002_system_i/sc_hp0_stage0/inst/clk_map/psr_aclk/U0/ACTIVE_LOW_BSR_OUT_DFF[0].FDRE_BSR_N/Q
                         net (fo=66, routed)          5.727     9.280    pccx_v002_system_i/sc_hp0_stage0/inst/s02_nodes/s02_b_node/inst/s_sc_xpm_cdc_async_rst_inst/src_arst
    SLICE_X10Y61         FDCE                                         f  pccx_v002_system_i/sc_hp0_stage0/inst/s02_nodes/s02_b_node/inst/s_sc_xpm_cdc_async_rst_inst/arststages_ff_reg[1]/CLR  (IS_INVERTED)
  -------------------------------------------------------------------    -------------------

                         (clock clk_pl_0 rise edge)
                                                      0.000     0.000 r  
    PS8_X0Y0             PS8                          0.000     0.000 r  pccx_v002_system_i/zynq_ps/inst/PS8_i/PLCLK[0]
                         net (fo=1, routed)           0.181     0.181    pccx_v002_system_i/zynq_ps/inst/pl_clk_unbuffered[0]
    BUFG_PS_X0Y90        BUFG_PS (Prop_BUFG_PS_I_O)
                                                      0.035     0.216 r  pccx_v002_system_i/zynq_ps/inst/buffer_pl_clk_0.PL_CLK_0_BUFG/O
    X1Y1 (CLOCK_ROOT)    net (fo=82039, routed)       2.929     3.145    pccx_v002_system_i/sc_hp0_stage0/inst/s02_nodes/s02_b_node/inst/s_sc_xpm_cdc_async_rst_inst/dest_clk
    SLICE_X10Y61         FDCE                                         r  pccx_v002_system_i/sc_hp0_stage0/inst/s02_nodes/s02_b_node/inst/s_sc_xpm_cdc_async_rst_inst/arststages_ff_reg[1]/C

Slack:                    inf
  Source:                 pccx_v002_system_i/sc_hp0_stage0/inst/clk_map/psr_aclk/U0/ACTIVE_LOW_BSR_OUT_DFF[0].FDRE_BSR_N/C
                            (rising edge-triggered cell FDRE clocked by clk_pl_0  {rise@0.000ns fall@5.000ns period=10.000ns})
  Destination:            pccx_v002_system_i/sc_hp0_stage0/inst/s02_nodes/s02_b_node/inst/s_sc_xpm_cdc_async_rst_inst/arststages_ff_reg[2]/CLR
                            (recovery check against rising-edge clock clk_pl_0  {rise@0.000ns fall@5.000ns period=10.000ns})
  Path Group:             (none)
  Path Type:              Recovery (Max at Slow Process Corner)
  Data Path Delay:        5.841ns  (logic 0.114ns (1.952%)  route 5.727ns (98.048%))
  Logic Levels:           0  
  Clock Path Skew:        -0.294ns (DCD - SCD + CPR)
    Destination Clock Delay (DCD):    3.145ns
    Source Clock Delay      (SCD):    3.439ns
    Clock Pessimism Removal (CPR):    0.000ns
  Clock Uncertainty:      0.160ns  ((TSJ^2 + DJ^2)^1/2) / 2 + PE
    Total System Jitter     (TSJ):    0.071ns
    Discrete Jitter          (DJ):    0.312ns
    Phase Error              (PE):    0.000ns
  Clock Net Delay (Source):      3.172ns (routing 1.681ns, distribution 1.491ns)
  Clock Net Delay (Destination): 2.929ns (routing 1.538ns, distribution 1.391ns)
  Timing Exception:       False Path

    Location             Delay type                Incr(ns)  Path(ns)    Netlist Resource(s)
  -------------------------------------------------------------------    -------------------
                         (clock clk_pl_0 rise edge)
                                                      0.000     0.000 r  
    PS8_X0Y0             PS8                          0.000     0.000 r  pccx_v002_system_i/zynq_ps/inst/PS8_i/PLCLK[0]
                         net (fo=1, routed)           0.229     0.229    pccx_v002_system_i/zynq_ps/inst/pl_clk_unbuffered[0]
    BUFG_PS_X0Y90        BUFG_PS (Prop_BUFG_PS_I_O)
                                                      0.038     0.267 r  pccx_v002_system_i/zynq_ps/inst/buffer_pl_clk_0.PL_CLK_0_BUFG/O
    X1Y1 (CLOCK_ROOT)    net (fo=82039, routed)       3.172     3.439    pccx_v002_system_i/sc_hp0_stage0/inst/clk_map/psr_aclk/U0/aclk
    SLICE_X48Y177        FDRE                                         r  pccx_v002_system_i/sc_hp0_stage0/inst/clk_map/psr_aclk/U0/ACTIVE_LOW_BSR_OUT_DFF[0].FDRE_BSR_N/C
  -------------------------------------------------------------------    -------------------
    SLICE_X48Y177        FDRE (Prop_DFF_SLICEL_C_Q)
                                                      0.114     3.553 r  pccx_v002_system_i/sc_hp0_stage0/inst/clk_map/psr_aclk/U0/ACTIVE_LOW_BSR_OUT_DFF[0].FDRE_BSR_N/Q
                         net (fo=66, routed)          5.727     9.280    pccx_v002_system_i/sc_hp0_stage0/inst/s02_nodes/s02_b_node/inst/s_sc_xpm_cdc_async_rst_inst/src_arst
    SLICE_X10Y61         FDCE                                         f  pccx_v002_system_i/sc_hp0_stage0/inst/s02_nodes/s02_b_node/inst/s_sc_xpm_cdc_async_rst_inst/arststages_ff_reg[2]/CLR  (IS_INVERTED)
  -------------------------------------------------------------------    -------------------

                         (clock clk_pl_0 rise edge)
                                                      0.000     0.000 r  
    PS8_X0Y0             PS8                          0.000     0.000 r  pccx_v002_system_i/zynq_ps/inst/PS8_i/PLCLK[0]
                         net (fo=1, routed)           0.181     0.181    pccx_v002_system_i/zynq_ps/inst/pl_clk_unbuffered[0]
    BUFG_PS_X0Y90        BUFG_PS (Prop_BUFG_PS_I_O)
                                                      0.035     0.216 r  pccx_v002_system_i/zynq_ps/inst/buffer_pl_clk_0.PL_CLK_0_BUFG/O
    X1Y1 (CLOCK_ROOT)    net (fo=82039, routed)       2.929     3.145    pccx_v002_system_i/sc_hp0_stage0/inst/s02_nodes/s02_b_node/inst/s_sc_xpm_cdc_async_rst_inst/dest_clk
    SLICE_X10Y61         FDCE                                         r  pccx_v002_system_i/sc_hp0_stage0/inst/s02_nodes/s02_b_node/inst/s_sc_xpm_cdc_async_rst_inst/arststages_ff_reg[2]/C

Slack:                    inf
  Source:                 pccx_v002_system_i/sc_hp0_stage0/inst/clk_map/psr_aclk/U0/ACTIVE_LOW_BSR_OUT_DFF[0].FDRE_BSR_N/C
                            (rising edge-triggered cell FDRE clocked by clk_pl_0  {rise@0.000ns fall@5.000ns period=10.000ns})
  Destination:            pccx_v002_system_i/sc_hp0_stage0/inst/m00_nodes/m00_aw_node/inst/s_sc_xpm_cdc_async_rst_inst/arststages_ff_reg[0]/CLR
                            (recovery check against rising-edge clock clk_pl_0  {rise@0.000ns fall@5.000ns period=10.000ns})
  Path Group:             (none)
  Path Type:              Recovery (Max at Slow Process Corner)
  Data Path Delay:        5.586ns  (logic 0.114ns (2.041%)  route 5.472ns (97.959%))
  Logic Levels:           0  
  Clock Path Skew:        -0.297ns (DCD - SCD + CPR)
    Destination Clock Delay (DCD):    3.142ns
    Source Clock Delay      (SCD):    3.439ns
    Clock Pessimism Removal (CPR):    0.000ns
  Clock Uncertainty:      0.160ns  ((TSJ^2 + DJ^2)^1/2) / 2 + PE
    Total System Jitter     (TSJ):    0.071ns
    Discrete Jitter          (DJ):    0.312ns
    Phase Error              (PE):    0.000ns
  Clock Net Delay (Source):      3.172ns (routing 1.681ns, distribution 1.491ns)
  Clock Net Delay (Destination): 2.926ns (routing 1.538ns, distribution 1.388ns)
  Timing Exception:       False Path

    Location             Delay type                Incr(ns)  Path(ns)    Netlist Resource(s)
  -------------------------------------------------------------------    -------------------
                         (clock clk_pl_0 rise edge)
                                                      0.000     0.000 r  
    PS8_X0Y0             PS8                          0.000     0.000 r  pccx_v002_system_i/zynq_ps/inst/PS8_i/PLCLK[0]
                         net (fo=1, routed)           0.229     0.229    pccx_v002_system_i/zynq_ps/inst/pl_clk_unbuffered[0]
    BUFG_PS_X0Y90        BUFG_PS (Prop_BUFG_PS_I_O)
                                                      0.038     0.267 r  pccx_v002_system_i/zynq_ps/inst/buffer_pl_clk_0.PL_CLK_0_BUFG/O
    X1Y1 (CLOCK_ROOT)    net (fo=82039, routed)       3.172     3.439    pccx_v002_system_i/sc_hp0_stage0/inst/clk_map/psr_aclk/U0/aclk
    SLICE_X48Y177        FDRE                                         r  pccx_v002_system_i/sc_hp0_stage0/inst/clk_map/psr_aclk/U0/ACTIVE_LOW_BSR_OUT_DFF[0].FDRE_BSR_N/C
  -------------------------------------------------------------------    -------------------
    SLICE_X48Y177        FDRE (Prop_DFF_SLICEL_C_Q)
                                                      0.114     3.553 r  pccx_v002_system_i/sc_hp0_stage0/inst/clk_map/psr_aclk/U0/ACTIVE_LOW_BSR_OUT_DFF[0].FDRE_BSR_N/Q
                         net (fo=66, routed)          5.472     9.025    pccx_v002_system_i/sc_hp0_stage0/inst/m00_nodes/m00_aw_node/inst/s_sc_xpm_cdc_async_rst_inst/src_arst
    SLICE_X12Y61         FDCE                                         f  pccx_v002_system_i/sc_hp0_stage0/inst/m00_nodes/m00_aw_node/inst/s_sc_xpm_cdc_async_rst_inst/arststages_ff_reg[0]/CLR  (IS_INVERTED)
  -------------------------------------------------------------------    -------------------

                         (clock clk_pl_0 rise edge)
                                                      0.000     0.000 r  
    PS8_X0Y0             PS8                          0.000     0.000 r  pccx_v002_system_i/zynq_ps/inst/PS8_i/PLCLK[0]
                         net (fo=1, routed)           0.181     0.181    pccx_v002_system_i/zynq_ps/inst/pl_clk_unbuffered[0]
    BUFG_PS_X0Y90        BUFG_PS (Prop_BUFG_PS_I_O)
                                                      0.035     0.216 r  pccx_v002_system_i/zynq_ps/inst/buffer_pl_clk_0.PL_CLK_0_BUFG/O
    X1Y1 (CLOCK_ROOT)    net (fo=82039, routed)       2.926     3.142    pccx_v002_system_i/sc_hp0_stage0/inst/m00_nodes/m00_aw_node/inst/s_sc_xpm_cdc_async_rst_inst/dest_clk
    SLICE_X12Y61         FDCE                                         r  pccx_v002_system_i/sc_hp0_stage0/inst/m00_nodes/m00_aw_node/inst/s_sc_xpm_cdc_async_rst_inst/arststages_ff_reg[0]/C

Slack:                    inf
  Source:                 pccx_v002_system_i/sc_hp0_stage0/inst/clk_map/psr_aclk/U0/ACTIVE_LOW_BSR_OUT_DFF[0].FDRE_BSR_N/C
                            (rising edge-triggered cell FDRE clocked by clk_pl_0  {rise@0.000ns fall@5.000ns period=10.000ns})
  Destination:            pccx_v002_system_i/sc_hp0_stage0/inst/m00_nodes/m00_aw_node/inst/s_sc_xpm_cdc_async_rst_inst/arststages_ff_reg[1]/CLR
                            (recovery check against rising-edge clock clk_pl_0  {rise@0.000ns fall@5.000ns period=10.000ns})
  Path Group:             (none)
  Path Type:              Recovery (Max at Slow Process Corner)
  Data Path Delay:        5.586ns  (logic 0.114ns (2.041%)  route 5.472ns (97.959%))
  Logic Levels:           0  
  Clock Path Skew:        -0.297ns (DCD - SCD + CPR)
    Destination Clock Delay (DCD):    3.142ns
    Source Clock Delay      (SCD):    3.439ns
    Clock Pessimism Removal (CPR):    0.000ns
  Clock Uncertainty:      0.160ns  ((TSJ^2 + DJ^2)^1/2) / 2 + PE
    Total System Jitter     (TSJ):    0.071ns
    Discrete Jitter          (DJ):    0.312ns
    Phase Error              (PE):    0.000ns
  Clock Net Delay (Source):      3.172ns (routing 1.681ns, distribution 1.491ns)
  Clock Net Delay (Destination): 2.926ns (routing 1.538ns, distribution 1.388ns)
  Timing Exception:       False Path

    Location             Delay type                Incr(ns)  Path(ns)    Netlist Resource(s)
  -------------------------------------------------------------------    -------------------
                         (clock clk_pl_0 rise edge)
                                                      0.000     0.000 r  
    PS8_X0Y0             PS8                          0.000     0.000 r  pccx_v002_system_i/zynq_ps/inst/PS8_i/PLCLK[0]
                         net (fo=1, routed)           0.229     0.229    pccx_v002_system_i/zynq_ps/inst/pl_clk_unbuffered[0]
    BUFG_PS_X0Y90        BUFG_PS (Prop_BUFG_PS_I_O)
                                                      0.038     0.267 r  pccx_v002_system_i/zynq_ps/inst/buffer_pl_clk_0.PL_CLK_0_BUFG/O
    X1Y1 (CLOCK_ROOT)    net (fo=82039, routed)       3.172     3.439    pccx_v002_system_i/sc_hp0_stage0/inst/clk_map/psr_aclk/U0/aclk
    SLICE_X48Y177        FDRE                                         r  pccx_v002_system_i/sc_hp0_stage0/inst/clk_map/psr_aclk/U0/ACTIVE_LOW_BSR_OUT_DFF[0].FDRE_BSR_N/C
  -------------------------------------------------------------------    -------------------
    SLICE_X48Y177        FDRE (Prop_DFF_SLICEL_C_Q)
                                                      0.114     3.553 r  pccx_v002_system_i/sc_hp0_stage0/inst/clk_map/psr_aclk/U0/ACTIVE_LOW_BSR_OUT_DFF[0].FDRE_BSR_N/Q
                         net (fo=66, routed)          5.472     9.025    pccx_v002_system_i/sc_hp0_stage0/inst/m00_nodes/m00_aw_node/inst/s_sc_xpm_cdc_async_rst_inst/src_arst
    SLICE_X12Y61         FDCE                                         f  pccx_v002_system_i/sc_hp0_stage0/inst/m00_nodes/m00_aw_node/inst/s_sc_xpm_cdc_async_rst_inst/arststages_ff_reg[1]/CLR  (IS_INVERTED)
  -------------------------------------------------------------------    -------------------

                         (clock clk_pl_0 rise edge)
                                                      0.000     0.000 r  
    PS8_X0Y0             PS8                          0.000     0.000 r  pccx_v002_system_i/zynq_ps/inst/PS8_i/PLCLK[0]
                         net (fo=1, routed)           0.181     0.181    pccx_v002_system_i/zynq_ps/inst/pl_clk_unbuffered[0]
    BUFG_PS_X0Y90        BUFG_PS (Prop_BUFG_PS_I_O)
                                                      0.035     0.216 r  pccx_v002_system_i/zynq_ps/inst/buffer_pl_clk_0.PL_CLK_0_BUFG/O
    X1Y1 (CLOCK_ROOT)    net (fo=82039, routed)       2.926     3.142    pccx_v002_system_i/sc_hp0_stage0/inst/m00_nodes/m00_aw_node/inst/s_sc_xpm_cdc_async_rst_inst/dest_clk
    SLICE_X12Y61         FDCE                                         r  pccx_v002_system_i/sc_hp0_stage0/inst/m00_nodes/m00_aw_node/inst/s_sc_xpm_cdc_async_rst_inst/arststages_ff_reg[1]/C

Slack:                    inf
  Source:                 pccx_v002_system_i/sc_hp0_stage0/inst/clk_map/psr_aclk/U0/ACTIVE_LOW_BSR_OUT_DFF[0].FDRE_BSR_N/C
                            (rising edge-triggered cell FDRE clocked by clk_pl_0  {rise@0.000ns fall@5.000ns period=10.000ns})
  Destination:            pccx_v002_system_i/sc_hp0_stage0/inst/m00_nodes/m00_aw_node/inst/s_sc_xpm_cdc_async_rst_inst/arststages_ff_reg[2]/CLR
                            (recovery check against rising-edge clock clk_pl_0  {rise@0.000ns fall@5.000ns period=10.000ns})
  Path Group:             (none)
  Path Type:              Recovery (Max at Slow Process Corner)
  Data Path Delay:        5.586ns  (logic 0.114ns (2.041%)  route 5.472ns (97.959%))
  Logic Levels:           0  
  Clock Path Skew:        -0.297ns (DCD - SCD + CPR)
    Destination Clock Delay (DCD):    3.142ns
    Source Clock Delay      (SCD):    3.439ns
    Clock Pessimism Removal (CPR):    0.000ns
  Clock Uncertainty:      0.160ns  ((TSJ^2 + DJ^2)^1/2) / 2 + PE
    Total System Jitter     (TSJ):    0.071ns
    Discrete Jitter          (DJ):    0.312ns
    Phase Error              (PE):    0.000ns
  Clock Net Delay (Source):      3.172ns (routing 1.681ns, distribution 1.491ns)
  Clock Net Delay (Destination): 2.926ns (routing 1.538ns, distribution 1.388ns)
  Timing Exception:       False Path

    Location             Delay type                Incr(ns)  Path(ns)    Netlist Resource(s)
  -------------------------------------------------------------------    -------------------
                         (clock clk_pl_0 rise edge)
                                                      0.000     0.000 r  
    PS8_X0Y0             PS8                          0.000     0.000 r  pccx_v002_system_i/zynq_ps/inst/PS8_i/PLCLK[0]
                         net (fo=1, routed)           0.229     0.229    pccx_v002_system_i/zynq_ps/inst/pl_clk_unbuffered[0]
    BUFG_PS_X0Y90        BUFG_PS (Prop_BUFG_PS_I_O)
                                                      0.038     0.267 r  pccx_v002_system_i/zynq_ps/inst/buffer_pl_clk_0.PL_CLK_0_BUFG/O
    X1Y1 (CLOCK_ROOT)    net (fo=82039, routed)       3.172     3.439    pccx_v002_system_i/sc_hp0_stage0/inst/clk_map/psr_aclk/U0/aclk
    SLICE_X48Y177        FDRE                                         r  pccx_v002_system_i/sc_hp0_stage0/inst/clk_map/psr_aclk/U0/ACTIVE_LOW_BSR_OUT_DFF[0].FDRE_BSR_N/C
  -------------------------------------------------------------------    -------------------
    SLICE_X48Y177        FDRE (Prop_DFF_SLICEL_C_Q)
                                                      0.114     3.553 r  pccx_v002_system_i/sc_hp0_stage0/inst/clk_map/psr_aclk/U0/ACTIVE_LOW_BSR_OUT_DFF[0].FDRE_BSR_N/Q
                         net (fo=66, routed)          5.472     9.025    pccx_v002_system_i/sc_hp0_stage0/inst/m00_nodes/m00_aw_node/inst/s_sc_xpm_cdc_async_rst_inst/src_arst
    SLICE_X12Y61         FDCE                                         f  pccx_v002_system_i/sc_hp0_stage0/inst/m00_nodes/m00_aw_node/inst/s_sc_xpm_cdc_async_rst_inst/arststages_ff_reg[2]/CLR  (IS_INVERTED)
  -------------------------------------------------------------------    -------------------

                         (clock clk_pl_0 rise edge)
                                                      0.000     0.000 r  
    PS8_X0Y0             PS8                          0.000     0.000 r  pccx_v002_system_i/zynq_ps/inst/PS8_i/PLCLK[0]
                         net (fo=1, routed)           0.181     0.181    pccx_v002_system_i/zynq_ps/inst/pl_clk_unbuffered[0]
    BUFG_PS_X0Y90        BUFG_PS (Prop_BUFG_PS_I_O)
                                                      0.035     0.216 r  pccx_v002_system_i/zynq_ps/inst/buffer_pl_clk_0.PL_CLK_0_BUFG/O
    X1Y1 (CLOCK_ROOT)    net (fo=82039, routed)       2.926     3.142    pccx_v002_system_i/sc_hp0_stage0/inst/m00_nodes/m00_aw_node/inst/s_sc_xpm_cdc_async_rst_inst/dest_clk
    SLICE_X12Y61         FDCE                                         r  pccx_v002_system_i/sc_hp0_stage0/inst/m00_nodes/m00_aw_node/inst/s_sc_xpm_cdc_async_rst_inst/arststages_ff_reg[2]/C

Slack:                    inf
  Source:                 pccx_v002_system_i/sc_hp0_stage0/inst/clk_map/psr_aclk/U0/ACTIVE_LOW_BSR_OUT_DFF[0].FDRE_BSR_N/C
                            (rising edge-triggered cell FDRE clocked by clk_pl_0  {rise@0.000ns fall@5.000ns period=10.000ns})
  Destination:            pccx_v002_system_i/sc_hp0_stage0/inst/s02_nodes/s02_aw_node/inst/s_sc_xpm_cdc_async_rst_inst/arststages_ff_reg[0]/CLR
                            (recovery check against rising-edge clock clk_pl_0  {rise@0.000ns fall@5.000ns period=10.000ns})
  Path Group:             (none)
  Path Type:              Recovery (Max at Slow Process Corner)
  Data Path Delay:        5.403ns  (logic 0.114ns (2.110%)  route 5.289ns (97.890%))
  Logic Levels:           0  
  Clock Path Skew:        -0.297ns (DCD - SCD + CPR)
    Destination Clock Delay (DCD):    3.142ns
    Source Clock Delay      (SCD):    3.439ns
    Clock Pessimism Removal (CPR):    0.000ns
  Clock Uncertainty:      0.160ns  ((TSJ^2 + DJ^2)^1/2) / 2 + PE
    Total System Jitter     (TSJ):    0.071ns
    Discrete Jitter          (DJ):    0.312ns
    Phase Error              (PE):    0.000ns
  Clock Net Delay (Source):      3.172ns (routing 1.681ns, distribution 1.491ns)
  Clock Net Delay (Destination): 2.926ns (routing 1.538ns, distribution 1.388ns)
  Timing Exception:       False Path

    Location             Delay type                Incr(ns)  Path(ns)    Netlist Resource(s)
  -------------------------------------------------------------------    -------------------
                         (clock clk_pl_0 rise edge)
                                                      0.000     0.000 r  
    PS8_X0Y0             PS8                          0.000     0.000 r  pccx_v002_system_i/zynq_ps/inst/PS8_i/PLCLK[0]
                         net (fo=1, routed)           0.229     0.229    pccx_v002_system_i/zynq_ps/inst/pl_clk_unbuffered[0]
    BUFG_PS_X0Y90        BUFG_PS (Prop_BUFG_PS_I_O)
                                                      0.038     0.267 r  pccx_v002_system_i/zynq_ps/inst/buffer_pl_clk_0.PL_CLK_0_BUFG/O
    X1Y1 (CLOCK_ROOT)    net (fo=82039, routed)       3.172     3.439    pccx_v002_system_i/sc_hp0_stage0/inst/clk_map/psr_aclk/U0/aclk
    SLICE_X48Y177        FDRE                                         r  pccx_v002_system_i/sc_hp0_stage0/inst/clk_map/psr_aclk/U0/ACTIVE_LOW_BSR_OUT_DFF[0].FDRE_BSR_N/C
  -------------------------------------------------------------------    -------------------
    SLICE_X48Y177        FDRE (Prop_DFF_SLICEL_C_Q)
                                                      0.114     3.553 r  pccx_v002_system_i/sc_hp0_stage0/inst/clk_map/psr_aclk/U0/ACTIVE_LOW_BSR_OUT_DFF[0].FDRE_BSR_N/Q
                         net (fo=66, routed)          5.289     8.842    pccx_v002_system_i/sc_hp0_stage0/inst/s02_nodes/s02_aw_node/inst/s_sc_xpm_cdc_async_rst_inst/src_arst
    SLICE_X14Y62         FDCE                                         f  pccx_v002_system_i/sc_hp0_stage0/inst/s02_nodes/s02_aw_node/inst/s_sc_xpm_cdc_async_rst_inst/arststages_ff_reg[0]/CLR  (IS_INVERTED)
  -------------------------------------------------------------------    -------------------

                         (clock clk_pl_0 rise edge)
                                                      0.000     0.000 r  
    PS8_X0Y0             PS8                          0.000     0.000 r  pccx_v002_system_i/zynq_ps/inst/PS8_i/PLCLK[0]
                         net (fo=1, routed)           0.181     0.181    pccx_v002_system_i/zynq_ps/inst/pl_clk_unbuffered[0]
    BUFG_PS_X0Y90        BUFG_PS (Prop_BUFG_PS_I_O)
                                                      0.035     0.216 r  pccx_v002_system_i/zynq_ps/inst/buffer_pl_clk_0.PL_CLK_0_BUFG/O
    X1Y1 (CLOCK_ROOT)    net (fo=82039, routed)       2.926     3.142    pccx_v002_system_i/sc_hp0_stage0/inst/s02_nodes/s02_aw_node/inst/s_sc_xpm_cdc_async_rst_inst/dest_clk
    SLICE_X14Y62         FDCE                                         r  pccx_v002_system_i/sc_hp0_stage0/inst/s02_nodes/s02_aw_node/inst/s_sc_xpm_cdc_async_rst_inst/arststages_ff_reg[0]/C

Slack:                    inf
  Source:                 pccx_v002_system_i/sc_hp0_stage0/inst/clk_map/psr_aclk/U0/ACTIVE_LOW_BSR_OUT_DFF[0].FDRE_BSR_N/C
                            (rising edge-triggered cell FDRE clocked by clk_pl_0  {rise@0.000ns fall@5.000ns period=10.000ns})
  Destination:            pccx_v002_system_i/sc_hp0_stage0/inst/s02_nodes/s02_aw_node/inst/s_sc_xpm_cdc_async_rst_inst/arststages_ff_reg[1]/CLR
                            (recovery check against rising-edge clock clk_pl_0  {rise@0.000ns fall@5.000ns period=10.000ns})
  Path Group:             (none)
  Path Type:              Recovery (Max at Slow Process Corner)
  Data Path Delay:        5.403ns  (logic 0.114ns (2.110%)  route 5.289ns (97.890%))
  Logic Levels:           0  
  Clock Path Skew:        -0.297ns (DCD - SCD + CPR)
    Destination Clock Delay (DCD):    3.142ns
    Source Clock Delay      (SCD):    3.439ns
    Clock Pessimism Removal (CPR):    0.000ns
  Clock Uncertainty:      0.160ns  ((TSJ^2 + DJ^2)^1/2) / 2 + PE
    Total System Jitter     (TSJ):    0.071ns
    Discrete Jitter          (DJ):    0.312ns
    Phase Error              (PE):    0.000ns
  Clock Net Delay (Source):      3.172ns (routing 1.681ns, distribution 1.491ns)
  Clock Net Delay (Destination): 2.926ns (routing 1.538ns, distribution 1.388ns)
  Timing Exception:       False Path

    Location             Delay type                Incr(ns)  Path(ns)    Netlist Resource(s)
  -------------------------------------------------------------------    -------------------
                         (clock clk_pl_0 rise edge)
                                                      0.000     0.000 r  
    PS8_X0Y0             PS8                          0.000     0.000 r  pccx_v002_system_i/zynq_ps/inst/PS8_i/PLCLK[0]
                         net (fo=1, routed)           0.229     0.229    pccx_v002_system_i/zynq_ps/inst/pl_clk_unbuffered[0]
    BUFG_PS_X0Y90        BUFG_PS (Prop_BUFG_PS_I_O)
                                                      0.038     0.267 r  pccx_v002_system_i/zynq_ps/inst/buffer_pl_clk_0.PL_CLK_0_BUFG/O
    X1Y1 (CLOCK_ROOT)    net (fo=82039, routed)       3.172     3.439    pccx_v002_system_i/sc_hp0_stage0/inst/clk_map/psr_aclk/U0/aclk
    SLICE_X48Y177        FDRE                                         r  pccx_v002_system_i/sc_hp0_stage0/inst/clk_map/psr_aclk/U0/ACTIVE_LOW_BSR_OUT_DFF[0].FDRE_BSR_N/C
  -------------------------------------------------------------------    -------------------
    SLICE_X48Y177        FDRE (Prop_DFF_SLICEL_C_Q)
                                                      0.114     3.553 r  pccx_v002_system_i/sc_hp0_stage0/inst/clk_map/psr_aclk/U0/ACTIVE_LOW_BSR_OUT_DFF[0].FDRE_BSR_N/Q
                         net (fo=66, routed)          5.289     8.842    pccx_v002_system_i/sc_hp0_stage0/inst/s02_nodes/s02_aw_node/inst/s_sc_xpm_cdc_async_rst_inst/src_arst
    SLICE_X14Y62         FDCE                                         f  pccx_v002_system_i/sc_hp0_stage0/inst/s02_nodes/s02_aw_node/inst/s_sc_xpm_cdc_async_rst_inst/arststages_ff_reg[1]/CLR  (IS_INVERTED)
  -------------------------------------------------------------------    -------------------

                         (clock clk_pl_0 rise edge)
                                                      0.000     0.000 r  
    PS8_X0Y0             PS8                          0.000     0.000 r  pccx_v002_system_i/zynq_ps/inst/PS8_i/PLCLK[0]
                         net (fo=1, routed)           0.181     0.181    pccx_v002_system_i/zynq_ps/inst/pl_clk_unbuffered[0]
    BUFG_PS_X0Y90        BUFG_PS (Prop_BUFG_PS_I_O)
                                                      0.035     0.216 r  pccx_v002_system_i/zynq_ps/inst/buffer_pl_clk_0.PL_CLK_0_BUFG/O
    X1Y1 (CLOCK_ROOT)    net (fo=82039, routed)       2.926     3.142    pccx_v002_system_i/sc_hp0_stage0/inst/s02_nodes/s02_aw_node/inst/s_sc_xpm_cdc_async_rst_inst/dest_clk
    SLICE_X14Y62         FDCE                                         r  pccx_v002_system_i/sc_hp0_stage0/inst/s02_nodes/s02_aw_node/inst/s_sc_xpm_cdc_async_rst_inst/arststages_ff_reg[1]/C

Slack:                    inf
  Source:                 pccx_v002_system_i/sc_hp0_stage0/inst/clk_map/psr_aclk/U0/ACTIVE_LOW_BSR_OUT_DFF[0].FDRE_BSR_N/C
                            (rising edge-triggered cell FDRE clocked by clk_pl_0  {rise@0.000ns fall@5.000ns period=10.000ns})
  Destination:            pccx_v002_system_i/sc_hp0_stage0/inst/s02_nodes/s02_aw_node/inst/s_sc_xpm_cdc_async_rst_inst/arststages_ff_reg[2]/CLR
                            (recovery check against rising-edge clock clk_pl_0  {rise@0.000ns fall@5.000ns period=10.000ns})
  Path Group:             (none)
  Path Type:              Recovery (Max at Slow Process Corner)
  Data Path Delay:        5.403ns  (logic 0.114ns (2.110%)  route 5.289ns (97.890%))
  Logic Levels:           0  
  Clock Path Skew:        -0.297ns (DCD - SCD + CPR)
    Destination Clock Delay (DCD):    3.142ns
    Source Clock Delay      (SCD):    3.439ns
    Clock Pessimism Removal (CPR):    0.000ns
  Clock Uncertainty:      0.160ns  ((TSJ^2 + DJ^2)^1/2) / 2 + PE
    Total System Jitter     (TSJ):    0.071ns
    Discrete Jitter          (DJ):    0.312ns
    Phase Error              (PE):    0.000ns
  Clock Net Delay (Source):      3.172ns (routing 1.681ns, distribution 1.491ns)
  Clock Net Delay (Destination): 2.926ns (routing 1.538ns, distribution 1.388ns)
  Timing Exception:       False Path

    Location             Delay type                Incr(ns)  Path(ns)    Netlist Resource(s)
  -------------------------------------------------------------------    -------------------
                         (clock clk_pl_0 rise edge)
                                                      0.000     0.000 r  
    PS8_X0Y0             PS8                          0.000     0.000 r  pccx_v002_system_i/zynq_ps/inst/PS8_i/PLCLK[0]
                         net (fo=1, routed)           0.229     0.229    pccx_v002_system_i/zynq_ps/inst/pl_clk_unbuffered[0]
    BUFG_PS_X0Y90        BUFG_PS (Prop_BUFG_PS_I_O)
                                                      0.038     0.267 r  pccx_v002_system_i/zynq_ps/inst/buffer_pl_clk_0.PL_CLK_0_BUFG/O
    X1Y1 (CLOCK_ROOT)    net (fo=82039, routed)       3.172     3.439    pccx_v002_system_i/sc_hp0_stage0/inst/clk_map/psr_aclk/U0/aclk
    SLICE_X48Y177        FDRE                                         r  pccx_v002_system_i/sc_hp0_stage0/inst/clk_map/psr_aclk/U0/ACTIVE_LOW_BSR_OUT_DFF[0].FDRE_BSR_N/C
  -------------------------------------------------------------------    -------------------
    SLICE_X48Y177        FDRE (Prop_DFF_SLICEL_C_Q)
                                                      0.114     3.553 r  pccx_v002_system_i/sc_hp0_stage0/inst/clk_map/psr_aclk/U0/ACTIVE_LOW_BSR_OUT_DFF[0].FDRE_BSR_N/Q
                         net (fo=66, routed)          5.289     8.842    pccx_v002_system_i/sc_hp0_stage0/inst/s02_nodes/s02_aw_node/inst/s_sc_xpm_cdc_async_rst_inst/src_arst
    SLICE_X14Y62         FDCE                                         f  pccx_v002_system_i/sc_hp0_stage0/inst/s02_nodes/s02_aw_node/inst/s_sc_xpm_cdc_async_rst_inst/arststages_ff_reg[2]/CLR  (IS_INVERTED)
  -------------------------------------------------------------------    -------------------

                         (clock clk_pl_0 rise edge)
                                                      0.000     0.000 r  
    PS8_X0Y0             PS8                          0.000     0.000 r  pccx_v002_system_i/zynq_ps/inst/PS8_i/PLCLK[0]
                         net (fo=1, routed)           0.181     0.181    pccx_v002_system_i/zynq_ps/inst/pl_clk_unbuffered[0]
    BUFG_PS_X0Y90        BUFG_PS (Prop_BUFG_PS_I_O)
                                                      0.035     0.216 r  pccx_v002_system_i/zynq_ps/inst/buffer_pl_clk_0.PL_CLK_0_BUFG/O
    X1Y1 (CLOCK_ROOT)    net (fo=82039, routed)       2.926     3.142    pccx_v002_system_i/sc_hp0_stage0/inst/s02_nodes/s02_aw_node/inst/s_sc_xpm_cdc_async_rst_inst/dest_clk
    SLICE_X14Y62         FDCE                                         r  pccx_v002_system_i/sc_hp0_stage0/inst/s02_nodes/s02_aw_node/inst/s_sc_xpm_cdc_async_rst_inst/arststages_ff_reg[2]/C

Slack:                    inf
  Source:                 pccx_v002_system_i/sc_hp0_stage0/inst/clk_map/psr_aclk/U0/ACTIVE_LOW_BSR_OUT_DFF[0].FDRE_BSR_N/C
                            (rising edge-triggered cell FDRE clocked by clk_pl_0  {rise@0.000ns fall@5.000ns period=10.000ns})
  Destination:            pccx_v002_system_i/sc_hp0_stage0/inst/s02_nodes/s02_w_node/inst/s_sc_xpm_cdc_async_rst_inst/arststages_ff_reg[0]/CLR
                            (recovery check against rising-edge clock clk_pl_0  {rise@0.000ns fall@5.000ns period=10.000ns})
  Path Group:             (none)
  Path Type:              Recovery (Max at Slow Process Corner)
  Data Path Delay:        5.247ns  (logic 0.114ns (2.173%)  route 5.133ns (97.827%))
  Logic Levels:           0  
  Clock Path Skew:        -0.310ns (DCD - SCD + CPR)
    Destination Clock Delay (DCD):    3.129ns
    Source Clock Delay      (SCD):    3.439ns
    Clock Pessimism Removal (CPR):    0.000ns
  Clock Uncertainty:      0.160ns  ((TSJ^2 + DJ^2)^1/2) / 2 + PE
    Total System Jitter     (TSJ):    0.071ns
    Discrete Jitter          (DJ):    0.312ns
    Phase Error              (PE):    0.000ns
  Clock Net Delay (Source):      3.172ns (routing 1.681ns, distribution 1.491ns)
  Clock Net Delay (Destination): 2.913ns (routing 1.538ns, distribution 1.375ns)
  Timing Exception:       False Path

    Location             Delay type                Incr(ns)  Path(ns)    Netlist Resource(s)
  -------------------------------------------------------------------    -------------------
                         (clock clk_pl_0 rise edge)
                                                      0.000     0.000 r  
    PS8_X0Y0             PS8                          0.000     0.000 r  pccx_v002_system_i/zynq_ps/inst/PS8_i/PLCLK[0]
                         net (fo=1, routed)           0.229     0.229    pccx_v002_system_i/zynq_ps/inst/pl_clk_unbuffered[0]
    BUFG_PS_X0Y90        BUFG_PS (Prop_BUFG_PS_I_O)
                                                      0.038     0.267 r  pccx_v002_system_i/zynq_ps/inst/buffer_pl_clk_0.PL_CLK_0_BUFG/O
    X1Y1 (CLOCK_ROOT)    net (fo=82039, routed)       3.172     3.439    pccx_v002_system_i/sc_hp0_stage0/inst/clk_map/psr_aclk/U0/aclk
    SLICE_X48Y177        FDRE                                         r  pccx_v002_system_i/sc_hp0_stage0/inst/clk_map/psr_aclk/U0/ACTIVE_LOW_BSR_OUT_DFF[0].FDRE_BSR_N/C
  -------------------------------------------------------------------    -------------------
    SLICE_X48Y177        FDRE (Prop_DFF_SLICEL_C_Q)
                                                      0.114     3.553 r  pccx_v002_system_i/sc_hp0_stage0/inst/clk_map/psr_aclk/U0/ACTIVE_LOW_BSR_OUT_DFF[0].FDRE_BSR_N/Q
                         net (fo=66, routed)          5.133     8.686    pccx_v002_system_i/sc_hp0_stage0/inst/s02_nodes/s02_w_node/inst/s_sc_xpm_cdc_async_rst_inst/src_arst
    SLICE_X19Y66         FDCE                                         f  pccx_v002_system_i/sc_hp0_stage0/inst/s02_nodes/s02_w_node/inst/s_sc_xpm_cdc_async_rst_inst/arststages_ff_reg[0]/CLR  (IS_INVERTED)
  -------------------------------------------------------------------    -------------------

                         (clock clk_pl_0 rise edge)
                                                      0.000     0.000 r  
    PS8_X0Y0             PS8                          0.000     0.000 r  pccx_v002_system_i/zynq_ps/inst/PS8_i/PLCLK[0]
                         net (fo=1, routed)           0.181     0.181    pccx_v002_system_i/zynq_ps/inst/pl_clk_unbuffered[0]
    BUFG_PS_X0Y90        BUFG_PS (Prop_BUFG_PS_I_O)
                                                      0.035     0.216 r  pccx_v002_system_i/zynq_ps/inst/buffer_pl_clk_0.PL_CLK_0_BUFG/O
    X1Y1 (CLOCK_ROOT)    net (fo=82039, routed)       2.913     3.129    pccx_v002_system_i/sc_hp0_stage0/inst/s02_nodes/s02_w_node/inst/s_sc_xpm_cdc_async_rst_inst/dest_clk
    SLICE_X19Y66         FDCE                                         r  pccx_v002_system_i/sc_hp0_stage0/inst/s02_nodes/s02_w_node/inst/s_sc_xpm_cdc_async_rst_inst/arststages_ff_reg[0]/C

Slack:                    inf
  Source:                 pccx_v002_system_i/sc_hp0_stage0/inst/clk_map/psr_aclk/U0/ACTIVE_LOW_BSR_OUT_DFF[0].FDRE_BSR_N/C
                            (rising edge-triggered cell FDRE clocked by clk_pl_0  {rise@0.000ns fall@5.000ns period=10.000ns})
  Destination:            pccx_v002_system_i/sc_hp0_stage0/inst/s02_nodes/s02_w_node/inst/s_sc_xpm_cdc_async_rst_inst/arststages_ff_reg[1]/CLR
                            (recovery check against rising-edge clock clk_pl_0  {rise@0.000ns fall@5.000ns period=10.000ns})
  Path Group:             (none)
  Path Type:              Recovery (Max at Slow Process Corner)
  Data Path Delay:        5.247ns  (logic 0.114ns (2.173%)  route 5.133ns (97.827%))
  Logic Levels:           0  
  Clock Path Skew:        -0.310ns (DCD - SCD + CPR)
    Destination Clock Delay (DCD):    3.129ns
    Source Clock Delay      (SCD):    3.439ns
    Clock Pessimism Removal (CPR):    0.000ns
  Clock Uncertainty:      0.160ns  ((TSJ^2 + DJ^2)^1/2) / 2 + PE
    Total System Jitter     (TSJ):    0.071ns
    Discrete Jitter          (DJ):    0.312ns
    Phase Error              (PE):    0.000ns
  Clock Net Delay (Source):      3.172ns (routing 1.681ns, distribution 1.491ns)
  Clock Net Delay (Destination): 2.913ns (routing 1.538ns, distribution 1.375ns)
  Timing Exception:       False Path

    Location             Delay type                Incr(ns)  Path(ns)    Netlist Resource(s)
  -------------------------------------------------------------------    -------------------
                         (clock clk_pl_0 rise edge)
                                                      0.000     0.000 r  
    PS8_X0Y0             PS8                          0.000     0.000 r  pccx_v002_system_i/zynq_ps/inst/PS8_i/PLCLK[0]
                         net (fo=1, routed)           0.229     0.229    pccx_v002_system_i/zynq_ps/inst/pl_clk_unbuffered[0]
    BUFG_PS_X0Y90        BUFG_PS (Prop_BUFG_PS_I_O)
                                                      0.038     0.267 r  pccx_v002_system_i/zynq_ps/inst/buffer_pl_clk_0.PL_CLK_0_BUFG/O
    X1Y1 (CLOCK_ROOT)    net (fo=82039, routed)       3.172     3.439    pccx_v002_system_i/sc_hp0_stage0/inst/clk_map/psr_aclk/U0/aclk
    SLICE_X48Y177        FDRE                                         r  pccx_v002_system_i/sc_hp0_stage0/inst/clk_map/psr_aclk/U0/ACTIVE_LOW_BSR_OUT_DFF[0].FDRE_BSR_N/C
  -------------------------------------------------------------------    -------------------
    SLICE_X48Y177        FDRE (Prop_DFF_SLICEL_C_Q)
                                                      0.114     3.553 r  pccx_v002_system_i/sc_hp0_stage0/inst/clk_map/psr_aclk/U0/ACTIVE_LOW_BSR_OUT_DFF[0].FDRE_BSR_N/Q
                         net (fo=66, routed)          5.133     8.686    pccx_v002_system_i/sc_hp0_stage0/inst/s02_nodes/s02_w_node/inst/s_sc_xpm_cdc_async_rst_inst/src_arst
    SLICE_X19Y66         FDCE                                         f  pccx_v002_system_i/sc_hp0_stage0/inst/s02_nodes/s02_w_node/inst/s_sc_xpm_cdc_async_rst_inst/arststages_ff_reg[1]/CLR  (IS_INVERTED)
  -------------------------------------------------------------------    -------------------

                         (clock clk_pl_0 rise edge)
                                                      0.000     0.000 r  
    PS8_X0Y0             PS8                          0.000     0.000 r  pccx_v002_system_i/zynq_ps/inst/PS8_i/PLCLK[0]
                         net (fo=1, routed)           0.181     0.181    pccx_v002_system_i/zynq_ps/inst/pl_clk_unbuffered[0]
    BUFG_PS_X0Y90        BUFG_PS (Prop_BUFG_PS_I_O)
                                                      0.035     0.216 r  pccx_v002_system_i/zynq_ps/inst/buffer_pl_clk_0.PL_CLK_0_BUFG/O
    X1Y1 (CLOCK_ROOT)    net (fo=82039, routed)       2.913     3.129    pccx_v002_system_i/sc_hp0_stage0/inst/s02_nodes/s02_w_node/inst/s_sc_xpm_cdc_async_rst_inst/dest_clk
    SLICE_X19Y66         FDCE                                         r  pccx_v002_system_i/sc_hp0_stage0/inst/s02_nodes/s02_w_node/inst/s_sc_xpm_cdc_async_rst_inst/arststages_ff_reg[1]/C

Slack:                    inf
  Source:                 pccx_v002_system_i/sc_hp0_stage0/inst/clk_map/psr_aclk/U0/ACTIVE_LOW_BSR_OUT_DFF[0].FDRE_BSR_N/C
                            (rising edge-triggered cell FDRE clocked by clk_pl_0  {rise@0.000ns fall@5.000ns period=10.000ns})
  Destination:            pccx_v002_system_i/sc_hp0_stage0/inst/s02_nodes/s02_w_node/inst/s_sc_xpm_cdc_async_rst_inst/arststages_ff_reg[2]/CLR
                            (recovery check against rising-edge clock clk_pl_0  {rise@0.000ns fall@5.000ns period=10.000ns})
  Path Group:             (none)
  Path Type:              Recovery (Max at Slow Process Corner)
  Data Path Delay:        5.247ns  (logic 0.114ns (2.173%)  route 5.133ns (97.827%))
  Logic Levels:           0  
  Clock Path Skew:        -0.310ns (DCD - SCD + CPR)
    Destination Clock Delay (DCD):    3.129ns
    Source Clock Delay      (SCD):    3.439ns
    Clock Pessimism Removal (CPR):    0.000ns
  Clock Uncertainty:      0.160ns  ((TSJ^2 + DJ^2)^1/2) / 2 + PE
    Total System Jitter     (TSJ):    0.071ns
    Discrete Jitter          (DJ):    0.312ns
    Phase Error              (PE):    0.000ns
  Clock Net Delay (Source):      3.172ns (routing 1.681ns, distribution 1.491ns)
  Clock Net Delay (Destination): 2.913ns (routing 1.538ns, distribution 1.375ns)
  Timing Exception:       False Path

    Location             Delay type                Incr(ns)  Path(ns)    Netlist Resource(s)
  -------------------------------------------------------------------    -------------------
                         (clock clk_pl_0 rise edge)
                                                      0.000     0.000 r  
    PS8_X0Y0             PS8                          0.000     0.000 r  pccx_v002_system_i/zynq_ps/inst/PS8_i/PLCLK[0]
                         net (fo=1, routed)           0.229     0.229    pccx_v002_system_i/zynq_ps/inst/pl_clk_unbuffered[0]
    BUFG_PS_X0Y90        BUFG_PS (Prop_BUFG_PS_I_O)
                                                      0.038     0.267 r  pccx_v002_system_i/zynq_ps/inst/buffer_pl_clk_0.PL_CLK_0_BUFG/O
    X1Y1 (CLOCK_ROOT)    net (fo=82039, routed)       3.172     3.439    pccx_v002_system_i/sc_hp0_stage0/inst/clk_map/psr_aclk/U0/aclk
    SLICE_X48Y177        FDRE                                         r  pccx_v002_system_i/sc_hp0_stage0/inst/clk_map/psr_aclk/U0/ACTIVE_LOW_BSR_OUT_DFF[0].FDRE_BSR_N/C
  -------------------------------------------------------------------    -------------------
    SLICE_X48Y177        FDRE (Prop_DFF_SLICEL_C_Q)
                                                      0.114     3.553 r  pccx_v002_system_i/sc_hp0_stage0/inst/clk_map/psr_aclk/U0/ACTIVE_LOW_BSR_OUT_DFF[0].FDRE_BSR_N/Q
                         net (fo=66, routed)          5.133     8.686    pccx_v002_system_i/sc_hp0_stage0/inst/s02_nodes/s02_w_node/inst/s_sc_xpm_cdc_async_rst_inst/src_arst
    SLICE_X19Y66         FDCE                                         f  pccx_v002_system_i/sc_hp0_stage0/inst/s02_nodes/s02_w_node/inst/s_sc_xpm_cdc_async_rst_inst/arststages_ff_reg[2]/CLR  (IS_INVERTED)
  -------------------------------------------------------------------    -------------------

                         (clock clk_pl_0 rise edge)
                                                      0.000     0.000 r  
    PS8_X0Y0             PS8                          0.000     0.000 r  pccx_v002_system_i/zynq_ps/inst/PS8_i/PLCLK[0]
                         net (fo=1, routed)           0.181     0.181    pccx_v002_system_i/zynq_ps/inst/pl_clk_unbuffered[0]
    BUFG_PS_X0Y90        BUFG_PS (Prop_BUFG_PS_I_O)
                                                      0.035     0.216 r  pccx_v002_system_i/zynq_ps/inst/buffer_pl_clk_0.PL_CLK_0_BUFG/O
    X1Y1 (CLOCK_ROOT)    net (fo=82039, routed)       2.913     3.129    pccx_v002_system_i/sc_hp0_stage0/inst/s02_nodes/s02_w_node/inst/s_sc_xpm_cdc_async_rst_inst/dest_clk
    SLICE_X19Y66         FDCE                                         r  pccx_v002_system_i/sc_hp0_stage0/inst/s02_nodes/s02_w_node/inst/s_sc_xpm_cdc_async_rst_inst/arststages_ff_reg[2]/C

Slack:                    inf
  Source:                 pccx_v002_system_i/sc_hp0_stage0/inst/clk_map/psr_aclk/U0/ACTIVE_LOW_BSR_OUT_DFF[0].FDRE_BSR_N/C
                            (rising edge-triggered cell FDRE clocked by clk_pl_0  {rise@0.000ns fall@5.000ns period=10.000ns})
  Destination:            pccx_v002_system_i/sc_hp0_stage0/inst/m00_nodes/m00_w_node/inst/s_sc_xpm_cdc_async_rst_inst/arststages_ff_reg[0]/CLR
                            (recovery check against rising-edge clock clk_pl_0  {rise@0.000ns fall@5.000ns period=10.000ns})
  Path Group:             (none)
  Path Type:              Recovery (Max at Slow Process Corner)
  Data Path Delay:        5.149ns  (logic 0.114ns (2.214%)  route 5.035ns (97.786%))
  Logic Levels:           0  
  Clock Path Skew:        -0.303ns (DCD - SCD + CPR)
    Destination Clock Delay (DCD):    3.136ns
    Source Clock Delay      (SCD):    3.439ns
    Clock Pessimism Removal (CPR):    0.000ns
  Clock Uncertainty:      0.160ns  ((TSJ^2 + DJ^2)^1/2) / 2 + PE
    Total System Jitter     (TSJ):    0.071ns
    Discrete Jitter          (DJ):    0.312ns
    Phase Error              (PE):    0.000ns
  Clock Net Delay (Source):      3.172ns (routing 1.681ns, distribution 1.491ns)
  Clock Net Delay (Destination): 2.920ns (routing 1.538ns, distribution 1.382ns)
  Timing Exception:       False Path

    Location             Delay type                Incr(ns)  Path(ns)    Netlist Resource(s)
  -------------------------------------------------------------------    -------------------
                         (clock clk_pl_0 rise edge)
                                                      0.000     0.000 r  
    PS8_X0Y0             PS8                          0.000     0.000 r  pccx_v002_system_i/zynq_ps/inst/PS8_i/PLCLK[0]
                         net (fo=1, routed)           0.229     0.229    pccx_v002_system_i/zynq_ps/inst/pl_clk_unbuffered[0]
    BUFG_PS_X0Y90        BUFG_PS (Prop_BUFG_PS_I_O)
                                                      0.038     0.267 r  pccx_v002_system_i/zynq_ps/inst/buffer_pl_clk_0.PL_CLK_0_BUFG/O
    X1Y1 (CLOCK_ROOT)    net (fo=82039, routed)       3.172     3.439    pccx_v002_system_i/sc_hp0_stage0/inst/clk_map/psr_aclk/U0/aclk
    SLICE_X48Y177        FDRE                                         r  pccx_v002_system_i/sc_hp0_stage0/inst/clk_map/psr_aclk/U0/ACTIVE_LOW_BSR_OUT_DFF[0].FDRE_BSR_N/C
  -------------------------------------------------------------------    -------------------
    SLICE_X48Y177        FDRE (Prop_DFF_SLICEL_C_Q)
                                                      0.114     3.553 r  pccx_v002_system_i/sc_hp0_stage0/inst/clk_map/psr_aclk/U0/ACTIVE_LOW_BSR_OUT_DFF[0].FDRE_BSR_N/Q
                         net (fo=66, routed)          5.035     8.588    pccx_v002_system_i/sc_hp0_stage0/inst/m00_nodes/m00_w_node/inst/s_sc_xpm_cdc_async_rst_inst/src_arst
    SLICE_X12Y76         FDCE                                         f  pccx_v002_system_i/sc_hp0_stage0/inst/m00_nodes/m00_w_node/inst/s_sc_xpm_cdc_async_rst_inst/arststages_ff_reg[0]/CLR  (IS_INVERTED)
  -------------------------------------------------------------------    -------------------

                         (clock clk_pl_0 rise edge)
                                                      0.000     0.000 r  
    PS8_X0Y0             PS8                          0.000     0.000 r  pccx_v002_system_i/zynq_ps/inst/PS8_i/PLCLK[0]
                         net (fo=1, routed)           0.181     0.181    pccx_v002_system_i/zynq_ps/inst/pl_clk_unbuffered[0]
    BUFG_PS_X0Y90        BUFG_PS (Prop_BUFG_PS_I_O)
                                                      0.035     0.216 r  pccx_v002_system_i/zynq_ps/inst/buffer_pl_clk_0.PL_CLK_0_BUFG/O
    X1Y1 (CLOCK_ROOT)    net (fo=82039, routed)       2.920     3.136    pccx_v002_system_i/sc_hp0_stage0/inst/m00_nodes/m00_w_node/inst/s_sc_xpm_cdc_async_rst_inst/dest_clk
    SLICE_X12Y76         FDCE                                         r  pccx_v002_system_i/sc_hp0_stage0/inst/m00_nodes/m00_w_node/inst/s_sc_xpm_cdc_async_rst_inst/arststages_ff_reg[0]/C

Slack:                    inf
  Source:                 pccx_v002_system_i/sc_hp0_stage0/inst/clk_map/psr_aclk/U0/ACTIVE_LOW_BSR_OUT_DFF[0].FDRE_BSR_N/C
                            (rising edge-triggered cell FDRE clocked by clk_pl_0  {rise@0.000ns fall@5.000ns period=10.000ns})
  Destination:            pccx_v002_system_i/sc_hp0_stage0/inst/m00_nodes/m00_w_node/inst/s_sc_xpm_cdc_async_rst_inst/arststages_ff_reg[1]/CLR
                            (recovery check against rising-edge clock clk_pl_0  {rise@0.000ns fall@5.000ns period=10.000ns})
  Path Group:             (none)
  Path Type:              Recovery (Max at Slow Process Corner)
  Data Path Delay:        5.149ns  (logic 0.114ns (2.214%)  route 5.035ns (97.786%))
  Logic Levels:           0  
  Clock Path Skew:        -0.303ns (DCD - SCD + CPR)
    Destination Clock Delay (DCD):    3.136ns
    Source Clock Delay      (SCD):    3.439ns
    Clock Pessimism Removal (CPR):    0.000ns
  Clock Uncertainty:      0.160ns  ((TSJ^2 + DJ^2)^1/2) / 2 + PE
    Total System Jitter     (TSJ):    0.071ns
    Discrete Jitter          (DJ):    0.312ns
    Phase Error              (PE):    0.000ns
  Clock Net Delay (Source):      3.172ns (routing 1.681ns, distribution 1.491ns)
  Clock Net Delay (Destination): 2.920ns (routing 1.538ns, distribution 1.382ns)
  Timing Exception:       False Path

    Location             Delay type                Incr(ns)  Path(ns)    Netlist Resource(s)
  -------------------------------------------------------------------    -------------------
                         (clock clk_pl_0 rise edge)
                                                      0.000     0.000 r  
    PS8_X0Y0             PS8                          0.000     0.000 r  pccx_v002_system_i/zynq_ps/inst/PS8_i/PLCLK[0]
                         net (fo=1, routed)           0.229     0.229    pccx_v002_system_i/zynq_ps/inst/pl_clk_unbuffered[0]
    BUFG_PS_X0Y90        BUFG_PS (Prop_BUFG_PS_I_O)
                                                      0.038     0.267 r  pccx_v002_system_i/zynq_ps/inst/buffer_pl_clk_0.PL_CLK_0_BUFG/O
    X1Y1 (CLOCK_ROOT)    net (fo=82039, routed)       3.172     3.439    pccx_v002_system_i/sc_hp0_stage0/inst/clk_map/psr_aclk/U0/aclk
    SLICE_X48Y177        FDRE                                         r  pccx_v002_system_i/sc_hp0_stage0/inst/clk_map/psr_aclk/U0/ACTIVE_LOW_BSR_OUT_DFF[0].FDRE_BSR_N/C
  -------------------------------------------------------------------    -------------------
    SLICE_X48Y177        FDRE (Prop_DFF_SLICEL_C_Q)
                                                      0.114     3.553 r  pccx_v002_system_i/sc_hp0_stage0/inst/clk_map/psr_aclk/U0/ACTIVE_LOW_BSR_OUT_DFF[0].FDRE_BSR_N/Q
                         net (fo=66, routed)          5.035     8.588    pccx_v002_system_i/sc_hp0_stage0/inst/m00_nodes/m00_w_node/inst/s_sc_xpm_cdc_async_rst_inst/src_arst
    SLICE_X12Y76         FDCE                                         f  pccx_v002_system_i/sc_hp0_stage0/inst/m00_nodes/m00_w_node/inst/s_sc_xpm_cdc_async_rst_inst/arststages_ff_reg[1]/CLR  (IS_INVERTED)
  -------------------------------------------------------------------    -------------------

                         (clock clk_pl_0 rise edge)
                                                      0.000     0.000 r  
    PS8_X0Y0             PS8                          0.000     0.000 r  pccx_v002_system_i/zynq_ps/inst/PS8_i/PLCLK[0]
                         net (fo=1, routed)           0.181     0.181    pccx_v002_system_i/zynq_ps/inst/pl_clk_unbuffered[0]
    BUFG_PS_X0Y90        BUFG_PS (Prop_BUFG_PS_I_O)
                                                      0.035     0.216 r  pccx_v002_system_i/zynq_ps/inst/buffer_pl_clk_0.PL_CLK_0_BUFG/O
    X1Y1 (CLOCK_ROOT)    net (fo=82039, routed)       2.920     3.136    pccx_v002_system_i/sc_hp0_stage0/inst/m00_nodes/m00_w_node/inst/s_sc_xpm_cdc_async_rst_inst/dest_clk
    SLICE_X12Y76         FDCE                                         r  pccx_v002_system_i/sc_hp0_stage0/inst/m00_nodes/m00_w_node/inst/s_sc_xpm_cdc_async_rst_inst/arststages_ff_reg[1]/C

Slack:                    inf
  Source:                 pccx_v002_system_i/sc_hp0_stage0/inst/clk_map/psr_aclk/U0/ACTIVE_LOW_BSR_OUT_DFF[0].FDRE_BSR_N/C
                            (rising edge-triggered cell FDRE clocked by clk_pl_0  {rise@0.000ns fall@5.000ns period=10.000ns})
  Destination:            pccx_v002_system_i/sc_hp0_stage0/inst/m00_nodes/m00_w_node/inst/s_sc_xpm_cdc_async_rst_inst/arststages_ff_reg[2]/CLR
                            (recovery check against rising-edge clock clk_pl_0  {rise@0.000ns fall@5.000ns period=10.000ns})
  Path Group:             (none)
  Path Type:              Recovery (Max at Slow Process Corner)
  Data Path Delay:        5.149ns  (logic 0.114ns (2.214%)  route 5.035ns (97.786%))
  Logic Levels:           0  
  Clock Path Skew:        -0.303ns (DCD - SCD + CPR)
    Destination Clock Delay (DCD):    3.136ns
    Source Clock Delay      (SCD):    3.439ns
    Clock Pessimism Removal (CPR):    0.000ns
  Clock Uncertainty:      0.160ns  ((TSJ^2 + DJ^2)^1/2) / 2 + PE
    Total System Jitter     (TSJ):    0.071ns
    Discrete Jitter          (DJ):    0.312ns
    Phase Error              (PE):    0.000ns
  Clock Net Delay (Source):      3.172ns (routing 1.681ns, distribution 1.491ns)
  Clock Net Delay (Destination): 2.920ns (routing 1.538ns, distribution 1.382ns)
  Timing Exception:       False Path

    Location             Delay type                Incr(ns)  Path(ns)    Netlist Resource(s)
  -------------------------------------------------------------------    -------------------
                         (clock clk_pl_0 rise edge)
                                                      0.000     0.000 r  
    PS8_X0Y0             PS8                          0.000     0.000 r  pccx_v002_system_i/zynq_ps/inst/PS8_i/PLCLK[0]
                         net (fo=1, routed)           0.229     0.229    pccx_v002_system_i/zynq_ps/inst/pl_clk_unbuffered[0]
    BUFG_PS_X0Y90        BUFG_PS (Prop_BUFG_PS_I_O)
                                                      0.038     0.267 r  pccx_v002_system_i/zynq_ps/inst/buffer_pl_clk_0.PL_CLK_0_BUFG/O
    X1Y1 (CLOCK_ROOT)    net (fo=82039, routed)       3.172     3.439    pccx_v002_system_i/sc_hp0_stage0/inst/clk_map/psr_aclk/U0/aclk
    SLICE_X48Y177        FDRE                                         r  pccx_v002_system_i/sc_hp0_stage0/inst/clk_map/psr_aclk/U0/ACTIVE_LOW_BSR_OUT_DFF[0].FDRE_BSR_N/C
  -------------------------------------------------------------------    -------------------
    SLICE_X48Y177        FDRE (Prop_DFF_SLICEL_C_Q)
                                                      0.114     3.553 r  pccx_v002_system_i/sc_hp0_stage0/inst/clk_map/psr_aclk/U0/ACTIVE_LOW_BSR_OUT_DFF[0].FDRE_BSR_N/Q
                         net (fo=66, routed)          5.035     8.588    pccx_v002_system_i/sc_hp0_stage0/inst/m00_nodes/m00_w_node/inst/s_sc_xpm_cdc_async_rst_inst/src_arst
    SLICE_X12Y76         FDCE                                         f  pccx_v002_system_i/sc_hp0_stage0/inst/m00_nodes/m00_w_node/inst/s_sc_xpm_cdc_async_rst_inst/arststages_ff_reg[2]/CLR  (IS_INVERTED)
  -------------------------------------------------------------------    -------------------

                         (clock clk_pl_0 rise edge)
                                                      0.000     0.000 r  
    PS8_X0Y0             PS8                          0.000     0.000 r  pccx_v002_system_i/zynq_ps/inst/PS8_i/PLCLK[0]
                         net (fo=1, routed)           0.181     0.181    pccx_v002_system_i/zynq_ps/inst/pl_clk_unbuffered[0]
    BUFG_PS_X0Y90        BUFG_PS (Prop_BUFG_PS_I_O)
                                                      0.035     0.216 r  pccx_v002_system_i/zynq_ps/inst/buffer_pl_clk_0.PL_CLK_0_BUFG/O
    X1Y1 (CLOCK_ROOT)    net (fo=82039, routed)       2.920     3.136    pccx_v002_system_i/sc_hp0_stage0/inst/m00_nodes/m00_w_node/inst/s_sc_xpm_cdc_async_rst_inst/dest_clk
    SLICE_X12Y76         FDCE                                         r  pccx_v002_system_i/sc_hp0_stage0/inst/m00_nodes/m00_w_node/inst/s_sc_xpm_cdc_async_rst_inst/arststages_ff_reg[2]/C

Slack:                    inf
  Source:                 pccx_v002_system_i/sc_axil/inst/clk_map/psr_aclk/U0/ACTIVE_LOW_BSR_OUT_DFF[0].FDRE_BSR_N/C
                            (rising edge-triggered cell FDRE clocked by clk_pl_0  {rise@0.000ns fall@5.000ns period=10.000ns})
  Destination:            pccx_v002_system_i/sc_axil/inst/s00_nodes/s00_w_node/inst/s_sc_xpm_cdc_async_rst_inst/arststages_ff_reg[0]/CLR
                            (recovery check against rising-edge clock clk_pl_0  {rise@0.000ns fall@5.000ns period=10.000ns})
  Path Group:             (none)
  Path Type:              Recovery (Max at Slow Process Corner)
  Data Path Delay:        4.899ns  (logic 0.113ns (2.307%)  route 4.786ns (97.693%))
  Logic Levels:           0  
  Clock Path Skew:        -0.375ns (DCD - SCD + CPR)
    Destination Clock Delay (DCD):    3.122ns
    Source Clock Delay      (SCD):    3.497ns
    Clock Pessimism Removal (CPR):    0.000ns
  Clock Uncertainty:      0.160ns  ((TSJ^2 + DJ^2)^1/2) / 2 + PE
    Total System Jitter     (TSJ):    0.071ns
    Discrete Jitter          (DJ):    0.312ns
    Phase Error              (PE):    0.000ns
  Clock Net Delay (Source):      3.230ns (routing 1.681ns, distribution 1.549ns)
  Clock Net Delay (Destination): 2.906ns (routing 1.538ns, distribution 1.368ns)
  Timing Exception:       False Path

    Location             Delay type                Incr(ns)  Path(ns)    Netlist Resource(s)
  -------------------------------------------------------------------    -------------------
                         (clock clk_pl_0 rise edge)
                                                      0.000     0.000 r  
    PS8_X0Y0             PS8                          0.000     0.000 r  pccx_v002_system_i/zynq_ps/inst/PS8_i/PLCLK[0]
                         net (fo=1, routed)           0.229     0.229    pccx_v002_system_i/zynq_ps/inst/pl_clk_unbuffered[0]
    BUFG_PS_X0Y90        BUFG_PS (Prop_BUFG_PS_I_O)
                                                      0.038     0.267 r  pccx_v002_system_i/zynq_ps/inst/buffer_pl_clk_0.PL_CLK_0_BUFG/O
    X1Y1 (CLOCK_ROOT)    net (fo=82039, routed)       3.230     3.497    pccx_v002_system_i/sc_axil/inst/clk_map/psr_aclk/U0/aclk
    SLICE_X21Y204        FDRE                                         r  pccx_v002_system_i/sc_axil/inst/clk_map/psr_aclk/U0/ACTIVE_LOW_BSR_OUT_DFF[0].FDRE_BSR_N/C
  -------------------------------------------------------------------    -------------------
    SLICE_X21Y204        FDRE (Prop_AFF_SLICEM_C_Q)
                                                      0.113     3.610 r  pccx_v002_system_i/sc_axil/inst/clk_map/psr_aclk/U0/ACTIVE_LOW_BSR_OUT_DFF[0].FDRE_BSR_N/Q
                         net (fo=150, routed)         4.786     8.396    pccx_v002_system_i/sc_axil/inst/s00_nodes/s00_w_node/inst/s_sc_xpm_cdc_async_rst_inst/src_arst
    SLICE_X18Y106        FDCE                                         f  pccx_v002_system_i/sc_axil/inst/s00_nodes/s00_w_node/inst/s_sc_xpm_cdc_async_rst_inst/arststages_ff_reg[0]/CLR  (IS_INVERTED)
  -------------------------------------------------------------------    -------------------

                         (clock clk_pl_0 rise edge)
                                                      0.000     0.000 r  
    PS8_X0Y0             PS8                          0.000     0.000 r  pccx_v002_system_i/zynq_ps/inst/PS8_i/PLCLK[0]
                         net (fo=1, routed)           0.181     0.181    pccx_v002_system_i/zynq_ps/inst/pl_clk_unbuffered[0]
    BUFG_PS_X0Y90        BUFG_PS (Prop_BUFG_PS_I_O)
                                                      0.035     0.216 r  pccx_v002_system_i/zynq_ps/inst/buffer_pl_clk_0.PL_CLK_0_BUFG/O
    X1Y1 (CLOCK_ROOT)    net (fo=82039, routed)       2.906     3.122    pccx_v002_system_i/sc_axil/inst/s00_nodes/s00_w_node/inst/s_sc_xpm_cdc_async_rst_inst/dest_clk
    SLICE_X18Y106        FDCE                                         r  pccx_v002_system_i/sc_axil/inst/s00_nodes/s00_w_node/inst/s_sc_xpm_cdc_async_rst_inst/arststages_ff_reg[0]/C

Slack:                    inf
  Source:                 pccx_v002_system_i/sc_axil/inst/clk_map/psr_aclk/U0/ACTIVE_LOW_BSR_OUT_DFF[0].FDRE_BSR_N/C
                            (rising edge-triggered cell FDRE clocked by clk_pl_0  {rise@0.000ns fall@5.000ns period=10.000ns})
  Destination:            pccx_v002_system_i/sc_axil/inst/s00_nodes/s00_w_node/inst/s_sc_xpm_cdc_async_rst_inst/arststages_ff_reg[1]/CLR
                            (recovery check against rising-edge clock clk_pl_0  {rise@0.000ns fall@5.000ns period=10.000ns})
  Path Group:             (none)
  Path Type:              Recovery (Max at Slow Process Corner)
  Data Path Delay:        4.899ns  (logic 0.113ns (2.307%)  route 4.786ns (97.693%))
  Logic Levels:           0  
  Clock Path Skew:        -0.375ns (DCD - SCD + CPR)
    Destination Clock Delay (DCD):    3.122ns
    Source Clock Delay      (SCD):    3.497ns
    Clock Pessimism Removal (CPR):    0.000ns
  Clock Uncertainty:      0.160ns  ((TSJ^2 + DJ^2)^1/2) / 2 + PE
    Total System Jitter     (TSJ):    0.071ns
    Discrete Jitter          (DJ):    0.312ns
    Phase Error              (PE):    0.000ns
  Clock Net Delay (Source):      3.230ns (routing 1.681ns, distribution 1.549ns)
  Clock Net Delay (Destination): 2.906ns (routing 1.538ns, distribution 1.368ns)
  Timing Exception:       False Path

    Location             Delay type                Incr(ns)  Path(ns)    Netlist Resource(s)
  -------------------------------------------------------------------    -------------------
                         (clock clk_pl_0 rise edge)
                                                      0.000     0.000 r  
    PS8_X0Y0             PS8                          0.000     0.000 r  pccx_v002_system_i/zynq_ps/inst/PS8_i/PLCLK[0]
                         net (fo=1, routed)           0.229     0.229    pccx_v002_system_i/zynq_ps/inst/pl_clk_unbuffered[0]
    BUFG_PS_X0Y90        BUFG_PS (Prop_BUFG_PS_I_O)
                                                      0.038     0.267 r  pccx_v002_system_i/zynq_ps/inst/buffer_pl_clk_0.PL_CLK_0_BUFG/O
    X1Y1 (CLOCK_ROOT)    net (fo=82039, routed)       3.230     3.497    pccx_v002_system_i/sc_axil/inst/clk_map/psr_aclk/U0/aclk
    SLICE_X21Y204        FDRE                                         r  pccx_v002_system_i/sc_axil/inst/clk_map/psr_aclk/U0/ACTIVE_LOW_BSR_OUT_DFF[0].FDRE_BSR_N/C
  -------------------------------------------------------------------    -------------------
    SLICE_X21Y204        FDRE (Prop_AFF_SLICEM_C_Q)
                                                      0.113     3.610 r  pccx_v002_system_i/sc_axil/inst/clk_map/psr_aclk/U0/ACTIVE_LOW_BSR_OUT_DFF[0].FDRE_BSR_N/Q
                         net (fo=150, routed)         4.786     8.396    pccx_v002_system_i/sc_axil/inst/s00_nodes/s00_w_node/inst/s_sc_xpm_cdc_async_rst_inst/src_arst
    SLICE_X18Y106        FDCE                                         f  pccx_v002_system_i/sc_axil/inst/s00_nodes/s00_w_node/inst/s_sc_xpm_cdc_async_rst_inst/arststages_ff_reg[1]/CLR  (IS_INVERTED)
  -------------------------------------------------------------------    -------------------

                         (clock clk_pl_0 rise edge)
                                                      0.000     0.000 r  
    PS8_X0Y0             PS8                          0.000     0.000 r  pccx_v002_system_i/zynq_ps/inst/PS8_i/PLCLK[0]
                         net (fo=1, routed)           0.181     0.181    pccx_v002_system_i/zynq_ps/inst/pl_clk_unbuffered[0]
    BUFG_PS_X0Y90        BUFG_PS (Prop_BUFG_PS_I_O)
                                                      0.035     0.216 r  pccx_v002_system_i/zynq_ps/inst/buffer_pl_clk_0.PL_CLK_0_BUFG/O
    X1Y1 (CLOCK_ROOT)    net (fo=82039, routed)       2.906     3.122    pccx_v002_system_i/sc_axil/inst/s00_nodes/s00_w_node/inst/s_sc_xpm_cdc_async_rst_inst/dest_clk
    SLICE_X18Y106        FDCE                                         r  pccx_v002_system_i/sc_axil/inst/s00_nodes/s00_w_node/inst/s_sc_xpm_cdc_async_rst_inst/arststages_ff_reg[1]/C





Min Delay Paths
--------------------------------------------------------------------------------------
Slack:                    inf
  Source:                 pccx_v002_system_i/u_npu/inst/u_wrap/u_pccx_npu_top/u_HP_buffer/u_hp2_weight_fifo/xpm_fifo_base_inst/xpm_fifo_rst_inst/gen_rst_ic.fifo_wr_rst_ic_reg/C
                            (rising edge-triggered cell FDRE clocked by clk_pl_0  {rise@0.000ns fall@5.000ns period=10.000ns})
  Destination:            pccx_v002_system_i/u_npu/inst/u_wrap/u_pccx_npu_top/u_HP_buffer/u_hp2_weight_fifo/xpm_fifo_base_inst/xpm_fifo_rst_inst/gen_rst_ic.wrst_rd_inst/syncstages_ff_reg[0]/D
                            (rising edge-triggered cell FDRE clocked by clk_pl_0  {rise@0.000ns fall@5.000ns period=10.000ns})
  Path Group:             (none)
  Path Type:              Hold (Min at Fast Process Corner)
  Data Path Delay:        0.130ns  (logic 0.083ns (63.762%)  route 0.047ns (36.238%))
  Logic Levels:           0  
  Clock Path Skew:        0.203ns (DCD - SCD - CPR)
    Destination Clock Delay (DCD):    2.031ns
    Source Clock Delay      (SCD):    1.829ns
    Clock Pessimism Removal (CPR):    -0.000ns
  Clock Uncertainty:      0.160ns  ((TSJ^2 + DJ^2)^1/2) / 2 + PE
    Total System Jitter     (TSJ):    0.071ns
    Discrete Jitter          (DJ):    0.312ns
    Phase Error              (PE):    0.000ns
  Clock Net Delay (Source):      1.678ns (routing 0.940ns, distribution 0.738ns)
  Clock Net Delay (Destination): 1.844ns (routing 1.033ns, distribution 0.811ns)
  Timing Exception:       False Path

    Location             Delay type                Incr(ns)  Path(ns)    Netlist Resource(s)
  -------------------------------------------------------------------    -------------------
                         (clock clk_pl_0 rise edge)
                                                      0.000     0.000 r  
    PS8_X0Y0             PS8                          0.000     0.000 r  pccx_v002_system_i/zynq_ps/inst/PS8_i/PLCLK[0]
                         net (fo=1, routed)           0.129     0.129    pccx_v002_system_i/zynq_ps/inst/pl_clk_unbuffered[0]
    BUFG_PS_X0Y90        BUFG_PS (Prop_BUFG_PS_I_O)
                                                      0.022     0.151 r  pccx_v002_system_i/zynq_ps/inst/buffer_pl_clk_0.PL_CLK_0_BUFG/O
    X1Y1 (CLOCK_ROOT)    net (fo=82039, routed)       1.678     1.829    pccx_v002_system_i/u_npu/inst/u_wrap/u_pccx_npu_top/u_HP_buffer/u_hp2_weight_fifo/xpm_fifo_base_inst/xpm_fifo_rst_inst/wr_clk
    SLICE_X37Y177        FDRE                                         r  pccx_v002_system_i/u_npu/inst/u_wrap/u_pccx_npu_top/u_HP_buffer/u_hp2_weight_fifo/xpm_fifo_base_inst/xpm_fifo_rst_inst/gen_rst_ic.fifo_wr_rst_ic_reg/C
  -------------------------------------------------------------------    -------------------
    SLICE_X37Y177        FDRE (Prop_DFF_SLICEM_C_Q)
                                                      0.083     1.912 r  pccx_v002_system_i/u_npu/inst/u_wrap/u_pccx_npu_top/u_HP_buffer/u_hp2_weight_fifo/xpm_fifo_base_inst/xpm_fifo_rst_inst/gen_rst_ic.fifo_wr_rst_ic_reg/Q
                         net (fo=2, routed)           0.047     1.959    pccx_v002_system_i/u_npu/inst/u_wrap/u_pccx_npu_top/u_HP_buffer/u_hp2_weight_fifo/xpm_fifo_base_inst/xpm_fifo_rst_inst/gen_rst_ic.wrst_rd_inst/src_rst
    SLICE_X37Y177        FDRE                                         r  pccx_v002_system_i/u_npu/inst/u_wrap/u_pccx_npu_top/u_HP_buffer/u_hp2_weight_fifo/xpm_fifo_base_inst/xpm_fifo_rst_inst/gen_rst_ic.wrst_rd_inst/syncstages_ff_reg[0]/D
  -------------------------------------------------------------------    -------------------

                         (clock clk_pl_0 rise edge)
                                                      0.000     0.000 r  
    PS8_X0Y0             PS8                          0.000     0.000 r  pccx_v002_system_i/zynq_ps/inst/PS8_i/PLCLK[0]
                         net (fo=1, routed)           0.164     0.164    pccx_v002_system_i/zynq_ps/inst/pl_clk_unbuffered[0]
    BUFG_PS_X0Y90        BUFG_PS (Prop_BUFG_PS_I_O)
                                                      0.023     0.187 r  pccx_v002_system_i/zynq_ps/inst/buffer_pl_clk_0.PL_CLK_0_BUFG/O
    X1Y1 (CLOCK_ROOT)    net (fo=82039, routed)       1.844     2.031    pccx_v002_system_i/u_npu/inst/u_wrap/u_pccx_npu_top/u_HP_buffer/u_hp2_weight_fifo/xpm_fifo_base_inst/xpm_fifo_rst_inst/gen_rst_ic.wrst_rd_inst/dest_clk
    SLICE_X37Y177        FDRE                                         r  pccx_v002_system_i/u_npu/inst/u_wrap/u_pccx_npu_top/u_HP_buffer/u_hp2_weight_fifo/xpm_fifo_base_inst/xpm_fifo_rst_inst/gen_rst_ic.wrst_rd_inst/syncstages_ff_reg[0]/C

Slack:                    inf
  Source:                 pccx_v002_system_i/u_npu/inst/u_wrap/u_pccx_npu_top/u_HP_buffer/u_hp1_weight_fifo/xpm_fifo_base_inst/xpm_fifo_rst_inst/gen_rst_ic.fifo_wr_rst_ic_reg/C
                            (rising edge-triggered cell FDRE clocked by clk_pl_0  {rise@0.000ns fall@5.000ns period=10.000ns})
  Destination:            pccx_v002_system_i/u_npu/inst/u_wrap/u_pccx_npu_top/u_HP_buffer/u_hp1_weight_fifo/xpm_fifo_base_inst/xpm_fifo_rst_inst/gen_rst_ic.wrst_rd_inst/syncstages_ff_reg[0]/D
                            (rising edge-triggered cell FDRE clocked by clk_pl_0  {rise@0.000ns fall@5.000ns period=10.000ns})
  Path Group:             (none)
  Path Type:              Hold (Min at Fast Process Corner)
  Data Path Delay:        0.130ns  (logic 0.083ns (63.762%)  route 0.047ns (36.238%))
  Logic Levels:           0  
  Clock Path Skew:        0.193ns (DCD - SCD - CPR)
    Destination Clock Delay (DCD):    2.029ns
    Source Clock Delay      (SCD):    1.836ns
    Clock Pessimism Removal (CPR):    -0.000ns
  Clock Uncertainty:      0.160ns  ((TSJ^2 + DJ^2)^1/2) / 2 + PE
    Total System Jitter     (TSJ):    0.071ns
    Discrete Jitter          (DJ):    0.312ns
    Phase Error              (PE):    0.000ns
  Clock Net Delay (Source):      1.685ns (routing 0.940ns, distribution 0.745ns)
  Clock Net Delay (Destination): 1.842ns (routing 1.033ns, distribution 0.809ns)
  Timing Exception:       False Path

    Location             Delay type                Incr(ns)  Path(ns)    Netlist Resource(s)
  -------------------------------------------------------------------    -------------------
                         (clock clk_pl_0 rise edge)
                                                      0.000     0.000 r  
    PS8_X0Y0             PS8                          0.000     0.000 r  pccx_v002_system_i/zynq_ps/inst/PS8_i/PLCLK[0]
                         net (fo=1, routed)           0.129     0.129    pccx_v002_system_i/zynq_ps/inst/pl_clk_unbuffered[0]
    BUFG_PS_X0Y90        BUFG_PS (Prop_BUFG_PS_I_O)
                                                      0.022     0.151 r  pccx_v002_system_i/zynq_ps/inst/buffer_pl_clk_0.PL_CLK_0_BUFG/O
    X1Y1 (CLOCK_ROOT)    net (fo=82039, routed)       1.685     1.836    pccx_v002_system_i/u_npu/inst/u_wrap/u_pccx_npu_top/u_HP_buffer/u_hp1_weight_fifo/xpm_fifo_base_inst/xpm_fifo_rst_inst/wr_clk
    SLICE_X24Y51         FDRE                                         r  pccx_v002_system_i/u_npu/inst/u_wrap/u_pccx_npu_top/u_HP_buffer/u_hp1_weight_fifo/xpm_fifo_base_inst/xpm_fifo_rst_inst/gen_rst_ic.fifo_wr_rst_ic_reg/C
  -------------------------------------------------------------------    -------------------
    SLICE_X24Y51         FDRE (Prop_DFF_SLICEM_C_Q)
                                                      0.083     1.919 r  pccx_v002_system_i/u_npu/inst/u_wrap/u_pccx_npu_top/u_HP_buffer/u_hp1_weight_fifo/xpm_fifo_base_inst/xpm_fifo_rst_inst/gen_rst_ic.fifo_wr_rst_ic_reg/Q
                         net (fo=2, routed)           0.047     1.966    pccx_v002_system_i/u_npu/inst/u_wrap/u_pccx_npu_top/u_HP_buffer/u_hp1_weight_fifo/xpm_fifo_base_inst/xpm_fifo_rst_inst/gen_rst_ic.wrst_rd_inst/src_rst
    SLICE_X24Y51         FDRE                                         r  pccx_v002_system_i/u_npu/inst/u_wrap/u_pccx_npu_top/u_HP_buffer/u_hp1_weight_fifo/xpm_fifo_base_inst/xpm_fifo_rst_inst/gen_rst_ic.wrst_rd_inst/syncstages_ff_reg[0]/D
  -------------------------------------------------------------------    -------------------

                         (clock clk_pl_0 rise edge)
                                                      0.000     0.000 r  
    PS8_X0Y0             PS8                          0.000     0.000 r  pccx_v002_system_i/zynq_ps/inst/PS8_i/PLCLK[0]
                         net (fo=1, routed)           0.164     0.164    pccx_v002_system_i/zynq_ps/inst/pl_clk_unbuffered[0]
    BUFG_PS_X0Y90        BUFG_PS (Prop_BUFG_PS_I_O)
                                                      0.023     0.187 r  pccx_v002_system_i/zynq_ps/inst/buffer_pl_clk_0.PL_CLK_0_BUFG/O
    X1Y1 (CLOCK_ROOT)    net (fo=82039, routed)       1.842     2.029    pccx_v002_system_i/u_npu/inst/u_wrap/u_pccx_npu_top/u_HP_buffer/u_hp1_weight_fifo/xpm_fifo_base_inst/xpm_fifo_rst_inst/gen_rst_ic.wrst_rd_inst/dest_clk
    SLICE_X24Y51         FDRE                                         r  pccx_v002_system_i/u_npu/inst/u_wrap/u_pccx_npu_top/u_HP_buffer/u_hp1_weight_fifo/xpm_fifo_base_inst/xpm_fifo_rst_inst/gen_rst_ic.wrst_rd_inst/syncstages_ff_reg[0]/C

Slack:                    inf
  Source:                 pccx_v002_system_i/u_npu/inst/u_wrap/u_pccx_npu_top/u_HP_buffer/u_hp2_weight_fifo/xpm_fifo_base_inst/xpm_fifo_rst_inst/gen_rst_ic.fifo_rd_rst_ic_reg/C
                            (rising edge-triggered cell FDRE clocked by clk_pl_0  {rise@0.000ns fall@5.000ns period=10.000ns})
  Destination:            pccx_v002_system_i/u_npu/inst/u_wrap/u_pccx_npu_top/u_HP_buffer/u_hp2_weight_fifo/xpm_fifo_base_inst/xpm_fifo_rst_inst/gen_rst_ic.rrst_wr_inst/syncstages_ff_reg[0]/D
                            (rising edge-triggered cell FDRE clocked by clk_pl_0  {rise@0.000ns fall@5.000ns period=10.000ns})
  Path Group:             (none)
  Path Type:              Hold (Min at Fast Process Corner)
  Data Path Delay:        0.174ns  (logic 0.082ns (47.090%)  route 0.092ns (52.910%))
  Logic Levels:           0  
  Clock Path Skew:        0.212ns (DCD - SCD - CPR)
    Destination Clock Delay (DCD):    2.036ns
    Source Clock Delay      (SCD):    1.824ns
    Clock Pessimism Removal (CPR):    -0.000ns
  Clock Uncertainty:      0.160ns  ((TSJ^2 + DJ^2)^1/2) / 2 + PE
    Total System Jitter     (TSJ):    0.071ns
    Discrete Jitter          (DJ):    0.312ns
    Phase Error              (PE):    0.000ns
  Clock Net Delay (Source):      1.673ns (routing 0.940ns, distribution 0.733ns)
  Clock Net Delay (Destination): 1.849ns (routing 1.033ns, distribution 0.816ns)
  Timing Exception:       False Path

    Location             Delay type                Incr(ns)  Path(ns)    Netlist Resource(s)
  -------------------------------------------------------------------    -------------------
                         (clock clk_pl_0 rise edge)
                                                      0.000     0.000 r  
    PS8_X0Y0             PS8                          0.000     0.000 r  pccx_v002_system_i/zynq_ps/inst/PS8_i/PLCLK[0]
                         net (fo=1, routed)           0.129     0.129    pccx_v002_system_i/zynq_ps/inst/pl_clk_unbuffered[0]
    BUFG_PS_X0Y90        BUFG_PS (Prop_BUFG_PS_I_O)
                                                      0.022     0.151 r  pccx_v002_system_i/zynq_ps/inst/buffer_pl_clk_0.PL_CLK_0_BUFG/O
    X1Y1 (CLOCK_ROOT)    net (fo=82039, routed)       1.673     1.824    pccx_v002_system_i/u_npu/inst/u_wrap/u_pccx_npu_top/u_HP_buffer/u_hp2_weight_fifo/xpm_fifo_base_inst/xpm_fifo_rst_inst/rd_clk
    SLICE_X37Y178        FDRE                                         r  pccx_v002_system_i/u_npu/inst/u_wrap/u_pccx_npu_top/u_HP_buffer/u_hp2_weight_fifo/xpm_fifo_base_inst/xpm_fifo_rst_inst/gen_rst_ic.fifo_rd_rst_ic_reg/C
  -------------------------------------------------------------------    -------------------
    SLICE_X37Y178        FDRE (Prop_AFF_SLICEM_C_Q)
                                                      0.082     1.906 r  pccx_v002_system_i/u_npu/inst/u_wrap/u_pccx_npu_top/u_HP_buffer/u_hp2_weight_fifo/xpm_fifo_base_inst/xpm_fifo_rst_inst/gen_rst_ic.fifo_rd_rst_ic_reg/Q
                         net (fo=49, routed)          0.092     1.998    pccx_v002_system_i/u_npu/inst/u_wrap/u_pccx_npu_top/u_HP_buffer/u_hp2_weight_fifo/xpm_fifo_base_inst/xpm_fifo_rst_inst/gen_rst_ic.rrst_wr_inst/src_rst
    SLICE_X38Y177        FDRE                                         r  pccx_v002_system_i/u_npu/inst/u_wrap/u_pccx_npu_top/u_HP_buffer/u_hp2_weight_fifo/xpm_fifo_base_inst/xpm_fifo_rst_inst/gen_rst_ic.rrst_wr_inst/syncstages_ff_reg[0]/D
  -------------------------------------------------------------------    -------------------

                         (clock clk_pl_0 rise edge)
                                                      0.000     0.000 r  
    PS8_X0Y0             PS8                          0.000     0.000 r  pccx_v002_system_i/zynq_ps/inst/PS8_i/PLCLK[0]
                         net (fo=1, routed)           0.164     0.164    pccx_v002_system_i/zynq_ps/inst/pl_clk_unbuffered[0]
    BUFG_PS_X0Y90        BUFG_PS (Prop_BUFG_PS_I_O)
                                                      0.023     0.187 r  pccx_v002_system_i/zynq_ps/inst/buffer_pl_clk_0.PL_CLK_0_BUFG/O
    X1Y1 (CLOCK_ROOT)    net (fo=82039, routed)       1.849     2.036    pccx_v002_system_i/u_npu/inst/u_wrap/u_pccx_npu_top/u_HP_buffer/u_hp2_weight_fifo/xpm_fifo_base_inst/xpm_fifo_rst_inst/gen_rst_ic.rrst_wr_inst/dest_clk
    SLICE_X38Y177        FDRE                                         r  pccx_v002_system_i/u_npu/inst/u_wrap/u_pccx_npu_top/u_HP_buffer/u_hp2_weight_fifo/xpm_fifo_base_inst/xpm_fifo_rst_inst/gen_rst_ic.rrst_wr_inst/syncstages_ff_reg[0]/C

Slack:                    inf
  Source:                 pccx_v002_system_i/u_npu/inst/u_wrap/u_pccx_npu_top/u_HP_buffer/u_hp1_weight_fifo/xpm_fifo_base_inst/xpm_fifo_rst_inst/gen_rst_ic.fifo_rd_rst_ic_reg/C
                            (rising edge-triggered cell FDRE clocked by clk_pl_0  {rise@0.000ns fall@5.000ns period=10.000ns})
  Destination:            pccx_v002_system_i/u_npu/inst/u_wrap/u_pccx_npu_top/u_HP_buffer/u_hp1_weight_fifo/xpm_fifo_base_inst/xpm_fifo_rst_inst/gen_rst_ic.rrst_wr_inst/syncstages_ff_reg[0]/D
                            (rising edge-triggered cell FDRE clocked by clk_pl_0  {rise@0.000ns fall@5.000ns period=10.000ns})
  Path Group:             (none)
  Path Type:              Hold (Min at Fast Process Corner)
  Data Path Delay:        0.190ns  (logic 0.082ns (43.210%)  route 0.108ns (56.790%))
  Logic Levels:           0  
  Clock Path Skew:        0.192ns (DCD - SCD - CPR)
    Destination Clock Delay (DCD):    2.024ns
    Source Clock Delay      (SCD):    1.833ns
    Clock Pessimism Removal (CPR):    -0.000ns
  Clock Uncertainty:      0.160ns  ((TSJ^2 + DJ^2)^1/2) / 2 + PE
    Total System Jitter     (TSJ):    0.071ns
    Discrete Jitter          (DJ):    0.312ns
    Phase Error              (PE):    0.000ns
  Clock Net Delay (Source):      1.682ns (routing 0.940ns, distribution 0.742ns)
  Clock Net Delay (Destination): 1.837ns (routing 1.033ns, distribution 0.804ns)
  Timing Exception:       False Path

    Location             Delay type                Incr(ns)  Path(ns)    Netlist Resource(s)
  -------------------------------------------------------------------    -------------------
                         (clock clk_pl_0 rise edge)
                                                      0.000     0.000 r  
    PS8_X0Y0             PS8                          0.000     0.000 r  pccx_v002_system_i/zynq_ps/inst/PS8_i/PLCLK[0]
                         net (fo=1, routed)           0.129     0.129    pccx_v002_system_i/zynq_ps/inst/pl_clk_unbuffered[0]
    BUFG_PS_X0Y90        BUFG_PS (Prop_BUFG_PS_I_O)
                                                      0.022     0.151 r  pccx_v002_system_i/zynq_ps/inst/buffer_pl_clk_0.PL_CLK_0_BUFG/O
    X1Y1 (CLOCK_ROOT)    net (fo=82039, routed)       1.682     1.833    pccx_v002_system_i/u_npu/inst/u_wrap/u_pccx_npu_top/u_HP_buffer/u_hp1_weight_fifo/xpm_fifo_base_inst/xpm_fifo_rst_inst/rd_clk
    SLICE_X24Y54         FDRE                                         r  pccx_v002_system_i/u_npu/inst/u_wrap/u_pccx_npu_top/u_HP_buffer/u_hp1_weight_fifo/xpm_fifo_base_inst/xpm_fifo_rst_inst/gen_rst_ic.fifo_rd_rst_ic_reg/C
  -------------------------------------------------------------------    -------------------
    SLICE_X24Y54         FDRE (Prop_BFF_SLICEM_C_Q)
                                                      0.082     1.915 r  pccx_v002_system_i/u_npu/inst/u_wrap/u_pccx_npu_top/u_HP_buffer/u_hp1_weight_fifo/xpm_fifo_base_inst/xpm_fifo_rst_inst/gen_rst_ic.fifo_rd_rst_ic_reg/Q
                         net (fo=49, routed)          0.108     2.022    pccx_v002_system_i/u_npu/inst/u_wrap/u_pccx_npu_top/u_HP_buffer/u_hp1_weight_fifo/xpm_fifo_base_inst/xpm_fifo_rst_inst/gen_rst_ic.rrst_wr_inst/src_rst
    SLICE_X24Y50         FDRE                                         r  pccx_v002_system_i/u_npu/inst/u_wrap/u_pccx_npu_top/u_HP_buffer/u_hp1_weight_fifo/xpm_fifo_base_inst/xpm_fifo_rst_inst/gen_rst_ic.rrst_wr_inst/syncstages_ff_reg[0]/D
  -------------------------------------------------------------------    -------------------

                         (clock clk_pl_0 rise edge)
                                                      0.000     0.000 r  
    PS8_X0Y0             PS8                          0.000     0.000 r  pccx_v002_system_i/zynq_ps/inst/PS8_i/PLCLK[0]
                         net (fo=1, routed)           0.164     0.164    pccx_v002_system_i/zynq_ps/inst/pl_clk_unbuffered[0]
    BUFG_PS_X0Y90        BUFG_PS (Prop_BUFG_PS_I_O)
                                                      0.023     0.187 r  pccx_v002_system_i/zynq_ps/inst/buffer_pl_clk_0.PL_CLK_0_BUFG/O
    X1Y1 (CLOCK_ROOT)    net (fo=82039, routed)       1.837     2.024    pccx_v002_system_i/u_npu/inst/u_wrap/u_pccx_npu_top/u_HP_buffer/u_hp1_weight_fifo/xpm_fifo_base_inst/xpm_fifo_rst_inst/gen_rst_ic.rrst_wr_inst/dest_clk
    SLICE_X24Y50         FDRE                                         r  pccx_v002_system_i/u_npu/inst/u_wrap/u_pccx_npu_top/u_HP_buffer/u_hp1_weight_fifo/xpm_fifo_base_inst/xpm_fifo_rst_inst/gen_rst_ic.rrst_wr_inst/syncstages_ff_reg[0]/C

Slack:                    inf
  Source:                 pccx_v002_system_i/u_npu/inst/u_wrap/u_pccx_npu_top/u_mem_dispatcher/u_l2_cache/u_acp_cdc/u_acp_rx_fifo/gnuram_async_fifo.xpm_fifo_base_inst/xpm_fifo_rst_inst/gen_rst_ic.fifo_wr_rst_ic_reg/C
                            (rising edge-triggered cell FDRE clocked by clk_pl_0  {rise@0.000ns fall@5.000ns period=10.000ns})
  Destination:            pccx_v002_system_i/u_npu/inst/u_wrap/u_pccx_npu_top/u_mem_dispatcher/u_l2_cache/u_acp_cdc/u_acp_rx_fifo/gnuram_async_fifo.xpm_fifo_base_inst/xpm_fifo_rst_inst/gen_rst_ic.wrst_rd_inst/syncstages_ff_reg[0]/D
                            (rising edge-triggered cell FDRE clocked by clk_pl_0  {rise@0.000ns fall@5.000ns period=10.000ns})
  Path Group:             (none)
  Path Type:              Hold (Min at Fast Process Corner)
  Data Path Delay:        0.120ns  (logic 0.084ns (70.005%)  route 0.036ns (29.995%))
  Logic Levels:           0  
  Clock Path Skew:        0.205ns (DCD - SCD - CPR)
    Destination Clock Delay (DCD):    2.134ns
    Source Clock Delay      (SCD):    1.930ns
    Clock Pessimism Removal (CPR):    -0.000ns
  Clock Uncertainty:      0.160ns  ((TSJ^2 + DJ^2)^1/2) / 2 + PE
    Total System Jitter     (TSJ):    0.071ns
    Discrete Jitter          (DJ):    0.312ns
    Phase Error              (PE):    0.000ns
  Clock Net Delay (Source):      1.779ns (routing 0.940ns, distribution 0.839ns)
  Clock Net Delay (Destination): 1.947ns (routing 1.033ns, distribution 0.914ns)
  Timing Exception:       False Path

    Location             Delay type                Incr(ns)  Path(ns)    Netlist Resource(s)
  -------------------------------------------------------------------    -------------------
                         (clock clk_pl_0 rise edge)
                                                      0.000     0.000 r  
    PS8_X0Y0             PS8                          0.000     0.000 r  pccx_v002_system_i/zynq_ps/inst/PS8_i/PLCLK[0]
                         net (fo=1, routed)           0.129     0.129    pccx_v002_system_i/zynq_ps/inst/pl_clk_unbuffered[0]
    BUFG_PS_X0Y90        BUFG_PS (Prop_BUFG_PS_I_O)
                                                      0.022     0.151 r  pccx_v002_system_i/zynq_ps/inst/buffer_pl_clk_0.PL_CLK_0_BUFG/O
    X1Y1 (CLOCK_ROOT)    net (fo=82039, routed)       1.779     1.930    pccx_v002_system_i/u_npu/inst/u_wrap/u_pccx_npu_top/u_mem_dispatcher/u_l2_cache/u_acp_cdc/u_acp_rx_fifo/gnuram_async_fifo.xpm_fifo_base_inst/xpm_fifo_rst_inst/wr_clk
    SLICE_X60Y166        FDRE                                         r  pccx_v002_system_i/u_npu/inst/u_wrap/u_pccx_npu_top/u_mem_dispatcher/u_l2_cache/u_acp_cdc/u_acp_rx_fifo/gnuram_async_fifo.xpm_fifo_base_inst/xpm_fifo_rst_inst/gen_rst_ic.fifo_wr_rst_ic_reg/C
  -------------------------------------------------------------------    -------------------
    SLICE_X60Y166        FDRE (Prop_HFF_SLICEL_C_Q)
                                                      0.084     2.014 r  pccx_v002_system_i/u_npu/inst/u_wrap/u_pccx_npu_top/u_mem_dispatcher/u_l2_cache/u_acp_cdc/u_acp_rx_fifo/gnuram_async_fifo.xpm_fifo_base_inst/xpm_fifo_rst_inst/gen_rst_ic.fifo_wr_rst_ic_reg/Q
                         net (fo=2, routed)           0.036     2.050    pccx_v002_system_i/u_npu/inst/u_wrap/u_pccx_npu_top/u_mem_dispatcher/u_l2_cache/u_acp_cdc/u_acp_rx_fifo/gnuram_async_fifo.xpm_fifo_base_inst/xpm_fifo_rst_inst/gen_rst_ic.wrst_rd_inst/src_rst
    SLICE_X60Y166        FDRE                                         r  pccx_v002_system_i/u_npu/inst/u_wrap/u_pccx_npu_top/u_mem_dispatcher/u_l2_cache/u_acp_cdc/u_acp_rx_fifo/gnuram_async_fifo.xpm_fifo_base_inst/xpm_fifo_rst_inst/gen_rst_ic.wrst_rd_inst/syncstages_ff_reg[0]/D
  -------------------------------------------------------------------    -------------------

                         (clock clk_pl_0 rise edge)
                                                      0.000     0.000 r  
    PS8_X0Y0             PS8                          0.000     0.000 r  pccx_v002_system_i/zynq_ps/inst/PS8_i/PLCLK[0]
                         net (fo=1, routed)           0.164     0.164    pccx_v002_system_i/zynq_ps/inst/pl_clk_unbuffered[0]
    BUFG_PS_X0Y90        BUFG_PS (Prop_BUFG_PS_I_O)
                                                      0.023     0.187 r  pccx_v002_system_i/zynq_ps/inst/buffer_pl_clk_0.PL_CLK_0_BUFG/O
    X1Y1 (CLOCK_ROOT)    net (fo=82039, routed)       1.947     2.134    pccx_v002_system_i/u_npu/inst/u_wrap/u_pccx_npu_top/u_mem_dispatcher/u_l2_cache/u_acp_cdc/u_acp_rx_fifo/gnuram_async_fifo.xpm_fifo_base_inst/xpm_fifo_rst_inst/gen_rst_ic.wrst_rd_inst/dest_clk
    SLICE_X60Y166        FDRE                                         r  pccx_v002_system_i/u_npu/inst/u_wrap/u_pccx_npu_top/u_mem_dispatcher/u_l2_cache/u_acp_cdc/u_acp_rx_fifo/gnuram_async_fifo.xpm_fifo_base_inst/xpm_fifo_rst_inst/gen_rst_ic.wrst_rd_inst/syncstages_ff_reg[0]/C

Slack:                    inf
  Source:                 pccx_v002_system_i/u_npu/inst/u_wrap/u_pccx_npu_top/u_HP_buffer/u_hp3_weight_fifo/xpm_fifo_base_inst/xpm_fifo_rst_inst/gen_rst_ic.fifo_wr_rst_ic_reg/C
                            (rising edge-triggered cell FDRE clocked by clk_pl_0  {rise@0.000ns fall@5.000ns period=10.000ns})
  Destination:            pccx_v002_system_i/u_npu/inst/u_wrap/u_pccx_npu_top/u_HP_buffer/u_hp3_weight_fifo/xpm_fifo_base_inst/xpm_fifo_rst_inst/gen_rst_ic.wrst_rd_inst/syncstages_ff_reg[0]/D
                            (rising edge-triggered cell FDRE clocked by clk_pl_0  {rise@0.000ns fall@5.000ns period=10.000ns})
  Path Group:             (none)
  Path Type:              Hold (Min at Fast Process Corner)
  Data Path Delay:        0.122ns  (logic 0.084ns (68.858%)  route 0.038ns (31.142%))
  Logic Levels:           0  
  Clock Path Skew:        0.195ns (DCD - SCD - CPR)
    Destination Clock Delay (DCD):    2.128ns
    Source Clock Delay      (SCD):    1.934ns
    Clock Pessimism Removal (CPR):    -0.000ns
  Clock Uncertainty:      0.160ns  ((TSJ^2 + DJ^2)^1/2) / 2 + PE
    Total System Jitter     (TSJ):    0.071ns
    Discrete Jitter          (DJ):    0.312ns
    Phase Error              (PE):    0.000ns
  Clock Net Delay (Source):      1.783ns (routing 0.940ns, distribution 0.843ns)
  Clock Net Delay (Destination): 1.941ns (routing 1.033ns, distribution 0.908ns)
  Timing Exception:       False Path

    Location             Delay type                Incr(ns)  Path(ns)    Netlist Resource(s)
  -------------------------------------------------------------------    -------------------
                         (clock clk_pl_0 rise edge)
                                                      0.000     0.000 r  
    PS8_X0Y0             PS8                          0.000     0.000 r  pccx_v002_system_i/zynq_ps/inst/PS8_i/PLCLK[0]
                         net (fo=1, routed)           0.129     0.129    pccx_v002_system_i/zynq_ps/inst/pl_clk_unbuffered[0]
    BUFG_PS_X0Y90        BUFG_PS (Prop_BUFG_PS_I_O)
                                                      0.022     0.151 r  pccx_v002_system_i/zynq_ps/inst/buffer_pl_clk_0.PL_CLK_0_BUFG/O
    X1Y1 (CLOCK_ROOT)    net (fo=82039, routed)       1.783     1.934    pccx_v002_system_i/u_npu/inst/u_wrap/u_pccx_npu_top/u_HP_buffer/u_hp3_weight_fifo/xpm_fifo_base_inst/xpm_fifo_rst_inst/wr_clk
    SLICE_X49Y204        FDRE                                         r  pccx_v002_system_i/u_npu/inst/u_wrap/u_pccx_npu_top/u_HP_buffer/u_hp3_weight_fifo/xpm_fifo_base_inst/xpm_fifo_rst_inst/gen_rst_ic.fifo_wr_rst_ic_reg/C
  -------------------------------------------------------------------    -------------------
    SLICE_X49Y204        FDRE (Prop_DFF_SLICEL_C_Q)
                                                      0.084     2.018 r  pccx_v002_system_i/u_npu/inst/u_wrap/u_pccx_npu_top/u_HP_buffer/u_hp3_weight_fifo/xpm_fifo_base_inst/xpm_fifo_rst_inst/gen_rst_ic.fifo_wr_rst_ic_reg/Q
                         net (fo=2, routed)           0.038     2.056    pccx_v002_system_i/u_npu/inst/u_wrap/u_pccx_npu_top/u_HP_buffer/u_hp3_weight_fifo/xpm_fifo_base_inst/xpm_fifo_rst_inst/gen_rst_ic.wrst_rd_inst/src_rst
    SLICE_X49Y204        FDRE                                         r  pccx_v002_system_i/u_npu/inst/u_wrap/u_pccx_npu_top/u_HP_buffer/u_hp3_weight_fifo/xpm_fifo_base_inst/xpm_fifo_rst_inst/gen_rst_ic.wrst_rd_inst/syncstages_ff_reg[0]/D
  -------------------------------------------------------------------    -------------------

                         (clock clk_pl_0 rise edge)
                                                      0.000     0.000 r  
    PS8_X0Y0             PS8                          0.000     0.000 r  pccx_v002_system_i/zynq_ps/inst/PS8_i/PLCLK[0]
                         net (fo=1, routed)           0.164     0.164    pccx_v002_system_i/zynq_ps/inst/pl_clk_unbuffered[0]
    BUFG_PS_X0Y90        BUFG_PS (Prop_BUFG_PS_I_O)
                                                      0.023     0.187 r  pccx_v002_system_i/zynq_ps/inst/buffer_pl_clk_0.PL_CLK_0_BUFG/O
    X1Y1 (CLOCK_ROOT)    net (fo=82039, routed)       1.941     2.128    pccx_v002_system_i/u_npu/inst/u_wrap/u_pccx_npu_top/u_HP_buffer/u_hp3_weight_fifo/xpm_fifo_base_inst/xpm_fifo_rst_inst/gen_rst_ic.wrst_rd_inst/dest_clk
    SLICE_X49Y204        FDRE                                         r  pccx_v002_system_i/u_npu/inst/u_wrap/u_pccx_npu_top/u_HP_buffer/u_hp3_weight_fifo/xpm_fifo_base_inst/xpm_fifo_rst_inst/gen_rst_ic.wrst_rd_inst/syncstages_ff_reg[0]/C

Slack:                    inf
  Source:                 pccx_v002_system_i/u_npu/inst/u_wrap/u_pccx_npu_top/u_HP_buffer/u_hp0_weight_fifo/xpm_fifo_base_inst/xpm_fifo_rst_inst/gen_rst_ic.fifo_rd_rst_ic_reg/C
                            (rising edge-triggered cell FDRE clocked by clk_pl_0  {rise@0.000ns fall@5.000ns period=10.000ns})
  Destination:            pccx_v002_system_i/u_npu/inst/u_wrap/u_pccx_npu_top/u_HP_buffer/u_hp0_weight_fifo/xpm_fifo_base_inst/xpm_fifo_rst_inst/gen_rst_ic.rrst_wr_inst/syncstages_ff_reg[0]/D
                            (rising edge-triggered cell FDRE clocked by clk_pl_0  {rise@0.000ns fall@5.000ns period=10.000ns})
  Path Group:             (none)
  Path Type:              Hold (Min at Fast Process Corner)
  Data Path Delay:        0.191ns  (logic 0.084ns (44.032%)  route 0.107ns (55.968%))
  Logic Levels:           0  
  Clock Path Skew:        0.204ns (DCD - SCD - CPR)
    Destination Clock Delay (DCD):    2.090ns
    Source Clock Delay      (SCD):    1.887ns
    Clock Pessimism Removal (CPR):    -0.000ns
  Clock Uncertainty:      0.160ns  ((TSJ^2 + DJ^2)^1/2) / 2 + PE
    Total System Jitter     (TSJ):    0.071ns
    Discrete Jitter          (DJ):    0.312ns
    Phase Error              (PE):    0.000ns
  Clock Net Delay (Source):      1.736ns (routing 0.940ns, distribution 0.796ns)
  Clock Net Delay (Destination): 1.903ns (routing 1.033ns, distribution 0.870ns)
  Timing Exception:       False Path

    Location             Delay type                Incr(ns)  Path(ns)    Netlist Resource(s)
  -------------------------------------------------------------------    -------------------
                         (clock clk_pl_0 rise edge)
                                                      0.000     0.000 r  
    PS8_X0Y0             PS8                          0.000     0.000 r  pccx_v002_system_i/zynq_ps/inst/PS8_i/PLCLK[0]
                         net (fo=1, routed)           0.129     0.129    pccx_v002_system_i/zynq_ps/inst/pl_clk_unbuffered[0]
    BUFG_PS_X0Y90        BUFG_PS (Prop_BUFG_PS_I_O)
                                                      0.022     0.151 r  pccx_v002_system_i/zynq_ps/inst/buffer_pl_clk_0.PL_CLK_0_BUFG/O
    X1Y1 (CLOCK_ROOT)    net (fo=82039, routed)       1.736     1.887    pccx_v002_system_i/u_npu/inst/u_wrap/u_pccx_npu_top/u_HP_buffer/u_hp0_weight_fifo/xpm_fifo_base_inst/xpm_fifo_rst_inst/rd_clk
    SLICE_X52Y87         FDRE                                         r  pccx_v002_system_i/u_npu/inst/u_wrap/u_pccx_npu_top/u_HP_buffer/u_hp0_weight_fifo/xpm_fifo_base_inst/xpm_fifo_rst_inst/gen_rst_ic.fifo_rd_rst_ic_reg/C
  -------------------------------------------------------------------    -------------------
    SLICE_X52Y87         FDRE (Prop_BFF_SLICEL_C_Q)
                                                      0.084     1.971 r  pccx_v002_system_i/u_npu/inst/u_wrap/u_pccx_npu_top/u_HP_buffer/u_hp0_weight_fifo/xpm_fifo_base_inst/xpm_fifo_rst_inst/gen_rst_ic.fifo_rd_rst_ic_reg/Q
                         net (fo=49, routed)          0.107     2.077    pccx_v002_system_i/u_npu/inst/u_wrap/u_pccx_npu_top/u_HP_buffer/u_hp0_weight_fifo/xpm_fifo_base_inst/xpm_fifo_rst_inst/gen_rst_ic.rrst_wr_inst/src_rst
    SLICE_X53Y87         FDRE                                         r  pccx_v002_system_i/u_npu/inst/u_wrap/u_pccx_npu_top/u_HP_buffer/u_hp0_weight_fifo/xpm_fifo_base_inst/xpm_fifo_rst_inst/gen_rst_ic.rrst_wr_inst/syncstages_ff_reg[0]/D
  -------------------------------------------------------------------    -------------------

                         (clock clk_pl_0 rise edge)
                                                      0.000     0.000 r  
    PS8_X0Y0             PS8                          0.000     0.000 r  pccx_v002_system_i/zynq_ps/inst/PS8_i/PLCLK[0]
                         net (fo=1, routed)           0.164     0.164    pccx_v002_system_i/zynq_ps/inst/pl_clk_unbuffered[0]
    BUFG_PS_X0Y90        BUFG_PS (Prop_BUFG_PS_I_O)
                                                      0.023     0.187 r  pccx_v002_system_i/zynq_ps/inst/buffer_pl_clk_0.PL_CLK_0_BUFG/O
    X1Y1 (CLOCK_ROOT)    net (fo=82039, routed)       1.903     2.090    pccx_v002_system_i/u_npu/inst/u_wrap/u_pccx_npu_top/u_HP_buffer/u_hp0_weight_fifo/xpm_fifo_base_inst/xpm_fifo_rst_inst/gen_rst_ic.rrst_wr_inst/dest_clk
    SLICE_X53Y87         FDRE                                         r  pccx_v002_system_i/u_npu/inst/u_wrap/u_pccx_npu_top/u_HP_buffer/u_hp0_weight_fifo/xpm_fifo_base_inst/xpm_fifo_rst_inst/gen_rst_ic.rrst_wr_inst/syncstages_ff_reg[0]/C

Slack:                    inf
  Source:                 pccx_v002_system_i/u_npu/inst/u_wrap/u_pccx_npu_top/u_mem_dispatcher/u_l2_cache/u_acp_cdc/u_acp_tx_fifo/gnuram_async_fifo.xpm_fifo_base_inst/xpm_fifo_rst_inst/gen_rst_ic.fifo_wr_rst_ic_reg/C
                            (rising edge-triggered cell FDRE clocked by clk_pl_0  {rise@0.000ns fall@5.000ns period=10.000ns})
  Destination:            pccx_v002_system_i/u_npu/inst/u_wrap/u_pccx_npu_top/u_mem_dispatcher/u_l2_cache/u_acp_cdc/u_acp_tx_fifo/gnuram_async_fifo.xpm_fifo_base_inst/xpm_fifo_rst_inst/gen_rst_ic.wrst_rd_inst/syncstages_ff_reg[0]/D
                            (rising edge-triggered cell FDRE clocked by clk_pl_0  {rise@0.000ns fall@5.000ns period=10.000ns})
  Path Group:             (none)
  Path Type:              Hold (Min at Fast Process Corner)
  Data Path Delay:        0.144ns  (logic 0.083ns (57.583%)  route 0.061ns (42.417%))
  Logic Levels:           0  
  Clock Path Skew:        0.206ns (DCD - SCD - CPR)
    Destination Clock Delay (DCD):    2.148ns
    Source Clock Delay      (SCD):    1.942ns
    Clock Pessimism Removal (CPR):    -0.000ns
  Clock Uncertainty:      0.160ns  ((TSJ^2 + DJ^2)^1/2) / 2 + PE
    Total System Jitter     (TSJ):    0.071ns
    Discrete Jitter          (DJ):    0.312ns
    Phase Error              (PE):    0.000ns
  Clock Net Delay (Source):      1.791ns (routing 0.940ns, distribution 0.851ns)
  Clock Net Delay (Destination): 1.961ns (routing 1.033ns, distribution 0.928ns)
  Timing Exception:       False Path

    Location             Delay type                Incr(ns)  Path(ns)    Netlist Resource(s)
  -------------------------------------------------------------------    -------------------
                         (clock clk_pl_0 rise edge)
                                                      0.000     0.000 r  
    PS8_X0Y0             PS8                          0.000     0.000 r  pccx_v002_system_i/zynq_ps/inst/PS8_i/PLCLK[0]
                         net (fo=1, routed)           0.129     0.129    pccx_v002_system_i/zynq_ps/inst/pl_clk_unbuffered[0]
    BUFG_PS_X0Y90        BUFG_PS (Prop_BUFG_PS_I_O)
                                                      0.022     0.151 r  pccx_v002_system_i/zynq_ps/inst/buffer_pl_clk_0.PL_CLK_0_BUFG/O
    X1Y1 (CLOCK_ROOT)    net (fo=82039, routed)       1.791     1.942    pccx_v002_system_i/u_npu/inst/u_wrap/u_pccx_npu_top/u_mem_dispatcher/u_l2_cache/u_acp_cdc/u_acp_tx_fifo/gnuram_async_fifo.xpm_fifo_base_inst/xpm_fifo_rst_inst/wr_clk
    SLICE_X59Y133        FDRE                                         r  pccx_v002_system_i/u_npu/inst/u_wrap/u_pccx_npu_top/u_mem_dispatcher/u_l2_cache/u_acp_cdc/u_acp_tx_fifo/gnuram_async_fifo.xpm_fifo_base_inst/xpm_fifo_rst_inst/gen_rst_ic.fifo_wr_rst_ic_reg/C
  -------------------------------------------------------------------    -------------------
    SLICE_X59Y133        FDRE (Prop_FFF_SLICEL_C_Q)
                                                      0.083     2.025 r  pccx_v002_system_i/u_npu/inst/u_wrap/u_pccx_npu_top/u_mem_dispatcher/u_l2_cache/u_acp_cdc/u_acp_tx_fifo/gnuram_async_fifo.xpm_fifo_base_inst/xpm_fifo_rst_inst/gen_rst_ic.fifo_wr_rst_ic_reg/Q
                         net (fo=2, routed)           0.061     2.086    pccx_v002_system_i/u_npu/inst/u_wrap/u_pccx_npu_top/u_mem_dispatcher/u_l2_cache/u_acp_cdc/u_acp_tx_fifo/gnuram_async_fifo.xpm_fifo_base_inst/xpm_fifo_rst_inst/gen_rst_ic.wrst_rd_inst/src_rst
    SLICE_X59Y133        FDRE                                         r  pccx_v002_system_i/u_npu/inst/u_wrap/u_pccx_npu_top/u_mem_dispatcher/u_l2_cache/u_acp_cdc/u_acp_tx_fifo/gnuram_async_fifo.xpm_fifo_base_inst/xpm_fifo_rst_inst/gen_rst_ic.wrst_rd_inst/syncstages_ff_reg[0]/D
  -------------------------------------------------------------------    -------------------

                         (clock clk_pl_0 rise edge)
                                                      0.000     0.000 r  
    PS8_X0Y0             PS8                          0.000     0.000 r  pccx_v002_system_i/zynq_ps/inst/PS8_i/PLCLK[0]
                         net (fo=1, routed)           0.164     0.164    pccx_v002_system_i/zynq_ps/inst/pl_clk_unbuffered[0]
    BUFG_PS_X0Y90        BUFG_PS (Prop_BUFG_PS_I_O)
                                                      0.023     0.187 r  pccx_v002_system_i/zynq_ps/inst/buffer_pl_clk_0.PL_CLK_0_BUFG/O
    X1Y1 (CLOCK_ROOT)    net (fo=82039, routed)       1.961     2.148    pccx_v002_system_i/u_npu/inst/u_wrap/u_pccx_npu_top/u_mem_dispatcher/u_l2_cache/u_acp_cdc/u_acp_tx_fifo/gnuram_async_fifo.xpm_fifo_base_inst/xpm_fifo_rst_inst/gen_rst_ic.wrst_rd_inst/dest_clk
    SLICE_X59Y133        FDRE                                         r  pccx_v002_system_i/u_npu/inst/u_wrap/u_pccx_npu_top/u_mem_dispatcher/u_l2_cache/u_acp_cdc/u_acp_tx_fifo/gnuram_async_fifo.xpm_fifo_base_inst/xpm_fifo_rst_inst/gen_rst_ic.wrst_rd_inst/syncstages_ff_reg[0]/C

Slack:                    inf
  Source:                 pccx_v002_system_i/u_npu/inst/u_wrap/u_pccx_npu_top/u_HP_buffer/u_hp0_weight_fifo/xpm_fifo_base_inst/xpm_fifo_rst_inst/gen_rst_ic.fifo_wr_rst_ic_reg/C
                            (rising edge-triggered cell FDRE clocked by clk_pl_0  {rise@0.000ns fall@5.000ns period=10.000ns})
  Destination:            pccx_v002_system_i/u_npu/inst/u_wrap/u_pccx_npu_top/u_HP_buffer/u_hp0_weight_fifo/xpm_fifo_base_inst/xpm_fifo_rst_inst/gen_rst_ic.wrst_rd_inst/syncstages_ff_reg[0]/D
                            (rising edge-triggered cell FDRE clocked by clk_pl_0  {rise@0.000ns fall@5.000ns period=10.000ns})
  Path Group:             (none)
  Path Type:              Hold (Min at Fast Process Corner)
  Data Path Delay:        0.238ns  (logic 0.083ns (34.927%)  route 0.155ns (65.073%))
  Logic Levels:           0  
  Clock Path Skew:        0.203ns (DCD - SCD - CPR)
    Destination Clock Delay (DCD):    2.096ns
    Source Clock Delay      (SCD):    1.893ns
    Clock Pessimism Removal (CPR):    -0.000ns
  Clock Uncertainty:      0.160ns  ((TSJ^2 + DJ^2)^1/2) / 2 + PE
    Total System Jitter     (TSJ):    0.071ns
    Discrete Jitter          (DJ):    0.312ns
    Phase Error              (PE):    0.000ns
  Clock Net Delay (Source):      1.742ns (routing 0.940ns, distribution 0.802ns)
  Clock Net Delay (Destination): 1.909ns (routing 1.033ns, distribution 0.876ns)
  Timing Exception:       False Path

    Location             Delay type                Incr(ns)  Path(ns)    Netlist Resource(s)
  -------------------------------------------------------------------    -------------------
                         (clock clk_pl_0 rise edge)
                                                      0.000     0.000 r  
    PS8_X0Y0             PS8                          0.000     0.000 r  pccx_v002_system_i/zynq_ps/inst/PS8_i/PLCLK[0]
                         net (fo=1, routed)           0.129     0.129    pccx_v002_system_i/zynq_ps/inst/pl_clk_unbuffered[0]
    BUFG_PS_X0Y90        BUFG_PS (Prop_BUFG_PS_I_O)
                                                      0.022     0.151 r  pccx_v002_system_i/zynq_ps/inst/buffer_pl_clk_0.PL_CLK_0_BUFG/O
    X1Y1 (CLOCK_ROOT)    net (fo=82039, routed)       1.742     1.893    pccx_v002_system_i/u_npu/inst/u_wrap/u_pccx_npu_top/u_HP_buffer/u_hp0_weight_fifo/xpm_fifo_base_inst/xpm_fifo_rst_inst/wr_clk
    SLICE_X53Y88         FDRE                                         r  pccx_v002_system_i/u_npu/inst/u_wrap/u_pccx_npu_top/u_HP_buffer/u_hp0_weight_fifo/xpm_fifo_base_inst/xpm_fifo_rst_inst/gen_rst_ic.fifo_wr_rst_ic_reg/C
  -------------------------------------------------------------------    -------------------
    SLICE_X53Y88         FDRE (Prop_CFF_SLICEM_C_Q)
                                                      0.083     1.976 r  pccx_v002_system_i/u_npu/inst/u_wrap/u_pccx_npu_top/u_HP_buffer/u_hp0_weight_fifo/xpm_fifo_base_inst/xpm_fifo_rst_inst/gen_rst_ic.fifo_wr_rst_ic_reg/Q
                         net (fo=2, routed)           0.155     2.131    pccx_v002_system_i/u_npu/inst/u_wrap/u_pccx_npu_top/u_HP_buffer/u_hp0_weight_fifo/xpm_fifo_base_inst/xpm_fifo_rst_inst/gen_rst_ic.wrst_rd_inst/src_rst
    SLICE_X53Y88         FDRE                                         r  pccx_v002_system_i/u_npu/inst/u_wrap/u_pccx_npu_top/u_HP_buffer/u_hp0_weight_fifo/xpm_fifo_base_inst/xpm_fifo_rst_inst/gen_rst_ic.wrst_rd_inst/syncstages_ff_reg[0]/D
  -------------------------------------------------------------------    -------------------

                         (clock clk_pl_0 rise edge)
                                                      0.000     0.000 r  
    PS8_X0Y0             PS8                          0.000     0.000 r  pccx_v002_system_i/zynq_ps/inst/PS8_i/PLCLK[0]
                         net (fo=1, routed)           0.164     0.164    pccx_v002_system_i/zynq_ps/inst/pl_clk_unbuffered[0]
    BUFG_PS_X0Y90        BUFG_PS (Prop_BUFG_PS_I_O)
                                                      0.023     0.187 r  pccx_v002_system_i/zynq_ps/inst/buffer_pl_clk_0.PL_CLK_0_BUFG/O
    X1Y1 (CLOCK_ROOT)    net (fo=82039, routed)       1.909     2.096    pccx_v002_system_i/u_npu/inst/u_wrap/u_pccx_npu_top/u_HP_buffer/u_hp0_weight_fifo/xpm_fifo_base_inst/xpm_fifo_rst_inst/gen_rst_ic.wrst_rd_inst/dest_clk
    SLICE_X53Y88         FDRE                                         r  pccx_v002_system_i/u_npu/inst/u_wrap/u_pccx_npu_top/u_HP_buffer/u_hp0_weight_fifo/xpm_fifo_base_inst/xpm_fifo_rst_inst/gen_rst_ic.wrst_rd_inst/syncstages_ff_reg[0]/C

Slack:                    inf
  Source:                 pccx_v002_system_i/u_npu/inst/u_wrap/u_pccx_npu_top/u_HP_buffer/u_hp3_weight_fifo/xpm_fifo_base_inst/xpm_fifo_rst_inst/gen_rst_ic.fifo_rd_rst_ic_reg/C
                            (rising edge-triggered cell FDRE clocked by clk_pl_0  {rise@0.000ns fall@5.000ns period=10.000ns})
  Destination:            pccx_v002_system_i/u_npu/inst/u_wrap/u_pccx_npu_top/u_HP_buffer/u_hp3_weight_fifo/xpm_fifo_base_inst/xpm_fifo_rst_inst/gen_rst_ic.rrst_wr_inst/syncstages_ff_reg[0]/D
                            (rising edge-triggered cell FDRE clocked by clk_pl_0  {rise@0.000ns fall@5.000ns period=10.000ns})
  Path Group:             (none)
  Path Type:              Hold (Min at Fast Process Corner)
  Data Path Delay:        0.199ns  (logic 0.084ns (42.225%)  route 0.115ns (57.775%))
  Logic Levels:           0  
  Clock Path Skew:        0.194ns (DCD - SCD - CPR)
    Destination Clock Delay (DCD):    2.129ns
    Source Clock Delay      (SCD):    1.936ns
    Clock Pessimism Removal (CPR):    -0.000ns
  Clock Uncertainty:      0.160ns  ((TSJ^2 + DJ^2)^1/2) / 2 + PE
    Total System Jitter     (TSJ):    0.071ns
    Discrete Jitter          (DJ):    0.312ns
    Phase Error              (PE):    0.000ns
  Clock Net Delay (Source):      1.785ns (routing 0.940ns, distribution 0.845ns)
  Clock Net Delay (Destination): 1.942ns (routing 1.033ns, distribution 0.909ns)
  Timing Exception:       False Path

    Location             Delay type                Incr(ns)  Path(ns)    Netlist Resource(s)
  -------------------------------------------------------------------    -------------------
                         (clock clk_pl_0 rise edge)
                                                      0.000     0.000 r  
    PS8_X0Y0             PS8                          0.000     0.000 r  pccx_v002_system_i/zynq_ps/inst/PS8_i/PLCLK[0]
                         net (fo=1, routed)           0.129     0.129    pccx_v002_system_i/zynq_ps/inst/pl_clk_unbuffered[0]
    BUFG_PS_X0Y90        BUFG_PS (Prop_BUFG_PS_I_O)
                                                      0.022     0.151 r  pccx_v002_system_i/zynq_ps/inst/buffer_pl_clk_0.PL_CLK_0_BUFG/O
    X1Y1 (CLOCK_ROOT)    net (fo=82039, routed)       1.785     1.936    pccx_v002_system_i/u_npu/inst/u_wrap/u_pccx_npu_top/u_HP_buffer/u_hp3_weight_fifo/xpm_fifo_base_inst/xpm_fifo_rst_inst/rd_clk
    SLICE_X49Y201        FDRE                                         r  pccx_v002_system_i/u_npu/inst/u_wrap/u_pccx_npu_top/u_HP_buffer/u_hp3_weight_fifo/xpm_fifo_base_inst/xpm_fifo_rst_inst/gen_rst_ic.fifo_rd_rst_ic_reg/C
  -------------------------------------------------------------------    -------------------
    SLICE_X49Y201        FDRE (Prop_BFF_SLICEL_C_Q)
                                                      0.084     2.020 r  pccx_v002_system_i/u_npu/inst/u_wrap/u_pccx_npu_top/u_HP_buffer/u_hp3_weight_fifo/xpm_fifo_base_inst/xpm_fifo_rst_inst/gen_rst_ic.fifo_rd_rst_ic_reg/Q
                         net (fo=49, routed)          0.115     2.134    pccx_v002_system_i/u_npu/inst/u_wrap/u_pccx_npu_top/u_HP_buffer/u_hp3_weight_fifo/xpm_fifo_base_inst/xpm_fifo_rst_inst/gen_rst_ic.rrst_wr_inst/src_rst
    SLICE_X50Y204        FDRE                                         r  pccx_v002_system_i/u_npu/inst/u_wrap/u_pccx_npu_top/u_HP_buffer/u_hp3_weight_fifo/xpm_fifo_base_inst/xpm_fifo_rst_inst/gen_rst_ic.rrst_wr_inst/syncstages_ff_reg[0]/D
  -------------------------------------------------------------------    -------------------

                         (clock clk_pl_0 rise edge)
                                                      0.000     0.000 r  
    PS8_X0Y0             PS8                          0.000     0.000 r  pccx_v002_system_i/zynq_ps/inst/PS8_i/PLCLK[0]
                         net (fo=1, routed)           0.164     0.164    pccx_v002_system_i/zynq_ps/inst/pl_clk_unbuffered[0]
    BUFG_PS_X0Y90        BUFG_PS (Prop_BUFG_PS_I_O)
                                                      0.023     0.187 r  pccx_v002_system_i/zynq_ps/inst/buffer_pl_clk_0.PL_CLK_0_BUFG/O
    X1Y1 (CLOCK_ROOT)    net (fo=82039, routed)       1.942     2.129    pccx_v002_system_i/u_npu/inst/u_wrap/u_pccx_npu_top/u_HP_buffer/u_hp3_weight_fifo/xpm_fifo_base_inst/xpm_fifo_rst_inst/gen_rst_ic.rrst_wr_inst/dest_clk
    SLICE_X50Y204        FDRE                                         r  pccx_v002_system_i/u_npu/inst/u_wrap/u_pccx_npu_top/u_HP_buffer/u_hp3_weight_fifo/xpm_fifo_base_inst/xpm_fifo_rst_inst/gen_rst_ic.rrst_wr_inst/syncstages_ff_reg[0]/C

Slack:                    inf
  Source:                 pccx_v002_system_i/sc_hp0_stage0/inst/clk_map/psr_aclk/U0/ACTIVE_LOW_BSR_OUT_DFF[0].FDRE_BSR_N/C
                            (rising edge-triggered cell FDRE clocked by clk_pl_0  {rise@0.000ns fall@5.000ns period=10.000ns})
  Destination:            pccx_v002_system_i/sc_hp0_stage0/inst/s01_entry_pipeline/s01_mmu/inst/xpm_cdc_async_rst_inst/arststages_ff_reg[0]/CLR
                            (removal check against rising-edge clock clk_pl_0  {rise@0.000ns fall@5.000ns period=10.000ns})
  Path Group:             (none)
  Path Type:              Removal (Min at Fast Process Corner)
  Data Path Delay:        0.254ns  (logic 0.084ns (33.109%)  route 0.170ns (66.891%))
  Logic Levels:           0  
  Clock Path Skew:        0.199ns (DCD - SCD - CPR)
    Destination Clock Delay (DCD):    2.100ns
    Source Clock Delay      (SCD):    1.902ns
    Clock Pessimism Removal (CPR):    -0.000ns
  Clock Uncertainty:      0.160ns  ((TSJ^2 + DJ^2)^1/2) / 2 + PE
    Total System Jitter     (TSJ):    0.071ns
    Discrete Jitter          (DJ):    0.312ns
    Phase Error              (PE):    0.000ns
  Clock Net Delay (Source):      1.751ns (routing 0.940ns, distribution 0.811ns)
  Clock Net Delay (Destination): 1.913ns (routing 1.033ns, distribution 0.880ns)
  Timing Exception:       False Path

    Location             Delay type                Incr(ns)  Path(ns)    Netlist Resource(s)
  -------------------------------------------------------------------    -------------------
                         (clock clk_pl_0 rise edge)
                                                      0.000     0.000 r  
    PS8_X0Y0             PS8                          0.000     0.000 r  pccx_v002_system_i/zynq_ps/inst/PS8_i/PLCLK[0]
                         net (fo=1, routed)           0.129     0.129    pccx_v002_system_i/zynq_ps/inst/pl_clk_unbuffered[0]
    BUFG_PS_X0Y90        BUFG_PS (Prop_BUFG_PS_I_O)
                                                      0.022     0.151 r  pccx_v002_system_i/zynq_ps/inst/buffer_pl_clk_0.PL_CLK_0_BUFG/O
    X1Y1 (CLOCK_ROOT)    net (fo=82039, routed)       1.751     1.902    pccx_v002_system_i/sc_hp0_stage0/inst/clk_map/psr_aclk/U0/aclk
    SLICE_X48Y177        FDRE                                         r  pccx_v002_system_i/sc_hp0_stage0/inst/clk_map/psr_aclk/U0/ACTIVE_LOW_BSR_OUT_DFF[0].FDRE_BSR_N/C
  -------------------------------------------------------------------    -------------------
    SLICE_X48Y177        FDRE (Prop_DFF_SLICEL_C_Q)
                                                      0.084     1.986 r  pccx_v002_system_i/sc_hp0_stage0/inst/clk_map/psr_aclk/U0/ACTIVE_LOW_BSR_OUT_DFF[0].FDRE_BSR_N/Q
                         net (fo=66, routed)          0.170     2.155    pccx_v002_system_i/sc_hp0_stage0/inst/s01_entry_pipeline/s01_mmu/inst/xpm_cdc_async_rst_inst/src_arst
    SLICE_X48Y162        FDCE                                         f  pccx_v002_system_i/sc_hp0_stage0/inst/s01_entry_pipeline/s01_mmu/inst/xpm_cdc_async_rst_inst/arststages_ff_reg[0]/CLR  (IS_INVERTED)
  -------------------------------------------------------------------    -------------------

                         (clock clk_pl_0 rise edge)
                                                      0.000     0.000 r  
    PS8_X0Y0             PS8                          0.000     0.000 r  pccx_v002_system_i/zynq_ps/inst/PS8_i/PLCLK[0]
                         net (fo=1, routed)           0.164     0.164    pccx_v002_system_i/zynq_ps/inst/pl_clk_unbuffered[0]
    BUFG_PS_X0Y90        BUFG_PS (Prop_BUFG_PS_I_O)
                                                      0.023     0.187 r  pccx_v002_system_i/zynq_ps/inst/buffer_pl_clk_0.PL_CLK_0_BUFG/O
    X1Y1 (CLOCK_ROOT)    net (fo=82039, routed)       1.913     2.100    pccx_v002_system_i/sc_hp0_stage0/inst/s01_entry_pipeline/s01_mmu/inst/xpm_cdc_async_rst_inst/dest_clk
    SLICE_X48Y162        FDCE                                         r  pccx_v002_system_i/sc_hp0_stage0/inst/s01_entry_pipeline/s01_mmu/inst/xpm_cdc_async_rst_inst/arststages_ff_reg[0]/C

Slack:                    inf
  Source:                 pccx_v002_system_i/sc_hp0_stage0/inst/clk_map/psr_aclk/U0/ACTIVE_LOW_BSR_OUT_DFF[0].FDRE_BSR_N/C
                            (rising edge-triggered cell FDRE clocked by clk_pl_0  {rise@0.000ns fall@5.000ns period=10.000ns})
  Destination:            pccx_v002_system_i/sc_hp0_stage0/inst/s01_entry_pipeline/s01_mmu/inst/xpm_cdc_async_rst_inst/arststages_ff_reg[1]/CLR
                            (removal check against rising-edge clock clk_pl_0  {rise@0.000ns fall@5.000ns period=10.000ns})
  Path Group:             (none)
  Path Type:              Removal (Min at Fast Process Corner)
  Data Path Delay:        0.254ns  (logic 0.084ns (33.109%)  route 0.170ns (66.891%))
  Logic Levels:           0  
  Clock Path Skew:        0.199ns (DCD - SCD - CPR)
    Destination Clock Delay (DCD):    2.100ns
    Source Clock Delay      (SCD):    1.902ns
    Clock Pessimism Removal (CPR):    -0.000ns
  Clock Uncertainty:      0.160ns  ((TSJ^2 + DJ^2)^1/2) / 2 + PE
    Total System Jitter     (TSJ):    0.071ns
    Discrete Jitter          (DJ):    0.312ns
    Phase Error              (PE):    0.000ns
  Clock Net Delay (Source):      1.751ns (routing 0.940ns, distribution 0.811ns)
  Clock Net Delay (Destination): 1.913ns (routing 1.033ns, distribution 0.880ns)
  Timing Exception:       False Path

    Location             Delay type                Incr(ns)  Path(ns)    Netlist Resource(s)
  -------------------------------------------------------------------    -------------------
                         (clock clk_pl_0 rise edge)
                                                      0.000     0.000 r  
    PS8_X0Y0             PS8                          0.000     0.000 r  pccx_v002_system_i/zynq_ps/inst/PS8_i/PLCLK[0]
                         net (fo=1, routed)           0.129     0.129    pccx_v002_system_i/zynq_ps/inst/pl_clk_unbuffered[0]
    BUFG_PS_X0Y90        BUFG_PS (Prop_BUFG_PS_I_O)
                                                      0.022     0.151 r  pccx_v002_system_i/zynq_ps/inst/buffer_pl_clk_0.PL_CLK_0_BUFG/O
    X1Y1 (CLOCK_ROOT)    net (fo=82039, routed)       1.751     1.902    pccx_v002_system_i/sc_hp0_stage0/inst/clk_map/psr_aclk/U0/aclk
    SLICE_X48Y177        FDRE                                         r  pccx_v002_system_i/sc_hp0_stage0/inst/clk_map/psr_aclk/U0/ACTIVE_LOW_BSR_OUT_DFF[0].FDRE_BSR_N/C
  -------------------------------------------------------------------    -------------------
    SLICE_X48Y177        FDRE (Prop_DFF_SLICEL_C_Q)
                                                      0.084     1.986 r  pccx_v002_system_i/sc_hp0_stage0/inst/clk_map/psr_aclk/U0/ACTIVE_LOW_BSR_OUT_DFF[0].FDRE_BSR_N/Q
                         net (fo=66, routed)          0.170     2.155    pccx_v002_system_i/sc_hp0_stage0/inst/s01_entry_pipeline/s01_mmu/inst/xpm_cdc_async_rst_inst/src_arst
    SLICE_X48Y162        FDCE                                         f  pccx_v002_system_i/sc_hp0_stage0/inst/s01_entry_pipeline/s01_mmu/inst/xpm_cdc_async_rst_inst/arststages_ff_reg[1]/CLR  (IS_INVERTED)
  -------------------------------------------------------------------    -------------------

                         (clock clk_pl_0 rise edge)
                                                      0.000     0.000 r  
    PS8_X0Y0             PS8                          0.000     0.000 r  pccx_v002_system_i/zynq_ps/inst/PS8_i/PLCLK[0]
                         net (fo=1, routed)           0.164     0.164    pccx_v002_system_i/zynq_ps/inst/pl_clk_unbuffered[0]
    BUFG_PS_X0Y90        BUFG_PS (Prop_BUFG_PS_I_O)
                                                      0.023     0.187 r  pccx_v002_system_i/zynq_ps/inst/buffer_pl_clk_0.PL_CLK_0_BUFG/O
    X1Y1 (CLOCK_ROOT)    net (fo=82039, routed)       1.913     2.100    pccx_v002_system_i/sc_hp0_stage0/inst/s01_entry_pipeline/s01_mmu/inst/xpm_cdc_async_rst_inst/dest_clk
    SLICE_X48Y162        FDCE                                         r  pccx_v002_system_i/sc_hp0_stage0/inst/s01_entry_pipeline/s01_mmu/inst/xpm_cdc_async_rst_inst/arststages_ff_reg[1]/C

Slack:                    inf
  Source:                 pccx_v002_system_i/sc_hp0_stage0/inst/clk_map/psr_aclk/U0/ACTIVE_LOW_BSR_OUT_DFF[0].FDRE_BSR_N/C
                            (rising edge-triggered cell FDRE clocked by clk_pl_0  {rise@0.000ns fall@5.000ns period=10.000ns})
  Destination:            pccx_v002_system_i/sc_hp0_stage0/inst/s01_entry_pipeline/s01_mmu/inst/xpm_cdc_async_rst_inst/arststages_ff_reg[2]/CLR
                            (removal check against rising-edge clock clk_pl_0  {rise@0.000ns fall@5.000ns period=10.000ns})
  Path Group:             (none)
  Path Type:              Removal (Min at Fast Process Corner)
  Data Path Delay:        0.254ns  (logic 0.084ns (33.109%)  route 0.170ns (66.891%))
  Logic Levels:           0  
  Clock Path Skew:        0.199ns (DCD - SCD - CPR)
    Destination Clock Delay (DCD):    2.100ns
    Source Clock Delay      (SCD):    1.902ns
    Clock Pessimism Removal (CPR):    -0.000ns
  Clock Uncertainty:      0.160ns  ((TSJ^2 + DJ^2)^1/2) / 2 + PE
    Total System Jitter     (TSJ):    0.071ns
    Discrete Jitter          (DJ):    0.312ns
    Phase Error              (PE):    0.000ns
  Clock Net Delay (Source):      1.751ns (routing 0.940ns, distribution 0.811ns)
  Clock Net Delay (Destination): 1.913ns (routing 1.033ns, distribution 0.880ns)
  Timing Exception:       False Path

    Location             Delay type                Incr(ns)  Path(ns)    Netlist Resource(s)
  -------------------------------------------------------------------    -------------------
                         (clock clk_pl_0 rise edge)
                                                      0.000     0.000 r  
    PS8_X0Y0             PS8                          0.000     0.000 r  pccx_v002_system_i/zynq_ps/inst/PS8_i/PLCLK[0]
                         net (fo=1, routed)           0.129     0.129    pccx_v002_system_i/zynq_ps/inst/pl_clk_unbuffered[0]
    BUFG_PS_X0Y90        BUFG_PS (Prop_BUFG_PS_I_O)
                                                      0.022     0.151 r  pccx_v002_system_i/zynq_ps/inst/buffer_pl_clk_0.PL_CLK_0_BUFG/O
    X1Y1 (CLOCK_ROOT)    net (fo=82039, routed)       1.751     1.902    pccx_v002_system_i/sc_hp0_stage0/inst/clk_map/psr_aclk/U0/aclk
    SLICE_X48Y177        FDRE                                         r  pccx_v002_system_i/sc_hp0_stage0/inst/clk_map/psr_aclk/U0/ACTIVE_LOW_BSR_OUT_DFF[0].FDRE_BSR_N/C
  -------------------------------------------------------------------    -------------------
    SLICE_X48Y177        FDRE (Prop_DFF_SLICEL_C_Q)
                                                      0.084     1.986 r  pccx_v002_system_i/sc_hp0_stage0/inst/clk_map/psr_aclk/U0/ACTIVE_LOW_BSR_OUT_DFF[0].FDRE_BSR_N/Q
                         net (fo=66, routed)          0.170     2.155    pccx_v002_system_i/sc_hp0_stage0/inst/s01_entry_pipeline/s01_mmu/inst/xpm_cdc_async_rst_inst/src_arst
    SLICE_X48Y162        FDCE                                         f  pccx_v002_system_i/sc_hp0_stage0/inst/s01_entry_pipeline/s01_mmu/inst/xpm_cdc_async_rst_inst/arststages_ff_reg[2]/CLR  (IS_INVERTED)
  -------------------------------------------------------------------    -------------------

                         (clock clk_pl_0 rise edge)
                                                      0.000     0.000 r  
    PS8_X0Y0             PS8                          0.000     0.000 r  pccx_v002_system_i/zynq_ps/inst/PS8_i/PLCLK[0]
                         net (fo=1, routed)           0.164     0.164    pccx_v002_system_i/zynq_ps/inst/pl_clk_unbuffered[0]
    BUFG_PS_X0Y90        BUFG_PS (Prop_BUFG_PS_I_O)
                                                      0.023     0.187 r  pccx_v002_system_i/zynq_ps/inst/buffer_pl_clk_0.PL_CLK_0_BUFG/O
    X1Y1 (CLOCK_ROOT)    net (fo=82039, routed)       1.913     2.100    pccx_v002_system_i/sc_hp0_stage0/inst/s01_entry_pipeline/s01_mmu/inst/xpm_cdc_async_rst_inst/dest_clk
    SLICE_X48Y162        FDCE                                         r  pccx_v002_system_i/sc_hp0_stage0/inst/s01_entry_pipeline/s01_mmu/inst/xpm_cdc_async_rst_inst/arststages_ff_reg[2]/C

Slack:                    inf
  Source:                 pccx_v002_system_i/u_npu/inst/u_wrap/u_pccx_npu_top/u_mem_dispatcher/u_l2_cache/u_acp_cdc/u_acp_tx_fifo/gnuram_async_fifo.xpm_fifo_base_inst/xpm_fifo_rst_inst/gen_rst_ic.fifo_rd_rst_ic_reg/C
                            (rising edge-triggered cell FDRE clocked by clk_pl_0  {rise@0.000ns fall@5.000ns period=10.000ns})
  Destination:            pccx_v002_system_i/u_npu/inst/u_wrap/u_pccx_npu_top/u_mem_dispatcher/u_l2_cache/u_acp_cdc/u_acp_tx_fifo/gnuram_async_fifo.xpm_fifo_base_inst/xpm_fifo_rst_inst/gen_rst_ic.rrst_wr_inst/syncstages_ff_reg[0]/D
                            (rising edge-triggered cell FDRE clocked by clk_pl_0  {rise@0.000ns fall@5.000ns period=10.000ns})
  Path Group:             (none)
  Path Type:              Hold (Min at Fast Process Corner)
  Data Path Delay:        0.232ns  (logic 0.084ns (36.267%)  route 0.148ns (63.733%))
  Logic Levels:           0  
  Clock Path Skew:        0.204ns (DCD - SCD - CPR)
    Destination Clock Delay (DCD):    2.137ns
    Source Clock Delay      (SCD):    1.933ns
    Clock Pessimism Removal (CPR):    -0.000ns
  Clock Uncertainty:      0.160ns  ((TSJ^2 + DJ^2)^1/2) / 2 + PE
    Total System Jitter     (TSJ):    0.071ns
    Discrete Jitter          (DJ):    0.312ns
    Phase Error              (PE):    0.000ns
  Clock Net Delay (Source):      1.782ns (routing 0.940ns, distribution 0.842ns)
  Clock Net Delay (Destination): 1.950ns (routing 1.033ns, distribution 0.917ns)
  Timing Exception:       False Path

    Location             Delay type                Incr(ns)  Path(ns)    Netlist Resource(s)
  -------------------------------------------------------------------    -------------------
                         (clock clk_pl_0 rise edge)
                                                      0.000     0.000 r  
    PS8_X0Y0             PS8                          0.000     0.000 r  pccx_v002_system_i/zynq_ps/inst/PS8_i/PLCLK[0]
                         net (fo=1, routed)           0.129     0.129    pccx_v002_system_i/zynq_ps/inst/pl_clk_unbuffered[0]
    BUFG_PS_X0Y90        BUFG_PS (Prop_BUFG_PS_I_O)
                                                      0.022     0.151 r  pccx_v002_system_i/zynq_ps/inst/buffer_pl_clk_0.PL_CLK_0_BUFG/O
    X1Y1 (CLOCK_ROOT)    net (fo=82039, routed)       1.782     1.933    pccx_v002_system_i/u_npu/inst/u_wrap/u_pccx_npu_top/u_mem_dispatcher/u_l2_cache/u_acp_cdc/u_acp_tx_fifo/gnuram_async_fifo.xpm_fifo_base_inst/xpm_fifo_rst_inst/rd_clk
    SLICE_X57Y134        FDRE                                         r  pccx_v002_system_i/u_npu/inst/u_wrap/u_pccx_npu_top/u_mem_dispatcher/u_l2_cache/u_acp_cdc/u_acp_tx_fifo/gnuram_async_fifo.xpm_fifo_base_inst/xpm_fifo_rst_inst/gen_rst_ic.fifo_rd_rst_ic_reg/C
  -------------------------------------------------------------------    -------------------
    SLICE_X57Y134        FDRE (Prop_BFF_SLICEL_C_Q)
                                                      0.084     2.017 r  pccx_v002_system_i/u_npu/inst/u_wrap/u_pccx_npu_top/u_mem_dispatcher/u_l2_cache/u_acp_cdc/u_acp_tx_fifo/gnuram_async_fifo.xpm_fifo_base_inst/xpm_fifo_rst_inst/gen_rst_ic.fifo_rd_rst_ic_reg/Q
                         net (fo=42, routed)          0.148     2.165    pccx_v002_system_i/u_npu/inst/u_wrap/u_pccx_npu_top/u_mem_dispatcher/u_l2_cache/u_acp_cdc/u_acp_tx_fifo/gnuram_async_fifo.xpm_fifo_base_inst/xpm_fifo_rst_inst/gen_rst_ic.rrst_wr_inst/src_rst
    SLICE_X60Y132        FDRE                                         r  pccx_v002_system_i/u_npu/inst/u_wrap/u_pccx_npu_top/u_mem_dispatcher/u_l2_cache/u_acp_cdc/u_acp_tx_fifo/gnuram_async_fifo.xpm_fifo_base_inst/xpm_fifo_rst_inst/gen_rst_ic.rrst_wr_inst/syncstages_ff_reg[0]/D
  -------------------------------------------------------------------    -------------------

                         (clock clk_pl_0 rise edge)
                                                      0.000     0.000 r  
    PS8_X0Y0             PS8                          0.000     0.000 r  pccx_v002_system_i/zynq_ps/inst/PS8_i/PLCLK[0]
                         net (fo=1, routed)           0.164     0.164    pccx_v002_system_i/zynq_ps/inst/pl_clk_unbuffered[0]
    BUFG_PS_X0Y90        BUFG_PS (Prop_BUFG_PS_I_O)
                                                      0.023     0.187 r  pccx_v002_system_i/zynq_ps/inst/buffer_pl_clk_0.PL_CLK_0_BUFG/O
    X1Y1 (CLOCK_ROOT)    net (fo=82039, routed)       1.950     2.137    pccx_v002_system_i/u_npu/inst/u_wrap/u_pccx_npu_top/u_mem_dispatcher/u_l2_cache/u_acp_cdc/u_acp_tx_fifo/gnuram_async_fifo.xpm_fifo_base_inst/xpm_fifo_rst_inst/gen_rst_ic.rrst_wr_inst/dest_clk
    SLICE_X60Y132        FDRE                                         r  pccx_v002_system_i/u_npu/inst/u_wrap/u_pccx_npu_top/u_mem_dispatcher/u_l2_cache/u_acp_cdc/u_acp_tx_fifo/gnuram_async_fifo.xpm_fifo_base_inst/xpm_fifo_rst_inst/gen_rst_ic.rrst_wr_inst/syncstages_ff_reg[0]/C

Slack:                    inf
  Source:                 pccx_v002_system_i/sc_hp0_stage0/inst/clk_map/psr_aclk/U0/ACTIVE_LOW_BSR_OUT_DFF[0].FDRE_BSR_N/C
                            (rising edge-triggered cell FDRE clocked by clk_pl_0  {rise@0.000ns fall@5.000ns period=10.000ns})
  Destination:            pccx_v002_system_i/sc_hp0_stage0/inst/s01_entry_pipeline/s01_transaction_regulator/inst/xpm_cdc_async_rst_inst/arststages_ff_reg[0]/CLR
                            (removal check against rising-edge clock clk_pl_0  {rise@0.000ns fall@5.000ns period=10.000ns})
  Path Group:             (none)
  Path Type:              Removal (Min at Fast Process Corner)
  Data Path Delay:        0.271ns  (logic 0.084ns (31.039%)  route 0.187ns (68.961%))
  Logic Levels:           0  
  Clock Path Skew:        0.196ns (DCD - SCD - CPR)
    Destination Clock Delay (DCD):    2.097ns
    Source Clock Delay      (SCD):    1.902ns
    Clock Pessimism Removal (CPR):    -0.000ns
  Clock Uncertainty:      0.160ns  ((TSJ^2 + DJ^2)^1/2) / 2 + PE
    Total System Jitter     (TSJ):    0.071ns
    Discrete Jitter          (DJ):    0.312ns
    Phase Error              (PE):    0.000ns
  Clock Net Delay (Source):      1.751ns (routing 0.940ns, distribution 0.811ns)
  Clock Net Delay (Destination): 1.910ns (routing 1.033ns, distribution 0.877ns)
  Timing Exception:       False Path

    Location             Delay type                Incr(ns)  Path(ns)    Netlist Resource(s)
  -------------------------------------------------------------------    -------------------
                         (clock clk_pl_0 rise edge)
                                                      0.000     0.000 r  
    PS8_X0Y0             PS8                          0.000     0.000 r  pccx_v002_system_i/zynq_ps/inst/PS8_i/PLCLK[0]
                         net (fo=1, routed)           0.129     0.129    pccx_v002_system_i/zynq_ps/inst/pl_clk_unbuffered[0]
    BUFG_PS_X0Y90        BUFG_PS (Prop_BUFG_PS_I_O)
                                                      0.022     0.151 r  pccx_v002_system_i/zynq_ps/inst/buffer_pl_clk_0.PL_CLK_0_BUFG/O
    X1Y1 (CLOCK_ROOT)    net (fo=82039, routed)       1.751     1.902    pccx_v002_system_i/sc_hp0_stage0/inst/clk_map/psr_aclk/U0/aclk
    SLICE_X48Y177        FDRE                                         r  pccx_v002_system_i/sc_hp0_stage0/inst/clk_map/psr_aclk/U0/ACTIVE_LOW_BSR_OUT_DFF[0].FDRE_BSR_N/C
  -------------------------------------------------------------------    -------------------
    SLICE_X48Y177        FDRE (Prop_DFF_SLICEL_C_Q)
                                                      0.084     1.986 r  pccx_v002_system_i/sc_hp0_stage0/inst/clk_map/psr_aclk/U0/ACTIVE_LOW_BSR_OUT_DFF[0].FDRE_BSR_N/Q
                         net (fo=66, routed)          0.187     2.172    pccx_v002_system_i/sc_hp0_stage0/inst/s01_entry_pipeline/s01_transaction_regulator/inst/xpm_cdc_async_rst_inst/src_arst
    SLICE_X48Y157        FDCE                                         f  pccx_v002_system_i/sc_hp0_stage0/inst/s01_entry_pipeline/s01_transaction_regulator/inst/xpm_cdc_async_rst_inst/arststages_ff_reg[0]/CLR  (IS_INVERTED)
  -------------------------------------------------------------------    -------------------

                         (clock clk_pl_0 rise edge)
                                                      0.000     0.000 r  
    PS8_X0Y0             PS8                          0.000     0.000 r  pccx_v002_system_i/zynq_ps/inst/PS8_i/PLCLK[0]
                         net (fo=1, routed)           0.164     0.164    pccx_v002_system_i/zynq_ps/inst/pl_clk_unbuffered[0]
    BUFG_PS_X0Y90        BUFG_PS (Prop_BUFG_PS_I_O)
                                                      0.023     0.187 r  pccx_v002_system_i/zynq_ps/inst/buffer_pl_clk_0.PL_CLK_0_BUFG/O
    X1Y1 (CLOCK_ROOT)    net (fo=82039, routed)       1.910     2.097    pccx_v002_system_i/sc_hp0_stage0/inst/s01_entry_pipeline/s01_transaction_regulator/inst/xpm_cdc_async_rst_inst/dest_clk
    SLICE_X48Y157        FDCE                                         r  pccx_v002_system_i/sc_hp0_stage0/inst/s01_entry_pipeline/s01_transaction_regulator/inst/xpm_cdc_async_rst_inst/arststages_ff_reg[0]/C

Slack:                    inf
  Source:                 pccx_v002_system_i/sc_hp0_stage0/inst/clk_map/psr_aclk/U0/ACTIVE_LOW_BSR_OUT_DFF[0].FDRE_BSR_N/C
                            (rising edge-triggered cell FDRE clocked by clk_pl_0  {rise@0.000ns fall@5.000ns period=10.000ns})
  Destination:            pccx_v002_system_i/sc_hp0_stage0/inst/s01_entry_pipeline/s01_transaction_regulator/inst/xpm_cdc_async_rst_inst/arststages_ff_reg[1]/CLR
                            (removal check against rising-edge clock clk_pl_0  {rise@0.000ns fall@5.000ns period=10.000ns})
  Path Group:             (none)
  Path Type:              Removal (Min at Fast Process Corner)
  Data Path Delay:        0.271ns  (logic 0.084ns (31.039%)  route 0.187ns (68.961%))
  Logic Levels:           0  
  Clock Path Skew:        0.196ns (DCD - SCD - CPR)
    Destination Clock Delay (DCD):    2.097ns
    Source Clock Delay      (SCD):    1.902ns
    Clock Pessimism Removal (CPR):    -0.000ns
  Clock Uncertainty:      0.160ns  ((TSJ^2 + DJ^2)^1/2) / 2 + PE
    Total System Jitter     (TSJ):    0.071ns
    Discrete Jitter          (DJ):    0.312ns
    Phase Error              (PE):    0.000ns
  Clock Net Delay (Source):      1.751ns (routing 0.940ns, distribution 0.811ns)
  Clock Net Delay (Destination): 1.910ns (routing 1.033ns, distribution 0.877ns)
  Timing Exception:       False Path

    Location             Delay type                Incr(ns)  Path(ns)    Netlist Resource(s)
  -------------------------------------------------------------------    -------------------
                         (clock clk_pl_0 rise edge)
                                                      0.000     0.000 r  
    PS8_X0Y0             PS8                          0.000     0.000 r  pccx_v002_system_i/zynq_ps/inst/PS8_i/PLCLK[0]
                         net (fo=1, routed)           0.129     0.129    pccx_v002_system_i/zynq_ps/inst/pl_clk_unbuffered[0]
    BUFG_PS_X0Y90        BUFG_PS (Prop_BUFG_PS_I_O)
                                                      0.022     0.151 r  pccx_v002_system_i/zynq_ps/inst/buffer_pl_clk_0.PL_CLK_0_BUFG/O
    X1Y1 (CLOCK_ROOT)    net (fo=82039, routed)       1.751     1.902    pccx_v002_system_i/sc_hp0_stage0/inst/clk_map/psr_aclk/U0/aclk
    SLICE_X48Y177        FDRE                                         r  pccx_v002_system_i/sc_hp0_stage0/inst/clk_map/psr_aclk/U0/ACTIVE_LOW_BSR_OUT_DFF[0].FDRE_BSR_N/C
  -------------------------------------------------------------------    -------------------
    SLICE_X48Y177        FDRE (Prop_DFF_SLICEL_C_Q)
                                                      0.084     1.986 r  pccx_v002_system_i/sc_hp0_stage0/inst/clk_map/psr_aclk/U0/ACTIVE_LOW_BSR_OUT_DFF[0].FDRE_BSR_N/Q
                         net (fo=66, routed)          0.187     2.172    pccx_v002_system_i/sc_hp0_stage0/inst/s01_entry_pipeline/s01_transaction_regulator/inst/xpm_cdc_async_rst_inst/src_arst
    SLICE_X48Y157        FDCE                                         f  pccx_v002_system_i/sc_hp0_stage0/inst/s01_entry_pipeline/s01_transaction_regulator/inst/xpm_cdc_async_rst_inst/arststages_ff_reg[1]/CLR  (IS_INVERTED)
  -------------------------------------------------------------------    -------------------

                         (clock clk_pl_0 rise edge)
                                                      0.000     0.000 r  
    PS8_X0Y0             PS8                          0.000     0.000 r  pccx_v002_system_i/zynq_ps/inst/PS8_i/PLCLK[0]
                         net (fo=1, routed)           0.164     0.164    pccx_v002_system_i/zynq_ps/inst/pl_clk_unbuffered[0]
    BUFG_PS_X0Y90        BUFG_PS (Prop_BUFG_PS_I_O)
                                                      0.023     0.187 r  pccx_v002_system_i/zynq_ps/inst/buffer_pl_clk_0.PL_CLK_0_BUFG/O
    X1Y1 (CLOCK_ROOT)    net (fo=82039, routed)       1.910     2.097    pccx_v002_system_i/sc_hp0_stage0/inst/s01_entry_pipeline/s01_transaction_regulator/inst/xpm_cdc_async_rst_inst/dest_clk
    SLICE_X48Y157        FDCE                                         r  pccx_v002_system_i/sc_hp0_stage0/inst/s01_entry_pipeline/s01_transaction_regulator/inst/xpm_cdc_async_rst_inst/arststages_ff_reg[1]/C

Slack:                    inf
  Source:                 pccx_v002_system_i/sc_hp0_stage0/inst/clk_map/psr_aclk/U0/ACTIVE_LOW_BSR_OUT_DFF[0].FDRE_BSR_N/C
                            (rising edge-triggered cell FDRE clocked by clk_pl_0  {rise@0.000ns fall@5.000ns period=10.000ns})
  Destination:            pccx_v002_system_i/sc_hp0_stage0/inst/s01_entry_pipeline/s01_transaction_regulator/inst/xpm_cdc_async_rst_inst/arststages_ff_reg[2]/CLR
                            (removal check against rising-edge clock clk_pl_0  {rise@0.000ns fall@5.000ns period=10.000ns})
  Path Group:             (none)
  Path Type:              Removal (Min at Fast Process Corner)
  Data Path Delay:        0.271ns  (logic 0.084ns (31.039%)  route 0.187ns (68.961%))
  Logic Levels:           0  
  Clock Path Skew:        0.196ns (DCD - SCD - CPR)
    Destination Clock Delay (DCD):    2.097ns
    Source Clock Delay      (SCD):    1.902ns
    Clock Pessimism Removal (CPR):    -0.000ns
  Clock Uncertainty:      0.160ns  ((TSJ^2 + DJ^2)^1/2) / 2 + PE
    Total System Jitter     (TSJ):    0.071ns
    Discrete Jitter          (DJ):    0.312ns
    Phase Error              (PE):    0.000ns
  Clock Net Delay (Source):      1.751ns (routing 0.940ns, distribution 0.811ns)
  Clock Net Delay (Destination): 1.910ns (routing 1.033ns, distribution 0.877ns)
  Timing Exception:       False Path

    Location             Delay type                Incr(ns)  Path(ns)    Netlist Resource(s)
  -------------------------------------------------------------------    -------------------
                         (clock clk_pl_0 rise edge)
                                                      0.000     0.000 r  
    PS8_X0Y0             PS8                          0.000     0.000 r  pccx_v002_system_i/zynq_ps/inst/PS8_i/PLCLK[0]
                         net (fo=1, routed)           0.129     0.129    pccx_v002_system_i/zynq_ps/inst/pl_clk_unbuffered[0]
    BUFG_PS_X0Y90        BUFG_PS (Prop_BUFG_PS_I_O)
                                                      0.022     0.151 r  pccx_v002_system_i/zynq_ps/inst/buffer_pl_clk_0.PL_CLK_0_BUFG/O
    X1Y1 (CLOCK_ROOT)    net (fo=82039, routed)       1.751     1.902    pccx_v002_system_i/sc_hp0_stage0/inst/clk_map/psr_aclk/U0/aclk
    SLICE_X48Y177        FDRE                                         r  pccx_v002_system_i/sc_hp0_stage0/inst/clk_map/psr_aclk/U0/ACTIVE_LOW_BSR_OUT_DFF[0].FDRE_BSR_N/C
  -------------------------------------------------------------------    -------------------
    SLICE_X48Y177        FDRE (Prop_DFF_SLICEL_C_Q)
                                                      0.084     1.986 r  pccx_v002_system_i/sc_hp0_stage0/inst/clk_map/psr_aclk/U0/ACTIVE_LOW_BSR_OUT_DFF[0].FDRE_BSR_N/Q
                         net (fo=66, routed)          0.187     2.172    pccx_v002_system_i/sc_hp0_stage0/inst/s01_entry_pipeline/s01_transaction_regulator/inst/xpm_cdc_async_rst_inst/src_arst
    SLICE_X48Y157        FDCE                                         f  pccx_v002_system_i/sc_hp0_stage0/inst/s01_entry_pipeline/s01_transaction_regulator/inst/xpm_cdc_async_rst_inst/arststages_ff_reg[2]/CLR  (IS_INVERTED)
  -------------------------------------------------------------------    -------------------

                         (clock clk_pl_0 rise edge)
                                                      0.000     0.000 r  
    PS8_X0Y0             PS8                          0.000     0.000 r  pccx_v002_system_i/zynq_ps/inst/PS8_i/PLCLK[0]
                         net (fo=1, routed)           0.164     0.164    pccx_v002_system_i/zynq_ps/inst/pl_clk_unbuffered[0]
    BUFG_PS_X0Y90        BUFG_PS (Prop_BUFG_PS_I_O)
                                                      0.023     0.187 r  pccx_v002_system_i/zynq_ps/inst/buffer_pl_clk_0.PL_CLK_0_BUFG/O
    X1Y1 (CLOCK_ROOT)    net (fo=82039, routed)       1.910     2.097    pccx_v002_system_i/sc_hp0_stage0/inst/s01_entry_pipeline/s01_transaction_regulator/inst/xpm_cdc_async_rst_inst/dest_clk
    SLICE_X48Y157        FDCE                                         r  pccx_v002_system_i/sc_hp0_stage0/inst/s01_entry_pipeline/s01_transaction_regulator/inst/xpm_cdc_async_rst_inst/arststages_ff_reg[2]/C

Slack:                    inf
  Source:                 pccx_v002_system_i/u_npu/inst/u_wrap/u_pccx_npu_top/u_mem_dispatcher/u_l2_cache/u_acp_cdc/u_acp_rx_fifo/gnuram_async_fifo.xpm_fifo_base_inst/xpm_fifo_rst_inst/gen_rst_ic.fifo_rd_rst_ic_reg/C
                            (rising edge-triggered cell FDRE clocked by clk_pl_0  {rise@0.000ns fall@5.000ns period=10.000ns})
  Destination:            pccx_v002_system_i/u_npu/inst/u_wrap/u_pccx_npu_top/u_mem_dispatcher/u_l2_cache/u_acp_cdc/u_acp_rx_fifo/gnuram_async_fifo.xpm_fifo_base_inst/xpm_fifo_rst_inst/gen_rst_ic.rrst_wr_inst/syncstages_ff_reg[0]/D
                            (rising edge-triggered cell FDRE clocked by clk_pl_0  {rise@0.000ns fall@5.000ns period=10.000ns})
  Path Group:             (none)
  Path Type:              Hold (Min at Fast Process Corner)
  Data Path Delay:        0.264ns  (logic 0.084ns (31.839%)  route 0.180ns (68.161%))
  Logic Levels:           0  
  Clock Path Skew:        0.208ns (DCD - SCD - CPR)
    Destination Clock Delay (DCD):    2.130ns
    Source Clock Delay      (SCD):    1.922ns
    Clock Pessimism Removal (CPR):    -0.000ns
  Clock Uncertainty:      0.160ns  ((TSJ^2 + DJ^2)^1/2) / 2 + PE
    Total System Jitter     (TSJ):    0.071ns
    Discrete Jitter          (DJ):    0.312ns
    Phase Error              (PE):    0.000ns
  Clock Net Delay (Source):      1.771ns (routing 0.940ns, distribution 0.831ns)
  Clock Net Delay (Destination): 1.943ns (routing 1.033ns, distribution 0.910ns)
  Timing Exception:       False Path

    Location             Delay type                Incr(ns)  Path(ns)    Netlist Resource(s)
  -------------------------------------------------------------------    -------------------
                         (clock clk_pl_0 rise edge)
                                                      0.000     0.000 r  
    PS8_X0Y0             PS8                          0.000     0.000 r  pccx_v002_system_i/zynq_ps/inst/PS8_i/PLCLK[0]
                         net (fo=1, routed)           0.129     0.129    pccx_v002_system_i/zynq_ps/inst/pl_clk_unbuffered[0]
    BUFG_PS_X0Y90        BUFG_PS (Prop_BUFG_PS_I_O)
                                                      0.022     0.151 r  pccx_v002_system_i/zynq_ps/inst/buffer_pl_clk_0.PL_CLK_0_BUFG/O
    X1Y1 (CLOCK_ROOT)    net (fo=82039, routed)       1.771     1.922    pccx_v002_system_i/u_npu/inst/u_wrap/u_pccx_npu_top/u_mem_dispatcher/u_l2_cache/u_acp_cdc/u_acp_rx_fifo/gnuram_async_fifo.xpm_fifo_base_inst/xpm_fifo_rst_inst/rd_clk
    SLICE_X60Y164        FDRE                                         r  pccx_v002_system_i/u_npu/inst/u_wrap/u_pccx_npu_top/u_mem_dispatcher/u_l2_cache/u_acp_cdc/u_acp_rx_fifo/gnuram_async_fifo.xpm_fifo_base_inst/xpm_fifo_rst_inst/gen_rst_ic.fifo_rd_rst_ic_reg/C
  -------------------------------------------------------------------    -------------------
    SLICE_X60Y164        FDRE (Prop_BFF_SLICEL_C_Q)
                                                      0.084     2.006 r  pccx_v002_system_i/u_npu/inst/u_wrap/u_pccx_npu_top/u_mem_dispatcher/u_l2_cache/u_acp_cdc/u_acp_rx_fifo/gnuram_async_fifo.xpm_fifo_base_inst/xpm_fifo_rst_inst/gen_rst_ic.fifo_rd_rst_ic_reg/Q
                         net (fo=42, routed)          0.180     2.186    pccx_v002_system_i/u_npu/inst/u_wrap/u_pccx_npu_top/u_mem_dispatcher/u_l2_cache/u_acp_cdc/u_acp_rx_fifo/gnuram_async_fifo.xpm_fifo_base_inst/xpm_fifo_rst_inst/gen_rst_ic.rrst_wr_inst/src_rst
    SLICE_X60Y166        FDRE                                         r  pccx_v002_system_i/u_npu/inst/u_wrap/u_pccx_npu_top/u_mem_dispatcher/u_l2_cache/u_acp_cdc/u_acp_rx_fifo/gnuram_async_fifo.xpm_fifo_base_inst/xpm_fifo_rst_inst/gen_rst_ic.rrst_wr_inst/syncstages_ff_reg[0]/D
  -------------------------------------------------------------------    -------------------

                         (clock clk_pl_0 rise edge)
                                                      0.000     0.000 r  
    PS8_X0Y0             PS8                          0.000     0.000 r  pccx_v002_system_i/zynq_ps/inst/PS8_i/PLCLK[0]
                         net (fo=1, routed)           0.164     0.164    pccx_v002_system_i/zynq_ps/inst/pl_clk_unbuffered[0]
    BUFG_PS_X0Y90        BUFG_PS (Prop_BUFG_PS_I_O)
                                                      0.023     0.187 r  pccx_v002_system_i/zynq_ps/inst/buffer_pl_clk_0.PL_CLK_0_BUFG/O
    X1Y1 (CLOCK_ROOT)    net (fo=82039, routed)       1.943     2.130    pccx_v002_system_i/u_npu/inst/u_wrap/u_pccx_npu_top/u_mem_dispatcher/u_l2_cache/u_acp_cdc/u_acp_rx_fifo/gnuram_async_fifo.xpm_fifo_base_inst/xpm_fifo_rst_inst/gen_rst_ic.rrst_wr_inst/dest_clk
    SLICE_X60Y166        FDRE                                         r  pccx_v002_system_i/u_npu/inst/u_wrap/u_pccx_npu_top/u_mem_dispatcher/u_l2_cache/u_acp_cdc/u_acp_rx_fifo/gnuram_async_fifo.xpm_fifo_base_inst/xpm_fifo_rst_inst/gen_rst_ic.rrst_wr_inst/syncstages_ff_reg[0]/C

Slack:                    inf
  Source:                 pccx_v002_system_i/sc_axil/inst/clk_map/psr_aclk/U0/ACTIVE_LOW_BSR_OUT_DFF[0].FDRE_BSR_N/C
                            (rising edge-triggered cell FDRE clocked by clk_pl_0  {rise@0.000ns fall@5.000ns period=10.000ns})
  Destination:            pccx_v002_system_i/sc_axil/inst/m02_nodes/m02_b_node/inst/s_sc_xpm_cdc_async_rst_inst/arststages_ff_reg[0]/CLR
                            (removal check against rising-edge clock clk_pl_0  {rise@0.000ns fall@5.000ns period=10.000ns})
  Path Group:             (none)
  Path Type:              Removal (Min at Fast Process Corner)
  Data Path Delay:        0.255ns  (logic 0.082ns (32.120%)  route 0.173ns (67.880%))
  Logic Levels:           0  
  Clock Path Skew:        0.215ns (DCD - SCD - CPR)
    Destination Clock Delay (DCD):    2.161ns
    Source Clock Delay      (SCD):    1.947ns
    Clock Pessimism Removal (CPR):    -0.000ns
  Clock Uncertainty:      0.160ns  ((TSJ^2 + DJ^2)^1/2) / 2 + PE
    Total System Jitter     (TSJ):    0.071ns
    Discrete Jitter          (DJ):    0.312ns
    Phase Error              (PE):    0.000ns
  Clock Net Delay (Source):      1.796ns (routing 0.940ns, distribution 0.856ns)
  Clock Net Delay (Destination): 1.974ns (routing 1.033ns, distribution 0.941ns)
  Timing Exception:       False Path

    Location             Delay type                Incr(ns)  Path(ns)    Netlist Resource(s)
  -------------------------------------------------------------------    -------------------
                         (clock clk_pl_0 rise edge)
                                                      0.000     0.000 r  
    PS8_X0Y0             PS8                          0.000     0.000 r  pccx_v002_system_i/zynq_ps/inst/PS8_i/PLCLK[0]
                         net (fo=1, routed)           0.129     0.129    pccx_v002_system_i/zynq_ps/inst/pl_clk_unbuffered[0]
    BUFG_PS_X0Y90        BUFG_PS (Prop_BUFG_PS_I_O)
                                                      0.022     0.151 r  pccx_v002_system_i/zynq_ps/inst/buffer_pl_clk_0.PL_CLK_0_BUFG/O
    X1Y1 (CLOCK_ROOT)    net (fo=82039, routed)       1.796     1.947    pccx_v002_system_i/sc_axil/inst/clk_map/psr_aclk/U0/aclk
    SLICE_X21Y204        FDRE                                         r  pccx_v002_system_i/sc_axil/inst/clk_map/psr_aclk/U0/ACTIVE_LOW_BSR_OUT_DFF[0].FDRE_BSR_N/C
  -------------------------------------------------------------------    -------------------
    SLICE_X21Y204        FDRE (Prop_AFF_SLICEM_C_Q)
                                                      0.082     2.029 r  pccx_v002_system_i/sc_axil/inst/clk_map/psr_aclk/U0/ACTIVE_LOW_BSR_OUT_DFF[0].FDRE_BSR_N/Q
                         net (fo=150, routed)         0.173     2.202    pccx_v002_system_i/sc_axil/inst/m02_nodes/m02_b_node/inst/s_sc_xpm_cdc_async_rst_inst/src_arst
    SLICE_X18Y194        FDCE                                         f  pccx_v002_system_i/sc_axil/inst/m02_nodes/m02_b_node/inst/s_sc_xpm_cdc_async_rst_inst/arststages_ff_reg[0]/CLR  (IS_INVERTED)
  -------------------------------------------------------------------    -------------------

                         (clock clk_pl_0 rise edge)
                                                      0.000     0.000 r  
    PS8_X0Y0             PS8                          0.000     0.000 r  pccx_v002_system_i/zynq_ps/inst/PS8_i/PLCLK[0]
                         net (fo=1, routed)           0.164     0.164    pccx_v002_system_i/zynq_ps/inst/pl_clk_unbuffered[0]
    BUFG_PS_X0Y90        BUFG_PS (Prop_BUFG_PS_I_O)
                                                      0.023     0.187 r  pccx_v002_system_i/zynq_ps/inst/buffer_pl_clk_0.PL_CLK_0_BUFG/O
    X1Y1 (CLOCK_ROOT)    net (fo=82039, routed)       1.974     2.161    pccx_v002_system_i/sc_axil/inst/m02_nodes/m02_b_node/inst/s_sc_xpm_cdc_async_rst_inst/dest_clk
    SLICE_X18Y194        FDCE                                         r  pccx_v002_system_i/sc_axil/inst/m02_nodes/m02_b_node/inst/s_sc_xpm_cdc_async_rst_inst/arststages_ff_reg[0]/C

Slack:                    inf
  Source:                 pccx_v002_system_i/sc_axil/inst/clk_map/psr_aclk/U0/ACTIVE_LOW_BSR_OUT_DFF[0].FDRE_BSR_N/C
                            (rising edge-triggered cell FDRE clocked by clk_pl_0  {rise@0.000ns fall@5.000ns period=10.000ns})
  Destination:            pccx_v002_system_i/sc_axil/inst/m02_nodes/m02_b_node/inst/s_sc_xpm_cdc_async_rst_inst/arststages_ff_reg[1]/CLR
                            (removal check against rising-edge clock clk_pl_0  {rise@0.000ns fall@5.000ns period=10.000ns})
  Path Group:             (none)
  Path Type:              Removal (Min at Fast Process Corner)
  Data Path Delay:        0.255ns  (logic 0.082ns (32.120%)  route 0.173ns (67.880%))
  Logic Levels:           0  
  Clock Path Skew:        0.215ns (DCD - SCD - CPR)
    Destination Clock Delay (DCD):    2.161ns
    Source Clock Delay      (SCD):    1.947ns
    Clock Pessimism Removal (CPR):    -0.000ns
  Clock Uncertainty:      0.160ns  ((TSJ^2 + DJ^2)^1/2) / 2 + PE
    Total System Jitter     (TSJ):    0.071ns
    Discrete Jitter          (DJ):    0.312ns
    Phase Error              (PE):    0.000ns
  Clock Net Delay (Source):      1.796ns (routing 0.940ns, distribution 0.856ns)
  Clock Net Delay (Destination): 1.974ns (routing 1.033ns, distribution 0.941ns)
  Timing Exception:       False Path

    Location             Delay type                Incr(ns)  Path(ns)    Netlist Resource(s)
  -------------------------------------------------------------------    -------------------
                         (clock clk_pl_0 rise edge)
                                                      0.000     0.000 r  
    PS8_X0Y0             PS8                          0.000     0.000 r  pccx_v002_system_i/zynq_ps/inst/PS8_i/PLCLK[0]
                         net (fo=1, routed)           0.129     0.129    pccx_v002_system_i/zynq_ps/inst/pl_clk_unbuffered[0]
    BUFG_PS_X0Y90        BUFG_PS (Prop_BUFG_PS_I_O)
                                                      0.022     0.151 r  pccx_v002_system_i/zynq_ps/inst/buffer_pl_clk_0.PL_CLK_0_BUFG/O
    X1Y1 (CLOCK_ROOT)    net (fo=82039, routed)       1.796     1.947    pccx_v002_system_i/sc_axil/inst/clk_map/psr_aclk/U0/aclk
    SLICE_X21Y204        FDRE                                         r  pccx_v002_system_i/sc_axil/inst/clk_map/psr_aclk/U0/ACTIVE_LOW_BSR_OUT_DFF[0].FDRE_BSR_N/C
  -------------------------------------------------------------------    -------------------
    SLICE_X21Y204        FDRE (Prop_AFF_SLICEM_C_Q)
                                                      0.082     2.029 r  pccx_v002_system_i/sc_axil/inst/clk_map/psr_aclk/U0/ACTIVE_LOW_BSR_OUT_DFF[0].FDRE_BSR_N/Q
                         net (fo=150, routed)         0.173     2.202    pccx_v002_system_i/sc_axil/inst/m02_nodes/m02_b_node/inst/s_sc_xpm_cdc_async_rst_inst/src_arst
    SLICE_X18Y194        FDCE                                         f  pccx_v002_system_i/sc_axil/inst/m02_nodes/m02_b_node/inst/s_sc_xpm_cdc_async_rst_inst/arststages_ff_reg[1]/CLR  (IS_INVERTED)
  -------------------------------------------------------------------    -------------------

                         (clock clk_pl_0 rise edge)
                                                      0.000     0.000 r  
    PS8_X0Y0             PS8                          0.000     0.000 r  pccx_v002_system_i/zynq_ps/inst/PS8_i/PLCLK[0]
                         net (fo=1, routed)           0.164     0.164    pccx_v002_system_i/zynq_ps/inst/pl_clk_unbuffered[0]
    BUFG_PS_X0Y90        BUFG_PS (Prop_BUFG_PS_I_O)
                                                      0.023     0.187 r  pccx_v002_system_i/zynq_ps/inst/buffer_pl_clk_0.PL_CLK_0_BUFG/O
    X1Y1 (CLOCK_ROOT)    net (fo=82039, routed)       1.974     2.161    pccx_v002_system_i/sc_axil/inst/m02_nodes/m02_b_node/inst/s_sc_xpm_cdc_async_rst_inst/dest_clk
    SLICE_X18Y194        FDCE                                         r  pccx_v002_system_i/sc_axil/inst/m02_nodes/m02_b_node/inst/s_sc_xpm_cdc_async_rst_inst/arststages_ff_reg[1]/C





--------------------------------------------------------------------------------------
Path Group:  (none)
From Clock:  
  To Clock:  clk_pl_0

Max Delay           324 Endpoints
Min Delay           324 Endpoints
--------------------------------------------------------------------------------------


Max Delay Paths
--------------------------------------------------------------------------------------
Slack:                    inf
  Source:                 pccx_v002_system_i/u_npu/inst/u_wrap/u_pccx_npu_top/u_mem_dispatcher/u_l2_cache/u_l2_uram/u_l2_uram/xpm_memory_base_inst/gen_wr_a.gen_word_narrow.mem_reg_uram_0/CAS_OUT_ADDR_A[18]
                            (internal pin)
  Destination:            pccx_v002_system_i/u_npu/inst/u_wrap/u_pccx_npu_top/u_mem_dispatcher/u_l2_cache/u_l2_uram/u_l2_uram/xpm_memory_base_inst/gen_wr_a.gen_word_narrow.mem_reg_uram_1/CAS_IN_ADDR_A[18]
                            (rising edge-triggered cell URAM288 clocked by clk_pl_0  {rise@0.000ns fall@5.000ns period=10.000ns})
  Path Group:             (none)
  Path Type:              Setup (Max at Slow Process Corner)
  Data Path Delay:        0.003ns  (logic 0.000ns (0.000%)  route 0.003ns (100.000%))
  Logic Levels:           0  
  Clock Uncertainty:      0.158ns  ((TSJ^2 + DJ^2)^1/2) / 2 + PE
    Total System Jitter     (TSJ):    0.050ns
    Discrete Jitter          (DJ):    0.312ns
    Phase Error              (PE):    0.000ns
  Clock Net Delay (Destination): 2.921ns (routing 1.538ns, distribution 1.383ns)

    Location             Delay type                Incr(ns)  Path(ns)    Netlist Resource(s)
  -------------------------------------------------------------------    -------------------
    URAM288_X0Y48        URAM288                      0.000     0.000 r  pccx_v002_system_i/u_npu/inst/u_wrap/u_pccx_npu_top/u_mem_dispatcher/u_l2_cache/u_l2_uram/u_l2_uram/xpm_memory_base_inst/gen_wr_a.gen_word_narrow.mem_reg_uram_0/CAS_OUT_ADDR_A[18]
                         net (fo=1, routed)           0.003     0.003    pccx_v002_system_i/u_npu/inst/u_wrap/u_pccx_npu_top/u_mem_dispatcher/u_l2_cache/u_l2_uram/u_l2_uram/xpm_memory_base_inst/gen_wr_a.gen_word_narrow.mem_reg_uram_1_Cas_AddrA_1[18]
    URAM288_X0Y49        URAM288                                      r  pccx_v002_system_i/u_npu/inst/u_wrap/u_pccx_npu_top/u_mem_dispatcher/u_l2_cache/u_l2_uram/u_l2_uram/xpm_memory_base_inst/gen_wr_a.gen_word_narrow.mem_reg_uram_1/CAS_IN_ADDR_A[18]
  -------------------------------------------------------------------    -------------------

                         (clock clk_pl_0 rise edge)
                                                      0.000     0.000 r  
    PS8_X0Y0             PS8                          0.000     0.000 r  pccx_v002_system_i/zynq_ps/inst/PS8_i/PLCLK[0]
                         net (fo=1, routed)           0.181     0.181    pccx_v002_system_i/zynq_ps/inst/pl_clk_unbuffered[0]
    BUFG_PS_X0Y90        BUFG_PS (Prop_BUFG_PS_I_O)
                                                      0.035     0.216 r  pccx_v002_system_i/zynq_ps/inst/buffer_pl_clk_0.PL_CLK_0_BUFG/O
    X1Y1 (CLOCK_ROOT)    net (fo=82039, routed)       2.921     3.137    pccx_v002_system_i/u_npu/inst/u_wrap/u_pccx_npu_top/u_mem_dispatcher/u_l2_cache/u_l2_uram/u_l2_uram/xpm_memory_base_inst/clka
    URAM288_X0Y49        URAM288                                      r  pccx_v002_system_i/u_npu/inst/u_wrap/u_pccx_npu_top/u_mem_dispatcher/u_l2_cache/u_l2_uram/u_l2_uram/xpm_memory_base_inst/gen_wr_a.gen_word_narrow.mem_reg_uram_1/CLK

Slack:                    inf
  Source:                 pccx_v002_system_i/u_npu/inst/u_wrap/u_pccx_npu_top/u_mem_dispatcher/u_l2_cache/u_l2_uram/u_l2_uram/xpm_memory_base_inst/gen_wr_a.gen_word_narrow.mem_reg_uram_28/CAS_OUT_ADDR_A[18]
                            (internal pin)
  Destination:            pccx_v002_system_i/u_npu/inst/u_wrap/u_pccx_npu_top/u_mem_dispatcher/u_l2_cache/u_l2_uram/u_l2_uram/xpm_memory_base_inst/gen_wr_a.gen_word_narrow.mem_reg_uram_29/CAS_IN_ADDR_A[18]
                            (rising edge-triggered cell URAM288 clocked by clk_pl_0  {rise@0.000ns fall@5.000ns period=10.000ns})
  Path Group:             (none)
  Path Type:              Setup (Max at Slow Process Corner)
  Data Path Delay:        0.003ns  (logic 0.000ns (0.000%)  route 0.003ns (100.000%))
  Logic Levels:           0  
  Clock Uncertainty:      0.158ns  ((TSJ^2 + DJ^2)^1/2) / 2 + PE
    Total System Jitter     (TSJ):    0.050ns
    Discrete Jitter          (DJ):    0.312ns
    Phase Error              (PE):    0.000ns
  Clock Net Delay (Destination): 2.866ns (routing 1.538ns, distribution 1.328ns)

    Location             Delay type                Incr(ns)  Path(ns)    Netlist Resource(s)
  -------------------------------------------------------------------    -------------------
    URAM288_X0Y4         URAM288                      0.000     0.000 r  pccx_v002_system_i/u_npu/inst/u_wrap/u_pccx_npu_top/u_mem_dispatcher/u_l2_cache/u_l2_uram/u_l2_uram/xpm_memory_base_inst/gen_wr_a.gen_word_narrow.mem_reg_uram_28/CAS_OUT_ADDR_A[18]
                         net (fo=1, routed)           0.003     0.003    pccx_v002_system_i/u_npu/inst/u_wrap/u_pccx_npu_top/u_mem_dispatcher/u_l2_cache/u_l2_uram/u_l2_uram/xpm_memory_base_inst/gen_wr_a.gen_word_narrow.mem_reg_uram_29_Cas_AddrA_1[18]
    URAM288_X0Y5         URAM288                                      r  pccx_v002_system_i/u_npu/inst/u_wrap/u_pccx_npu_top/u_mem_dispatcher/u_l2_cache/u_l2_uram/u_l2_uram/xpm_memory_base_inst/gen_wr_a.gen_word_narrow.mem_reg_uram_29/CAS_IN_ADDR_A[18]
  -------------------------------------------------------------------    -------------------

                         (clock clk_pl_0 rise edge)
                                                      0.000     0.000 r  
    PS8_X0Y0             PS8                          0.000     0.000 r  pccx_v002_system_i/zynq_ps/inst/PS8_i/PLCLK[0]
                         net (fo=1, routed)           0.181     0.181    pccx_v002_system_i/zynq_ps/inst/pl_clk_unbuffered[0]
    BUFG_PS_X0Y90        BUFG_PS (Prop_BUFG_PS_I_O)
                                                      0.035     0.216 r  pccx_v002_system_i/zynq_ps/inst/buffer_pl_clk_0.PL_CLK_0_BUFG/O
    X1Y1 (CLOCK_ROOT)    net (fo=82039, routed)       2.866     3.082    pccx_v002_system_i/u_npu/inst/u_wrap/u_pccx_npu_top/u_mem_dispatcher/u_l2_cache/u_l2_uram/u_l2_uram/xpm_memory_base_inst/clka
    URAM288_X0Y5         URAM288                                      r  pccx_v002_system_i/u_npu/inst/u_wrap/u_pccx_npu_top/u_mem_dispatcher/u_l2_cache/u_l2_uram/u_l2_uram/xpm_memory_base_inst/gen_wr_a.gen_word_narrow.mem_reg_uram_29/CLK

Slack:                    inf
  Source:                 pccx_v002_system_i/u_npu/inst/u_wrap/u_pccx_npu_top/u_mem_dispatcher/u_l2_cache/u_l2_uram/u_l2_uram/xpm_memory_base_inst/gen_wr_a.gen_word_narrow.mem_reg_uram_2/CAS_OUT_ADDR_A[18]
                            (internal pin)
  Destination:            pccx_v002_system_i/u_npu/inst/u_wrap/u_pccx_npu_top/u_mem_dispatcher/u_l2_cache/u_l2_uram/u_l2_uram/xpm_memory_base_inst/gen_wr_a.gen_word_narrow.mem_reg_uram_3/CAS_IN_ADDR_A[18]
                            (rising edge-triggered cell URAM288 clocked by clk_pl_0  {rise@0.000ns fall@5.000ns period=10.000ns})
  Path Group:             (none)
  Path Type:              Setup (Max at Slow Process Corner)
  Data Path Delay:        0.003ns  (logic 0.000ns (0.000%)  route 0.003ns (100.000%))
  Logic Levels:           0  
  Clock Uncertainty:      0.158ns  ((TSJ^2 + DJ^2)^1/2) / 2 + PE
    Total System Jitter     (TSJ):    0.050ns
    Discrete Jitter          (DJ):    0.312ns
    Phase Error              (PE):    0.000ns
  Clock Net Delay (Destination): 2.905ns (routing 1.538ns, distribution 1.367ns)

    Location             Delay type                Incr(ns)  Path(ns)    Netlist Resource(s)
  -------------------------------------------------------------------    -------------------
    URAM288_X0Y44        URAM288                      0.000     0.000 r  pccx_v002_system_i/u_npu/inst/u_wrap/u_pccx_npu_top/u_mem_dispatcher/u_l2_cache/u_l2_uram/u_l2_uram/xpm_memory_base_inst/gen_wr_a.gen_word_narrow.mem_reg_uram_2/CAS_OUT_ADDR_A[18]
                         net (fo=1, routed)           0.003     0.003    pccx_v002_system_i/u_npu/inst/u_wrap/u_pccx_npu_top/u_mem_dispatcher/u_l2_cache/u_l2_uram/u_l2_uram/xpm_memory_base_inst/gen_wr_a.gen_word_narrow.mem_reg_uram_3_Cas_AddrA_1[18]
    URAM288_X0Y45        URAM288                                      r  pccx_v002_system_i/u_npu/inst/u_wrap/u_pccx_npu_top/u_mem_dispatcher/u_l2_cache/u_l2_uram/u_l2_uram/xpm_memory_base_inst/gen_wr_a.gen_word_narrow.mem_reg_uram_3/CAS_IN_ADDR_A[18]
  -------------------------------------------------------------------    -------------------

                         (clock clk_pl_0 rise edge)
                                                      0.000     0.000 r  
    PS8_X0Y0             PS8                          0.000     0.000 r  pccx_v002_system_i/zynq_ps/inst/PS8_i/PLCLK[0]
                         net (fo=1, routed)           0.181     0.181    pccx_v002_system_i/zynq_ps/inst/pl_clk_unbuffered[0]
    BUFG_PS_X0Y90        BUFG_PS (Prop_BUFG_PS_I_O)
                                                      0.035     0.216 r  pccx_v002_system_i/zynq_ps/inst/buffer_pl_clk_0.PL_CLK_0_BUFG/O
    X1Y1 (CLOCK_ROOT)    net (fo=82039, routed)       2.905     3.121    pccx_v002_system_i/u_npu/inst/u_wrap/u_pccx_npu_top/u_mem_dispatcher/u_l2_cache/u_l2_uram/u_l2_uram/xpm_memory_base_inst/clka
    URAM288_X0Y45        URAM288                                      r  pccx_v002_system_i/u_npu/inst/u_wrap/u_pccx_npu_top/u_mem_dispatcher/u_l2_cache/u_l2_uram/u_l2_uram/xpm_memory_base_inst/gen_wr_a.gen_word_narrow.mem_reg_uram_3/CLK

Slack:                    inf
  Source:                 pccx_v002_system_i/u_npu/inst/u_wrap/u_pccx_npu_top/u_mem_dispatcher/u_l2_cache/u_l2_uram/u_l2_uram/xpm_memory_base_inst/gen_wr_a.gen_word_narrow.mem_reg_uram_30/CAS_OUT_ADDR_A[18]
                            (internal pin)
  Destination:            pccx_v002_system_i/u_npu/inst/u_wrap/u_pccx_npu_top/u_mem_dispatcher/u_l2_cache/u_l2_uram/u_l2_uram/xpm_memory_base_inst/gen_wr_a.gen_word_narrow.mem_reg_uram_31/CAS_IN_ADDR_A[18]
                            (rising edge-triggered cell URAM288 clocked by clk_pl_0  {rise@0.000ns fall@5.000ns period=10.000ns})
  Path Group:             (none)
  Path Type:              Setup (Max at Slow Process Corner)
  Data Path Delay:        0.003ns  (logic 0.000ns (0.000%)  route 0.003ns (100.000%))
  Logic Levels:           0  
  Clock Uncertainty:      0.158ns  ((TSJ^2 + DJ^2)^1/2) / 2 + PE
    Total System Jitter     (TSJ):    0.050ns
    Discrete Jitter          (DJ):    0.312ns
    Phase Error              (PE):    0.000ns
  Clock Net Delay (Destination): 2.864ns (routing 1.538ns, distribution 1.326ns)

    Location             Delay type                Incr(ns)  Path(ns)    Netlist Resource(s)
  -------------------------------------------------------------------    -------------------
    URAM288_X0Y0         URAM288                      0.000     0.000 r  pccx_v002_system_i/u_npu/inst/u_wrap/u_pccx_npu_top/u_mem_dispatcher/u_l2_cache/u_l2_uram/u_l2_uram/xpm_memory_base_inst/gen_wr_a.gen_word_narrow.mem_reg_uram_30/CAS_OUT_ADDR_A[18]
                         net (fo=1, routed)           0.003     0.003    pccx_v002_system_i/u_npu/inst/u_wrap/u_pccx_npu_top/u_mem_dispatcher/u_l2_cache/u_l2_uram/u_l2_uram/xpm_memory_base_inst/gen_wr_a.gen_word_narrow.mem_reg_uram_31_Cas_AddrA_1[18]
    URAM288_X0Y1         URAM288                                      r  pccx_v002_system_i/u_npu/inst/u_wrap/u_pccx_npu_top/u_mem_dispatcher/u_l2_cache/u_l2_uram/u_l2_uram/xpm_memory_base_inst/gen_wr_a.gen_word_narrow.mem_reg_uram_31/CAS_IN_ADDR_A[18]
  -------------------------------------------------------------------    -------------------

                         (clock clk_pl_0 rise edge)
                                                      0.000     0.000 r  
    PS8_X0Y0             PS8                          0.000     0.000 r  pccx_v002_system_i/zynq_ps/inst/PS8_i/PLCLK[0]
                         net (fo=1, routed)           0.181     0.181    pccx_v002_system_i/zynq_ps/inst/pl_clk_unbuffered[0]
    BUFG_PS_X0Y90        BUFG_PS (Prop_BUFG_PS_I_O)
                                                      0.035     0.216 r  pccx_v002_system_i/zynq_ps/inst/buffer_pl_clk_0.PL_CLK_0_BUFG/O
    X1Y1 (CLOCK_ROOT)    net (fo=82039, routed)       2.864     3.080    pccx_v002_system_i/u_npu/inst/u_wrap/u_pccx_npu_top/u_mem_dispatcher/u_l2_cache/u_l2_uram/u_l2_uram/xpm_memory_base_inst/clka
    URAM288_X0Y1         URAM288                                      r  pccx_v002_system_i/u_npu/inst/u_wrap/u_pccx_npu_top/u_mem_dispatcher/u_l2_cache/u_l2_uram/u_l2_uram/xpm_memory_base_inst/gen_wr_a.gen_word_narrow.mem_reg_uram_31/CLK

Slack:                    inf
  Source:                 pccx_v002_system_i/u_npu/inst/u_wrap/u_pccx_npu_top/u_mem_dispatcher/u_l2_cache/u_l2_uram/u_l2_uram/xpm_memory_base_inst/gen_wr_a.gen_word_narrow.mem_reg_uram_32/CAS_OUT_ADDR_A[18]
                            (internal pin)
  Destination:            pccx_v002_system_i/u_npu/inst/u_wrap/u_pccx_npu_top/u_mem_dispatcher/u_l2_cache/u_l2_uram/u_l2_uram/xpm_memory_base_inst/gen_wr_a.gen_word_narrow.mem_reg_uram_33/CAS_IN_ADDR_A[18]
                            (rising edge-triggered cell URAM288 clocked by clk_pl_0  {rise@0.000ns fall@5.000ns period=10.000ns})
  Path Group:             (none)
  Path Type:              Setup (Max at Slow Process Corner)
  Data Path Delay:        0.003ns  (logic 0.000ns (0.000%)  route 0.003ns (100.000%))
  Logic Levels:           0  
  Clock Uncertainty:      0.158ns  ((TSJ^2 + DJ^2)^1/2) / 2 + PE
    Total System Jitter     (TSJ):    0.050ns
    Discrete Jitter          (DJ):    0.312ns
    Phase Error              (PE):    0.000ns
  Clock Net Delay (Destination): 2.859ns (routing 1.538ns, distribution 1.321ns)

    Location             Delay type                Incr(ns)  Path(ns)    Netlist Resource(s)
  -------------------------------------------------------------------    -------------------
    URAM288_X0Y8         URAM288                      0.000     0.000 r  pccx_v002_system_i/u_npu/inst/u_wrap/u_pccx_npu_top/u_mem_dispatcher/u_l2_cache/u_l2_uram/u_l2_uram/xpm_memory_base_inst/gen_wr_a.gen_word_narrow.mem_reg_uram_32/CAS_OUT_ADDR_A[18]
                         net (fo=1, routed)           0.003     0.003    pccx_v002_system_i/u_npu/inst/u_wrap/u_pccx_npu_top/u_mem_dispatcher/u_l2_cache/u_l2_uram/u_l2_uram/xpm_memory_base_inst/gen_wr_a.gen_word_narrow.mem_reg_uram_33_Cas_AddrA_1[18]
    URAM288_X0Y9         URAM288                                      r  pccx_v002_system_i/u_npu/inst/u_wrap/u_pccx_npu_top/u_mem_dispatcher/u_l2_cache/u_l2_uram/u_l2_uram/xpm_memory_base_inst/gen_wr_a.gen_word_narrow.mem_reg_uram_33/CAS_IN_ADDR_A[18]
  -------------------------------------------------------------------    -------------------

                         (clock clk_pl_0 rise edge)
                                                      0.000     0.000 r  
    PS8_X0Y0             PS8                          0.000     0.000 r  pccx_v002_system_i/zynq_ps/inst/PS8_i/PLCLK[0]
                         net (fo=1, routed)           0.181     0.181    pccx_v002_system_i/zynq_ps/inst/pl_clk_unbuffered[0]
    BUFG_PS_X0Y90        BUFG_PS (Prop_BUFG_PS_I_O)
                                                      0.035     0.216 r  pccx_v002_system_i/zynq_ps/inst/buffer_pl_clk_0.PL_CLK_0_BUFG/O
    X1Y1 (CLOCK_ROOT)    net (fo=82039, routed)       2.859     3.075    pccx_v002_system_i/u_npu/inst/u_wrap/u_pccx_npu_top/u_mem_dispatcher/u_l2_cache/u_l2_uram/u_l2_uram/xpm_memory_base_inst/clka
    URAM288_X0Y9         URAM288                                      r  pccx_v002_system_i/u_npu/inst/u_wrap/u_pccx_npu_top/u_mem_dispatcher/u_l2_cache/u_l2_uram/u_l2_uram/xpm_memory_base_inst/gen_wr_a.gen_word_narrow.mem_reg_uram_33/CLK

Slack:                    inf
  Source:                 pccx_v002_system_i/u_npu/inst/u_wrap/u_pccx_npu_top/u_mem_dispatcher/u_l2_cache/u_l2_uram/u_l2_uram/xpm_memory_base_inst/gen_wr_a.gen_word_narrow.mem_reg_uram_34/CAS_OUT_ADDR_A[18]
                            (internal pin)
  Destination:            pccx_v002_system_i/u_npu/inst/u_wrap/u_pccx_npu_top/u_mem_dispatcher/u_l2_cache/u_l2_uram/u_l2_uram/xpm_memory_base_inst/gen_wr_a.gen_word_narrow.mem_reg_uram_35/CAS_IN_ADDR_A[18]
                            (rising edge-triggered cell URAM288 clocked by clk_pl_0  {rise@0.000ns fall@5.000ns period=10.000ns})
  Path Group:             (none)
  Path Type:              Setup (Max at Slow Process Corner)
  Data Path Delay:        0.003ns  (logic 0.000ns (0.000%)  route 0.003ns (100.000%))
  Logic Levels:           0  
  Clock Uncertainty:      0.158ns  ((TSJ^2 + DJ^2)^1/2) / 2 + PE
    Total System Jitter     (TSJ):    0.050ns
    Discrete Jitter          (DJ):    0.312ns
    Phase Error              (PE):    0.000ns
  Clock Net Delay (Destination): 2.845ns (routing 1.538ns, distribution 1.307ns)

    Location             Delay type                Incr(ns)  Path(ns)    Netlist Resource(s)
  -------------------------------------------------------------------    -------------------
    URAM288_X0Y6         URAM288                      0.000     0.000 r  pccx_v002_system_i/u_npu/inst/u_wrap/u_pccx_npu_top/u_mem_dispatcher/u_l2_cache/u_l2_uram/u_l2_uram/xpm_memory_base_inst/gen_wr_a.gen_word_narrow.mem_reg_uram_34/CAS_OUT_ADDR_A[18]
                         net (fo=1, routed)           0.003     0.003    pccx_v002_system_i/u_npu/inst/u_wrap/u_pccx_npu_top/u_mem_dispatcher/u_l2_cache/u_l2_uram/u_l2_uram/xpm_memory_base_inst/gen_wr_a.gen_word_narrow.mem_reg_uram_35_Cas_AddrA_1[18]
    URAM288_X0Y7         URAM288                                      r  pccx_v002_system_i/u_npu/inst/u_wrap/u_pccx_npu_top/u_mem_dispatcher/u_l2_cache/u_l2_uram/u_l2_uram/xpm_memory_base_inst/gen_wr_a.gen_word_narrow.mem_reg_uram_35/CAS_IN_ADDR_A[18]
  -------------------------------------------------------------------    -------------------

                         (clock clk_pl_0 rise edge)
                                                      0.000     0.000 r  
    PS8_X0Y0             PS8                          0.000     0.000 r  pccx_v002_system_i/zynq_ps/inst/PS8_i/PLCLK[0]
                         net (fo=1, routed)           0.181     0.181    pccx_v002_system_i/zynq_ps/inst/pl_clk_unbuffered[0]
    BUFG_PS_X0Y90        BUFG_PS (Prop_BUFG_PS_I_O)
                                                      0.035     0.216 r  pccx_v002_system_i/zynq_ps/inst/buffer_pl_clk_0.PL_CLK_0_BUFG/O
    X1Y1 (CLOCK_ROOT)    net (fo=82039, routed)       2.845     3.061    pccx_v002_system_i/u_npu/inst/u_wrap/u_pccx_npu_top/u_mem_dispatcher/u_l2_cache/u_l2_uram/u_l2_uram/xpm_memory_base_inst/clka
    URAM288_X0Y7         URAM288                                      r  pccx_v002_system_i/u_npu/inst/u_wrap/u_pccx_npu_top/u_mem_dispatcher/u_l2_cache/u_l2_uram/u_l2_uram/xpm_memory_base_inst/gen_wr_a.gen_word_narrow.mem_reg_uram_35/CLK

Slack:                    inf
  Source:                 pccx_v002_system_i/u_npu/inst/u_wrap/u_pccx_npu_top/u_mem_dispatcher/u_l2_cache/u_l2_uram/u_l2_uram/xpm_memory_base_inst/gen_wr_a.gen_word_narrow.mem_reg_uram_36/CAS_OUT_ADDR_A[18]
                            (internal pin)
  Destination:            pccx_v002_system_i/u_npu/inst/u_wrap/u_pccx_npu_top/u_mem_dispatcher/u_l2_cache/u_l2_uram/u_l2_uram/xpm_memory_base_inst/gen_wr_a.gen_word_narrow.mem_reg_uram_37/CAS_IN_ADDR_A[18]
                            (rising edge-triggered cell URAM288 clocked by clk_pl_0  {rise@0.000ns fall@5.000ns period=10.000ns})
  Path Group:             (none)
  Path Type:              Setup (Max at Slow Process Corner)
  Data Path Delay:        0.003ns  (logic 0.000ns (0.000%)  route 0.003ns (100.000%))
  Logic Levels:           0  
  Clock Uncertainty:      0.158ns  ((TSJ^2 + DJ^2)^1/2) / 2 + PE
    Total System Jitter     (TSJ):    0.050ns
    Discrete Jitter          (DJ):    0.312ns
    Phase Error              (PE):    0.000ns
  Clock Net Delay (Destination): 2.867ns (routing 1.538ns, distribution 1.329ns)

    Location             Delay type                Incr(ns)  Path(ns)    Netlist Resource(s)
  -------------------------------------------------------------------    -------------------
    URAM288_X0Y10        URAM288                      0.000     0.000 r  pccx_v002_system_i/u_npu/inst/u_wrap/u_pccx_npu_top/u_mem_dispatcher/u_l2_cache/u_l2_uram/u_l2_uram/xpm_memory_base_inst/gen_wr_a.gen_word_narrow.mem_reg_uram_36/CAS_OUT_ADDR_A[18]
                         net (fo=1, routed)           0.003     0.003    pccx_v002_system_i/u_npu/inst/u_wrap/u_pccx_npu_top/u_mem_dispatcher/u_l2_cache/u_l2_uram/u_l2_uram/xpm_memory_base_inst/gen_wr_a.gen_word_narrow.mem_reg_uram_37_Cas_AddrA_1[18]
    URAM288_X0Y11        URAM288                                      r  pccx_v002_system_i/u_npu/inst/u_wrap/u_pccx_npu_top/u_mem_dispatcher/u_l2_cache/u_l2_uram/u_l2_uram/xpm_memory_base_inst/gen_wr_a.gen_word_narrow.mem_reg_uram_37/CAS_IN_ADDR_A[18]
  -------------------------------------------------------------------    -------------------

                         (clock clk_pl_0 rise edge)
                                                      0.000     0.000 r  
    PS8_X0Y0             PS8                          0.000     0.000 r  pccx_v002_system_i/zynq_ps/inst/PS8_i/PLCLK[0]
                         net (fo=1, routed)           0.181     0.181    pccx_v002_system_i/zynq_ps/inst/pl_clk_unbuffered[0]
    BUFG_PS_X0Y90        BUFG_PS (Prop_BUFG_PS_I_O)
                                                      0.035     0.216 r  pccx_v002_system_i/zynq_ps/inst/buffer_pl_clk_0.PL_CLK_0_BUFG/O
    X1Y1 (CLOCK_ROOT)    net (fo=82039, routed)       2.867     3.083    pccx_v002_system_i/u_npu/inst/u_wrap/u_pccx_npu_top/u_mem_dispatcher/u_l2_cache/u_l2_uram/u_l2_uram/xpm_memory_base_inst/clka
    URAM288_X0Y11        URAM288                                      r  pccx_v002_system_i/u_npu/inst/u_wrap/u_pccx_npu_top/u_mem_dispatcher/u_l2_cache/u_l2_uram/u_l2_uram/xpm_memory_base_inst/gen_wr_a.gen_word_narrow.mem_reg_uram_37/CLK

Slack:                    inf
  Source:                 pccx_v002_system_i/u_npu/inst/u_wrap/u_pccx_npu_top/u_mem_dispatcher/u_l2_cache/u_l2_uram/u_l2_uram/xpm_memory_base_inst/gen_wr_a.gen_word_narrow.mem_reg_uram_4/CAS_OUT_ADDR_A[18]
                            (internal pin)
  Destination:            pccx_v002_system_i/u_npu/inst/u_wrap/u_pccx_npu_top/u_mem_dispatcher/u_l2_cache/u_l2_uram/u_l2_uram/xpm_memory_base_inst/gen_wr_a.gen_word_narrow.mem_reg_uram_5/CAS_IN_ADDR_A[18]
                            (rising edge-triggered cell URAM288 clocked by clk_pl_0  {rise@0.000ns fall@5.000ns period=10.000ns})
  Path Group:             (none)
  Path Type:              Setup (Max at Slow Process Corner)
  Data Path Delay:        0.003ns  (logic 0.000ns (0.000%)  route 0.003ns (100.000%))
  Logic Levels:           0  
  Clock Uncertainty:      0.158ns  ((TSJ^2 + DJ^2)^1/2) / 2 + PE
    Total System Jitter     (TSJ):    0.050ns
    Discrete Jitter          (DJ):    0.312ns
    Phase Error              (PE):    0.000ns
  Clock Net Delay (Destination): 2.906ns (routing 1.538ns, distribution 1.368ns)

    Location             Delay type                Incr(ns)  Path(ns)    Netlist Resource(s)
  -------------------------------------------------------------------    -------------------
    URAM288_X0Y46        URAM288                      0.000     0.000 r  pccx_v002_system_i/u_npu/inst/u_wrap/u_pccx_npu_top/u_mem_dispatcher/u_l2_cache/u_l2_uram/u_l2_uram/xpm_memory_base_inst/gen_wr_a.gen_word_narrow.mem_reg_uram_4/CAS_OUT_ADDR_A[18]
                         net (fo=1, routed)           0.003     0.003    pccx_v002_system_i/u_npu/inst/u_wrap/u_pccx_npu_top/u_mem_dispatcher/u_l2_cache/u_l2_uram/u_l2_uram/xpm_memory_base_inst/gen_wr_a.gen_word_narrow.mem_reg_uram_5_Cas_AddrA_1[18]
    URAM288_X0Y47        URAM288                                      r  pccx_v002_system_i/u_npu/inst/u_wrap/u_pccx_npu_top/u_mem_dispatcher/u_l2_cache/u_l2_uram/u_l2_uram/xpm_memory_base_inst/gen_wr_a.gen_word_narrow.mem_reg_uram_5/CAS_IN_ADDR_A[18]
  -------------------------------------------------------------------    -------------------

                         (clock clk_pl_0 rise edge)
                                                      0.000     0.000 r  
    PS8_X0Y0             PS8                          0.000     0.000 r  pccx_v002_system_i/zynq_ps/inst/PS8_i/PLCLK[0]
                         net (fo=1, routed)           0.181     0.181    pccx_v002_system_i/zynq_ps/inst/pl_clk_unbuffered[0]
    BUFG_PS_X0Y90        BUFG_PS (Prop_BUFG_PS_I_O)
                                                      0.035     0.216 r  pccx_v002_system_i/zynq_ps/inst/buffer_pl_clk_0.PL_CLK_0_BUFG/O
    X1Y1 (CLOCK_ROOT)    net (fo=82039, routed)       2.906     3.122    pccx_v002_system_i/u_npu/inst/u_wrap/u_pccx_npu_top/u_mem_dispatcher/u_l2_cache/u_l2_uram/u_l2_uram/xpm_memory_base_inst/clka
    URAM288_X0Y47        URAM288                                      r  pccx_v002_system_i/u_npu/inst/u_wrap/u_pccx_npu_top/u_mem_dispatcher/u_l2_cache/u_l2_uram/u_l2_uram/xpm_memory_base_inst/gen_wr_a.gen_word_narrow.mem_reg_uram_5/CLK

Slack:                    inf
  Source:                 pccx_v002_system_i/u_npu/inst/u_wrap/u_pccx_npu_top/u_mem_dispatcher/u_l2_cache/u_l2_uram/u_l2_uram/xpm_memory_base_inst/gen_wr_a.gen_word_narrow.mem_reg_uram_6/CAS_OUT_ADDR_A[18]
                            (internal pin)
  Destination:            pccx_v002_system_i/u_npu/inst/u_wrap/u_pccx_npu_top/u_mem_dispatcher/u_l2_cache/u_l2_uram/u_l2_uram/xpm_memory_base_inst/gen_wr_a.gen_word_narrow.mem_reg_uram_7/CAS_IN_ADDR_A[18]
                            (rising edge-triggered cell URAM288 clocked by clk_pl_0  {rise@0.000ns fall@5.000ns period=10.000ns})
  Path Group:             (none)
  Path Type:              Setup (Max at Slow Process Corner)
  Data Path Delay:        0.003ns  (logic 0.000ns (0.000%)  route 0.003ns (100.000%))
  Logic Levels:           0  
  Clock Uncertainty:      0.158ns  ((TSJ^2 + DJ^2)^1/2) / 2 + PE
    Total System Jitter     (TSJ):    0.050ns
    Discrete Jitter          (DJ):    0.312ns
    Phase Error              (PE):    0.000ns
  Clock Net Delay (Destination): 2.901ns (routing 1.538ns, distribution 1.363ns)

    Location             Delay type                Incr(ns)  Path(ns)    Netlist Resource(s)
  -------------------------------------------------------------------    -------------------
    URAM288_X0Y42        URAM288                      0.000     0.000 r  pccx_v002_system_i/u_npu/inst/u_wrap/u_pccx_npu_top/u_mem_dispatcher/u_l2_cache/u_l2_uram/u_l2_uram/xpm_memory_base_inst/gen_wr_a.gen_word_narrow.mem_reg_uram_6/CAS_OUT_ADDR_A[18]
                         net (fo=1, routed)           0.003     0.003    pccx_v002_system_i/u_npu/inst/u_wrap/u_pccx_npu_top/u_mem_dispatcher/u_l2_cache/u_l2_uram/u_l2_uram/xpm_memory_base_inst/gen_wr_a.gen_word_narrow.mem_reg_uram_7_Cas_AddrA_1[18]
    URAM288_X0Y43        URAM288                                      r  pccx_v002_system_i/u_npu/inst/u_wrap/u_pccx_npu_top/u_mem_dispatcher/u_l2_cache/u_l2_uram/u_l2_uram/xpm_memory_base_inst/gen_wr_a.gen_word_narrow.mem_reg_uram_7/CAS_IN_ADDR_A[18]
  -------------------------------------------------------------------    -------------------

                         (clock clk_pl_0 rise edge)
                                                      0.000     0.000 r  
    PS8_X0Y0             PS8                          0.000     0.000 r  pccx_v002_system_i/zynq_ps/inst/PS8_i/PLCLK[0]
                         net (fo=1, routed)           0.181     0.181    pccx_v002_system_i/zynq_ps/inst/pl_clk_unbuffered[0]
    BUFG_PS_X0Y90        BUFG_PS (Prop_BUFG_PS_I_O)
                                                      0.035     0.216 r  pccx_v002_system_i/zynq_ps/inst/buffer_pl_clk_0.PL_CLK_0_BUFG/O
    X1Y1 (CLOCK_ROOT)    net (fo=82039, routed)       2.901     3.117    pccx_v002_system_i/u_npu/inst/u_wrap/u_pccx_npu_top/u_mem_dispatcher/u_l2_cache/u_l2_uram/u_l2_uram/xpm_memory_base_inst/clka
    URAM288_X0Y43        URAM288                                      r  pccx_v002_system_i/u_npu/inst/u_wrap/u_pccx_npu_top/u_mem_dispatcher/u_l2_cache/u_l2_uram/u_l2_uram/xpm_memory_base_inst/gen_wr_a.gen_word_narrow.mem_reg_uram_7/CLK

Slack:                    inf
  Source:                 pccx_v002_system_i/u_npu/inst/u_wrap/u_pccx_npu_top/u_mem_dispatcher/u_l2_cache/u_l2_uram/u_l2_uram/xpm_memory_base_inst/gen_wr_a.gen_word_narrow.mem_reg_uram_8/CAS_OUT_ADDR_A[18]
                            (internal pin)
  Destination:            pccx_v002_system_i/u_npu/inst/u_wrap/u_pccx_npu_top/u_mem_dispatcher/u_l2_cache/u_l2_uram/u_l2_uram/xpm_memory_base_inst/gen_wr_a.gen_word_narrow.mem_reg_uram_9/CAS_IN_ADDR_A[18]
                            (rising edge-triggered cell URAM288 clocked by clk_pl_0  {rise@0.000ns fall@5.000ns period=10.000ns})
  Path Group:             (none)
  Path Type:              Setup (Max at Slow Process Corner)
  Data Path Delay:        0.003ns  (logic 0.000ns (0.000%)  route 0.003ns (100.000%))
  Logic Levels:           0  
  Clock Uncertainty:      0.158ns  ((TSJ^2 + DJ^2)^1/2) / 2 + PE
    Total System Jitter     (TSJ):    0.050ns
    Discrete Jitter          (DJ):    0.312ns
    Phase Error              (PE):    0.000ns
  Clock Net Delay (Destination): 2.890ns (routing 1.538ns, distribution 1.352ns)

    Location             Delay type                Incr(ns)  Path(ns)    Netlist Resource(s)
  -------------------------------------------------------------------    -------------------
    URAM288_X0Y54        URAM288                      0.000     0.000 r  pccx_v002_system_i/u_npu/inst/u_wrap/u_pccx_npu_top/u_mem_dispatcher/u_l2_cache/u_l2_uram/u_l2_uram/xpm_memory_base_inst/gen_wr_a.gen_word_narrow.mem_reg_uram_8/CAS_OUT_ADDR_A[18]
                         net (fo=1, routed)           0.003     0.003    pccx_v002_system_i/u_npu/inst/u_wrap/u_pccx_npu_top/u_mem_dispatcher/u_l2_cache/u_l2_uram/u_l2_uram/xpm_memory_base_inst/gen_wr_a.gen_word_narrow.mem_reg_uram_9_Cas_AddrA_1[18]
    URAM288_X0Y55        URAM288                                      r  pccx_v002_system_i/u_npu/inst/u_wrap/u_pccx_npu_top/u_mem_dispatcher/u_l2_cache/u_l2_uram/u_l2_uram/xpm_memory_base_inst/gen_wr_a.gen_word_narrow.mem_reg_uram_9/CAS_IN_ADDR_A[18]
  -------------------------------------------------------------------    -------------------

                         (clock clk_pl_0 rise edge)
                                                      0.000     0.000 r  
    PS8_X0Y0             PS8                          0.000     0.000 r  pccx_v002_system_i/zynq_ps/inst/PS8_i/PLCLK[0]
                         net (fo=1, routed)           0.181     0.181    pccx_v002_system_i/zynq_ps/inst/pl_clk_unbuffered[0]
    BUFG_PS_X0Y90        BUFG_PS (Prop_BUFG_PS_I_O)
                                                      0.035     0.216 r  pccx_v002_system_i/zynq_ps/inst/buffer_pl_clk_0.PL_CLK_0_BUFG/O
    X1Y1 (CLOCK_ROOT)    net (fo=82039, routed)       2.890     3.106    pccx_v002_system_i/u_npu/inst/u_wrap/u_pccx_npu_top/u_mem_dispatcher/u_l2_cache/u_l2_uram/u_l2_uram/xpm_memory_base_inst/clka
    URAM288_X0Y55        URAM288                                      r  pccx_v002_system_i/u_npu/inst/u_wrap/u_pccx_npu_top/u_mem_dispatcher/u_l2_cache/u_l2_uram/u_l2_uram/xpm_memory_base_inst/gen_wr_a.gen_word_narrow.mem_reg_uram_9/CLK

Slack:                    inf
  Source:                 pccx_v002_system_i/u_npu/inst/u_wrap/u_pccx_npu_top/u_mem_dispatcher/u_l2_cache/u_l2_uram/u_l2_uram/xpm_memory_base_inst/gen_wr_a.gen_word_narrow.mem_reg_uram_0/CAS_OUT_ADDR_A[20]
                            (internal pin)
  Destination:            pccx_v002_system_i/u_npu/inst/u_wrap/u_pccx_npu_top/u_mem_dispatcher/u_l2_cache/u_l2_uram/u_l2_uram/xpm_memory_base_inst/gen_wr_a.gen_word_narrow.mem_reg_uram_1/CAS_IN_ADDR_A[20]
                            (rising edge-triggered cell URAM288 clocked by clk_pl_0  {rise@0.000ns fall@5.000ns period=10.000ns})
  Path Group:             (none)
  Path Type:              Setup (Max at Slow Process Corner)
  Data Path Delay:        0.002ns  (logic 0.000ns (0.000%)  route 0.002ns (100.000%))
  Logic Levels:           0  
  Clock Uncertainty:      0.158ns  ((TSJ^2 + DJ^2)^1/2) / 2 + PE
    Total System Jitter     (TSJ):    0.050ns
    Discrete Jitter          (DJ):    0.312ns
    Phase Error              (PE):    0.000ns
  Clock Net Delay (Destination): 2.921ns (routing 1.538ns, distribution 1.383ns)

    Location             Delay type                Incr(ns)  Path(ns)    Netlist Resource(s)
  -------------------------------------------------------------------    -------------------
    URAM288_X0Y48        URAM288                      0.000     0.000 r  pccx_v002_system_i/u_npu/inst/u_wrap/u_pccx_npu_top/u_mem_dispatcher/u_l2_cache/u_l2_uram/u_l2_uram/xpm_memory_base_inst/gen_wr_a.gen_word_narrow.mem_reg_uram_0/CAS_OUT_ADDR_A[20]
                         net (fo=1, routed)           0.002     0.002    pccx_v002_system_i/u_npu/inst/u_wrap/u_pccx_npu_top/u_mem_dispatcher/u_l2_cache/u_l2_uram/u_l2_uram/xpm_memory_base_inst/gen_wr_a.gen_word_narrow.mem_reg_uram_1_Cas_AddrA_1[20]
    URAM288_X0Y49        URAM288                                      r  pccx_v002_system_i/u_npu/inst/u_wrap/u_pccx_npu_top/u_mem_dispatcher/u_l2_cache/u_l2_uram/u_l2_uram/xpm_memory_base_inst/gen_wr_a.gen_word_narrow.mem_reg_uram_1/CAS_IN_ADDR_A[20]
  -------------------------------------------------------------------    -------------------

                         (clock clk_pl_0 rise edge)
                                                      0.000     0.000 r  
    PS8_X0Y0             PS8                          0.000     0.000 r  pccx_v002_system_i/zynq_ps/inst/PS8_i/PLCLK[0]
                         net (fo=1, routed)           0.181     0.181    pccx_v002_system_i/zynq_ps/inst/pl_clk_unbuffered[0]
    BUFG_PS_X0Y90        BUFG_PS (Prop_BUFG_PS_I_O)
                                                      0.035     0.216 r  pccx_v002_system_i/zynq_ps/inst/buffer_pl_clk_0.PL_CLK_0_BUFG/O
    X1Y1 (CLOCK_ROOT)    net (fo=82039, routed)       2.921     3.137    pccx_v002_system_i/u_npu/inst/u_wrap/u_pccx_npu_top/u_mem_dispatcher/u_l2_cache/u_l2_uram/u_l2_uram/xpm_memory_base_inst/clka
    URAM288_X0Y49        URAM288                                      r  pccx_v002_system_i/u_npu/inst/u_wrap/u_pccx_npu_top/u_mem_dispatcher/u_l2_cache/u_l2_uram/u_l2_uram/xpm_memory_base_inst/gen_wr_a.gen_word_narrow.mem_reg_uram_1/CLK

Slack:                    inf
  Source:                 pccx_v002_system_i/u_npu/inst/u_wrap/u_pccx_npu_top/u_mem_dispatcher/u_l2_cache/u_l2_uram/u_l2_uram/xpm_memory_base_inst/gen_wr_a.gen_word_narrow.mem_reg_uram_0/CAS_OUT_ADDR_A[22]
                            (internal pin)
  Destination:            pccx_v002_system_i/u_npu/inst/u_wrap/u_pccx_npu_top/u_mem_dispatcher/u_l2_cache/u_l2_uram/u_l2_uram/xpm_memory_base_inst/gen_wr_a.gen_word_narrow.mem_reg_uram_1/CAS_IN_ADDR_A[22]
                            (rising edge-triggered cell URAM288 clocked by clk_pl_0  {rise@0.000ns fall@5.000ns period=10.000ns})
  Path Group:             (none)
  Path Type:              Setup (Max at Slow Process Corner)
  Data Path Delay:        0.002ns  (logic 0.000ns (0.000%)  route 0.002ns (100.000%))
  Logic Levels:           0  
  Clock Uncertainty:      0.158ns  ((TSJ^2 + DJ^2)^1/2) / 2 + PE
    Total System Jitter     (TSJ):    0.050ns
    Discrete Jitter          (DJ):    0.312ns
    Phase Error              (PE):    0.000ns
  Clock Net Delay (Destination): 2.921ns (routing 1.538ns, distribution 1.383ns)

    Location             Delay type                Incr(ns)  Path(ns)    Netlist Resource(s)
  -------------------------------------------------------------------    -------------------
    URAM288_X0Y48        URAM288                      0.000     0.000 r  pccx_v002_system_i/u_npu/inst/u_wrap/u_pccx_npu_top/u_mem_dispatcher/u_l2_cache/u_l2_uram/u_l2_uram/xpm_memory_base_inst/gen_wr_a.gen_word_narrow.mem_reg_uram_0/CAS_OUT_ADDR_A[22]
                         net (fo=1, routed)           0.002     0.002    pccx_v002_system_i/u_npu/inst/u_wrap/u_pccx_npu_top/u_mem_dispatcher/u_l2_cache/u_l2_uram/u_l2_uram/xpm_memory_base_inst/gen_wr_a.gen_word_narrow.mem_reg_uram_1_Cas_AddrA_1[22]
    URAM288_X0Y49        URAM288                                      r  pccx_v002_system_i/u_npu/inst/u_wrap/u_pccx_npu_top/u_mem_dispatcher/u_l2_cache/u_l2_uram/u_l2_uram/xpm_memory_base_inst/gen_wr_a.gen_word_narrow.mem_reg_uram_1/CAS_IN_ADDR_A[22]
  -------------------------------------------------------------------    -------------------

                         (clock clk_pl_0 rise edge)
                                                      0.000     0.000 r  
    PS8_X0Y0             PS8                          0.000     0.000 r  pccx_v002_system_i/zynq_ps/inst/PS8_i/PLCLK[0]
                         net (fo=1, routed)           0.181     0.181    pccx_v002_system_i/zynq_ps/inst/pl_clk_unbuffered[0]
    BUFG_PS_X0Y90        BUFG_PS (Prop_BUFG_PS_I_O)
                                                      0.035     0.216 r  pccx_v002_system_i/zynq_ps/inst/buffer_pl_clk_0.PL_CLK_0_BUFG/O
    X1Y1 (CLOCK_ROOT)    net (fo=82039, routed)       2.921     3.137    pccx_v002_system_i/u_npu/inst/u_wrap/u_pccx_npu_top/u_mem_dispatcher/u_l2_cache/u_l2_uram/u_l2_uram/xpm_memory_base_inst/clka
    URAM288_X0Y49        URAM288                                      r  pccx_v002_system_i/u_npu/inst/u_wrap/u_pccx_npu_top/u_mem_dispatcher/u_l2_cache/u_l2_uram/u_l2_uram/xpm_memory_base_inst/gen_wr_a.gen_word_narrow.mem_reg_uram_1/CLK

Slack:                    inf
  Source:                 pccx_v002_system_i/u_npu/inst/u_wrap/u_pccx_npu_top/u_mem_dispatcher/u_l2_cache/u_l2_uram/u_l2_uram/xpm_memory_base_inst/gen_wr_a.gen_word_narrow.mem_reg_uram_0/CAS_OUT_ADDR_B[18]
                            (internal pin)
  Destination:            pccx_v002_system_i/u_npu/inst/u_wrap/u_pccx_npu_top/u_mem_dispatcher/u_l2_cache/u_l2_uram/u_l2_uram/xpm_memory_base_inst/gen_wr_a.gen_word_narrow.mem_reg_uram_1/CAS_IN_ADDR_B[18]
                            (rising edge-triggered cell URAM288 clocked by clk_pl_0  {rise@0.000ns fall@5.000ns period=10.000ns})
  Path Group:             (none)
  Path Type:              Setup (Max at Slow Process Corner)
  Data Path Delay:        0.002ns  (logic 0.000ns (0.000%)  route 0.002ns (100.000%))
  Logic Levels:           0  
  Clock Uncertainty:      0.158ns  ((TSJ^2 + DJ^2)^1/2) / 2 + PE
    Total System Jitter     (TSJ):    0.050ns
    Discrete Jitter          (DJ):    0.312ns
    Phase Error              (PE):    0.000ns
  Clock Net Delay (Destination): 2.921ns (routing 1.538ns, distribution 1.383ns)

    Location             Delay type                Incr(ns)  Path(ns)    Netlist Resource(s)
  -------------------------------------------------------------------    -------------------
    URAM288_X0Y48        URAM288                      0.000     0.000 r  pccx_v002_system_i/u_npu/inst/u_wrap/u_pccx_npu_top/u_mem_dispatcher/u_l2_cache/u_l2_uram/u_l2_uram/xpm_memory_base_inst/gen_wr_a.gen_word_narrow.mem_reg_uram_0/CAS_OUT_ADDR_B[18]
                         net (fo=1, routed)           0.002     0.002    pccx_v002_system_i/u_npu/inst/u_wrap/u_pccx_npu_top/u_mem_dispatcher/u_l2_cache/u_l2_uram/u_l2_uram/xpm_memory_base_inst/gen_wr_a.gen_word_narrow.mem_reg_uram_1_Cas_AddrB_1[18]
    URAM288_X0Y49        URAM288                                      r  pccx_v002_system_i/u_npu/inst/u_wrap/u_pccx_npu_top/u_mem_dispatcher/u_l2_cache/u_l2_uram/u_l2_uram/xpm_memory_base_inst/gen_wr_a.gen_word_narrow.mem_reg_uram_1/CAS_IN_ADDR_B[18]
  -------------------------------------------------------------------    -------------------

                         (clock clk_pl_0 rise edge)
                                                      0.000     0.000 r  
    PS8_X0Y0             PS8                          0.000     0.000 r  pccx_v002_system_i/zynq_ps/inst/PS8_i/PLCLK[0]
                         net (fo=1, routed)           0.181     0.181    pccx_v002_system_i/zynq_ps/inst/pl_clk_unbuffered[0]
    BUFG_PS_X0Y90        BUFG_PS (Prop_BUFG_PS_I_O)
                                                      0.035     0.216 r  pccx_v002_system_i/zynq_ps/inst/buffer_pl_clk_0.PL_CLK_0_BUFG/O
    X1Y1 (CLOCK_ROOT)    net (fo=82039, routed)       2.921     3.137    pccx_v002_system_i/u_npu/inst/u_wrap/u_pccx_npu_top/u_mem_dispatcher/u_l2_cache/u_l2_uram/u_l2_uram/xpm_memory_base_inst/clka
    URAM288_X0Y49        URAM288                                      r  pccx_v002_system_i/u_npu/inst/u_wrap/u_pccx_npu_top/u_mem_dispatcher/u_l2_cache/u_l2_uram/u_l2_uram/xpm_memory_base_inst/gen_wr_a.gen_word_narrow.mem_reg_uram_1/CLK

Slack:                    inf
  Source:                 pccx_v002_system_i/u_npu/inst/u_wrap/u_pccx_npu_top/u_mem_dispatcher/u_l2_cache/u_l2_uram/u_l2_uram/xpm_memory_base_inst/gen_wr_a.gen_word_narrow.mem_reg_uram_0/CAS_OUT_ADDR_B[20]
                            (internal pin)
  Destination:            pccx_v002_system_i/u_npu/inst/u_wrap/u_pccx_npu_top/u_mem_dispatcher/u_l2_cache/u_l2_uram/u_l2_uram/xpm_memory_base_inst/gen_wr_a.gen_word_narrow.mem_reg_uram_1/CAS_IN_ADDR_B[20]
                            (rising edge-triggered cell URAM288 clocked by clk_pl_0  {rise@0.000ns fall@5.000ns period=10.000ns})
  Path Group:             (none)
  Path Type:              Setup (Max at Slow Process Corner)
  Data Path Delay:        0.002ns  (logic 0.000ns (0.000%)  route 0.002ns (100.000%))
  Logic Levels:           0  
  Clock Uncertainty:      0.158ns  ((TSJ^2 + DJ^2)^1/2) / 2 + PE
    Total System Jitter     (TSJ):    0.050ns
    Discrete Jitter          (DJ):    0.312ns
    Phase Error              (PE):    0.000ns
  Clock Net Delay (Destination): 2.921ns (routing 1.538ns, distribution 1.383ns)

    Location             Delay type                Incr(ns)  Path(ns)    Netlist Resource(s)
  -------------------------------------------------------------------    -------------------
    URAM288_X0Y48        URAM288                      0.000     0.000 r  pccx_v002_system_i/u_npu/inst/u_wrap/u_pccx_npu_top/u_mem_dispatcher/u_l2_cache/u_l2_uram/u_l2_uram/xpm_memory_base_inst/gen_wr_a.gen_word_narrow.mem_reg_uram_0/CAS_OUT_ADDR_B[20]
                         net (fo=1, routed)           0.002     0.002    pccx_v002_system_i/u_npu/inst/u_wrap/u_pccx_npu_top/u_mem_dispatcher/u_l2_cache/u_l2_uram/u_l2_uram/xpm_memory_base_inst/gen_wr_a.gen_word_narrow.mem_reg_uram_1_Cas_AddrB_1[20]
    URAM288_X0Y49        URAM288                                      r  pccx_v002_system_i/u_npu/inst/u_wrap/u_pccx_npu_top/u_mem_dispatcher/u_l2_cache/u_l2_uram/u_l2_uram/xpm_memory_base_inst/gen_wr_a.gen_word_narrow.mem_reg_uram_1/CAS_IN_ADDR_B[20]
  -------------------------------------------------------------------    -------------------

                         (clock clk_pl_0 rise edge)
                                                      0.000     0.000 r  
    PS8_X0Y0             PS8                          0.000     0.000 r  pccx_v002_system_i/zynq_ps/inst/PS8_i/PLCLK[0]
                         net (fo=1, routed)           0.181     0.181    pccx_v002_system_i/zynq_ps/inst/pl_clk_unbuffered[0]
    BUFG_PS_X0Y90        BUFG_PS (Prop_BUFG_PS_I_O)
                                                      0.035     0.216 r  pccx_v002_system_i/zynq_ps/inst/buffer_pl_clk_0.PL_CLK_0_BUFG/O
    X1Y1 (CLOCK_ROOT)    net (fo=82039, routed)       2.921     3.137    pccx_v002_system_i/u_npu/inst/u_wrap/u_pccx_npu_top/u_mem_dispatcher/u_l2_cache/u_l2_uram/u_l2_uram/xpm_memory_base_inst/clka
    URAM288_X0Y49        URAM288                                      r  pccx_v002_system_i/u_npu/inst/u_wrap/u_pccx_npu_top/u_mem_dispatcher/u_l2_cache/u_l2_uram/u_l2_uram/xpm_memory_base_inst/gen_wr_a.gen_word_narrow.mem_reg_uram_1/CLK

Slack:                    inf
  Source:                 pccx_v002_system_i/u_npu/inst/u_wrap/u_pccx_npu_top/u_mem_dispatcher/u_l2_cache/u_l2_uram/u_l2_uram/xpm_memory_base_inst/gen_wr_a.gen_word_narrow.mem_reg_uram_0/CAS_OUT_ADDR_B[22]
                            (internal pin)
  Destination:            pccx_v002_system_i/u_npu/inst/u_wrap/u_pccx_npu_top/u_mem_dispatcher/u_l2_cache/u_l2_uram/u_l2_uram/xpm_memory_base_inst/gen_wr_a.gen_word_narrow.mem_reg_uram_1/CAS_IN_ADDR_B[22]
                            (rising edge-triggered cell URAM288 clocked by clk_pl_0  {rise@0.000ns fall@5.000ns period=10.000ns})
  Path Group:             (none)
  Path Type:              Setup (Max at Slow Process Corner)
  Data Path Delay:        0.002ns  (logic 0.000ns (0.000%)  route 0.002ns (100.000%))
  Logic Levels:           0  
  Clock Uncertainty:      0.158ns  ((TSJ^2 + DJ^2)^1/2) / 2 + PE
    Total System Jitter     (TSJ):    0.050ns
    Discrete Jitter          (DJ):    0.312ns
    Phase Error              (PE):    0.000ns
  Clock Net Delay (Destination): 2.921ns (routing 1.538ns, distribution 1.383ns)

    Location             Delay type                Incr(ns)  Path(ns)    Netlist Resource(s)
  -------------------------------------------------------------------    -------------------
    URAM288_X0Y48        URAM288                      0.000     0.000 r  pccx_v002_system_i/u_npu/inst/u_wrap/u_pccx_npu_top/u_mem_dispatcher/u_l2_cache/u_l2_uram/u_l2_uram/xpm_memory_base_inst/gen_wr_a.gen_word_narrow.mem_reg_uram_0/CAS_OUT_ADDR_B[22]
                         net (fo=1, routed)           0.002     0.002    pccx_v002_system_i/u_npu/inst/u_wrap/u_pccx_npu_top/u_mem_dispatcher/u_l2_cache/u_l2_uram/u_l2_uram/xpm_memory_base_inst/gen_wr_a.gen_word_narrow.mem_reg_uram_1_Cas_AddrB_1[22]
    URAM288_X0Y49        URAM288                                      r  pccx_v002_system_i/u_npu/inst/u_wrap/u_pccx_npu_top/u_mem_dispatcher/u_l2_cache/u_l2_uram/u_l2_uram/xpm_memory_base_inst/gen_wr_a.gen_word_narrow.mem_reg_uram_1/CAS_IN_ADDR_B[22]
  -------------------------------------------------------------------    -------------------

                         (clock clk_pl_0 rise edge)
                                                      0.000     0.000 r  
    PS8_X0Y0             PS8                          0.000     0.000 r  pccx_v002_system_i/zynq_ps/inst/PS8_i/PLCLK[0]
                         net (fo=1, routed)           0.181     0.181    pccx_v002_system_i/zynq_ps/inst/pl_clk_unbuffered[0]
    BUFG_PS_X0Y90        BUFG_PS (Prop_BUFG_PS_I_O)
                                                      0.035     0.216 r  pccx_v002_system_i/zynq_ps/inst/buffer_pl_clk_0.PL_CLK_0_BUFG/O
    X1Y1 (CLOCK_ROOT)    net (fo=82039, routed)       2.921     3.137    pccx_v002_system_i/u_npu/inst/u_wrap/u_pccx_npu_top/u_mem_dispatcher/u_l2_cache/u_l2_uram/u_l2_uram/xpm_memory_base_inst/clka
    URAM288_X0Y49        URAM288                                      r  pccx_v002_system_i/u_npu/inst/u_wrap/u_pccx_npu_top/u_mem_dispatcher/u_l2_cache/u_l2_uram/u_l2_uram/xpm_memory_base_inst/gen_wr_a.gen_word_narrow.mem_reg_uram_1/CLK

Slack:                    inf
  Source:                 pccx_v002_system_i/u_npu/inst/u_wrap/u_pccx_npu_top/u_mem_dispatcher/u_l2_cache/u_l2_uram/u_l2_uram/xpm_memory_base_inst/gen_wr_a.gen_word_narrow.mem_reg_uram_28/CAS_OUT_ADDR_A[20]
                            (internal pin)
  Destination:            pccx_v002_system_i/u_npu/inst/u_wrap/u_pccx_npu_top/u_mem_dispatcher/u_l2_cache/u_l2_uram/u_l2_uram/xpm_memory_base_inst/gen_wr_a.gen_word_narrow.mem_reg_uram_29/CAS_IN_ADDR_A[20]
                            (rising edge-triggered cell URAM288 clocked by clk_pl_0  {rise@0.000ns fall@5.000ns period=10.000ns})
  Path Group:             (none)
  Path Type:              Setup (Max at Slow Process Corner)
  Data Path Delay:        0.002ns  (logic 0.000ns (0.000%)  route 0.002ns (100.000%))
  Logic Levels:           0  
  Clock Uncertainty:      0.158ns  ((TSJ^2 + DJ^2)^1/2) / 2 + PE
    Total System Jitter     (TSJ):    0.050ns
    Discrete Jitter          (DJ):    0.312ns
    Phase Error              (PE):    0.000ns
  Clock Net Delay (Destination): 2.866ns (routing 1.538ns, distribution 1.328ns)

    Location             Delay type                Incr(ns)  Path(ns)    Netlist Resource(s)
  -------------------------------------------------------------------    -------------------
    URAM288_X0Y4         URAM288                      0.000     0.000 r  pccx_v002_system_i/u_npu/inst/u_wrap/u_pccx_npu_top/u_mem_dispatcher/u_l2_cache/u_l2_uram/u_l2_uram/xpm_memory_base_inst/gen_wr_a.gen_word_narrow.mem_reg_uram_28/CAS_OUT_ADDR_A[20]
                         net (fo=1, routed)           0.002     0.002    pccx_v002_system_i/u_npu/inst/u_wrap/u_pccx_npu_top/u_mem_dispatcher/u_l2_cache/u_l2_uram/u_l2_uram/xpm_memory_base_inst/gen_wr_a.gen_word_narrow.mem_reg_uram_29_Cas_AddrA_1[20]
    URAM288_X0Y5         URAM288                                      r  pccx_v002_system_i/u_npu/inst/u_wrap/u_pccx_npu_top/u_mem_dispatcher/u_l2_cache/u_l2_uram/u_l2_uram/xpm_memory_base_inst/gen_wr_a.gen_word_narrow.mem_reg_uram_29/CAS_IN_ADDR_A[20]
  -------------------------------------------------------------------    -------------------

                         (clock clk_pl_0 rise edge)
                                                      0.000     0.000 r  
    PS8_X0Y0             PS8                          0.000     0.000 r  pccx_v002_system_i/zynq_ps/inst/PS8_i/PLCLK[0]
                         net (fo=1, routed)           0.181     0.181    pccx_v002_system_i/zynq_ps/inst/pl_clk_unbuffered[0]
    BUFG_PS_X0Y90        BUFG_PS (Prop_BUFG_PS_I_O)
                                                      0.035     0.216 r  pccx_v002_system_i/zynq_ps/inst/buffer_pl_clk_0.PL_CLK_0_BUFG/O
    X1Y1 (CLOCK_ROOT)    net (fo=82039, routed)       2.866     3.082    pccx_v002_system_i/u_npu/inst/u_wrap/u_pccx_npu_top/u_mem_dispatcher/u_l2_cache/u_l2_uram/u_l2_uram/xpm_memory_base_inst/clka
    URAM288_X0Y5         URAM288                                      r  pccx_v002_system_i/u_npu/inst/u_wrap/u_pccx_npu_top/u_mem_dispatcher/u_l2_cache/u_l2_uram/u_l2_uram/xpm_memory_base_inst/gen_wr_a.gen_word_narrow.mem_reg_uram_29/CLK

Slack:                    inf
  Source:                 pccx_v002_system_i/u_npu/inst/u_wrap/u_pccx_npu_top/u_mem_dispatcher/u_l2_cache/u_l2_uram/u_l2_uram/xpm_memory_base_inst/gen_wr_a.gen_word_narrow.mem_reg_uram_28/CAS_OUT_ADDR_A[22]
                            (internal pin)
  Destination:            pccx_v002_system_i/u_npu/inst/u_wrap/u_pccx_npu_top/u_mem_dispatcher/u_l2_cache/u_l2_uram/u_l2_uram/xpm_memory_base_inst/gen_wr_a.gen_word_narrow.mem_reg_uram_29/CAS_IN_ADDR_A[22]
                            (rising edge-triggered cell URAM288 clocked by clk_pl_0  {rise@0.000ns fall@5.000ns period=10.000ns})
  Path Group:             (none)
  Path Type:              Setup (Max at Slow Process Corner)
  Data Path Delay:        0.002ns  (logic 0.000ns (0.000%)  route 0.002ns (100.000%))
  Logic Levels:           0  
  Clock Uncertainty:      0.158ns  ((TSJ^2 + DJ^2)^1/2) / 2 + PE
    Total System Jitter     (TSJ):    0.050ns
    Discrete Jitter          (DJ):    0.312ns
    Phase Error              (PE):    0.000ns
  Clock Net Delay (Destination): 2.866ns (routing 1.538ns, distribution 1.328ns)

    Location             Delay type                Incr(ns)  Path(ns)    Netlist Resource(s)
  -------------------------------------------------------------------    -------------------
    URAM288_X0Y4         URAM288                      0.000     0.000 r  pccx_v002_system_i/u_npu/inst/u_wrap/u_pccx_npu_top/u_mem_dispatcher/u_l2_cache/u_l2_uram/u_l2_uram/xpm_memory_base_inst/gen_wr_a.gen_word_narrow.mem_reg_uram_28/CAS_OUT_ADDR_A[22]
                         net (fo=1, routed)           0.002     0.002    pccx_v002_system_i/u_npu/inst/u_wrap/u_pccx_npu_top/u_mem_dispatcher/u_l2_cache/u_l2_uram/u_l2_uram/xpm_memory_base_inst/gen_wr_a.gen_word_narrow.mem_reg_uram_29_Cas_AddrA_1[22]
    URAM288_X0Y5         URAM288                                      r  pccx_v002_system_i/u_npu/inst/u_wrap/u_pccx_npu_top/u_mem_dispatcher/u_l2_cache/u_l2_uram/u_l2_uram/xpm_memory_base_inst/gen_wr_a.gen_word_narrow.mem_reg_uram_29/CAS_IN_ADDR_A[22]
  -------------------------------------------------------------------    -------------------

                         (clock clk_pl_0 rise edge)
                                                      0.000     0.000 r  
    PS8_X0Y0             PS8                          0.000     0.000 r  pccx_v002_system_i/zynq_ps/inst/PS8_i/PLCLK[0]
                         net (fo=1, routed)           0.181     0.181    pccx_v002_system_i/zynq_ps/inst/pl_clk_unbuffered[0]
    BUFG_PS_X0Y90        BUFG_PS (Prop_BUFG_PS_I_O)
                                                      0.035     0.216 r  pccx_v002_system_i/zynq_ps/inst/buffer_pl_clk_0.PL_CLK_0_BUFG/O
    X1Y1 (CLOCK_ROOT)    net (fo=82039, routed)       2.866     3.082    pccx_v002_system_i/u_npu/inst/u_wrap/u_pccx_npu_top/u_mem_dispatcher/u_l2_cache/u_l2_uram/u_l2_uram/xpm_memory_base_inst/clka
    URAM288_X0Y5         URAM288                                      r  pccx_v002_system_i/u_npu/inst/u_wrap/u_pccx_npu_top/u_mem_dispatcher/u_l2_cache/u_l2_uram/u_l2_uram/xpm_memory_base_inst/gen_wr_a.gen_word_narrow.mem_reg_uram_29/CLK

Slack:                    inf
  Source:                 pccx_v002_system_i/u_npu/inst/u_wrap/u_pccx_npu_top/u_mem_dispatcher/u_l2_cache/u_l2_uram/u_l2_uram/xpm_memory_base_inst/gen_wr_a.gen_word_narrow.mem_reg_uram_28/CAS_OUT_ADDR_B[18]
                            (internal pin)
  Destination:            pccx_v002_system_i/u_npu/inst/u_wrap/u_pccx_npu_top/u_mem_dispatcher/u_l2_cache/u_l2_uram/u_l2_uram/xpm_memory_base_inst/gen_wr_a.gen_word_narrow.mem_reg_uram_29/CAS_IN_ADDR_B[18]
                            (rising edge-triggered cell URAM288 clocked by clk_pl_0  {rise@0.000ns fall@5.000ns period=10.000ns})
  Path Group:             (none)
  Path Type:              Setup (Max at Slow Process Corner)
  Data Path Delay:        0.002ns  (logic 0.000ns (0.000%)  route 0.002ns (100.000%))
  Logic Levels:           0  
  Clock Uncertainty:      0.158ns  ((TSJ^2 + DJ^2)^1/2) / 2 + PE
    Total System Jitter     (TSJ):    0.050ns
    Discrete Jitter          (DJ):    0.312ns
    Phase Error              (PE):    0.000ns
  Clock Net Delay (Destination): 2.866ns (routing 1.538ns, distribution 1.328ns)

    Location             Delay type                Incr(ns)  Path(ns)    Netlist Resource(s)
  -------------------------------------------------------------------    -------------------
    URAM288_X0Y4         URAM288                      0.000     0.000 r  pccx_v002_system_i/u_npu/inst/u_wrap/u_pccx_npu_top/u_mem_dispatcher/u_l2_cache/u_l2_uram/u_l2_uram/xpm_memory_base_inst/gen_wr_a.gen_word_narrow.mem_reg_uram_28/CAS_OUT_ADDR_B[18]
                         net (fo=1, routed)           0.002     0.002    pccx_v002_system_i/u_npu/inst/u_wrap/u_pccx_npu_top/u_mem_dispatcher/u_l2_cache/u_l2_uram/u_l2_uram/xpm_memory_base_inst/gen_wr_a.gen_word_narrow.mem_reg_uram_29_Cas_AddrB_1[18]
    URAM288_X0Y5         URAM288                                      r  pccx_v002_system_i/u_npu/inst/u_wrap/u_pccx_npu_top/u_mem_dispatcher/u_l2_cache/u_l2_uram/u_l2_uram/xpm_memory_base_inst/gen_wr_a.gen_word_narrow.mem_reg_uram_29/CAS_IN_ADDR_B[18]
  -------------------------------------------------------------------    -------------------

                         (clock clk_pl_0 rise edge)
                                                      0.000     0.000 r  
    PS8_X0Y0             PS8                          0.000     0.000 r  pccx_v002_system_i/zynq_ps/inst/PS8_i/PLCLK[0]
                         net (fo=1, routed)           0.181     0.181    pccx_v002_system_i/zynq_ps/inst/pl_clk_unbuffered[0]
    BUFG_PS_X0Y90        BUFG_PS (Prop_BUFG_PS_I_O)
                                                      0.035     0.216 r  pccx_v002_system_i/zynq_ps/inst/buffer_pl_clk_0.PL_CLK_0_BUFG/O
    X1Y1 (CLOCK_ROOT)    net (fo=82039, routed)       2.866     3.082    pccx_v002_system_i/u_npu/inst/u_wrap/u_pccx_npu_top/u_mem_dispatcher/u_l2_cache/u_l2_uram/u_l2_uram/xpm_memory_base_inst/clka
    URAM288_X0Y5         URAM288                                      r  pccx_v002_system_i/u_npu/inst/u_wrap/u_pccx_npu_top/u_mem_dispatcher/u_l2_cache/u_l2_uram/u_l2_uram/xpm_memory_base_inst/gen_wr_a.gen_word_narrow.mem_reg_uram_29/CLK

Slack:                    inf
  Source:                 pccx_v002_system_i/u_npu/inst/u_wrap/u_pccx_npu_top/u_mem_dispatcher/u_l2_cache/u_l2_uram/u_l2_uram/xpm_memory_base_inst/gen_wr_a.gen_word_narrow.mem_reg_uram_28/CAS_OUT_ADDR_B[20]
                            (internal pin)
  Destination:            pccx_v002_system_i/u_npu/inst/u_wrap/u_pccx_npu_top/u_mem_dispatcher/u_l2_cache/u_l2_uram/u_l2_uram/xpm_memory_base_inst/gen_wr_a.gen_word_narrow.mem_reg_uram_29/CAS_IN_ADDR_B[20]
                            (rising edge-triggered cell URAM288 clocked by clk_pl_0  {rise@0.000ns fall@5.000ns period=10.000ns})
  Path Group:             (none)
  Path Type:              Setup (Max at Slow Process Corner)
  Data Path Delay:        0.002ns  (logic 0.000ns (0.000%)  route 0.002ns (100.000%))
  Logic Levels:           0  
  Clock Uncertainty:      0.158ns  ((TSJ^2 + DJ^2)^1/2) / 2 + PE
    Total System Jitter     (TSJ):    0.050ns
    Discrete Jitter          (DJ):    0.312ns
    Phase Error              (PE):    0.000ns
  Clock Net Delay (Destination): 2.866ns (routing 1.538ns, distribution 1.328ns)

    Location             Delay type                Incr(ns)  Path(ns)    Netlist Resource(s)
  -------------------------------------------------------------------    -------------------
    URAM288_X0Y4         URAM288                      0.000     0.000 r  pccx_v002_system_i/u_npu/inst/u_wrap/u_pccx_npu_top/u_mem_dispatcher/u_l2_cache/u_l2_uram/u_l2_uram/xpm_memory_base_inst/gen_wr_a.gen_word_narrow.mem_reg_uram_28/CAS_OUT_ADDR_B[20]
                         net (fo=1, routed)           0.002     0.002    pccx_v002_system_i/u_npu/inst/u_wrap/u_pccx_npu_top/u_mem_dispatcher/u_l2_cache/u_l2_uram/u_l2_uram/xpm_memory_base_inst/gen_wr_a.gen_word_narrow.mem_reg_uram_29_Cas_AddrB_1[20]
    URAM288_X0Y5         URAM288                                      r  pccx_v002_system_i/u_npu/inst/u_wrap/u_pccx_npu_top/u_mem_dispatcher/u_l2_cache/u_l2_uram/u_l2_uram/xpm_memory_base_inst/gen_wr_a.gen_word_narrow.mem_reg_uram_29/CAS_IN_ADDR_B[20]
  -------------------------------------------------------------------    -------------------

                         (clock clk_pl_0 rise edge)
                                                      0.000     0.000 r  
    PS8_X0Y0             PS8                          0.000     0.000 r  pccx_v002_system_i/zynq_ps/inst/PS8_i/PLCLK[0]
                         net (fo=1, routed)           0.181     0.181    pccx_v002_system_i/zynq_ps/inst/pl_clk_unbuffered[0]
    BUFG_PS_X0Y90        BUFG_PS (Prop_BUFG_PS_I_O)
                                                      0.035     0.216 r  pccx_v002_system_i/zynq_ps/inst/buffer_pl_clk_0.PL_CLK_0_BUFG/O
    X1Y1 (CLOCK_ROOT)    net (fo=82039, routed)       2.866     3.082    pccx_v002_system_i/u_npu/inst/u_wrap/u_pccx_npu_top/u_mem_dispatcher/u_l2_cache/u_l2_uram/u_l2_uram/xpm_memory_base_inst/clka
    URAM288_X0Y5         URAM288                                      r  pccx_v002_system_i/u_npu/inst/u_wrap/u_pccx_npu_top/u_mem_dispatcher/u_l2_cache/u_l2_uram/u_l2_uram/xpm_memory_base_inst/gen_wr_a.gen_word_narrow.mem_reg_uram_29/CLK

Slack:                    inf
  Source:                 pccx_v002_system_i/u_npu/inst/u_wrap/u_pccx_npu_top/u_mem_dispatcher/u_l2_cache/u_l2_uram/u_l2_uram/xpm_memory_base_inst/gen_wr_a.gen_word_narrow.mem_reg_uram_28/CAS_OUT_ADDR_B[22]
                            (internal pin)
  Destination:            pccx_v002_system_i/u_npu/inst/u_wrap/u_pccx_npu_top/u_mem_dispatcher/u_l2_cache/u_l2_uram/u_l2_uram/xpm_memory_base_inst/gen_wr_a.gen_word_narrow.mem_reg_uram_29/CAS_IN_ADDR_B[22]
                            (rising edge-triggered cell URAM288 clocked by clk_pl_0  {rise@0.000ns fall@5.000ns period=10.000ns})
  Path Group:             (none)
  Path Type:              Setup (Max at Slow Process Corner)
  Data Path Delay:        0.002ns  (logic 0.000ns (0.000%)  route 0.002ns (100.000%))
  Logic Levels:           0  
  Clock Uncertainty:      0.158ns  ((TSJ^2 + DJ^2)^1/2) / 2 + PE
    Total System Jitter     (TSJ):    0.050ns
    Discrete Jitter          (DJ):    0.312ns
    Phase Error              (PE):    0.000ns
  Clock Net Delay (Destination): 2.866ns (routing 1.538ns, distribution 1.328ns)

    Location             Delay type                Incr(ns)  Path(ns)    Netlist Resource(s)
  -------------------------------------------------------------------    -------------------
    URAM288_X0Y4         URAM288                      0.000     0.000 r  pccx_v002_system_i/u_npu/inst/u_wrap/u_pccx_npu_top/u_mem_dispatcher/u_l2_cache/u_l2_uram/u_l2_uram/xpm_memory_base_inst/gen_wr_a.gen_word_narrow.mem_reg_uram_28/CAS_OUT_ADDR_B[22]
                         net (fo=1, routed)           0.002     0.002    pccx_v002_system_i/u_npu/inst/u_wrap/u_pccx_npu_top/u_mem_dispatcher/u_l2_cache/u_l2_uram/u_l2_uram/xpm_memory_base_inst/gen_wr_a.gen_word_narrow.mem_reg_uram_29_Cas_AddrB_1[22]
    URAM288_X0Y5         URAM288                                      r  pccx_v002_system_i/u_npu/inst/u_wrap/u_pccx_npu_top/u_mem_dispatcher/u_l2_cache/u_l2_uram/u_l2_uram/xpm_memory_base_inst/gen_wr_a.gen_word_narrow.mem_reg_uram_29/CAS_IN_ADDR_B[22]
  -------------------------------------------------------------------    -------------------

                         (clock clk_pl_0 rise edge)
                                                      0.000     0.000 r  
    PS8_X0Y0             PS8                          0.000     0.000 r  pccx_v002_system_i/zynq_ps/inst/PS8_i/PLCLK[0]
                         net (fo=1, routed)           0.181     0.181    pccx_v002_system_i/zynq_ps/inst/pl_clk_unbuffered[0]
    BUFG_PS_X0Y90        BUFG_PS (Prop_BUFG_PS_I_O)
                                                      0.035     0.216 r  pccx_v002_system_i/zynq_ps/inst/buffer_pl_clk_0.PL_CLK_0_BUFG/O
    X1Y1 (CLOCK_ROOT)    net (fo=82039, routed)       2.866     3.082    pccx_v002_system_i/u_npu/inst/u_wrap/u_pccx_npu_top/u_mem_dispatcher/u_l2_cache/u_l2_uram/u_l2_uram/xpm_memory_base_inst/clka
    URAM288_X0Y5         URAM288                                      r  pccx_v002_system_i/u_npu/inst/u_wrap/u_pccx_npu_top/u_mem_dispatcher/u_l2_cache/u_l2_uram/u_l2_uram/xpm_memory_base_inst/gen_wr_a.gen_word_narrow.mem_reg_uram_29/CLK





Min Delay Paths
--------------------------------------------------------------------------------------
Slack:                    inf
  Source:                 pccx_v002_system_i/u_npu/inst/u_wrap/u_pccx_npu_top/u_mem_dispatcher/u_l2_cache/u_l2_uram/u_l2_uram/xpm_memory_base_inst/gen_wr_a.gen_word_narrow.mem_reg_uram_0/CAS_OUT_ADDR_B[19]
                            (internal pin)
  Destination:            pccx_v002_system_i/u_npu/inst/u_wrap/u_pccx_npu_top/u_mem_dispatcher/u_l2_cache/u_l2_uram/u_l2_uram/xpm_memory_base_inst/gen_wr_a.gen_word_narrow.mem_reg_uram_1/CAS_IN_ADDR_B[19]
                            (rising edge-triggered cell URAM288 clocked by clk_pl_0  {rise@0.000ns fall@5.000ns period=10.000ns})
  Path Group:             (none)
  Path Type:              Hold (Min at Slow Process Corner)
  Data Path Delay:        0.000ns  (logic 0.000ns (0.000%)  route 0.000ns (0.000%))
  Logic Levels:           0  
  Clock Uncertainty:      0.158ns  ((TSJ^2 + DJ^2)^1/2) / 2 + PE
    Total System Jitter     (TSJ):    0.050ns
    Discrete Jitter          (DJ):    0.312ns
    Phase Error              (PE):    0.000ns
  Clock Net Delay (Destination): 3.245ns (routing 1.681ns, distribution 1.564ns)

    Location             Delay type                Incr(ns)  Path(ns)    Netlist Resource(s)
  -------------------------------------------------------------------    -------------------
    URAM288_X0Y48        URAM288                      0.000     0.000 r  pccx_v002_system_i/u_npu/inst/u_wrap/u_pccx_npu_top/u_mem_dispatcher/u_l2_cache/u_l2_uram/u_l2_uram/xpm_memory_base_inst/gen_wr_a.gen_word_narrow.mem_reg_uram_0/CAS_OUT_ADDR_B[19]
                         net (fo=1, routed)           0.000     0.000    pccx_v002_system_i/u_npu/inst/u_wrap/u_pccx_npu_top/u_mem_dispatcher/u_l2_cache/u_l2_uram/u_l2_uram/xpm_memory_base_inst/gen_wr_a.gen_word_narrow.mem_reg_uram_1_Cas_AddrB_1[19]
    URAM288_X0Y49        URAM288                                      r  pccx_v002_system_i/u_npu/inst/u_wrap/u_pccx_npu_top/u_mem_dispatcher/u_l2_cache/u_l2_uram/u_l2_uram/xpm_memory_base_inst/gen_wr_a.gen_word_narrow.mem_reg_uram_1/CAS_IN_ADDR_B[19]
  -------------------------------------------------------------------    -------------------

                         (clock clk_pl_0 rise edge)
                                                      0.000     0.000 r  
    PS8_X0Y0             PS8                          0.000     0.000 r  pccx_v002_system_i/zynq_ps/inst/PS8_i/PLCLK[0]
                         net (fo=1, routed)           0.229     0.229    pccx_v002_system_i/zynq_ps/inst/pl_clk_unbuffered[0]
    BUFG_PS_X0Y90        BUFG_PS (Prop_BUFG_PS_I_O)
                                                      0.038     0.267 r  pccx_v002_system_i/zynq_ps/inst/buffer_pl_clk_0.PL_CLK_0_BUFG/O
    X1Y1 (CLOCK_ROOT)    net (fo=82039, routed)       3.245     3.512    pccx_v002_system_i/u_npu/inst/u_wrap/u_pccx_npu_top/u_mem_dispatcher/u_l2_cache/u_l2_uram/u_l2_uram/xpm_memory_base_inst/clka
    URAM288_X0Y49        URAM288                                      r  pccx_v002_system_i/u_npu/inst/u_wrap/u_pccx_npu_top/u_mem_dispatcher/u_l2_cache/u_l2_uram/u_l2_uram/xpm_memory_base_inst/gen_wr_a.gen_word_narrow.mem_reg_uram_1/CLK

Slack:                    inf
  Source:                 pccx_v002_system_i/u_npu/inst/u_wrap/u_pccx_npu_top/u_mem_dispatcher/u_l2_cache/u_l2_uram/u_l2_uram/xpm_memory_base_inst/gen_wr_a.gen_word_narrow.mem_reg_uram_16/CAS_OUT_DBITERR_A
                            (internal pin)
  Destination:            pccx_v002_system_i/u_npu/inst/u_wrap/u_pccx_npu_top/u_mem_dispatcher/u_l2_cache/u_l2_uram/u_l2_uram/xpm_memory_base_inst/gen_wr_a.gen_word_narrow.mem_reg_uram_17/CAS_IN_DBITERR_A
                            (rising edge-triggered cell URAM288 clocked by clk_pl_0  {rise@0.000ns fall@5.000ns period=10.000ns})
  Path Group:             (none)
  Path Type:              Hold (Min at Slow Process Corner)
  Data Path Delay:        0.000ns  (logic 0.000ns (0.000%)  route 0.000ns (0.000%))
  Logic Levels:           0  
  Clock Uncertainty:      0.158ns  ((TSJ^2 + DJ^2)^1/2) / 2 + PE
    Total System Jitter     (TSJ):    0.050ns
    Discrete Jitter          (DJ):    0.312ns
    Phase Error              (PE):    0.000ns
  Clock Net Delay (Destination): 3.204ns (routing 1.681ns, distribution 1.523ns)

    Location             Delay type                Incr(ns)  Path(ns)    Netlist Resource(s)
  -------------------------------------------------------------------    -------------------
    URAM288_X0Y52        URAM288                      0.000     0.000 r  pccx_v002_system_i/u_npu/inst/u_wrap/u_pccx_npu_top/u_mem_dispatcher/u_l2_cache/u_l2_uram/u_l2_uram/xpm_memory_base_inst/gen_wr_a.gen_word_narrow.mem_reg_uram_16/CAS_OUT_DBITERR_A
                         net (fo=1, routed)           0.000     0.000    pccx_v002_system_i/u_npu/inst/u_wrap/u_pccx_npu_top/u_mem_dispatcher/u_l2_cache/u_l2_uram/u_l2_uram/xpm_memory_base_inst/gen_wr_a.gen_word_narrow.mem_reg_uram_16_n_0
    URAM288_X0Y53        URAM288                                      r  pccx_v002_system_i/u_npu/inst/u_wrap/u_pccx_npu_top/u_mem_dispatcher/u_l2_cache/u_l2_uram/u_l2_uram/xpm_memory_base_inst/gen_wr_a.gen_word_narrow.mem_reg_uram_17/CAS_IN_DBITERR_A
  -------------------------------------------------------------------    -------------------

                         (clock clk_pl_0 rise edge)
                                                      0.000     0.000 r  
    PS8_X0Y0             PS8                          0.000     0.000 r  pccx_v002_system_i/zynq_ps/inst/PS8_i/PLCLK[0]
                         net (fo=1, routed)           0.229     0.229    pccx_v002_system_i/zynq_ps/inst/pl_clk_unbuffered[0]
    BUFG_PS_X0Y90        BUFG_PS (Prop_BUFG_PS_I_O)
                                                      0.038     0.267 r  pccx_v002_system_i/zynq_ps/inst/buffer_pl_clk_0.PL_CLK_0_BUFG/O
    X1Y1 (CLOCK_ROOT)    net (fo=82039, routed)       3.204     3.471    pccx_v002_system_i/u_npu/inst/u_wrap/u_pccx_npu_top/u_mem_dispatcher/u_l2_cache/u_l2_uram/u_l2_uram/xpm_memory_base_inst/clka
    URAM288_X0Y53        URAM288                                      r  pccx_v002_system_i/u_npu/inst/u_wrap/u_pccx_npu_top/u_mem_dispatcher/u_l2_cache/u_l2_uram/u_l2_uram/xpm_memory_base_inst/gen_wr_a.gen_word_narrow.mem_reg_uram_17/CLK

Slack:                    inf
  Source:                 pccx_v002_system_i/u_npu/inst/u_wrap/u_pccx_npu_top/u_mem_dispatcher/u_l2_cache/u_l2_uram/u_l2_uram/xpm_memory_base_inst/gen_wr_a.gen_word_narrow.mem_reg_uram_16/CAS_OUT_SBITERR_A
                            (internal pin)
  Destination:            pccx_v002_system_i/u_npu/inst/u_wrap/u_pccx_npu_top/u_mem_dispatcher/u_l2_cache/u_l2_uram/u_l2_uram/xpm_memory_base_inst/gen_wr_a.gen_word_narrow.mem_reg_uram_17/CAS_IN_SBITERR_A
                            (rising edge-triggered cell URAM288 clocked by clk_pl_0  {rise@0.000ns fall@5.000ns period=10.000ns})
  Path Group:             (none)
  Path Type:              Hold (Min at Slow Process Corner)
  Data Path Delay:        0.000ns  (logic 0.000ns (0.000%)  route 0.000ns (0.000%))
  Logic Levels:           0  
  Clock Uncertainty:      0.158ns  ((TSJ^2 + DJ^2)^1/2) / 2 + PE
    Total System Jitter     (TSJ):    0.050ns
    Discrete Jitter          (DJ):    0.312ns
    Phase Error              (PE):    0.000ns
  Clock Net Delay (Destination): 3.204ns (routing 1.681ns, distribution 1.523ns)

    Location             Delay type                Incr(ns)  Path(ns)    Netlist Resource(s)
  -------------------------------------------------------------------    -------------------
    URAM288_X0Y52        URAM288                      0.000     0.000 r  pccx_v002_system_i/u_npu/inst/u_wrap/u_pccx_npu_top/u_mem_dispatcher/u_l2_cache/u_l2_uram/u_l2_uram/xpm_memory_base_inst/gen_wr_a.gen_word_narrow.mem_reg_uram_16/CAS_OUT_SBITERR_A
                         net (fo=1, routed)           0.000     0.000    pccx_v002_system_i/u_npu/inst/u_wrap/u_pccx_npu_top/u_mem_dispatcher/u_l2_cache/u_l2_uram/u_l2_uram/xpm_memory_base_inst/gen_wr_a.gen_word_narrow.mem_reg_uram_16_n_8
    URAM288_X0Y53        URAM288                                      r  pccx_v002_system_i/u_npu/inst/u_wrap/u_pccx_npu_top/u_mem_dispatcher/u_l2_cache/u_l2_uram/u_l2_uram/xpm_memory_base_inst/gen_wr_a.gen_word_narrow.mem_reg_uram_17/CAS_IN_SBITERR_A
  -------------------------------------------------------------------    -------------------

                         (clock clk_pl_0 rise edge)
                                                      0.000     0.000 r  
    PS8_X0Y0             PS8                          0.000     0.000 r  pccx_v002_system_i/zynq_ps/inst/PS8_i/PLCLK[0]
                         net (fo=1, routed)           0.229     0.229    pccx_v002_system_i/zynq_ps/inst/pl_clk_unbuffered[0]
    BUFG_PS_X0Y90        BUFG_PS (Prop_BUFG_PS_I_O)
                                                      0.038     0.267 r  pccx_v002_system_i/zynq_ps/inst/buffer_pl_clk_0.PL_CLK_0_BUFG/O
    X1Y1 (CLOCK_ROOT)    net (fo=82039, routed)       3.204     3.471    pccx_v002_system_i/u_npu/inst/u_wrap/u_pccx_npu_top/u_mem_dispatcher/u_l2_cache/u_l2_uram/u_l2_uram/xpm_memory_base_inst/clka
    URAM288_X0Y53        URAM288                                      r  pccx_v002_system_i/u_npu/inst/u_wrap/u_pccx_npu_top/u_mem_dispatcher/u_l2_cache/u_l2_uram/u_l2_uram/xpm_memory_base_inst/gen_wr_a.gen_word_narrow.mem_reg_uram_17/CLK

Slack:                    inf
  Source:                 pccx_v002_system_i/u_npu/inst/u_wrap/u_pccx_npu_top/u_mem_dispatcher/u_l2_cache/u_l2_uram/u_l2_uram/xpm_memory_base_inst/gen_wr_a.gen_word_narrow.mem_reg_uram_16/CAS_OUT_SBITERR_B
                            (internal pin)
  Destination:            pccx_v002_system_i/u_npu/inst/u_wrap/u_pccx_npu_top/u_mem_dispatcher/u_l2_cache/u_l2_uram/u_l2_uram/xpm_memory_base_inst/gen_wr_a.gen_word_narrow.mem_reg_uram_17/CAS_IN_SBITERR_B
                            (rising edge-triggered cell URAM288 clocked by clk_pl_0  {rise@0.000ns fall@5.000ns period=10.000ns})
  Path Group:             (none)
  Path Type:              Hold (Min at Slow Process Corner)
  Data Path Delay:        0.000ns  (logic 0.000ns (0.000%)  route 0.000ns (0.000%))
  Logic Levels:           0  
  Clock Uncertainty:      0.158ns  ((TSJ^2 + DJ^2)^1/2) / 2 + PE
    Total System Jitter     (TSJ):    0.050ns
    Discrete Jitter          (DJ):    0.312ns
    Phase Error              (PE):    0.000ns
  Clock Net Delay (Destination): 3.204ns (routing 1.681ns, distribution 1.523ns)

    Location             Delay type                Incr(ns)  Path(ns)    Netlist Resource(s)
  -------------------------------------------------------------------    -------------------
    URAM288_X0Y52        URAM288                      0.000     0.000 r  pccx_v002_system_i/u_npu/inst/u_wrap/u_pccx_npu_top/u_mem_dispatcher/u_l2_cache/u_l2_uram/u_l2_uram/xpm_memory_base_inst/gen_wr_a.gen_word_narrow.mem_reg_uram_16/CAS_OUT_SBITERR_B
                         net (fo=1, routed)           0.000     0.000    pccx_v002_system_i/u_npu/inst/u_wrap/u_pccx_npu_top/u_mem_dispatcher/u_l2_cache/u_l2_uram/u_l2_uram/xpm_memory_base_inst/gen_wr_a.gen_word_narrow.mem_reg_uram_16_n_9
    URAM288_X0Y53        URAM288                                      r  pccx_v002_system_i/u_npu/inst/u_wrap/u_pccx_npu_top/u_mem_dispatcher/u_l2_cache/u_l2_uram/u_l2_uram/xpm_memory_base_inst/gen_wr_a.gen_word_narrow.mem_reg_uram_17/CAS_IN_SBITERR_B
  -------------------------------------------------------------------    -------------------

                         (clock clk_pl_0 rise edge)
                                                      0.000     0.000 r  
    PS8_X0Y0             PS8                          0.000     0.000 r  pccx_v002_system_i/zynq_ps/inst/PS8_i/PLCLK[0]
                         net (fo=1, routed)           0.229     0.229    pccx_v002_system_i/zynq_ps/inst/pl_clk_unbuffered[0]
    BUFG_PS_X0Y90        BUFG_PS (Prop_BUFG_PS_I_O)
                                                      0.038     0.267 r  pccx_v002_system_i/zynq_ps/inst/buffer_pl_clk_0.PL_CLK_0_BUFG/O
    X1Y1 (CLOCK_ROOT)    net (fo=82039, routed)       3.204     3.471    pccx_v002_system_i/u_npu/inst/u_wrap/u_pccx_npu_top/u_mem_dispatcher/u_l2_cache/u_l2_uram/u_l2_uram/xpm_memory_base_inst/clka
    URAM288_X0Y53        URAM288                                      r  pccx_v002_system_i/u_npu/inst/u_wrap/u_pccx_npu_top/u_mem_dispatcher/u_l2_cache/u_l2_uram/u_l2_uram/xpm_memory_base_inst/gen_wr_a.gen_word_narrow.mem_reg_uram_17/CLK

Slack:                    inf
  Source:                 pccx_v002_system_i/u_npu/inst/u_wrap/u_pccx_npu_top/u_mem_dispatcher/u_l2_cache/u_l2_uram/u_l2_uram/xpm_memory_base_inst/gen_wr_a.gen_word_narrow.mem_reg_uram_24/CAS_OUT_DBITERR_A
                            (internal pin)
  Destination:            pccx_v002_system_i/u_npu/inst/u_wrap/u_pccx_npu_top/u_mem_dispatcher/u_l2_cache/u_l2_uram/u_l2_uram/xpm_memory_base_inst/gen_wr_a.gen_word_narrow.mem_reg_uram_25/CAS_IN_DBITERR_A
                            (rising edge-triggered cell URAM288 clocked by clk_pl_0  {rise@0.000ns fall@5.000ns period=10.000ns})
  Path Group:             (none)
  Path Type:              Hold (Min at Slow Process Corner)
  Data Path Delay:        0.000ns  (logic 0.000ns (0.000%)  route 0.000ns (0.000%))
  Logic Levels:           0  
  Clock Uncertainty:      0.158ns  ((TSJ^2 + DJ^2)^1/2) / 2 + PE
    Total System Jitter     (TSJ):    0.050ns
    Discrete Jitter          (DJ):    0.312ns
    Phase Error              (PE):    0.000ns
  Clock Net Delay (Destination): 3.226ns (routing 1.681ns, distribution 1.545ns)

    Location             Delay type                Incr(ns)  Path(ns)    Netlist Resource(s)
  -------------------------------------------------------------------    -------------------
    URAM288_X0Y32        URAM288                      0.000     0.000 r  pccx_v002_system_i/u_npu/inst/u_wrap/u_pccx_npu_top/u_mem_dispatcher/u_l2_cache/u_l2_uram/u_l2_uram/xpm_memory_base_inst/gen_wr_a.gen_word_narrow.mem_reg_uram_24/CAS_OUT_DBITERR_A
                         net (fo=1, routed)           0.000     0.000    pccx_v002_system_i/u_npu/inst/u_wrap/u_pccx_npu_top/u_mem_dispatcher/u_l2_cache/u_l2_uram/u_l2_uram/xpm_memory_base_inst/gen_wr_a.gen_word_narrow.mem_reg_uram_24_n_0
    URAM288_X0Y33        URAM288                                      r  pccx_v002_system_i/u_npu/inst/u_wrap/u_pccx_npu_top/u_mem_dispatcher/u_l2_cache/u_l2_uram/u_l2_uram/xpm_memory_base_inst/gen_wr_a.gen_word_narrow.mem_reg_uram_25/CAS_IN_DBITERR_A
  -------------------------------------------------------------------    -------------------

                         (clock clk_pl_0 rise edge)
                                                      0.000     0.000 r  
    PS8_X0Y0             PS8                          0.000     0.000 r  pccx_v002_system_i/zynq_ps/inst/PS8_i/PLCLK[0]
                         net (fo=1, routed)           0.229     0.229    pccx_v002_system_i/zynq_ps/inst/pl_clk_unbuffered[0]
    BUFG_PS_X0Y90        BUFG_PS (Prop_BUFG_PS_I_O)
                                                      0.038     0.267 r  pccx_v002_system_i/zynq_ps/inst/buffer_pl_clk_0.PL_CLK_0_BUFG/O
    X1Y1 (CLOCK_ROOT)    net (fo=82039, routed)       3.226     3.493    pccx_v002_system_i/u_npu/inst/u_wrap/u_pccx_npu_top/u_mem_dispatcher/u_l2_cache/u_l2_uram/u_l2_uram/xpm_memory_base_inst/clka
    URAM288_X0Y33        URAM288                                      r  pccx_v002_system_i/u_npu/inst/u_wrap/u_pccx_npu_top/u_mem_dispatcher/u_l2_cache/u_l2_uram/u_l2_uram/xpm_memory_base_inst/gen_wr_a.gen_word_narrow.mem_reg_uram_25/CLK

Slack:                    inf
  Source:                 pccx_v002_system_i/u_npu/inst/u_wrap/u_pccx_npu_top/u_mem_dispatcher/u_l2_cache/u_l2_uram/u_l2_uram/xpm_memory_base_inst/gen_wr_a.gen_word_narrow.mem_reg_uram_24/CAS_OUT_SBITERR_A
                            (internal pin)
  Destination:            pccx_v002_system_i/u_npu/inst/u_wrap/u_pccx_npu_top/u_mem_dispatcher/u_l2_cache/u_l2_uram/u_l2_uram/xpm_memory_base_inst/gen_wr_a.gen_word_narrow.mem_reg_uram_25/CAS_IN_SBITERR_A
                            (rising edge-triggered cell URAM288 clocked by clk_pl_0  {rise@0.000ns fall@5.000ns period=10.000ns})
  Path Group:             (none)
  Path Type:              Hold (Min at Slow Process Corner)
  Data Path Delay:        0.000ns  (logic 0.000ns (0.000%)  route 0.000ns (0.000%))
  Logic Levels:           0  
  Clock Uncertainty:      0.158ns  ((TSJ^2 + DJ^2)^1/2) / 2 + PE
    Total System Jitter     (TSJ):    0.050ns
    Discrete Jitter          (DJ):    0.312ns
    Phase Error              (PE):    0.000ns
  Clock Net Delay (Destination): 3.226ns (routing 1.681ns, distribution 1.545ns)

    Location             Delay type                Incr(ns)  Path(ns)    Netlist Resource(s)
  -------------------------------------------------------------------    -------------------
    URAM288_X0Y32        URAM288                      0.000     0.000 r  pccx_v002_system_i/u_npu/inst/u_wrap/u_pccx_npu_top/u_mem_dispatcher/u_l2_cache/u_l2_uram/u_l2_uram/xpm_memory_base_inst/gen_wr_a.gen_word_narrow.mem_reg_uram_24/CAS_OUT_SBITERR_A
                         net (fo=1, routed)           0.000     0.000    pccx_v002_system_i/u_npu/inst/u_wrap/u_pccx_npu_top/u_mem_dispatcher/u_l2_cache/u_l2_uram/u_l2_uram/xpm_memory_base_inst/gen_wr_a.gen_word_narrow.mem_reg_uram_24_n_8
    URAM288_X0Y33        URAM288                                      r  pccx_v002_system_i/u_npu/inst/u_wrap/u_pccx_npu_top/u_mem_dispatcher/u_l2_cache/u_l2_uram/u_l2_uram/xpm_memory_base_inst/gen_wr_a.gen_word_narrow.mem_reg_uram_25/CAS_IN_SBITERR_A
  -------------------------------------------------------------------    -------------------

                         (clock clk_pl_0 rise edge)
                                                      0.000     0.000 r  
    PS8_X0Y0             PS8                          0.000     0.000 r  pccx_v002_system_i/zynq_ps/inst/PS8_i/PLCLK[0]
                         net (fo=1, routed)           0.229     0.229    pccx_v002_system_i/zynq_ps/inst/pl_clk_unbuffered[0]
    BUFG_PS_X0Y90        BUFG_PS (Prop_BUFG_PS_I_O)
                                                      0.038     0.267 r  pccx_v002_system_i/zynq_ps/inst/buffer_pl_clk_0.PL_CLK_0_BUFG/O
    X1Y1 (CLOCK_ROOT)    net (fo=82039, routed)       3.226     3.493    pccx_v002_system_i/u_npu/inst/u_wrap/u_pccx_npu_top/u_mem_dispatcher/u_l2_cache/u_l2_uram/u_l2_uram/xpm_memory_base_inst/clka
    URAM288_X0Y33        URAM288                                      r  pccx_v002_system_i/u_npu/inst/u_wrap/u_pccx_npu_top/u_mem_dispatcher/u_l2_cache/u_l2_uram/u_l2_uram/xpm_memory_base_inst/gen_wr_a.gen_word_narrow.mem_reg_uram_25/CLK

Slack:                    inf
  Source:                 pccx_v002_system_i/u_npu/inst/u_wrap/u_pccx_npu_top/u_mem_dispatcher/u_l2_cache/u_l2_uram/u_l2_uram/xpm_memory_base_inst/gen_wr_a.gen_word_narrow.mem_reg_uram_24/CAS_OUT_SBITERR_B
                            (internal pin)
  Destination:            pccx_v002_system_i/u_npu/inst/u_wrap/u_pccx_npu_top/u_mem_dispatcher/u_l2_cache/u_l2_uram/u_l2_uram/xpm_memory_base_inst/gen_wr_a.gen_word_narrow.mem_reg_uram_25/CAS_IN_SBITERR_B
                            (rising edge-triggered cell URAM288 clocked by clk_pl_0  {rise@0.000ns fall@5.000ns period=10.000ns})
  Path Group:             (none)
  Path Type:              Hold (Min at Slow Process Corner)
  Data Path Delay:        0.000ns  (logic 0.000ns (0.000%)  route 0.000ns (0.000%))
  Logic Levels:           0  
  Clock Uncertainty:      0.158ns  ((TSJ^2 + DJ^2)^1/2) / 2 + PE
    Total System Jitter     (TSJ):    0.050ns
    Discrete Jitter          (DJ):    0.312ns
    Phase Error              (PE):    0.000ns
  Clock Net Delay (Destination): 3.226ns (routing 1.681ns, distribution 1.545ns)

    Location             Delay type                Incr(ns)  Path(ns)    Netlist Resource(s)
  -------------------------------------------------------------------    -------------------
    URAM288_X0Y32        URAM288                      0.000     0.000 r  pccx_v002_system_i/u_npu/inst/u_wrap/u_pccx_npu_top/u_mem_dispatcher/u_l2_cache/u_l2_uram/u_l2_uram/xpm_memory_base_inst/gen_wr_a.gen_word_narrow.mem_reg_uram_24/CAS_OUT_SBITERR_B
                         net (fo=1, routed)           0.000     0.000    pccx_v002_system_i/u_npu/inst/u_wrap/u_pccx_npu_top/u_mem_dispatcher/u_l2_cache/u_l2_uram/u_l2_uram/xpm_memory_base_inst/gen_wr_a.gen_word_narrow.mem_reg_uram_24_n_9
    URAM288_X0Y33        URAM288                                      r  pccx_v002_system_i/u_npu/inst/u_wrap/u_pccx_npu_top/u_mem_dispatcher/u_l2_cache/u_l2_uram/u_l2_uram/xpm_memory_base_inst/gen_wr_a.gen_word_narrow.mem_reg_uram_25/CAS_IN_SBITERR_B
  -------------------------------------------------------------------    -------------------

                         (clock clk_pl_0 rise edge)
                                                      0.000     0.000 r  
    PS8_X0Y0             PS8                          0.000     0.000 r  pccx_v002_system_i/zynq_ps/inst/PS8_i/PLCLK[0]
                         net (fo=1, routed)           0.229     0.229    pccx_v002_system_i/zynq_ps/inst/pl_clk_unbuffered[0]
    BUFG_PS_X0Y90        BUFG_PS (Prop_BUFG_PS_I_O)
                                                      0.038     0.267 r  pccx_v002_system_i/zynq_ps/inst/buffer_pl_clk_0.PL_CLK_0_BUFG/O
    X1Y1 (CLOCK_ROOT)    net (fo=82039, routed)       3.226     3.493    pccx_v002_system_i/u_npu/inst/u_wrap/u_pccx_npu_top/u_mem_dispatcher/u_l2_cache/u_l2_uram/u_l2_uram/xpm_memory_base_inst/clka
    URAM288_X0Y33        URAM288                                      r  pccx_v002_system_i/u_npu/inst/u_wrap/u_pccx_npu_top/u_mem_dispatcher/u_l2_cache/u_l2_uram/u_l2_uram/xpm_memory_base_inst/gen_wr_a.gen_word_narrow.mem_reg_uram_25/CLK

Slack:                    inf
  Source:                 pccx_v002_system_i/u_npu/inst/u_wrap/u_pccx_npu_top/u_mem_dispatcher/u_l2_cache/u_l2_uram/u_l2_uram/xpm_memory_base_inst/gen_wr_a.gen_word_narrow.mem_reg_uram_28/CAS_OUT_ADDR_B[19]
                            (internal pin)
  Destination:            pccx_v002_system_i/u_npu/inst/u_wrap/u_pccx_npu_top/u_mem_dispatcher/u_l2_cache/u_l2_uram/u_l2_uram/xpm_memory_base_inst/gen_wr_a.gen_word_narrow.mem_reg_uram_29/CAS_IN_ADDR_B[19]
                            (rising edge-triggered cell URAM288 clocked by clk_pl_0  {rise@0.000ns fall@5.000ns period=10.000ns})
  Path Group:             (none)
  Path Type:              Hold (Min at Slow Process Corner)
  Data Path Delay:        0.000ns  (logic 0.000ns (0.000%)  route 0.000ns (0.000%))
  Logic Levels:           0  
  Clock Uncertainty:      0.158ns  ((TSJ^2 + DJ^2)^1/2) / 2 + PE
    Total System Jitter     (TSJ):    0.050ns
    Discrete Jitter          (DJ):    0.312ns
    Phase Error              (PE):    0.000ns
  Clock Net Delay (Destination): 3.185ns (routing 1.681ns, distribution 1.504ns)

    Location             Delay type                Incr(ns)  Path(ns)    Netlist Resource(s)
  -------------------------------------------------------------------    -------------------
    URAM288_X0Y4         URAM288                      0.000     0.000 r  pccx_v002_system_i/u_npu/inst/u_wrap/u_pccx_npu_top/u_mem_dispatcher/u_l2_cache/u_l2_uram/u_l2_uram/xpm_memory_base_inst/gen_wr_a.gen_word_narrow.mem_reg_uram_28/CAS_OUT_ADDR_B[19]
                         net (fo=1, routed)           0.000     0.000    pccx_v002_system_i/u_npu/inst/u_wrap/u_pccx_npu_top/u_mem_dispatcher/u_l2_cache/u_l2_uram/u_l2_uram/xpm_memory_base_inst/gen_wr_a.gen_word_narrow.mem_reg_uram_29_Cas_AddrB_1[19]
    URAM288_X0Y5         URAM288                                      r  pccx_v002_system_i/u_npu/inst/u_wrap/u_pccx_npu_top/u_mem_dispatcher/u_l2_cache/u_l2_uram/u_l2_uram/xpm_memory_base_inst/gen_wr_a.gen_word_narrow.mem_reg_uram_29/CAS_IN_ADDR_B[19]
  -------------------------------------------------------------------    -------------------

                         (clock clk_pl_0 rise edge)
                                                      0.000     0.000 r  
    PS8_X0Y0             PS8                          0.000     0.000 r  pccx_v002_system_i/zynq_ps/inst/PS8_i/PLCLK[0]
                         net (fo=1, routed)           0.229     0.229    pccx_v002_system_i/zynq_ps/inst/pl_clk_unbuffered[0]
    BUFG_PS_X0Y90        BUFG_PS (Prop_BUFG_PS_I_O)
                                                      0.038     0.267 r  pccx_v002_system_i/zynq_ps/inst/buffer_pl_clk_0.PL_CLK_0_BUFG/O
    X1Y1 (CLOCK_ROOT)    net (fo=82039, routed)       3.185     3.452    pccx_v002_system_i/u_npu/inst/u_wrap/u_pccx_npu_top/u_mem_dispatcher/u_l2_cache/u_l2_uram/u_l2_uram/xpm_memory_base_inst/clka
    URAM288_X0Y5         URAM288                                      r  pccx_v002_system_i/u_npu/inst/u_wrap/u_pccx_npu_top/u_mem_dispatcher/u_l2_cache/u_l2_uram/u_l2_uram/xpm_memory_base_inst/gen_wr_a.gen_word_narrow.mem_reg_uram_29/CLK

Slack:                    inf
  Source:                 pccx_v002_system_i/u_npu/inst/u_wrap/u_pccx_npu_top/u_mem_dispatcher/u_l2_cache/u_l2_uram/u_l2_uram/xpm_memory_base_inst/gen_wr_a.gen_word_narrow.mem_reg_uram_28/CAS_OUT_DIN_A[64]
                            (internal pin)
  Destination:            pccx_v002_system_i/u_npu/inst/u_wrap/u_pccx_npu_top/u_mem_dispatcher/u_l2_cache/u_l2_uram/u_l2_uram/xpm_memory_base_inst/gen_wr_a.gen_word_narrow.mem_reg_uram_29/CAS_IN_DIN_A[64]
                            (rising edge-triggered cell URAM288 clocked by clk_pl_0  {rise@0.000ns fall@5.000ns period=10.000ns})
  Path Group:             (none)
  Path Type:              Hold (Min at Slow Process Corner)
  Data Path Delay:        0.000ns  (logic 0.000ns (0.000%)  route 0.000ns (0.000%))
  Logic Levels:           0  
  Clock Uncertainty:      0.158ns  ((TSJ^2 + DJ^2)^1/2) / 2 + PE
    Total System Jitter     (TSJ):    0.050ns
    Discrete Jitter          (DJ):    0.312ns
    Phase Error              (PE):    0.000ns
  Clock Net Delay (Destination): 3.185ns (routing 1.681ns, distribution 1.504ns)

    Location             Delay type                Incr(ns)  Path(ns)    Netlist Resource(s)
  -------------------------------------------------------------------    -------------------
    URAM288_X0Y4         URAM288                      0.000     0.000 r  pccx_v002_system_i/u_npu/inst/u_wrap/u_pccx_npu_top/u_mem_dispatcher/u_l2_cache/u_l2_uram/u_l2_uram/xpm_memory_base_inst/gen_wr_a.gen_word_narrow.mem_reg_uram_28/CAS_OUT_DIN_A[64]
                         net (fo=1, routed)           0.000     0.000    pccx_v002_system_i/u_npu/inst/u_wrap/u_pccx_npu_top/u_mem_dispatcher/u_l2_cache/u_l2_uram/u_l2_uram/xpm_memory_base_inst/gen_wr_a.gen_word_narrow.mem_reg_uram_29_Cas_DinA_1[64]
    URAM288_X0Y5         URAM288                                      r  pccx_v002_system_i/u_npu/inst/u_wrap/u_pccx_npu_top/u_mem_dispatcher/u_l2_cache/u_l2_uram/u_l2_uram/xpm_memory_base_inst/gen_wr_a.gen_word_narrow.mem_reg_uram_29/CAS_IN_DIN_A[64]
  -------------------------------------------------------------------    -------------------

                         (clock clk_pl_0 rise edge)
                                                      0.000     0.000 r  
    PS8_X0Y0             PS8                          0.000     0.000 r  pccx_v002_system_i/zynq_ps/inst/PS8_i/PLCLK[0]
                         net (fo=1, routed)           0.229     0.229    pccx_v002_system_i/zynq_ps/inst/pl_clk_unbuffered[0]
    BUFG_PS_X0Y90        BUFG_PS (Prop_BUFG_PS_I_O)
                                                      0.038     0.267 r  pccx_v002_system_i/zynq_ps/inst/buffer_pl_clk_0.PL_CLK_0_BUFG/O
    X1Y1 (CLOCK_ROOT)    net (fo=82039, routed)       3.185     3.452    pccx_v002_system_i/u_npu/inst/u_wrap/u_pccx_npu_top/u_mem_dispatcher/u_l2_cache/u_l2_uram/u_l2_uram/xpm_memory_base_inst/clka
    URAM288_X0Y5         URAM288                                      r  pccx_v002_system_i/u_npu/inst/u_wrap/u_pccx_npu_top/u_mem_dispatcher/u_l2_cache/u_l2_uram/u_l2_uram/xpm_memory_base_inst/gen_wr_a.gen_word_narrow.mem_reg_uram_29/CLK

Slack:                    inf
  Source:                 pccx_v002_system_i/u_npu/inst/u_wrap/u_pccx_npu_top/u_mem_dispatcher/u_l2_cache/u_l2_uram/u_l2_uram/xpm_memory_base_inst/gen_wr_a.gen_word_narrow.mem_reg_uram_28/CAS_OUT_DIN_A[68]
                            (internal pin)
  Destination:            pccx_v002_system_i/u_npu/inst/u_wrap/u_pccx_npu_top/u_mem_dispatcher/u_l2_cache/u_l2_uram/u_l2_uram/xpm_memory_base_inst/gen_wr_a.gen_word_narrow.mem_reg_uram_29/CAS_IN_DIN_A[68]
                            (rising edge-triggered cell URAM288 clocked by clk_pl_0  {rise@0.000ns fall@5.000ns period=10.000ns})
  Path Group:             (none)
  Path Type:              Hold (Min at Slow Process Corner)
  Data Path Delay:        0.000ns  (logic 0.000ns (0.000%)  route 0.000ns (0.000%))
  Logic Levels:           0  
  Clock Uncertainty:      0.158ns  ((TSJ^2 + DJ^2)^1/2) / 2 + PE
    Total System Jitter     (TSJ):    0.050ns
    Discrete Jitter          (DJ):    0.312ns
    Phase Error              (PE):    0.000ns
  Clock Net Delay (Destination): 3.185ns (routing 1.681ns, distribution 1.504ns)

    Location             Delay type                Incr(ns)  Path(ns)    Netlist Resource(s)
  -------------------------------------------------------------------    -------------------
    URAM288_X0Y4         URAM288                      0.000     0.000 r  pccx_v002_system_i/u_npu/inst/u_wrap/u_pccx_npu_top/u_mem_dispatcher/u_l2_cache/u_l2_uram/u_l2_uram/xpm_memory_base_inst/gen_wr_a.gen_word_narrow.mem_reg_uram_28/CAS_OUT_DIN_A[68]
                         net (fo=1, routed)           0.000     0.000    pccx_v002_system_i/u_npu/inst/u_wrap/u_pccx_npu_top/u_mem_dispatcher/u_l2_cache/u_l2_uram/u_l2_uram/xpm_memory_base_inst/gen_wr_a.gen_word_narrow.mem_reg_uram_29_Cas_DinA_1[68]
    URAM288_X0Y5         URAM288                                      r  pccx_v002_system_i/u_npu/inst/u_wrap/u_pccx_npu_top/u_mem_dispatcher/u_l2_cache/u_l2_uram/u_l2_uram/xpm_memory_base_inst/gen_wr_a.gen_word_narrow.mem_reg_uram_29/CAS_IN_DIN_A[68]
  -------------------------------------------------------------------    -------------------

                         (clock clk_pl_0 rise edge)
                                                      0.000     0.000 r  
    PS8_X0Y0             PS8                          0.000     0.000 r  pccx_v002_system_i/zynq_ps/inst/PS8_i/PLCLK[0]
                         net (fo=1, routed)           0.229     0.229    pccx_v002_system_i/zynq_ps/inst/pl_clk_unbuffered[0]
    BUFG_PS_X0Y90        BUFG_PS (Prop_BUFG_PS_I_O)
                                                      0.038     0.267 r  pccx_v002_system_i/zynq_ps/inst/buffer_pl_clk_0.PL_CLK_0_BUFG/O
    X1Y1 (CLOCK_ROOT)    net (fo=82039, routed)       3.185     3.452    pccx_v002_system_i/u_npu/inst/u_wrap/u_pccx_npu_top/u_mem_dispatcher/u_l2_cache/u_l2_uram/u_l2_uram/xpm_memory_base_inst/clka
    URAM288_X0Y5         URAM288                                      r  pccx_v002_system_i/u_npu/inst/u_wrap/u_pccx_npu_top/u_mem_dispatcher/u_l2_cache/u_l2_uram/u_l2_uram/xpm_memory_base_inst/gen_wr_a.gen_word_narrow.mem_reg_uram_29/CLK

Slack:                    inf
  Source:                 pccx_v002_system_i/u_npu/inst/u_wrap/u_pccx_npu_top/u_mem_dispatcher/u_l2_cache/u_l2_uram/u_l2_uram/xpm_memory_base_inst/gen_wr_a.gen_word_narrow.mem_reg_uram_2/CAS_OUT_ADDR_B[19]
                            (internal pin)
  Destination:            pccx_v002_system_i/u_npu/inst/u_wrap/u_pccx_npu_top/u_mem_dispatcher/u_l2_cache/u_l2_uram/u_l2_uram/xpm_memory_base_inst/gen_wr_a.gen_word_narrow.mem_reg_uram_3/CAS_IN_ADDR_B[19]
                            (rising edge-triggered cell URAM288 clocked by clk_pl_0  {rise@0.000ns fall@5.000ns period=10.000ns})
  Path Group:             (none)
  Path Type:              Hold (Min at Slow Process Corner)
  Data Path Delay:        0.000ns  (logic 0.000ns (0.000%)  route 0.000ns (0.000%))
  Logic Levels:           0  
  Clock Uncertainty:      0.158ns  ((TSJ^2 + DJ^2)^1/2) / 2 + PE
    Total System Jitter     (TSJ):    0.050ns
    Discrete Jitter          (DJ):    0.312ns
    Phase Error              (PE):    0.000ns
  Clock Net Delay (Destination): 3.235ns (routing 1.681ns, distribution 1.554ns)

    Location             Delay type                Incr(ns)  Path(ns)    Netlist Resource(s)
  -------------------------------------------------------------------    -------------------
    URAM288_X0Y44        URAM288                      0.000     0.000 r  pccx_v002_system_i/u_npu/inst/u_wrap/u_pccx_npu_top/u_mem_dispatcher/u_l2_cache/u_l2_uram/u_l2_uram/xpm_memory_base_inst/gen_wr_a.gen_word_narrow.mem_reg_uram_2/CAS_OUT_ADDR_B[19]
                         net (fo=1, routed)           0.000     0.000    pccx_v002_system_i/u_npu/inst/u_wrap/u_pccx_npu_top/u_mem_dispatcher/u_l2_cache/u_l2_uram/u_l2_uram/xpm_memory_base_inst/gen_wr_a.gen_word_narrow.mem_reg_uram_3_Cas_AddrB_1[19]
    URAM288_X0Y45        URAM288                                      r  pccx_v002_system_i/u_npu/inst/u_wrap/u_pccx_npu_top/u_mem_dispatcher/u_l2_cache/u_l2_uram/u_l2_uram/xpm_memory_base_inst/gen_wr_a.gen_word_narrow.mem_reg_uram_3/CAS_IN_ADDR_B[19]
  -------------------------------------------------------------------    -------------------

                         (clock clk_pl_0 rise edge)
                                                      0.000     0.000 r  
    PS8_X0Y0             PS8                          0.000     0.000 r  pccx_v002_system_i/zynq_ps/inst/PS8_i/PLCLK[0]
                         net (fo=1, routed)           0.229     0.229    pccx_v002_system_i/zynq_ps/inst/pl_clk_unbuffered[0]
    BUFG_PS_X0Y90        BUFG_PS (Prop_BUFG_PS_I_O)
                                                      0.038     0.267 r  pccx_v002_system_i/zynq_ps/inst/buffer_pl_clk_0.PL_CLK_0_BUFG/O
    X1Y1 (CLOCK_ROOT)    net (fo=82039, routed)       3.235     3.502    pccx_v002_system_i/u_npu/inst/u_wrap/u_pccx_npu_top/u_mem_dispatcher/u_l2_cache/u_l2_uram/u_l2_uram/xpm_memory_base_inst/clka
    URAM288_X0Y45        URAM288                                      r  pccx_v002_system_i/u_npu/inst/u_wrap/u_pccx_npu_top/u_mem_dispatcher/u_l2_cache/u_l2_uram/u_l2_uram/xpm_memory_base_inst/gen_wr_a.gen_word_narrow.mem_reg_uram_3/CLK

Slack:                    inf
  Source:                 pccx_v002_system_i/u_npu/inst/u_wrap/u_pccx_npu_top/u_mem_dispatcher/u_l2_cache/u_l2_uram/u_l2_uram/xpm_memory_base_inst/gen_wr_a.gen_word_narrow.mem_reg_uram_30/CAS_OUT_ADDR_B[19]
                            (internal pin)
  Destination:            pccx_v002_system_i/u_npu/inst/u_wrap/u_pccx_npu_top/u_mem_dispatcher/u_l2_cache/u_l2_uram/u_l2_uram/xpm_memory_base_inst/gen_wr_a.gen_word_narrow.mem_reg_uram_31/CAS_IN_ADDR_B[19]
                            (rising edge-triggered cell URAM288 clocked by clk_pl_0  {rise@0.000ns fall@5.000ns period=10.000ns})
  Path Group:             (none)
  Path Type:              Hold (Min at Slow Process Corner)
  Data Path Delay:        0.000ns  (logic 0.000ns (0.000%)  route 0.000ns (0.000%))
  Logic Levels:           0  
  Clock Uncertainty:      0.158ns  ((TSJ^2 + DJ^2)^1/2) / 2 + PE
    Total System Jitter     (TSJ):    0.050ns
    Discrete Jitter          (DJ):    0.312ns
    Phase Error              (PE):    0.000ns
  Clock Net Delay (Destination): 3.166ns (routing 1.681ns, distribution 1.485ns)

    Location             Delay type                Incr(ns)  Path(ns)    Netlist Resource(s)
  -------------------------------------------------------------------    -------------------
    URAM288_X0Y0         URAM288                      0.000     0.000 r  pccx_v002_system_i/u_npu/inst/u_wrap/u_pccx_npu_top/u_mem_dispatcher/u_l2_cache/u_l2_uram/u_l2_uram/xpm_memory_base_inst/gen_wr_a.gen_word_narrow.mem_reg_uram_30/CAS_OUT_ADDR_B[19]
                         net (fo=1, routed)           0.000     0.000    pccx_v002_system_i/u_npu/inst/u_wrap/u_pccx_npu_top/u_mem_dispatcher/u_l2_cache/u_l2_uram/u_l2_uram/xpm_memory_base_inst/gen_wr_a.gen_word_narrow.mem_reg_uram_31_Cas_AddrB_1[19]
    URAM288_X0Y1         URAM288                                      r  pccx_v002_system_i/u_npu/inst/u_wrap/u_pccx_npu_top/u_mem_dispatcher/u_l2_cache/u_l2_uram/u_l2_uram/xpm_memory_base_inst/gen_wr_a.gen_word_narrow.mem_reg_uram_31/CAS_IN_ADDR_B[19]
  -------------------------------------------------------------------    -------------------

                         (clock clk_pl_0 rise edge)
                                                      0.000     0.000 r  
    PS8_X0Y0             PS8                          0.000     0.000 r  pccx_v002_system_i/zynq_ps/inst/PS8_i/PLCLK[0]
                         net (fo=1, routed)           0.229     0.229    pccx_v002_system_i/zynq_ps/inst/pl_clk_unbuffered[0]
    BUFG_PS_X0Y90        BUFG_PS (Prop_BUFG_PS_I_O)
                                                      0.038     0.267 r  pccx_v002_system_i/zynq_ps/inst/buffer_pl_clk_0.PL_CLK_0_BUFG/O
    X1Y1 (CLOCK_ROOT)    net (fo=82039, routed)       3.166     3.433    pccx_v002_system_i/u_npu/inst/u_wrap/u_pccx_npu_top/u_mem_dispatcher/u_l2_cache/u_l2_uram/u_l2_uram/xpm_memory_base_inst/clka
    URAM288_X0Y1         URAM288                                      r  pccx_v002_system_i/u_npu/inst/u_wrap/u_pccx_npu_top/u_mem_dispatcher/u_l2_cache/u_l2_uram/u_l2_uram/xpm_memory_base_inst/gen_wr_a.gen_word_narrow.mem_reg_uram_31/CLK

Slack:                    inf
  Source:                 pccx_v002_system_i/u_npu/inst/u_wrap/u_pccx_npu_top/u_mem_dispatcher/u_l2_cache/u_l2_uram/u_l2_uram/xpm_memory_base_inst/gen_wr_a.gen_word_narrow.mem_reg_uram_30/CAS_OUT_DIN_A[64]
                            (internal pin)
  Destination:            pccx_v002_system_i/u_npu/inst/u_wrap/u_pccx_npu_top/u_mem_dispatcher/u_l2_cache/u_l2_uram/u_l2_uram/xpm_memory_base_inst/gen_wr_a.gen_word_narrow.mem_reg_uram_31/CAS_IN_DIN_A[64]
                            (rising edge-triggered cell URAM288 clocked by clk_pl_0  {rise@0.000ns fall@5.000ns period=10.000ns})
  Path Group:             (none)
  Path Type:              Hold (Min at Slow Process Corner)
  Data Path Delay:        0.000ns  (logic 0.000ns (0.000%)  route 0.000ns (0.000%))
  Logic Levels:           0  
  Clock Uncertainty:      0.158ns  ((TSJ^2 + DJ^2)^1/2) / 2 + PE
    Total System Jitter     (TSJ):    0.050ns
    Discrete Jitter          (DJ):    0.312ns
    Phase Error              (PE):    0.000ns
  Clock Net Delay (Destination): 3.166ns (routing 1.681ns, distribution 1.485ns)

    Location             Delay type                Incr(ns)  Path(ns)    Netlist Resource(s)
  -------------------------------------------------------------------    -------------------
    URAM288_X0Y0         URAM288                      0.000     0.000 r  pccx_v002_system_i/u_npu/inst/u_wrap/u_pccx_npu_top/u_mem_dispatcher/u_l2_cache/u_l2_uram/u_l2_uram/xpm_memory_base_inst/gen_wr_a.gen_word_narrow.mem_reg_uram_30/CAS_OUT_DIN_A[64]
                         net (fo=1, routed)           0.000     0.000    pccx_v002_system_i/u_npu/inst/u_wrap/u_pccx_npu_top/u_mem_dispatcher/u_l2_cache/u_l2_uram/u_l2_uram/xpm_memory_base_inst/gen_wr_a.gen_word_narrow.mem_reg_uram_31_Cas_DinA_1[64]
    URAM288_X0Y1         URAM288                                      r  pccx_v002_system_i/u_npu/inst/u_wrap/u_pccx_npu_top/u_mem_dispatcher/u_l2_cache/u_l2_uram/u_l2_uram/xpm_memory_base_inst/gen_wr_a.gen_word_narrow.mem_reg_uram_31/CAS_IN_DIN_A[64]
  -------------------------------------------------------------------    -------------------

                         (clock clk_pl_0 rise edge)
                                                      0.000     0.000 r  
    PS8_X0Y0             PS8                          0.000     0.000 r  pccx_v002_system_i/zynq_ps/inst/PS8_i/PLCLK[0]
                         net (fo=1, routed)           0.229     0.229    pccx_v002_system_i/zynq_ps/inst/pl_clk_unbuffered[0]
    BUFG_PS_X0Y90        BUFG_PS (Prop_BUFG_PS_I_O)
                                                      0.038     0.267 r  pccx_v002_system_i/zynq_ps/inst/buffer_pl_clk_0.PL_CLK_0_BUFG/O
    X1Y1 (CLOCK_ROOT)    net (fo=82039, routed)       3.166     3.433    pccx_v002_system_i/u_npu/inst/u_wrap/u_pccx_npu_top/u_mem_dispatcher/u_l2_cache/u_l2_uram/u_l2_uram/xpm_memory_base_inst/clka
    URAM288_X0Y1         URAM288                                      r  pccx_v002_system_i/u_npu/inst/u_wrap/u_pccx_npu_top/u_mem_dispatcher/u_l2_cache/u_l2_uram/u_l2_uram/xpm_memory_base_inst/gen_wr_a.gen_word_narrow.mem_reg_uram_31/CLK

Slack:                    inf
  Source:                 pccx_v002_system_i/u_npu/inst/u_wrap/u_pccx_npu_top/u_mem_dispatcher/u_l2_cache/u_l2_uram/u_l2_uram/xpm_memory_base_inst/gen_wr_a.gen_word_narrow.mem_reg_uram_30/CAS_OUT_DIN_A[68]
                            (internal pin)
  Destination:            pccx_v002_system_i/u_npu/inst/u_wrap/u_pccx_npu_top/u_mem_dispatcher/u_l2_cache/u_l2_uram/u_l2_uram/xpm_memory_base_inst/gen_wr_a.gen_word_narrow.mem_reg_uram_31/CAS_IN_DIN_A[68]
                            (rising edge-triggered cell URAM288 clocked by clk_pl_0  {rise@0.000ns fall@5.000ns period=10.000ns})
  Path Group:             (none)
  Path Type:              Hold (Min at Slow Process Corner)
  Data Path Delay:        0.000ns  (logic 0.000ns (0.000%)  route 0.000ns (0.000%))
  Logic Levels:           0  
  Clock Uncertainty:      0.158ns  ((TSJ^2 + DJ^2)^1/2) / 2 + PE
    Total System Jitter     (TSJ):    0.050ns
    Discrete Jitter          (DJ):    0.312ns
    Phase Error              (PE):    0.000ns
  Clock Net Delay (Destination): 3.166ns (routing 1.681ns, distribution 1.485ns)

    Location             Delay type                Incr(ns)  Path(ns)    Netlist Resource(s)
  -------------------------------------------------------------------    -------------------
    URAM288_X0Y0         URAM288                      0.000     0.000 r  pccx_v002_system_i/u_npu/inst/u_wrap/u_pccx_npu_top/u_mem_dispatcher/u_l2_cache/u_l2_uram/u_l2_uram/xpm_memory_base_inst/gen_wr_a.gen_word_narrow.mem_reg_uram_30/CAS_OUT_DIN_A[68]
                         net (fo=1, routed)           0.000     0.000    pccx_v002_system_i/u_npu/inst/u_wrap/u_pccx_npu_top/u_mem_dispatcher/u_l2_cache/u_l2_uram/u_l2_uram/xpm_memory_base_inst/gen_wr_a.gen_word_narrow.mem_reg_uram_31_Cas_DinA_1[68]
    URAM288_X0Y1         URAM288                                      r  pccx_v002_system_i/u_npu/inst/u_wrap/u_pccx_npu_top/u_mem_dispatcher/u_l2_cache/u_l2_uram/u_l2_uram/xpm_memory_base_inst/gen_wr_a.gen_word_narrow.mem_reg_uram_31/CAS_IN_DIN_A[68]
  -------------------------------------------------------------------    -------------------

                         (clock clk_pl_0 rise edge)
                                                      0.000     0.000 r  
    PS8_X0Y0             PS8                          0.000     0.000 r  pccx_v002_system_i/zynq_ps/inst/PS8_i/PLCLK[0]
                         net (fo=1, routed)           0.229     0.229    pccx_v002_system_i/zynq_ps/inst/pl_clk_unbuffered[0]
    BUFG_PS_X0Y90        BUFG_PS (Prop_BUFG_PS_I_O)
                                                      0.038     0.267 r  pccx_v002_system_i/zynq_ps/inst/buffer_pl_clk_0.PL_CLK_0_BUFG/O
    X1Y1 (CLOCK_ROOT)    net (fo=82039, routed)       3.166     3.433    pccx_v002_system_i/u_npu/inst/u_wrap/u_pccx_npu_top/u_mem_dispatcher/u_l2_cache/u_l2_uram/u_l2_uram/xpm_memory_base_inst/clka
    URAM288_X0Y1         URAM288                                      r  pccx_v002_system_i/u_npu/inst/u_wrap/u_pccx_npu_top/u_mem_dispatcher/u_l2_cache/u_l2_uram/u_l2_uram/xpm_memory_base_inst/gen_wr_a.gen_word_narrow.mem_reg_uram_31/CLK

Slack:                    inf
  Source:                 pccx_v002_system_i/u_npu/inst/u_wrap/u_pccx_npu_top/u_mem_dispatcher/u_l2_cache/u_l2_uram/u_l2_uram/xpm_memory_base_inst/gen_wr_a.gen_word_narrow.mem_reg_uram_32/CAS_OUT_ADDR_B[19]
                            (internal pin)
  Destination:            pccx_v002_system_i/u_npu/inst/u_wrap/u_pccx_npu_top/u_mem_dispatcher/u_l2_cache/u_l2_uram/u_l2_uram/xpm_memory_base_inst/gen_wr_a.gen_word_narrow.mem_reg_uram_33/CAS_IN_ADDR_B[19]
                            (rising edge-triggered cell URAM288 clocked by clk_pl_0  {rise@0.000ns fall@5.000ns period=10.000ns})
  Path Group:             (none)
  Path Type:              Hold (Min at Slow Process Corner)
  Data Path Delay:        0.000ns  (logic 0.000ns (0.000%)  route 0.000ns (0.000%))
  Logic Levels:           0  
  Clock Uncertainty:      0.158ns  ((TSJ^2 + DJ^2)^1/2) / 2 + PE
    Total System Jitter     (TSJ):    0.050ns
    Discrete Jitter          (DJ):    0.312ns
    Phase Error              (PE):    0.000ns
  Clock Net Delay (Destination): 3.177ns (routing 1.681ns, distribution 1.496ns)

    Location             Delay type                Incr(ns)  Path(ns)    Netlist Resource(s)
  -------------------------------------------------------------------    -------------------
    URAM288_X0Y8         URAM288                      0.000     0.000 r  pccx_v002_system_i/u_npu/inst/u_wrap/u_pccx_npu_top/u_mem_dispatcher/u_l2_cache/u_l2_uram/u_l2_uram/xpm_memory_base_inst/gen_wr_a.gen_word_narrow.mem_reg_uram_32/CAS_OUT_ADDR_B[19]
                         net (fo=1, routed)           0.000     0.000    pccx_v002_system_i/u_npu/inst/u_wrap/u_pccx_npu_top/u_mem_dispatcher/u_l2_cache/u_l2_uram/u_l2_uram/xpm_memory_base_inst/gen_wr_a.gen_word_narrow.mem_reg_uram_33_Cas_AddrB_1[19]
    URAM288_X0Y9         URAM288                                      r  pccx_v002_system_i/u_npu/inst/u_wrap/u_pccx_npu_top/u_mem_dispatcher/u_l2_cache/u_l2_uram/u_l2_uram/xpm_memory_base_inst/gen_wr_a.gen_word_narrow.mem_reg_uram_33/CAS_IN_ADDR_B[19]
  -------------------------------------------------------------------    -------------------

                         (clock clk_pl_0 rise edge)
                                                      0.000     0.000 r  
    PS8_X0Y0             PS8                          0.000     0.000 r  pccx_v002_system_i/zynq_ps/inst/PS8_i/PLCLK[0]
                         net (fo=1, routed)           0.229     0.229    pccx_v002_system_i/zynq_ps/inst/pl_clk_unbuffered[0]
    BUFG_PS_X0Y90        BUFG_PS (Prop_BUFG_PS_I_O)
                                                      0.038     0.267 r  pccx_v002_system_i/zynq_ps/inst/buffer_pl_clk_0.PL_CLK_0_BUFG/O
    X1Y1 (CLOCK_ROOT)    net (fo=82039, routed)       3.177     3.444    pccx_v002_system_i/u_npu/inst/u_wrap/u_pccx_npu_top/u_mem_dispatcher/u_l2_cache/u_l2_uram/u_l2_uram/xpm_memory_base_inst/clka
    URAM288_X0Y9         URAM288                                      r  pccx_v002_system_i/u_npu/inst/u_wrap/u_pccx_npu_top/u_mem_dispatcher/u_l2_cache/u_l2_uram/u_l2_uram/xpm_memory_base_inst/gen_wr_a.gen_word_narrow.mem_reg_uram_33/CLK

Slack:                    inf
  Source:                 pccx_v002_system_i/u_npu/inst/u_wrap/u_pccx_npu_top/u_mem_dispatcher/u_l2_cache/u_l2_uram/u_l2_uram/xpm_memory_base_inst/gen_wr_a.gen_word_narrow.mem_reg_uram_32/CAS_OUT_DIN_A[64]
                            (internal pin)
  Destination:            pccx_v002_system_i/u_npu/inst/u_wrap/u_pccx_npu_top/u_mem_dispatcher/u_l2_cache/u_l2_uram/u_l2_uram/xpm_memory_base_inst/gen_wr_a.gen_word_narrow.mem_reg_uram_33/CAS_IN_DIN_A[64]
                            (rising edge-triggered cell URAM288 clocked by clk_pl_0  {rise@0.000ns fall@5.000ns period=10.000ns})
  Path Group:             (none)
  Path Type:              Hold (Min at Slow Process Corner)
  Data Path Delay:        0.000ns  (logic 0.000ns (0.000%)  route 0.000ns (0.000%))
  Logic Levels:           0  
  Clock Uncertainty:      0.158ns  ((TSJ^2 + DJ^2)^1/2) / 2 + PE
    Total System Jitter     (TSJ):    0.050ns
    Discrete Jitter          (DJ):    0.312ns
    Phase Error              (PE):    0.000ns
  Clock Net Delay (Destination): 3.177ns (routing 1.681ns, distribution 1.496ns)

    Location             Delay type                Incr(ns)  Path(ns)    Netlist Resource(s)
  -------------------------------------------------------------------    -------------------
    URAM288_X0Y8         URAM288                      0.000     0.000 r  pccx_v002_system_i/u_npu/inst/u_wrap/u_pccx_npu_top/u_mem_dispatcher/u_l2_cache/u_l2_uram/u_l2_uram/xpm_memory_base_inst/gen_wr_a.gen_word_narrow.mem_reg_uram_32/CAS_OUT_DIN_A[64]
                         net (fo=1, routed)           0.000     0.000    pccx_v002_system_i/u_npu/inst/u_wrap/u_pccx_npu_top/u_mem_dispatcher/u_l2_cache/u_l2_uram/u_l2_uram/xpm_memory_base_inst/gen_wr_a.gen_word_narrow.mem_reg_uram_33_Cas_DinA_1[64]
    URAM288_X0Y9         URAM288                                      r  pccx_v002_system_i/u_npu/inst/u_wrap/u_pccx_npu_top/u_mem_dispatcher/u_l2_cache/u_l2_uram/u_l2_uram/xpm_memory_base_inst/gen_wr_a.gen_word_narrow.mem_reg_uram_33/CAS_IN_DIN_A[64]
  -------------------------------------------------------------------    -------------------

                         (clock clk_pl_0 rise edge)
                                                      0.000     0.000 r  
    PS8_X0Y0             PS8                          0.000     0.000 r  pccx_v002_system_i/zynq_ps/inst/PS8_i/PLCLK[0]
                         net (fo=1, routed)           0.229     0.229    pccx_v002_system_i/zynq_ps/inst/pl_clk_unbuffered[0]
    BUFG_PS_X0Y90        BUFG_PS (Prop_BUFG_PS_I_O)
                                                      0.038     0.267 r  pccx_v002_system_i/zynq_ps/inst/buffer_pl_clk_0.PL_CLK_0_BUFG/O
    X1Y1 (CLOCK_ROOT)    net (fo=82039, routed)       3.177     3.444    pccx_v002_system_i/u_npu/inst/u_wrap/u_pccx_npu_top/u_mem_dispatcher/u_l2_cache/u_l2_uram/u_l2_uram/xpm_memory_base_inst/clka
    URAM288_X0Y9         URAM288                                      r  pccx_v002_system_i/u_npu/inst/u_wrap/u_pccx_npu_top/u_mem_dispatcher/u_l2_cache/u_l2_uram/u_l2_uram/xpm_memory_base_inst/gen_wr_a.gen_word_narrow.mem_reg_uram_33/CLK

Slack:                    inf
  Source:                 pccx_v002_system_i/u_npu/inst/u_wrap/u_pccx_npu_top/u_mem_dispatcher/u_l2_cache/u_l2_uram/u_l2_uram/xpm_memory_base_inst/gen_wr_a.gen_word_narrow.mem_reg_uram_32/CAS_OUT_DIN_A[68]
                            (internal pin)
  Destination:            pccx_v002_system_i/u_npu/inst/u_wrap/u_pccx_npu_top/u_mem_dispatcher/u_l2_cache/u_l2_uram/u_l2_uram/xpm_memory_base_inst/gen_wr_a.gen_word_narrow.mem_reg_uram_33/CAS_IN_DIN_A[68]
                            (rising edge-triggered cell URAM288 clocked by clk_pl_0  {rise@0.000ns fall@5.000ns period=10.000ns})
  Path Group:             (none)
  Path Type:              Hold (Min at Slow Process Corner)
  Data Path Delay:        0.000ns  (logic 0.000ns (0.000%)  route 0.000ns (0.000%))
  Logic Levels:           0  
  Clock Uncertainty:      0.158ns  ((TSJ^2 + DJ^2)^1/2) / 2 + PE
    Total System Jitter     (TSJ):    0.050ns
    Discrete Jitter          (DJ):    0.312ns
    Phase Error              (PE):    0.000ns
  Clock Net Delay (Destination): 3.177ns (routing 1.681ns, distribution 1.496ns)

    Location             Delay type                Incr(ns)  Path(ns)    Netlist Resource(s)
  -------------------------------------------------------------------    -------------------
    URAM288_X0Y8         URAM288                      0.000     0.000 r  pccx_v002_system_i/u_npu/inst/u_wrap/u_pccx_npu_top/u_mem_dispatcher/u_l2_cache/u_l2_uram/u_l2_uram/xpm_memory_base_inst/gen_wr_a.gen_word_narrow.mem_reg_uram_32/CAS_OUT_DIN_A[68]
                         net (fo=1, routed)           0.000     0.000    pccx_v002_system_i/u_npu/inst/u_wrap/u_pccx_npu_top/u_mem_dispatcher/u_l2_cache/u_l2_uram/u_l2_uram/xpm_memory_base_inst/gen_wr_a.gen_word_narrow.mem_reg_uram_33_Cas_DinA_1[68]
    URAM288_X0Y9         URAM288                                      r  pccx_v002_system_i/u_npu/inst/u_wrap/u_pccx_npu_top/u_mem_dispatcher/u_l2_cache/u_l2_uram/u_l2_uram/xpm_memory_base_inst/gen_wr_a.gen_word_narrow.mem_reg_uram_33/CAS_IN_DIN_A[68]
  -------------------------------------------------------------------    -------------------

                         (clock clk_pl_0 rise edge)
                                                      0.000     0.000 r  
    PS8_X0Y0             PS8                          0.000     0.000 r  pccx_v002_system_i/zynq_ps/inst/PS8_i/PLCLK[0]
                         net (fo=1, routed)           0.229     0.229    pccx_v002_system_i/zynq_ps/inst/pl_clk_unbuffered[0]
    BUFG_PS_X0Y90        BUFG_PS (Prop_BUFG_PS_I_O)
                                                      0.038     0.267 r  pccx_v002_system_i/zynq_ps/inst/buffer_pl_clk_0.PL_CLK_0_BUFG/O
    X1Y1 (CLOCK_ROOT)    net (fo=82039, routed)       3.177     3.444    pccx_v002_system_i/u_npu/inst/u_wrap/u_pccx_npu_top/u_mem_dispatcher/u_l2_cache/u_l2_uram/u_l2_uram/xpm_memory_base_inst/clka
    URAM288_X0Y9         URAM288                                      r  pccx_v002_system_i/u_npu/inst/u_wrap/u_pccx_npu_top/u_mem_dispatcher/u_l2_cache/u_l2_uram/u_l2_uram/xpm_memory_base_inst/gen_wr_a.gen_word_narrow.mem_reg_uram_33/CLK

Slack:                    inf
  Source:                 pccx_v002_system_i/u_npu/inst/u_wrap/u_pccx_npu_top/u_mem_dispatcher/u_l2_cache/u_l2_uram/u_l2_uram/xpm_memory_base_inst/gen_wr_a.gen_word_narrow.mem_reg_uram_34/CAS_OUT_ADDR_B[19]
                            (internal pin)
  Destination:            pccx_v002_system_i/u_npu/inst/u_wrap/u_pccx_npu_top/u_mem_dispatcher/u_l2_cache/u_l2_uram/u_l2_uram/xpm_memory_base_inst/gen_wr_a.gen_word_narrow.mem_reg_uram_35/CAS_IN_ADDR_B[19]
                            (rising edge-triggered cell URAM288 clocked by clk_pl_0  {rise@0.000ns fall@5.000ns period=10.000ns})
  Path Group:             (none)
  Path Type:              Hold (Min at Slow Process Corner)
  Data Path Delay:        0.000ns  (logic 0.000ns (0.000%)  route 0.000ns (0.000%))
  Logic Levels:           0  
  Clock Uncertainty:      0.158ns  ((TSJ^2 + DJ^2)^1/2) / 2 + PE
    Total System Jitter     (TSJ):    0.050ns
    Discrete Jitter          (DJ):    0.312ns
    Phase Error              (PE):    0.000ns
  Clock Net Delay (Destination): 3.145ns (routing 1.681ns, distribution 1.464ns)

    Location             Delay type                Incr(ns)  Path(ns)    Netlist Resource(s)
  -------------------------------------------------------------------    -------------------
    URAM288_X0Y6         URAM288                      0.000     0.000 r  pccx_v002_system_i/u_npu/inst/u_wrap/u_pccx_npu_top/u_mem_dispatcher/u_l2_cache/u_l2_uram/u_l2_uram/xpm_memory_base_inst/gen_wr_a.gen_word_narrow.mem_reg_uram_34/CAS_OUT_ADDR_B[19]
                         net (fo=1, routed)           0.000     0.000    pccx_v002_system_i/u_npu/inst/u_wrap/u_pccx_npu_top/u_mem_dispatcher/u_l2_cache/u_l2_uram/u_l2_uram/xpm_memory_base_inst/gen_wr_a.gen_word_narrow.mem_reg_uram_35_Cas_AddrB_1[19]
    URAM288_X0Y7         URAM288                                      r  pccx_v002_system_i/u_npu/inst/u_wrap/u_pccx_npu_top/u_mem_dispatcher/u_l2_cache/u_l2_uram/u_l2_uram/xpm_memory_base_inst/gen_wr_a.gen_word_narrow.mem_reg_uram_35/CAS_IN_ADDR_B[19]
  -------------------------------------------------------------------    -------------------

                         (clock clk_pl_0 rise edge)
                                                      0.000     0.000 r  
    PS8_X0Y0             PS8                          0.000     0.000 r  pccx_v002_system_i/zynq_ps/inst/PS8_i/PLCLK[0]
                         net (fo=1, routed)           0.229     0.229    pccx_v002_system_i/zynq_ps/inst/pl_clk_unbuffered[0]
    BUFG_PS_X0Y90        BUFG_PS (Prop_BUFG_PS_I_O)
                                                      0.038     0.267 r  pccx_v002_system_i/zynq_ps/inst/buffer_pl_clk_0.PL_CLK_0_BUFG/O
    X1Y1 (CLOCK_ROOT)    net (fo=82039, routed)       3.145     3.412    pccx_v002_system_i/u_npu/inst/u_wrap/u_pccx_npu_top/u_mem_dispatcher/u_l2_cache/u_l2_uram/u_l2_uram/xpm_memory_base_inst/clka
    URAM288_X0Y7         URAM288                                      r  pccx_v002_system_i/u_npu/inst/u_wrap/u_pccx_npu_top/u_mem_dispatcher/u_l2_cache/u_l2_uram/u_l2_uram/xpm_memory_base_inst/gen_wr_a.gen_word_narrow.mem_reg_uram_35/CLK

Slack:                    inf
  Source:                 pccx_v002_system_i/u_npu/inst/u_wrap/u_pccx_npu_top/u_mem_dispatcher/u_l2_cache/u_l2_uram/u_l2_uram/xpm_memory_base_inst/gen_wr_a.gen_word_narrow.mem_reg_uram_34/CAS_OUT_DIN_A[64]
                            (internal pin)
  Destination:            pccx_v002_system_i/u_npu/inst/u_wrap/u_pccx_npu_top/u_mem_dispatcher/u_l2_cache/u_l2_uram/u_l2_uram/xpm_memory_base_inst/gen_wr_a.gen_word_narrow.mem_reg_uram_35/CAS_IN_DIN_A[64]
                            (rising edge-triggered cell URAM288 clocked by clk_pl_0  {rise@0.000ns fall@5.000ns period=10.000ns})
  Path Group:             (none)
  Path Type:              Hold (Min at Slow Process Corner)
  Data Path Delay:        0.000ns  (logic 0.000ns (0.000%)  route 0.000ns (0.000%))
  Logic Levels:           0  
  Clock Uncertainty:      0.158ns  ((TSJ^2 + DJ^2)^1/2) / 2 + PE
    Total System Jitter     (TSJ):    0.050ns
    Discrete Jitter          (DJ):    0.312ns
    Phase Error              (PE):    0.000ns
  Clock Net Delay (Destination): 3.145ns (routing 1.681ns, distribution 1.464ns)

    Location             Delay type                Incr(ns)  Path(ns)    Netlist Resource(s)
  -------------------------------------------------------------------    -------------------
    URAM288_X0Y6         URAM288                      0.000     0.000 r  pccx_v002_system_i/u_npu/inst/u_wrap/u_pccx_npu_top/u_mem_dispatcher/u_l2_cache/u_l2_uram/u_l2_uram/xpm_memory_base_inst/gen_wr_a.gen_word_narrow.mem_reg_uram_34/CAS_OUT_DIN_A[64]
                         net (fo=1, routed)           0.000     0.000    pccx_v002_system_i/u_npu/inst/u_wrap/u_pccx_npu_top/u_mem_dispatcher/u_l2_cache/u_l2_uram/u_l2_uram/xpm_memory_base_inst/gen_wr_a.gen_word_narrow.mem_reg_uram_35_Cas_DinA_1[64]
    URAM288_X0Y7         URAM288                                      r  pccx_v002_system_i/u_npu/inst/u_wrap/u_pccx_npu_top/u_mem_dispatcher/u_l2_cache/u_l2_uram/u_l2_uram/xpm_memory_base_inst/gen_wr_a.gen_word_narrow.mem_reg_uram_35/CAS_IN_DIN_A[64]
  -------------------------------------------------------------------    -------------------

                         (clock clk_pl_0 rise edge)
                                                      0.000     0.000 r  
    PS8_X0Y0             PS8                          0.000     0.000 r  pccx_v002_system_i/zynq_ps/inst/PS8_i/PLCLK[0]
                         net (fo=1, routed)           0.229     0.229    pccx_v002_system_i/zynq_ps/inst/pl_clk_unbuffered[0]
    BUFG_PS_X0Y90        BUFG_PS (Prop_BUFG_PS_I_O)
                                                      0.038     0.267 r  pccx_v002_system_i/zynq_ps/inst/buffer_pl_clk_0.PL_CLK_0_BUFG/O
    X1Y1 (CLOCK_ROOT)    net (fo=82039, routed)       3.145     3.412    pccx_v002_system_i/u_npu/inst/u_wrap/u_pccx_npu_top/u_mem_dispatcher/u_l2_cache/u_l2_uram/u_l2_uram/xpm_memory_base_inst/clka
    URAM288_X0Y7         URAM288                                      r  pccx_v002_system_i/u_npu/inst/u_wrap/u_pccx_npu_top/u_mem_dispatcher/u_l2_cache/u_l2_uram/u_l2_uram/xpm_memory_base_inst/gen_wr_a.gen_word_narrow.mem_reg_uram_35/CLK

Slack:                    inf
  Source:                 pccx_v002_system_i/u_npu/inst/u_wrap/u_pccx_npu_top/u_mem_dispatcher/u_l2_cache/u_l2_uram/u_l2_uram/xpm_memory_base_inst/gen_wr_a.gen_word_narrow.mem_reg_uram_34/CAS_OUT_DIN_A[68]
                            (internal pin)
  Destination:            pccx_v002_system_i/u_npu/inst/u_wrap/u_pccx_npu_top/u_mem_dispatcher/u_l2_cache/u_l2_uram/u_l2_uram/xpm_memory_base_inst/gen_wr_a.gen_word_narrow.mem_reg_uram_35/CAS_IN_DIN_A[68]
                            (rising edge-triggered cell URAM288 clocked by clk_pl_0  {rise@0.000ns fall@5.000ns period=10.000ns})
  Path Group:             (none)
  Path Type:              Hold (Min at Slow Process Corner)
  Data Path Delay:        0.000ns  (logic 0.000ns (0.000%)  route 0.000ns (0.000%))
  Logic Levels:           0  
  Clock Uncertainty:      0.158ns  ((TSJ^2 + DJ^2)^1/2) / 2 + PE
    Total System Jitter     (TSJ):    0.050ns
    Discrete Jitter          (DJ):    0.312ns
    Phase Error              (PE):    0.000ns
  Clock Net Delay (Destination): 3.145ns (routing 1.681ns, distribution 1.464ns)

    Location             Delay type                Incr(ns)  Path(ns)    Netlist Resource(s)
  -------------------------------------------------------------------    -------------------
    URAM288_X0Y6         URAM288                      0.000     0.000 r  pccx_v002_system_i/u_npu/inst/u_wrap/u_pccx_npu_top/u_mem_dispatcher/u_l2_cache/u_l2_uram/u_l2_uram/xpm_memory_base_inst/gen_wr_a.gen_word_narrow.mem_reg_uram_34/CAS_OUT_DIN_A[68]
                         net (fo=1, routed)           0.000     0.000    pccx_v002_system_i/u_npu/inst/u_wrap/u_pccx_npu_top/u_mem_dispatcher/u_l2_cache/u_l2_uram/u_l2_uram/xpm_memory_base_inst/gen_wr_a.gen_word_narrow.mem_reg_uram_35_Cas_DinA_1[68]
    URAM288_X0Y7         URAM288                                      r  pccx_v002_system_i/u_npu/inst/u_wrap/u_pccx_npu_top/u_mem_dispatcher/u_l2_cache/u_l2_uram/u_l2_uram/xpm_memory_base_inst/gen_wr_a.gen_word_narrow.mem_reg_uram_35/CAS_IN_DIN_A[68]
  -------------------------------------------------------------------    -------------------

                         (clock clk_pl_0 rise edge)
                                                      0.000     0.000 r  
    PS8_X0Y0             PS8                          0.000     0.000 r  pccx_v002_system_i/zynq_ps/inst/PS8_i/PLCLK[0]
                         net (fo=1, routed)           0.229     0.229    pccx_v002_system_i/zynq_ps/inst/pl_clk_unbuffered[0]
    BUFG_PS_X0Y90        BUFG_PS (Prop_BUFG_PS_I_O)
                                                      0.038     0.267 r  pccx_v002_system_i/zynq_ps/inst/buffer_pl_clk_0.PL_CLK_0_BUFG/O
    X1Y1 (CLOCK_ROOT)    net (fo=82039, routed)       3.145     3.412    pccx_v002_system_i/u_npu/inst/u_wrap/u_pccx_npu_top/u_mem_dispatcher/u_l2_cache/u_l2_uram/u_l2_uram/xpm_memory_base_inst/clka
    URAM288_X0Y7         URAM288                                      r  pccx_v002_system_i/u_npu/inst/u_wrap/u_pccx_npu_top/u_mem_dispatcher/u_l2_cache/u_l2_uram/u_l2_uram/xpm_memory_base_inst/gen_wr_a.gen_word_narrow.mem_reg_uram_35/CLK





