Copyright 1986-2022 Xilinx, Inc. All Rights Reserved. Copyright 2022-2025 Advanced Micro Devices, Inc. All Rights Reserved.
-------------------------------------------------------------------------------------------------------------------------------------------------------------------------------------------------------
| Tool Version      : Vivado v.2025.2 (lin64) Build 6299465 Fri Nov 14 12:34:56 MST 2025
| Date              : Thu Jun  4 02:11:12 2026
| Host              : pccx-vivado running 64-bit Ubuntu 22.04.5 LTS
| Command           : report_timing_summary -delay_type min_max -report_unconstrained -check_timing_verbose -max_paths 20 -file /home/hwkim/v002-rtl/hw/build/reports/timing_summary_post_impl_top.rpt
| Design            : pccx_v002_system_wrapper
| Device            : xck26-sfvc784
| Speed File        : -2LV  PRODUCTION 1.30 05-15-2022
| Design State      : Physopt postRoute
| Temperature Grade : C
-------------------------------------------------------------------------------------------------------------------------------------------------------------------------------------------------------

Timing Summary Report

------------------------------------------------------------------------------------------------
| Timer Settings
| --------------
------------------------------------------------------------------------------------------------

  Enable Multi Corner Analysis               :  Yes
  Enable Pessimism Removal                   :  Yes
  Pessimism Removal Resolution               :  Nearest Common Node
  Enable Input Delay Default Clock           :  No
  Enable Preset / Clear Arcs                 :  No
  Disable Flight Delays                      :  No
  Ignore I/O Paths                           :  No
  Timing Early Launch at Borrowing Latches   :  No
  Borrow Time for Max Delay Exceptions       :  Yes
  Merge Timing Exceptions                    :  Yes
  Inter-SLR Compensation                     :  Conservative

  Corner  Analyze    Analyze    
  Name    Max Paths  Min Paths  
  ------  ---------  ---------  
  Slow    Yes        Yes        
  Fast    Yes        Yes        


------------------------------------------------------------------------------------------------
| Report Methodology
| ------------------
------------------------------------------------------------------------------------------------

No report available as report_methodology has not been run prior. Run report_methodology on the current design for the summary of methodology violations.



check_timing report

Table of Contents
-----------------
1. checking no_clock (0)
2. checking constant_clock (0)
3. checking pulse_width_clock (0)
4. checking unconstrained_internal_endpoints (0)
5. checking no_input_delay (0)
6. checking no_output_delay (0)
7. checking multiple_clock (0)
8. checking generated_clocks (0)
9. checking loops (0)
10. checking partial_input_delay (0)
11. checking partial_output_delay (0)
12. checking latch_loops (0)

1. checking no_clock (0)
------------------------
 There are 0 register/latch pins with no clock.


2. checking constant_clock (0)
------------------------------
 There are 0 register/latch pins with constant_clock.


3. checking pulse_width_clock (0)
---------------------------------
 There are 0 register/latch pins which need pulse_width check


4. checking unconstrained_internal_endpoints (0)
------------------------------------------------
 There are 0 pins that are not constrained for maximum delay.

 There are 0 pins that are not constrained for maximum delay due to constant clock.


5. checking no_input_delay (0)
------------------------------
 There are 0 input ports with no input delay specified.

 There are 0 input ports with no input delay but user has a false path constraint.


6. checking no_output_delay (0)
-------------------------------
 There are 0 ports with no output delay specified.

 There are 0 ports with no output delay but user has a false path constraint

 There are 0 ports with no output delay but with a timing clock defined on it or propagating through it


7. checking multiple_clock (0)
------------------------------
 There are 0 register/latch pins with multiple clocks.


8. checking generated_clocks (0)
--------------------------------
 There are 0 generated clocks that are not connected to a clock source.


9. checking loops (0)
---------------------
 There are 0 combinational loops in the design.


10. checking partial_input_delay (0)
------------------------------------
 There are 0 input ports with partial input delay specified.


11. checking partial_output_delay (0)
-------------------------------------
 There are 0 ports with partial output delay specified.


12. checking latch_loops (0)
----------------------------
 There are 0 combinational latch loops in the design through latch input



------------------------------------------------------------------------------------------------
| Design Timing Summary
| ---------------------
------------------------------------------------------------------------------------------------

    WNS(ns)      TNS(ns)  TNS Failing Endpoints  TNS Total Endpoints      WHS(ns)      THS(ns)  THS Failing Endpoints  THS Total Endpoints     WPWS(ns)     TPWS(ns)  TPWS Failing Endpoints  TPWS Total Endpoints  
    -------      -------  ---------------------  -------------------      -------      -------  ---------------------  -------------------     --------     --------  ----------------------  --------------------  
      2.629        0.000                      0               415588        0.010        0.000                      0               415588        3.500        0.000                       0                 78012  


All user specified timing constraints are met.


------------------------------------------------------------------------------------------------
| Clock Summary
| -------------
------------------------------------------------------------------------------------------------

Clock     Waveform(ns)       Period(ns)      Frequency(MHz)
-----     ------------       ----------      --------------
clk_pl_0  {0.000 5.000}      10.000          100.000         
clk_pl_1  {0.000 5.000}      10.000          100.000         


------------------------------------------------------------------------------------------------
| Intra Clock Table
| -----------------
------------------------------------------------------------------------------------------------

Clock             WNS(ns)      TNS(ns)  TNS Failing Endpoints  TNS Total Endpoints      WHS(ns)      THS(ns)  THS Failing Endpoints  THS Total Endpoints     WPWS(ns)     TPWS(ns)  TPWS Failing Endpoints  TPWS Total Endpoints  
-----             -------      -------  ---------------------  -------------------      -------      -------  ---------------------  -------------------     --------     --------  ----------------------  --------------------  
clk_pl_0            2.629        0.000                      0               415588        0.010        0.000                      0               415588        3.500        0.000                       0                 78012  


------------------------------------------------------------------------------------------------
| Inter Clock Table
| -----------------
------------------------------------------------------------------------------------------------

From Clock    To Clock          WNS(ns)      TNS(ns)  TNS Failing Endpoints  TNS Total Endpoints      WHS(ns)      THS(ns)  THS Failing Endpoints  THS Total Endpoints  
----------    --------          -------      -------  ---------------------  -------------------      -------      -------  ---------------------  -------------------  


------------------------------------------------------------------------------------------------
| Other Path Groups Table
| -----------------------
------------------------------------------------------------------------------------------------

Path Group    From Clock    To Clock          WNS(ns)      TNS(ns)  TNS Failing Endpoints  TNS Total Endpoints      WHS(ns)      THS(ns)  THS Failing Endpoints  THS Total Endpoints  
----------    ----------    --------          -------      -------  ---------------------  -------------------      -------      -------  ---------------------  -------------------  


------------------------------------------------------------------------------------------------
| User Ignored Path Table
| -----------------------
------------------------------------------------------------------------------------------------

Path Group    From Clock    To Clock    
----------    ----------    --------    
(none)                      clk_pl_0      
(none)        clk_pl_0      clk_pl_0      


------------------------------------------------------------------------------------------------
| Unconstrained Path Table
| ------------------------
------------------------------------------------------------------------------------------------

Path Group    From Clock    To Clock    
----------    ----------    --------    
(none)                      clk_pl_0      


------------------------------------------------------------------------------------------------
| Timing Details
| --------------
------------------------------------------------------------------------------------------------


---------------------------------------------------------------------------------------------------
From Clock:  clk_pl_0
  To Clock:  clk_pl_0

Setup :            0  Failing Endpoints,  Worst Slack        2.629ns,  Total Violation        0.000ns
Hold  :            0  Failing Endpoints,  Worst Slack        0.010ns,  Total Violation        0.000ns
PW    :            0  Failing Endpoints,  Worst Slack        3.500ns,  Total Violation        0.000ns
---------------------------------------------------------------------------------------------------


Max Delay Paths
--------------------------------------------------------------------------------------
Slack (MET) :             2.629ns  (required time - arrival time)
  Source:                 pccx_v002_system_i/u_npu/inst/u_wrap/u_pccx_npu_top/u_systolic_engine/u_compute_core/gemm_ACC_col_loop[31].gemm_ACC/DSP_ACC/DSP_OUTPUT_INST/CLK
                            (rising edge-triggered cell DSP_OUTPUT clocked by clk_pl_0  {rise@0.000ns fall@5.000ns period=10.000ns})
  Destination:            pccx_v002_system_i/u_npu/inst/u_wrap/u_pccx_npu_top/top_debug_seen_reg[6]/D
                            (rising edge-triggered cell FDRE clocked by clk_pl_0  {rise@0.000ns fall@5.000ns period=10.000ns})
  Path Group:             clk_pl_0
  Path Type:              Setup (Max at Slow Process Corner)
  Requirement:            10.000ns  (clk_pl_0 rise@10.000ns - clk_pl_0 rise@0.000ns)
  Data Path Delay:        6.902ns  (logic 0.832ns (12.054%)  route 6.070ns (87.946%))
  Logic Levels:           4  (LUT6=4)
  Clock Path Skew:        -0.352ns (DCD - SCD + CPR)
    Destination Clock Delay (DCD):    2.999ns = ( 12.999 - 10.000 ) 
    Source Clock Delay      (SCD):    3.546ns
    Clock Pessimism Removal (CPR):    0.194ns
  Clock Uncertainty:      0.160ns  ((TSJ^2 + DJ^2)^1/2) / 2 + PE
    Total System Jitter     (TSJ):    0.071ns
    Discrete Jitter          (DJ):    0.312ns
    Phase Error              (PE):    0.000ns
  Clock Net Delay (Source):      3.279ns (routing 1.681ns, distribution 1.598ns)
  Clock Net Delay (Destination): 2.783ns (routing 1.538ns, distribution 1.245ns)

    Location             Delay type                Incr(ns)  Path(ns)    Netlist Resource(s)
  -------------------------------------------------------------------    -------------------
                         (clock clk_pl_0 rise edge)
                                                      0.000     0.000 r  
    PS8_X0Y0             PS8                          0.000     0.000 r  pccx_v002_system_i/zynq_ps/inst/PS8_i/PLCLK[0]
                         net (fo=1, routed)           0.229     0.229    pccx_v002_system_i/zynq_ps/inst/pl_clk_unbuffered[0]
    BUFG_PS_X0Y90        BUFG_PS (Prop_BUFG_PS_I_O)
                                                      0.038     0.267 r  pccx_v002_system_i/zynq_ps/inst/buffer_pl_clk_0.PL_CLK_0_BUFG/O
    X1Y1 (CLOCK_ROOT)    net (fo=82277, routed)       3.279     3.546    pccx_v002_system_i/u_npu/inst/u_wrap/u_pccx_npu_top/u_systolic_engine/u_compute_core/gemm_ACC_col_loop[31].gemm_ACC/DSP_ACC/CLK
    DSP48E2_X1Y37        DSP_OUTPUT                                   r  pccx_v002_system_i/u_npu/inst/u_wrap/u_pccx_npu_top/u_systolic_engine/u_compute_core/gemm_ACC_col_loop[31].gemm_ACC/DSP_ACC/DSP_OUTPUT_INST/CLK
  -------------------------------------------------------------------    -------------------
    DSP48E2_X1Y37        DSP_OUTPUT (Prop_DSP_OUTPUT_DSP48E2_CLK_P[2])
                                                      0.278     3.824 r  pccx_v002_system_i/u_npu/inst/u_wrap/u_pccx_npu_top/u_systolic_engine/u_compute_core/gemm_ACC_col_loop[31].gemm_ACC/DSP_ACC/DSP_OUTPUT_INST/P[2]
                         net (fo=3, routed)           0.378     4.202    pccx_v002_system_i/u_npu/inst/u_wrap/u_pccx_npu_top/u_systolic_engine/u_compute_core/gemm_ACC_col_loop[31].gemm_ACC/P[2]
    SLICE_X5Y92          LUT6 (Prop_H6LUT_SLICEM_I3_O)
                                                      0.189     4.391 r  pccx_v002_system_i/u_npu/inst/u_wrap/u_pccx_npu_top/u_systolic_engine/u_compute_core/gemm_ACC_col_loop[31].gemm_ACC/i_105_LOPT_REMAP/O
                         net (fo=1, routed)           2.008     6.399    pccx_v002_system_i/u_npu/inst/u_wrap/u_pccx_npu_top/u_systolic_engine/u_compute_core/gemm_ACC_col_loop[31].gemm_ACC/i_105/O_n
    SLICE_X53Y118        LUT6 (Prop_F6LUT_SLICEM_I1_O)
                                                      0.224     6.623 r  pccx_v002_system_i/u_npu/inst/u_wrap/u_pccx_npu_top/u_systolic_engine/u_compute_core/gemm_ACC_col_loop[31].gemm_ACC/i_102_LOPT_REMAP/O
                         net (fo=1, routed)           2.402     9.025    pccx_v002_system_i/u_npu/inst/u_wrap/u_pccx_npu_top/u_systolic_engine/u_compute_core/gemm_ACC_col_loop[31].gemm_ACC/i_102/O_n
    SLICE_X5Y170         LUT6 (Prop_H6LUT_SLICEM_I4_O)
                                                      0.084     9.109 r  pccx_v002_system_i/u_npu/inst/u_wrap/u_pccx_npu_top/u_systolic_engine/u_compute_core/gemm_ACC_col_loop[31].gemm_ACC/i_101_LOPT_REMAP/O
                         net (fo=1, routed)           1.215    10.324    pccx_v002_system_i/u_npu/inst/u_wrap/u_pccx_npu_top/u_systolic_engine/u_compute_core/gemm_ACC_col_loop[31].gemm_ACC/i_101/O_n
    SLICE_X26Y170        LUT6 (Prop_D6LUT_SLICEL_I3_O)
                                                      0.057    10.381 r  pccx_v002_system_i/u_npu/inst/u_wrap/u_pccx_npu_top/u_systolic_engine/u_compute_core/gemm_ACC_col_loop[31].gemm_ACC/i_0_LOPT_REMAP/O
                         net (fo=1, routed)           0.067    10.448    pccx_v002_system_i/u_npu/inst/u_wrap/u_pccx_npu_top/top_debug_seen071_out
    SLICE_X26Y170        FDRE                                         r  pccx_v002_system_i/u_npu/inst/u_wrap/u_pccx_npu_top/top_debug_seen_reg[6]/D
  -------------------------------------------------------------------    -------------------

                         (clock clk_pl_0 rise edge)
                                                     10.000    10.000 r  
    PS8_X0Y0             PS8                          0.000    10.000 r  pccx_v002_system_i/zynq_ps/inst/PS8_i/PLCLK[0]
                         net (fo=1, routed)           0.181    10.181    pccx_v002_system_i/zynq_ps/inst/pl_clk_unbuffered[0]
    BUFG_PS_X0Y90        BUFG_PS (Prop_BUFG_PS_I_O)
                                                      0.035    10.216 r  pccx_v002_system_i/zynq_ps/inst/buffer_pl_clk_0.PL_CLK_0_BUFG/O
    X1Y1 (CLOCK_ROOT)    net (fo=82277, routed)       2.783    12.999    pccx_v002_system_i/u_npu/inst/u_wrap/u_pccx_npu_top/clk_core
    SLICE_X26Y170        FDRE                                         r  pccx_v002_system_i/u_npu/inst/u_wrap/u_pccx_npu_top/top_debug_seen_reg[6]/C
                         clock pessimism              0.194    13.193    
                         clock uncertainty           -0.160    13.033    
    SLICE_X26Y170        FDRE (Setup_DFF_SLICEL_C_D)
                                                      0.044    13.077    pccx_v002_system_i/u_npu/inst/u_wrap/u_pccx_npu_top/top_debug_seen_reg[6]
  -------------------------------------------------------------------
                         required time                         13.077    
                         arrival time                         -10.448    
  -------------------------------------------------------------------
                         slack                                  2.629    

Slack (MET) :             2.813ns  (required time - arrival time)
  Source:                 pccx_v002_system_i/u_npu/inst/u_wrap/u_pccx_npu_top/u_mem_dispatcher/u_l2_cache/npu_direct_cmd_q_reg/C
                            (rising edge-triggered cell FDRE clocked by clk_pl_0  {rise@0.000ns fall@5.000ns period=10.000ns})
  Destination:            pccx_v002_system_i/u_npu/inst/u_wrap/u_pccx_npu_top/u_mem_dispatcher/u_l2_cache/u_l2_uram/u_l2_uram/xpm_memory_base_inst/gen_wr_a.gen_word_narrow.mem_reg_uram_22/DIN_B[67]
                            (rising edge-triggered cell URAM288 clocked by clk_pl_0  {rise@0.000ns fall@5.000ns period=10.000ns})
  Path Group:             clk_pl_0
  Path Type:              Setup (Max at Slow Process Corner)
  Requirement:            10.000ns  (clk_pl_0 rise@10.000ns - clk_pl_0 rise@0.000ns)
  Data Path Delay:        6.450ns  (logic 0.313ns (4.853%)  route 6.137ns (95.147%))
  Logic Levels:           1  (LUT2=1)
  Clock Path Skew:        -0.155ns (DCD - SCD + CPR)
    Destination Clock Delay (DCD):    3.086ns = ( 13.086 - 10.000 ) 
    Source Clock Delay      (SCD):    3.436ns
    Clock Pessimism Removal (CPR):    0.194ns
  Clock Uncertainty:      0.160ns  ((TSJ^2 + DJ^2)^1/2) / 2 + PE
    Total System Jitter     (TSJ):    0.071ns
    Discrete Jitter          (DJ):    0.312ns
    Phase Error              (PE):    0.000ns
  Clock Net Delay (Source):      3.169ns (routing 1.681ns, distribution 1.488ns)
  Clock Net Delay (Destination): 2.870ns (routing 1.538ns, distribution 1.332ns)

    Location             Delay type                Incr(ns)  Path(ns)    Netlist Resource(s)
  -------------------------------------------------------------------    -------------------
                         (clock clk_pl_0 rise edge)
                                                      0.000     0.000 r  
    PS8_X0Y0             PS8                          0.000     0.000 r  pccx_v002_system_i/zynq_ps/inst/PS8_i/PLCLK[0]
                         net (fo=1, routed)           0.229     0.229    pccx_v002_system_i/zynq_ps/inst/pl_clk_unbuffered[0]
    BUFG_PS_X0Y90        BUFG_PS (Prop_BUFG_PS_I_O)
                                                      0.038     0.267 r  pccx_v002_system_i/zynq_ps/inst/buffer_pl_clk_0.PL_CLK_0_BUFG/O
    X1Y1 (CLOCK_ROOT)    net (fo=82277, routed)       3.169     3.436    pccx_v002_system_i/u_npu/inst/u_wrap/u_pccx_npu_top/u_mem_dispatcher/u_l2_cache/clk_core
    SLICE_X46Y146        FDRE                                         r  pccx_v002_system_i/u_npu/inst/u_wrap/u_pccx_npu_top/u_mem_dispatcher/u_l2_cache/npu_direct_cmd_q_reg/C
  -------------------------------------------------------------------    -------------------
    SLICE_X46Y146        FDRE (Prop_AFF_SLICEL_C_Q)
                                                      0.114     3.550 r  pccx_v002_system_i/u_npu/inst/u_wrap/u_pccx_npu_top/u_mem_dispatcher/u_l2_cache/npu_direct_cmd_q_reg/Q
                         net (fo=150, routed)         1.924     5.473    pccx_v002_system_i/u_npu/inst/u_wrap/u_pccx_npu_top/u_mem_dispatcher/u_l2_cache/u_l2_uram/gen_wr_a.gen_word_narrow.mem_reg_uram_0
    SLICE_X54Y169        LUT2 (Prop_B5LUT_SLICEM_I1_O)
                                                      0.199     5.672 r  pccx_v002_system_i/u_npu/inst/u_wrap/u_pccx_npu_top/u_mem_dispatcher/u_l2_cache/u_l2_uram/u_l2_uram_i_80/O
                         net (fo=14, routed)          4.213     9.886    pccx_v002_system_i/u_npu/inst/u_wrap/u_pccx_npu_top/u_mem_dispatcher/u_l2_cache/u_l2_uram/u_l2_uram/xpm_memory_base_inst/dinb[67]
    URAM288_X0Y4         URAM288                                      r  pccx_v002_system_i/u_npu/inst/u_wrap/u_pccx_npu_top/u_mem_dispatcher/u_l2_cache/u_l2_uram/u_l2_uram/xpm_memory_base_inst/gen_wr_a.gen_word_narrow.mem_reg_uram_22/DIN_B[67]
  -------------------------------------------------------------------    -------------------

                         (clock clk_pl_0 rise edge)
                                                     10.000    10.000 r  
    PS8_X0Y0             PS8                          0.000    10.000 r  pccx_v002_system_i/zynq_ps/inst/PS8_i/PLCLK[0]
                         net (fo=1, routed)           0.181    10.181    pccx_v002_system_i/zynq_ps/inst/pl_clk_unbuffered[0]
    BUFG_PS_X0Y90        BUFG_PS (Prop_BUFG_PS_I_O)
                                                      0.035    10.216 r  pccx_v002_system_i/zynq_ps/inst/buffer_pl_clk_0.PL_CLK_0_BUFG/O
    X1Y1 (CLOCK_ROOT)    net (fo=82277, routed)       2.870    13.086    pccx_v002_system_i/u_npu/inst/u_wrap/u_pccx_npu_top/u_mem_dispatcher/u_l2_cache/u_l2_uram/u_l2_uram/xpm_memory_base_inst/clka
    URAM288_X0Y4         URAM288                                      r  pccx_v002_system_i/u_npu/inst/u_wrap/u_pccx_npu_top/u_mem_dispatcher/u_l2_cache/u_l2_uram/u_l2_uram/xpm_memory_base_inst/gen_wr_a.gen_word_narrow.mem_reg_uram_22/CLK
                         clock pessimism              0.194    13.280    
                         clock uncertainty           -0.160    13.120    
    URAM288_X0Y4         URAM288 (Setup_URAM_288K_INST_URAM288_CLK_DIN_B[67])
                                                     -0.421    12.699    pccx_v002_system_i/u_npu/inst/u_wrap/u_pccx_npu_top/u_mem_dispatcher/u_l2_cache/u_l2_uram/u_l2_uram/xpm_memory_base_inst/gen_wr_a.gen_word_narrow.mem_reg_uram_22
  -------------------------------------------------------------------
                         required time                         12.699    
                         arrival time                          -9.886    
  -------------------------------------------------------------------
                         slack                                  2.813    

Slack (MET) :             2.966ns  (required time - arrival time)
  Source:                 pccx_v002_system_i/u_npu/inst/u_wrap/u_pccx_npu_top/u_mem_dispatcher/u_cvo_bridge/FSM_sequential_state_reg[1]/C
                            (rising edge-triggered cell FDRE clocked by clk_pl_0  {rise@0.000ns fall@5.000ns period=10.000ns})
  Destination:            pccx_v002_system_i/u_npu/inst/u_wrap/u_pccx_npu_top/u_mem_dispatcher/store_l2_wdata_reg[15]/CE
                            (rising edge-triggered cell FDRE clocked by clk_pl_0  {rise@0.000ns fall@5.000ns period=10.000ns})
  Path Group:             clk_pl_0
  Path Type:              Setup (Max at Slow Process Corner)
  Requirement:            10.000ns  (clk_pl_0 rise@10.000ns - clk_pl_0 rise@0.000ns)
  Data Path Delay:        6.708ns  (logic 0.592ns (8.826%)  route 6.116ns (91.174%))
  Logic Levels:           3  (LUT2=2 LUT3=1)
  Clock Path Skew:        -0.088ns (DCD - SCD + CPR)
    Destination Clock Delay (DCD):    3.127ns = ( 13.127 - 10.000 ) 
    Source Clock Delay      (SCD):    3.409ns
    Clock Pessimism Removal (CPR):    0.194ns
  Clock Uncertainty:      0.160ns  ((TSJ^2 + DJ^2)^1/2) / 2 + PE
    Total System Jitter     (TSJ):    0.071ns
    Discrete Jitter          (DJ):    0.312ns
    Phase Error              (PE):    0.000ns
  Clock Net Delay (Source):      3.142ns (routing 1.681ns, distribution 1.461ns)
  Clock Net Delay (Destination): 2.911ns (routing 1.538ns, distribution 1.373ns)

    Location             Delay type                Incr(ns)  Path(ns)    Netlist Resource(s)
  -------------------------------------------------------------------    -------------------
                         (clock clk_pl_0 rise edge)
                                                      0.000     0.000 r  
    PS8_X0Y0             PS8                          0.000     0.000 r  pccx_v002_system_i/zynq_ps/inst/PS8_i/PLCLK[0]
                         net (fo=1, routed)           0.229     0.229    pccx_v002_system_i/zynq_ps/inst/pl_clk_unbuffered[0]
    BUFG_PS_X0Y90        BUFG_PS (Prop_BUFG_PS_I_O)
                                                      0.038     0.267 r  pccx_v002_system_i/zynq_ps/inst/buffer_pl_clk_0.PL_CLK_0_BUFG/O
    X1Y1 (CLOCK_ROOT)    net (fo=82277, routed)       3.142     3.409    pccx_v002_system_i/u_npu/inst/u_wrap/u_pccx_npu_top/u_mem_dispatcher/u_cvo_bridge/clk_core
    SLICE_X49Y91         FDRE                                         r  pccx_v002_system_i/u_npu/inst/u_wrap/u_pccx_npu_top/u_mem_dispatcher/u_cvo_bridge/FSM_sequential_state_reg[1]/C
  -------------------------------------------------------------------    -------------------
    SLICE_X49Y91         FDRE (Prop_EFF_SLICEL_C_Q)
                                                      0.114     3.523 f  pccx_v002_system_i/u_npu/inst/u_wrap/u_pccx_npu_top/u_mem_dispatcher/u_cvo_bridge/FSM_sequential_state_reg[1]/Q
                         net (fo=166, routed)         1.569     5.092    pccx_v002_system_i/u_npu/inst/u_wrap/u_pccx_npu_top/u_mem_dispatcher/u_cvo_bridge/state[1]
    SLICE_X47Y129        LUT2 (Prop_C5LUT_SLICEL_I1_O)
                                                      0.152     5.244 f  pccx_v002_system_i/u_npu/inst/u_wrap/u_pccx_npu_top/u_mem_dispatcher/u_cvo_bridge/status_r[23]_i_1/O
                         net (fo=8, routed)           0.660     5.903    pccx_v002_system_i/u_npu/inst/u_wrap/u_pccx_npu_top/u_mem_dispatcher/u_cvo_bridge/FSM_sequential_state_reg[0]_0
    SLICE_X45Y163        LUT3 (Prop_H5LUT_SLICEM_I0_O)
                                                      0.189     6.092 r  pccx_v002_system_i/u_npu/inst/u_wrap/u_pccx_npu_top/u_mem_dispatcher/u_cvo_bridge/store_word_count[2]_i_2/O
                         net (fo=7, routed)           1.043     7.135    pccx_v002_system_i/u_npu/inst/u_wrap/u_pccx_npu_top/u_mem_dispatcher/u_cvo_bridge/E[0]
    SLICE_X45Y83         LUT2 (Prop_G6LUT_SLICEM_I0_O)
                                                      0.137     7.272 r  pccx_v002_system_i/u_npu/inst/u_wrap/u_pccx_npu_top/u_mem_dispatcher/u_cvo_bridge/store_l2_addr[16]_i_1/O
                         net (fo=145, routed)         2.844    10.117    pccx_v002_system_i/u_npu/inst/u_wrap/u_pccx_npu_top/u_mem_dispatcher/u_cvo_bridge_n_2
    SLICE_X51Y161        FDRE                                         r  pccx_v002_system_i/u_npu/inst/u_wrap/u_pccx_npu_top/u_mem_dispatcher/store_l2_wdata_reg[15]/CE
  -------------------------------------------------------------------    -------------------

                         (clock clk_pl_0 rise edge)
                                                     10.000    10.000 r  
    PS8_X0Y0             PS8                          0.000    10.000 r  pccx_v002_system_i/zynq_ps/inst/PS8_i/PLCLK[0]
                         net (fo=1, routed)           0.181    10.181    pccx_v002_system_i/zynq_ps/inst/pl_clk_unbuffered[0]
    BUFG_PS_X0Y90        BUFG_PS (Prop_BUFG_PS_I_O)
                                                      0.035    10.216 r  pccx_v002_system_i/zynq_ps/inst/buffer_pl_clk_0.PL_CLK_0_BUFG/O
    X1Y1 (CLOCK_ROOT)    net (fo=82277, routed)       2.911    13.127    pccx_v002_system_i/u_npu/inst/u_wrap/u_pccx_npu_top/u_mem_dispatcher/clk_core
    SLICE_X51Y161        FDRE                                         r  pccx_v002_system_i/u_npu/inst/u_wrap/u_pccx_npu_top/u_mem_dispatcher/store_l2_wdata_reg[15]/C
                         clock pessimism              0.194    13.321    
                         clock uncertainty           -0.160    13.161    
    SLICE_X51Y161        FDRE (Setup_DFF_SLICEL_C_CE)
                                                     -0.079    13.082    pccx_v002_system_i/u_npu/inst/u_wrap/u_pccx_npu_top/u_mem_dispatcher/store_l2_wdata_reg[15]
  -------------------------------------------------------------------
                         required time                         13.082    
                         arrival time                         -10.117    
  -------------------------------------------------------------------
                         slack                                  2.966    

Slack (MET) :             2.966ns  (required time - arrival time)
  Source:                 pccx_v002_system_i/u_npu/inst/u_wrap/u_pccx_npu_top/u_mem_dispatcher/u_cvo_bridge/FSM_sequential_state_reg[1]/C
                            (rising edge-triggered cell FDRE clocked by clk_pl_0  {rise@0.000ns fall@5.000ns period=10.000ns})
  Destination:            pccx_v002_system_i/u_npu/inst/u_wrap/u_pccx_npu_top/u_mem_dispatcher/store_l2_wdata_reg[32]/CE
                            (rising edge-triggered cell FDRE clocked by clk_pl_0  {rise@0.000ns fall@5.000ns period=10.000ns})
  Path Group:             clk_pl_0
  Path Type:              Setup (Max at Slow Process Corner)
  Requirement:            10.000ns  (clk_pl_0 rise@10.000ns - clk_pl_0 rise@0.000ns)
  Data Path Delay:        6.708ns  (logic 0.592ns (8.826%)  route 6.116ns (91.174%))
  Logic Levels:           3  (LUT2=2 LUT3=1)
  Clock Path Skew:        -0.088ns (DCD - SCD + CPR)
    Destination Clock Delay (DCD):    3.127ns = ( 13.127 - 10.000 ) 
    Source Clock Delay      (SCD):    3.409ns
    Clock Pessimism Removal (CPR):    0.194ns
  Clock Uncertainty:      0.160ns  ((TSJ^2 + DJ^2)^1/2) / 2 + PE
    Total System Jitter     (TSJ):    0.071ns
    Discrete Jitter          (DJ):    0.312ns
    Phase Error              (PE):    0.000ns
  Clock Net Delay (Source):      3.142ns (routing 1.681ns, distribution 1.461ns)
  Clock Net Delay (Destination): 2.911ns (routing 1.538ns, distribution 1.373ns)

    Location             Delay type                Incr(ns)  Path(ns)    Netlist Resource(s)
  -------------------------------------------------------------------    -------------------
                         (clock clk_pl_0 rise edge)
                                                      0.000     0.000 r  
    PS8_X0Y0             PS8                          0.000     0.000 r  pccx_v002_system_i/zynq_ps/inst/PS8_i/PLCLK[0]
                         net (fo=1, routed)           0.229     0.229    pccx_v002_system_i/zynq_ps/inst/pl_clk_unbuffered[0]
    BUFG_PS_X0Y90        BUFG_PS (Prop_BUFG_PS_I_O)
                                                      0.038     0.267 r  pccx_v002_system_i/zynq_ps/inst/buffer_pl_clk_0.PL_CLK_0_BUFG/O
    X1Y1 (CLOCK_ROOT)    net (fo=82277, routed)       3.142     3.409    pccx_v002_system_i/u_npu/inst/u_wrap/u_pccx_npu_top/u_mem_dispatcher/u_cvo_bridge/clk_core
    SLICE_X49Y91         FDRE                                         r  pccx_v002_system_i/u_npu/inst/u_wrap/u_pccx_npu_top/u_mem_dispatcher/u_cvo_bridge/FSM_sequential_state_reg[1]/C
  -------------------------------------------------------------------    -------------------
    SLICE_X49Y91         FDRE (Prop_EFF_SLICEL_C_Q)
                                                      0.114     3.523 f  pccx_v002_system_i/u_npu/inst/u_wrap/u_pccx_npu_top/u_mem_dispatcher/u_cvo_bridge/FSM_sequential_state_reg[1]/Q
                         net (fo=166, routed)         1.569     5.092    pccx_v002_system_i/u_npu/inst/u_wrap/u_pccx_npu_top/u_mem_dispatcher/u_cvo_bridge/state[1]
    SLICE_X47Y129        LUT2 (Prop_C5LUT_SLICEL_I1_O)
                                                      0.152     5.244 f  pccx_v002_system_i/u_npu/inst/u_wrap/u_pccx_npu_top/u_mem_dispatcher/u_cvo_bridge/status_r[23]_i_1/O
                         net (fo=8, routed)           0.660     5.903    pccx_v002_system_i/u_npu/inst/u_wrap/u_pccx_npu_top/u_mem_dispatcher/u_cvo_bridge/FSM_sequential_state_reg[0]_0
    SLICE_X45Y163        LUT3 (Prop_H5LUT_SLICEM_I0_O)
                                                      0.189     6.092 r  pccx_v002_system_i/u_npu/inst/u_wrap/u_pccx_npu_top/u_mem_dispatcher/u_cvo_bridge/store_word_count[2]_i_2/O
                         net (fo=7, routed)           1.043     7.135    pccx_v002_system_i/u_npu/inst/u_wrap/u_pccx_npu_top/u_mem_dispatcher/u_cvo_bridge/E[0]
    SLICE_X45Y83         LUT2 (Prop_G6LUT_SLICEM_I0_O)
                                                      0.137     7.272 r  pccx_v002_system_i/u_npu/inst/u_wrap/u_pccx_npu_top/u_mem_dispatcher/u_cvo_bridge/store_l2_addr[16]_i_1/O
                         net (fo=145, routed)         2.844    10.117    pccx_v002_system_i/u_npu/inst/u_wrap/u_pccx_npu_top/u_mem_dispatcher/u_cvo_bridge_n_2
    SLICE_X51Y161        FDRE                                         r  pccx_v002_system_i/u_npu/inst/u_wrap/u_pccx_npu_top/u_mem_dispatcher/store_l2_wdata_reg[32]/CE
  -------------------------------------------------------------------    -------------------

                         (clock clk_pl_0 rise edge)
                                                     10.000    10.000 r  
    PS8_X0Y0             PS8                          0.000    10.000 r  pccx_v002_system_i/zynq_ps/inst/PS8_i/PLCLK[0]
                         net (fo=1, routed)           0.181    10.181    pccx_v002_system_i/zynq_ps/inst/pl_clk_unbuffered[0]
    BUFG_PS_X0Y90        BUFG_PS (Prop_BUFG_PS_I_O)
                                                      0.035    10.216 r  pccx_v002_system_i/zynq_ps/inst/buffer_pl_clk_0.PL_CLK_0_BUFG/O
    X1Y1 (CLOCK_ROOT)    net (fo=82277, routed)       2.911    13.127    pccx_v002_system_i/u_npu/inst/u_wrap/u_pccx_npu_top/u_mem_dispatcher/clk_core
    SLICE_X51Y161        FDRE                                         r  pccx_v002_system_i/u_npu/inst/u_wrap/u_pccx_npu_top/u_mem_dispatcher/store_l2_wdata_reg[32]/C
                         clock pessimism              0.194    13.321    
                         clock uncertainty           -0.160    13.161    
    SLICE_X51Y161        FDRE (Setup_CFF_SLICEL_C_CE)
                                                     -0.079    13.082    pccx_v002_system_i/u_npu/inst/u_wrap/u_pccx_npu_top/u_mem_dispatcher/store_l2_wdata_reg[32]
  -------------------------------------------------------------------
                         required time                         13.082    
                         arrival time                         -10.117    
  -------------------------------------------------------------------
                         slack                                  2.966    

Slack (MET) :             2.984ns  (required time - arrival time)
  Source:                 pccx_v002_system_i/u_npu/inst/u_wrap/u_pccx_npu_top/u_mem_dispatcher/u_cvo_bridge/FSM_sequential_state_reg[1]/C
                            (rising edge-triggered cell FDRE clocked by clk_pl_0  {rise@0.000ns fall@5.000ns period=10.000ns})
  Destination:            pccx_v002_system_i/u_npu/inst/u_wrap/u_pccx_npu_top/u_mem_dispatcher/store_l2_wdata_reg[113]/CE
                            (rising edge-triggered cell FDRE clocked by clk_pl_0  {rise@0.000ns fall@5.000ns period=10.000ns})
  Path Group:             clk_pl_0
  Path Type:              Setup (Max at Slow Process Corner)
  Requirement:            10.000ns  (clk_pl_0 rise@10.000ns - clk_pl_0 rise@0.000ns)
  Data Path Delay:        6.650ns  (logic 0.592ns (8.902%)  route 6.058ns (91.098%))
  Logic Levels:           3  (LUT2=2 LUT3=1)
  Clock Path Skew:        -0.127ns (DCD - SCD + CPR)
    Destination Clock Delay (DCD):    3.088ns = ( 13.088 - 10.000 ) 
    Source Clock Delay      (SCD):    3.409ns
    Clock Pessimism Removal (CPR):    0.194ns
  Clock Uncertainty:      0.160ns  ((TSJ^2 + DJ^2)^1/2) / 2 + PE
    Total System Jitter     (TSJ):    0.071ns
    Discrete Jitter          (DJ):    0.312ns
    Phase Error              (PE):    0.000ns
  Clock Net Delay (Source):      3.142ns (routing 1.681ns, distribution 1.461ns)
  Clock Net Delay (Destination): 2.872ns (routing 1.538ns, distribution 1.334ns)

    Location             Delay type                Incr(ns)  Path(ns)    Netlist Resource(s)
  -------------------------------------------------------------------    -------------------
                         (clock clk_pl_0 rise edge)
                                                      0.000     0.000 r  
    PS8_X0Y0             PS8                          0.000     0.000 r  pccx_v002_system_i/zynq_ps/inst/PS8_i/PLCLK[0]
                         net (fo=1, routed)           0.229     0.229    pccx_v002_system_i/zynq_ps/inst/pl_clk_unbuffered[0]
    BUFG_PS_X0Y90        BUFG_PS (Prop_BUFG_PS_I_O)
                                                      0.038     0.267 r  pccx_v002_system_i/zynq_ps/inst/buffer_pl_clk_0.PL_CLK_0_BUFG/O
    X1Y1 (CLOCK_ROOT)    net (fo=82277, routed)       3.142     3.409    pccx_v002_system_i/u_npu/inst/u_wrap/u_pccx_npu_top/u_mem_dispatcher/u_cvo_bridge/clk_core
    SLICE_X49Y91         FDRE                                         r  pccx_v002_system_i/u_npu/inst/u_wrap/u_pccx_npu_top/u_mem_dispatcher/u_cvo_bridge/FSM_sequential_state_reg[1]/C
  -------------------------------------------------------------------    -------------------
    SLICE_X49Y91         FDRE (Prop_EFF_SLICEL_C_Q)
                                                      0.114     3.523 f  pccx_v002_system_i/u_npu/inst/u_wrap/u_pccx_npu_top/u_mem_dispatcher/u_cvo_bridge/FSM_sequential_state_reg[1]/Q
                         net (fo=166, routed)         1.569     5.092    pccx_v002_system_i/u_npu/inst/u_wrap/u_pccx_npu_top/u_mem_dispatcher/u_cvo_bridge/state[1]
    SLICE_X47Y129        LUT2 (Prop_C5LUT_SLICEL_I1_O)
                                                      0.152     5.244 f  pccx_v002_system_i/u_npu/inst/u_wrap/u_pccx_npu_top/u_mem_dispatcher/u_cvo_bridge/status_r[23]_i_1/O
                         net (fo=8, routed)           0.660     5.903    pccx_v002_system_i/u_npu/inst/u_wrap/u_pccx_npu_top/u_mem_dispatcher/u_cvo_bridge/FSM_sequential_state_reg[0]_0
    SLICE_X45Y163        LUT3 (Prop_H5LUT_SLICEM_I0_O)
                                                      0.189     6.092 r  pccx_v002_system_i/u_npu/inst/u_wrap/u_pccx_npu_top/u_mem_dispatcher/u_cvo_bridge/store_word_count[2]_i_2/O
                         net (fo=7, routed)           1.043     7.135    pccx_v002_system_i/u_npu/inst/u_wrap/u_pccx_npu_top/u_mem_dispatcher/u_cvo_bridge/E[0]
    SLICE_X45Y83         LUT2 (Prop_G6LUT_SLICEM_I0_O)
                                                      0.137     7.272 r  pccx_v002_system_i/u_npu/inst/u_wrap/u_pccx_npu_top/u_mem_dispatcher/u_cvo_bridge/store_l2_addr[16]_i_1/O
                         net (fo=145, routed)         2.787    10.059    pccx_v002_system_i/u_npu/inst/u_wrap/u_pccx_npu_top/u_mem_dispatcher/u_cvo_bridge_n_2
    SLICE_X47Y172        FDRE                                         r  pccx_v002_system_i/u_npu/inst/u_wrap/u_pccx_npu_top/u_mem_dispatcher/store_l2_wdata_reg[113]/CE
  -------------------------------------------------------------------    -------------------

                         (clock clk_pl_0 rise edge)
                                                     10.000    10.000 r  
    PS8_X0Y0             PS8                          0.000    10.000 r  pccx_v002_system_i/zynq_ps/inst/PS8_i/PLCLK[0]
                         net (fo=1, routed)           0.181    10.181    pccx_v002_system_i/zynq_ps/inst/pl_clk_unbuffered[0]
    BUFG_PS_X0Y90        BUFG_PS (Prop_BUFG_PS_I_O)
                                                      0.035    10.216 r  pccx_v002_system_i/zynq_ps/inst/buffer_pl_clk_0.PL_CLK_0_BUFG/O
    X1Y1 (CLOCK_ROOT)    net (fo=82277, routed)       2.872    13.088    pccx_v002_system_i/u_npu/inst/u_wrap/u_pccx_npu_top/u_mem_dispatcher/clk_core
    SLICE_X47Y172        FDRE                                         r  pccx_v002_system_i/u_npu/inst/u_wrap/u_pccx_npu_top/u_mem_dispatcher/store_l2_wdata_reg[113]/C
                         clock pessimism              0.194    13.282    
                         clock uncertainty           -0.160    13.122    
    SLICE_X47Y172        FDRE (Setup_HFF2_SLICEL_C_CE)
                                                     -0.079    13.043    pccx_v002_system_i/u_npu/inst/u_wrap/u_pccx_npu_top/u_mem_dispatcher/store_l2_wdata_reg[113]
  -------------------------------------------------------------------
                         required time                         13.043    
                         arrival time                         -10.059    
  -------------------------------------------------------------------
                         slack                                  2.984    

Slack (MET) :             2.984ns  (required time - arrival time)
  Source:                 pccx_v002_system_i/u_npu/inst/u_wrap/u_pccx_npu_top/u_mem_dispatcher/u_cvo_bridge/FSM_sequential_state_reg[1]/C
                            (rising edge-triggered cell FDRE clocked by clk_pl_0  {rise@0.000ns fall@5.000ns period=10.000ns})
  Destination:            pccx_v002_system_i/u_npu/inst/u_wrap/u_pccx_npu_top/u_mem_dispatcher/store_l2_wdata_reg[41]/CE
                            (rising edge-triggered cell FDRE clocked by clk_pl_0  {rise@0.000ns fall@5.000ns period=10.000ns})
  Path Group:             clk_pl_0
  Path Type:              Setup (Max at Slow Process Corner)
  Requirement:            10.000ns  (clk_pl_0 rise@10.000ns - clk_pl_0 rise@0.000ns)
  Data Path Delay:        6.650ns  (logic 0.592ns (8.902%)  route 6.058ns (91.098%))
  Logic Levels:           3  (LUT2=2 LUT3=1)
  Clock Path Skew:        -0.127ns (DCD - SCD + CPR)
    Destination Clock Delay (DCD):    3.088ns = ( 13.088 - 10.000 ) 
    Source Clock Delay      (SCD):    3.409ns
    Clock Pessimism Removal (CPR):    0.194ns
  Clock Uncertainty:      0.160ns  ((TSJ^2 + DJ^2)^1/2) / 2 + PE
    Total System Jitter     (TSJ):    0.071ns
    Discrete Jitter          (DJ):    0.312ns
    Phase Error              (PE):    0.000ns
  Clock Net Delay (Source):      3.142ns (routing 1.681ns, distribution 1.461ns)
  Clock Net Delay (Destination): 2.872ns (routing 1.538ns, distribution 1.334ns)

    Location             Delay type                Incr(ns)  Path(ns)    Netlist Resource(s)
  -------------------------------------------------------------------    -------------------
                         (clock clk_pl_0 rise edge)
                                                      0.000     0.000 r  
    PS8_X0Y0             PS8                          0.000     0.000 r  pccx_v002_system_i/zynq_ps/inst/PS8_i/PLCLK[0]
                         net (fo=1, routed)           0.229     0.229    pccx_v002_system_i/zynq_ps/inst/pl_clk_unbuffered[0]
    BUFG_PS_X0Y90        BUFG_PS (Prop_BUFG_PS_I_O)
                                                      0.038     0.267 r  pccx_v002_system_i/zynq_ps/inst/buffer_pl_clk_0.PL_CLK_0_BUFG/O
    X1Y1 (CLOCK_ROOT)    net (fo=82277, routed)       3.142     3.409    pccx_v002_system_i/u_npu/inst/u_wrap/u_pccx_npu_top/u_mem_dispatcher/u_cvo_bridge/clk_core
    SLICE_X49Y91         FDRE                                         r  pccx_v002_system_i/u_npu/inst/u_wrap/u_pccx_npu_top/u_mem_dispatcher/u_cvo_bridge/FSM_sequential_state_reg[1]/C
  -------------------------------------------------------------------    -------------------
    SLICE_X49Y91         FDRE (Prop_EFF_SLICEL_C_Q)
                                                      0.114     3.523 f  pccx_v002_system_i/u_npu/inst/u_wrap/u_pccx_npu_top/u_mem_dispatcher/u_cvo_bridge/FSM_sequential_state_reg[1]/Q
                         net (fo=166, routed)         1.569     5.092    pccx_v002_system_i/u_npu/inst/u_wrap/u_pccx_npu_top/u_mem_dispatcher/u_cvo_bridge/state[1]
    SLICE_X47Y129        LUT2 (Prop_C5LUT_SLICEL_I1_O)
                                                      0.152     5.244 f  pccx_v002_system_i/u_npu/inst/u_wrap/u_pccx_npu_top/u_mem_dispatcher/u_cvo_bridge/status_r[23]_i_1/O
                         net (fo=8, routed)           0.660     5.903    pccx_v002_system_i/u_npu/inst/u_wrap/u_pccx_npu_top/u_mem_dispatcher/u_cvo_bridge/FSM_sequential_state_reg[0]_0
    SLICE_X45Y163        LUT3 (Prop_H5LUT_SLICEM_I0_O)
                                                      0.189     6.092 r  pccx_v002_system_i/u_npu/inst/u_wrap/u_pccx_npu_top/u_mem_dispatcher/u_cvo_bridge/store_word_count[2]_i_2/O
                         net (fo=7, routed)           1.043     7.135    pccx_v002_system_i/u_npu/inst/u_wrap/u_pccx_npu_top/u_mem_dispatcher/u_cvo_bridge/E[0]
    SLICE_X45Y83         LUT2 (Prop_G6LUT_SLICEM_I0_O)
                                                      0.137     7.272 r  pccx_v002_system_i/u_npu/inst/u_wrap/u_pccx_npu_top/u_mem_dispatcher/u_cvo_bridge/store_l2_addr[16]_i_1/O
                         net (fo=145, routed)         2.787    10.059    pccx_v002_system_i/u_npu/inst/u_wrap/u_pccx_npu_top/u_mem_dispatcher/u_cvo_bridge_n_2
    SLICE_X47Y172        FDRE                                         r  pccx_v002_system_i/u_npu/inst/u_wrap/u_pccx_npu_top/u_mem_dispatcher/store_l2_wdata_reg[41]/CE
  -------------------------------------------------------------------    -------------------

                         (clock clk_pl_0 rise edge)
                                                     10.000    10.000 r  
    PS8_X0Y0             PS8                          0.000    10.000 r  pccx_v002_system_i/zynq_ps/inst/PS8_i/PLCLK[0]
                         net (fo=1, routed)           0.181    10.181    pccx_v002_system_i/zynq_ps/inst/pl_clk_unbuffered[0]
    BUFG_PS_X0Y90        BUFG_PS (Prop_BUFG_PS_I_O)
                                                      0.035    10.216 r  pccx_v002_system_i/zynq_ps/inst/buffer_pl_clk_0.PL_CLK_0_BUFG/O
    X1Y1 (CLOCK_ROOT)    net (fo=82277, routed)       2.872    13.088    pccx_v002_system_i/u_npu/inst/u_wrap/u_pccx_npu_top/u_mem_dispatcher/clk_core
    SLICE_X47Y172        FDRE                                         r  pccx_v002_system_i/u_npu/inst/u_wrap/u_pccx_npu_top/u_mem_dispatcher/store_l2_wdata_reg[41]/C
                         clock pessimism              0.194    13.282    
                         clock uncertainty           -0.160    13.122    
    SLICE_X47Y172        FDRE (Setup_GFF2_SLICEL_C_CE)
                                                     -0.079    13.043    pccx_v002_system_i/u_npu/inst/u_wrap/u_pccx_npu_top/u_mem_dispatcher/store_l2_wdata_reg[41]
  -------------------------------------------------------------------
                         required time                         13.043    
                         arrival time                         -10.059    
  -------------------------------------------------------------------
                         slack                                  2.984    

Slack (MET) :             2.986ns  (required time - arrival time)
  Source:                 pccx_v002_system_i/u_npu/inst/u_wrap/u_pccx_npu_top/u_mem_dispatcher/u_cvo_bridge/FSM_sequential_state_reg[1]/C
                            (rising edge-triggered cell FDRE clocked by clk_pl_0  {rise@0.000ns fall@5.000ns period=10.000ns})
  Destination:            pccx_v002_system_i/u_npu/inst/u_wrap/u_pccx_npu_top/u_mem_dispatcher/store_l2_wdata_reg[39]/CE
                            (rising edge-triggered cell FDRE clocked by clk_pl_0  {rise@0.000ns fall@5.000ns period=10.000ns})
  Path Group:             clk_pl_0
  Path Type:              Setup (Max at Slow Process Corner)
  Requirement:            10.000ns  (clk_pl_0 rise@10.000ns - clk_pl_0 rise@0.000ns)
  Data Path Delay:        6.646ns  (logic 0.592ns (8.908%)  route 6.054ns (91.092%))
  Logic Levels:           3  (LUT2=2 LUT3=1)
  Clock Path Skew:        -0.130ns (DCD - SCD + CPR)
    Destination Clock Delay (DCD):    3.085ns = ( 13.085 - 10.000 ) 
    Source Clock Delay      (SCD):    3.409ns
    Clock Pessimism Removal (CPR):    0.194ns
  Clock Uncertainty:      0.160ns  ((TSJ^2 + DJ^2)^1/2) / 2 + PE
    Total System Jitter     (TSJ):    0.071ns
    Discrete Jitter          (DJ):    0.312ns
    Phase Error              (PE):    0.000ns
  Clock Net Delay (Source):      3.142ns (routing 1.681ns, distribution 1.461ns)
  Clock Net Delay (Destination): 2.869ns (routing 1.538ns, distribution 1.331ns)

    Location             Delay type                Incr(ns)  Path(ns)    Netlist Resource(s)
  -------------------------------------------------------------------    -------------------
                         (clock clk_pl_0 rise edge)
                                                      0.000     0.000 r  
    PS8_X0Y0             PS8                          0.000     0.000 r  pccx_v002_system_i/zynq_ps/inst/PS8_i/PLCLK[0]
                         net (fo=1, routed)           0.229     0.229    pccx_v002_system_i/zynq_ps/inst/pl_clk_unbuffered[0]
    BUFG_PS_X0Y90        BUFG_PS (Prop_BUFG_PS_I_O)
                                                      0.038     0.267 r  pccx_v002_system_i/zynq_ps/inst/buffer_pl_clk_0.PL_CLK_0_BUFG/O
    X1Y1 (CLOCK_ROOT)    net (fo=82277, routed)       3.142     3.409    pccx_v002_system_i/u_npu/inst/u_wrap/u_pccx_npu_top/u_mem_dispatcher/u_cvo_bridge/clk_core
    SLICE_X49Y91         FDRE                                         r  pccx_v002_system_i/u_npu/inst/u_wrap/u_pccx_npu_top/u_mem_dispatcher/u_cvo_bridge/FSM_sequential_state_reg[1]/C
  -------------------------------------------------------------------    -------------------
    SLICE_X49Y91         FDRE (Prop_EFF_SLICEL_C_Q)
                                                      0.114     3.523 f  pccx_v002_system_i/u_npu/inst/u_wrap/u_pccx_npu_top/u_mem_dispatcher/u_cvo_bridge/FSM_sequential_state_reg[1]/Q
                         net (fo=166, routed)         1.569     5.092    pccx_v002_system_i/u_npu/inst/u_wrap/u_pccx_npu_top/u_mem_dispatcher/u_cvo_bridge/state[1]
    SLICE_X47Y129        LUT2 (Prop_C5LUT_SLICEL_I1_O)
                                                      0.152     5.244 f  pccx_v002_system_i/u_npu/inst/u_wrap/u_pccx_npu_top/u_mem_dispatcher/u_cvo_bridge/status_r[23]_i_1/O
                         net (fo=8, routed)           0.660     5.903    pccx_v002_system_i/u_npu/inst/u_wrap/u_pccx_npu_top/u_mem_dispatcher/u_cvo_bridge/FSM_sequential_state_reg[0]_0
    SLICE_X45Y163        LUT3 (Prop_H5LUT_SLICEM_I0_O)
                                                      0.189     6.092 r  pccx_v002_system_i/u_npu/inst/u_wrap/u_pccx_npu_top/u_mem_dispatcher/u_cvo_bridge/store_word_count[2]_i_2/O
                         net (fo=7, routed)           1.043     7.135    pccx_v002_system_i/u_npu/inst/u_wrap/u_pccx_npu_top/u_mem_dispatcher/u_cvo_bridge/E[0]
    SLICE_X45Y83         LUT2 (Prop_G6LUT_SLICEM_I0_O)
                                                      0.137     7.272 r  pccx_v002_system_i/u_npu/inst/u_wrap/u_pccx_npu_top/u_mem_dispatcher/u_cvo_bridge/store_l2_addr[16]_i_1/O
                         net (fo=145, routed)         2.783    10.055    pccx_v002_system_i/u_npu/inst/u_wrap/u_pccx_npu_top/u_mem_dispatcher/u_cvo_bridge_n_2
    SLICE_X47Y172        FDRE                                         r  pccx_v002_system_i/u_npu/inst/u_wrap/u_pccx_npu_top/u_mem_dispatcher/store_l2_wdata_reg[39]/CE
  -------------------------------------------------------------------    -------------------

                         (clock clk_pl_0 rise edge)
                                                     10.000    10.000 r  
    PS8_X0Y0             PS8                          0.000    10.000 r  pccx_v002_system_i/zynq_ps/inst/PS8_i/PLCLK[0]
                         net (fo=1, routed)           0.181    10.181    pccx_v002_system_i/zynq_ps/inst/pl_clk_unbuffered[0]
    BUFG_PS_X0Y90        BUFG_PS (Prop_BUFG_PS_I_O)
                                                      0.035    10.216 r  pccx_v002_system_i/zynq_ps/inst/buffer_pl_clk_0.PL_CLK_0_BUFG/O
    X1Y1 (CLOCK_ROOT)    net (fo=82277, routed)       2.869    13.085    pccx_v002_system_i/u_npu/inst/u_wrap/u_pccx_npu_top/u_mem_dispatcher/clk_core
    SLICE_X47Y172        FDRE                                         r  pccx_v002_system_i/u_npu/inst/u_wrap/u_pccx_npu_top/u_mem_dispatcher/store_l2_wdata_reg[39]/C
                         clock pessimism              0.194    13.279    
                         clock uncertainty           -0.160    13.119    
    SLICE_X47Y172        FDRE (Setup_DFF2_SLICEL_C_CE)
                                                     -0.078    13.041    pccx_v002_system_i/u_npu/inst/u_wrap/u_pccx_npu_top/u_mem_dispatcher/store_l2_wdata_reg[39]
  -------------------------------------------------------------------
                         required time                         13.041    
                         arrival time                         -10.055    
  -------------------------------------------------------------------
                         slack                                  2.986    

Slack (MET) :             2.986ns  (required time - arrival time)
  Source:                 pccx_v002_system_i/u_npu/inst/u_wrap/u_pccx_npu_top/u_mem_dispatcher/u_cvo_bridge/FSM_sequential_state_reg[1]/C
                            (rising edge-triggered cell FDRE clocked by clk_pl_0  {rise@0.000ns fall@5.000ns period=10.000ns})
  Destination:            pccx_v002_system_i/u_npu/inst/u_wrap/u_pccx_npu_top/u_mem_dispatcher/store_l2_wdata_reg[74]/CE
                            (rising edge-triggered cell FDRE clocked by clk_pl_0  {rise@0.000ns fall@5.000ns period=10.000ns})
  Path Group:             clk_pl_0
  Path Type:              Setup (Max at Slow Process Corner)
  Requirement:            10.000ns  (clk_pl_0 rise@10.000ns - clk_pl_0 rise@0.000ns)
  Data Path Delay:        6.646ns  (logic 0.592ns (8.908%)  route 6.054ns (91.092%))
  Logic Levels:           3  (LUT2=2 LUT3=1)
  Clock Path Skew:        -0.130ns (DCD - SCD + CPR)
    Destination Clock Delay (DCD):    3.085ns = ( 13.085 - 10.000 ) 
    Source Clock Delay      (SCD):    3.409ns
    Clock Pessimism Removal (CPR):    0.194ns
  Clock Uncertainty:      0.160ns  ((TSJ^2 + DJ^2)^1/2) / 2 + PE
    Total System Jitter     (TSJ):    0.071ns
    Discrete Jitter          (DJ):    0.312ns
    Phase Error              (PE):    0.000ns
  Clock Net Delay (Source):      3.142ns (routing 1.681ns, distribution 1.461ns)
  Clock Net Delay (Destination): 2.869ns (routing 1.538ns, distribution 1.331ns)

    Location             Delay type                Incr(ns)  Path(ns)    Netlist Resource(s)
  -------------------------------------------------------------------    -------------------
                         (clock clk_pl_0 rise edge)
                                                      0.000     0.000 r  
    PS8_X0Y0             PS8                          0.000     0.000 r  pccx_v002_system_i/zynq_ps/inst/PS8_i/PLCLK[0]
                         net (fo=1, routed)           0.229     0.229    pccx_v002_system_i/zynq_ps/inst/pl_clk_unbuffered[0]
    BUFG_PS_X0Y90        BUFG_PS (Prop_BUFG_PS_I_O)
                                                      0.038     0.267 r  pccx_v002_system_i/zynq_ps/inst/buffer_pl_clk_0.PL_CLK_0_BUFG/O
    X1Y1 (CLOCK_ROOT)    net (fo=82277, routed)       3.142     3.409    pccx_v002_system_i/u_npu/inst/u_wrap/u_pccx_npu_top/u_mem_dispatcher/u_cvo_bridge/clk_core
    SLICE_X49Y91         FDRE                                         r  pccx_v002_system_i/u_npu/inst/u_wrap/u_pccx_npu_top/u_mem_dispatcher/u_cvo_bridge/FSM_sequential_state_reg[1]/C
  -------------------------------------------------------------------    -------------------
    SLICE_X49Y91         FDRE (Prop_EFF_SLICEL_C_Q)
                                                      0.114     3.523 f  pccx_v002_system_i/u_npu/inst/u_wrap/u_pccx_npu_top/u_mem_dispatcher/u_cvo_bridge/FSM_sequential_state_reg[1]/Q
                         net (fo=166, routed)         1.569     5.092    pccx_v002_system_i/u_npu/inst/u_wrap/u_pccx_npu_top/u_mem_dispatcher/u_cvo_bridge/state[1]
    SLICE_X47Y129        LUT2 (Prop_C5LUT_SLICEL_I1_O)
                                                      0.152     5.244 f  pccx_v002_system_i/u_npu/inst/u_wrap/u_pccx_npu_top/u_mem_dispatcher/u_cvo_bridge/status_r[23]_i_1/O
                         net (fo=8, routed)           0.660     5.903    pccx_v002_system_i/u_npu/inst/u_wrap/u_pccx_npu_top/u_mem_dispatcher/u_cvo_bridge/FSM_sequential_state_reg[0]_0
    SLICE_X45Y163        LUT3 (Prop_H5LUT_SLICEM_I0_O)
                                                      0.189     6.092 r  pccx_v002_system_i/u_npu/inst/u_wrap/u_pccx_npu_top/u_mem_dispatcher/u_cvo_bridge/store_word_count[2]_i_2/O
                         net (fo=7, routed)           1.043     7.135    pccx_v002_system_i/u_npu/inst/u_wrap/u_pccx_npu_top/u_mem_dispatcher/u_cvo_bridge/E[0]
    SLICE_X45Y83         LUT2 (Prop_G6LUT_SLICEM_I0_O)
                                                      0.137     7.272 r  pccx_v002_system_i/u_npu/inst/u_wrap/u_pccx_npu_top/u_mem_dispatcher/u_cvo_bridge/store_l2_addr[16]_i_1/O
                         net (fo=145, routed)         2.783    10.055    pccx_v002_system_i/u_npu/inst/u_wrap/u_pccx_npu_top/u_mem_dispatcher/u_cvo_bridge_n_2
    SLICE_X47Y172        FDRE                                         r  pccx_v002_system_i/u_npu/inst/u_wrap/u_pccx_npu_top/u_mem_dispatcher/store_l2_wdata_reg[74]/CE
  -------------------------------------------------------------------    -------------------

                         (clock clk_pl_0 rise edge)
                                                     10.000    10.000 r  
    PS8_X0Y0             PS8                          0.000    10.000 r  pccx_v002_system_i/zynq_ps/inst/PS8_i/PLCLK[0]
                         net (fo=1, routed)           0.181    10.181    pccx_v002_system_i/zynq_ps/inst/pl_clk_unbuffered[0]
    BUFG_PS_X0Y90        BUFG_PS (Prop_BUFG_PS_I_O)
                                                      0.035    10.216 r  pccx_v002_system_i/zynq_ps/inst/buffer_pl_clk_0.PL_CLK_0_BUFG/O
    X1Y1 (CLOCK_ROOT)    net (fo=82277, routed)       2.869    13.085    pccx_v002_system_i/u_npu/inst/u_wrap/u_pccx_npu_top/u_mem_dispatcher/clk_core
    SLICE_X47Y172        FDRE                                         r  pccx_v002_system_i/u_npu/inst/u_wrap/u_pccx_npu_top/u_mem_dispatcher/store_l2_wdata_reg[74]/C
                         clock pessimism              0.194    13.279    
                         clock uncertainty           -0.160    13.119    
    SLICE_X47Y172        FDRE (Setup_CFF2_SLICEL_C_CE)
                                                     -0.078    13.041    pccx_v002_system_i/u_npu/inst/u_wrap/u_pccx_npu_top/u_mem_dispatcher/store_l2_wdata_reg[74]
  -------------------------------------------------------------------
                         required time                         13.041    
                         arrival time                         -10.055    
  -------------------------------------------------------------------
                         slack                                  2.986    

Slack (MET) :             3.045ns  (required time - arrival time)
  Source:                 pccx_v002_system_i/u_npu/inst/u_wrap/u_pccx_npu_top/u_systolic_engine/u_weight_unpacker/pending_upper_valid_reg/C
                            (rising edge-triggered cell FDRE clocked by clk_pl_0  {rise@0.000ns fall@5.000ns period=10.000ns})
  Destination:            pccx_v002_system_i/u_npu/inst/u_wrap/u_pccx_npu_top/u_HP_buffer/u_hp0_weight_fifo/xpm_fifo_base_inst/gen_sdpram.xpm_memory_base_inst/gen_wr_a.gen_word_narrow.mem_reg_bram_1/ENBWREN
                            (rising edge-triggered cell RAMB36E2 clocked by clk_pl_0  {rise@0.000ns fall@5.000ns period=10.000ns})
  Path Group:             clk_pl_0
  Path Type:              Setup (Max at Slow Process Corner)
  Requirement:            10.000ns  (clk_pl_0 rise@10.000ns - clk_pl_0 rise@0.000ns)
  Data Path Delay:        6.060ns  (logic 0.806ns (13.301%)  route 5.254ns (86.699%))
  Logic Levels:           4  (LUT1=1 LUT2=1 LUT3=1 LUT4=1)
  Clock Path Skew:        -0.273ns (DCD - SCD + CPR)
    Destination Clock Delay (DCD):    3.061ns = ( 13.061 - 10.000 ) 
    Source Clock Delay      (SCD):    3.529ns
    Clock Pessimism Removal (CPR):    0.194ns
  Clock Uncertainty:      0.160ns  ((TSJ^2 + DJ^2)^1/2) / 2 + PE
    Total System Jitter     (TSJ):    0.071ns
    Discrete Jitter          (DJ):    0.312ns
    Phase Error              (PE):    0.000ns
  Clock Net Delay (Source):      3.262ns (routing 1.681ns, distribution 1.581ns)
  Clock Net Delay (Destination): 2.845ns (routing 1.538ns, distribution 1.307ns)

    Location             Delay type                Incr(ns)  Path(ns)    Netlist Resource(s)
  -------------------------------------------------------------------    -------------------
                         (clock clk_pl_0 rise edge)
                                                      0.000     0.000 r  
    PS8_X0Y0             PS8                          0.000     0.000 r  pccx_v002_system_i/zynq_ps/inst/PS8_i/PLCLK[0]
                         net (fo=1, routed)           0.229     0.229    pccx_v002_system_i/zynq_ps/inst/pl_clk_unbuffered[0]
    BUFG_PS_X0Y90        BUFG_PS (Prop_BUFG_PS_I_O)
                                                      0.038     0.267 r  pccx_v002_system_i/zynq_ps/inst/buffer_pl_clk_0.PL_CLK_0_BUFG/O
    X1Y1 (CLOCK_ROOT)    net (fo=82277, routed)       3.262     3.529    pccx_v002_system_i/u_npu/inst/u_wrap/u_pccx_npu_top/u_systolic_engine/u_weight_unpacker/clk_core
    SLICE_X56Y184        FDRE                                         r  pccx_v002_system_i/u_npu/inst/u_wrap/u_pccx_npu_top/u_systolic_engine/u_weight_unpacker/pending_upper_valid_reg/C
  -------------------------------------------------------------------    -------------------
    SLICE_X56Y184        FDRE (Prop_EFF2_SLICEL_C_Q)
                                                      0.116     3.645 f  pccx_v002_system_i/u_npu/inst/u_wrap/u_pccx_npu_top/u_systolic_engine/u_weight_unpacker/pending_upper_valid_reg/Q
                         net (fo=134, routed)         1.711     5.355    pccx_v002_system_i/u_npu/inst/u_wrap/u_pccx_npu_top/u_systolic_engine/u_weight_unpacker/pending_upper_valid_reg_0
    SLICE_X54Y33         LUT1 (Prop_F5LUT_SLICEM_I0_O)
                                                      0.232     5.587 r  pccx_v002_system_i/u_npu/inst/u_wrap/u_pccx_npu_top/u_systolic_engine/u_weight_unpacker/u_hp0_weight_fifo_i_1/O
                         net (fo=1, routed)           0.195     5.782    pccx_v002_system_i/u_npu/inst/u_wrap/u_pccx_npu_top/u_HP_buffer/u_hp0_weight_fifo/m_axis_tready
    SLICE_X54Y31         LUT2 (Prop_F6LUT_SLICEM_I1_O)
                                                      0.224     6.006 r  pccx_v002_system_i/u_npu/inst/u_wrap/u_pccx_npu_top/u_HP_buffer/u_hp0_weight_fifo/xpm_fifo_base_inst_i_1/O
                         net (fo=13, routed)          0.593     6.599    pccx_v002_system_i/u_npu/inst/u_wrap/u_pccx_npu_top/u_HP_buffer/u_hp0_weight_fifo/xpm_fifo_base_inst/rdp_inst/rd_en
    SLICE_X51Y9          LUT4 (Prop_G6LUT_SLICEL_I0_O)
                                                      0.151     6.750 r  pccx_v002_system_i/u_npu/inst/u_wrap/u_pccx_npu_top/u_HP_buffer/u_hp0_weight_fifo/xpm_fifo_base_inst/rdp_inst/gen_sdpram.xpm_memory_base_inst_i_2/O
                         net (fo=44, routed)          0.877     7.628    pccx_v002_system_i/u_npu/inst/u_wrap/u_pccx_npu_top/u_HP_buffer/u_hp0_weight_fifo/xpm_fifo_base_inst/gen_sdpram.xpm_memory_base_inst/enb
    SLICE_X51Y49         LUT3 (Prop_B6LUT_SLICEL_I0_O)
                                                      0.083     7.711 r  pccx_v002_system_i/u_npu/inst/u_wrap/u_pccx_npu_top/u_HP_buffer/u_hp0_weight_fifo/xpm_fifo_base_inst/gen_sdpram.xpm_memory_base_inst/gen_wr_a.gen_word_narrow.mem_reg_bram_1_i_3/O
                         net (fo=4, routed)           1.878     9.588    pccx_v002_system_i/u_npu/inst/u_wrap/u_pccx_npu_top/u_HP_buffer/u_hp0_weight_fifo/xpm_fifo_base_inst/gen_sdpram.xpm_memory_base_inst/gen_wr_a.gen_word_narrow.mem_reg_bram_1_i_3_n_0
    RAMB36_X1Y17         RAMB36E2                                     r  pccx_v002_system_i/u_npu/inst/u_wrap/u_pccx_npu_top/u_HP_buffer/u_hp0_weight_fifo/xpm_fifo_base_inst/gen_sdpram.xpm_memory_base_inst/gen_wr_a.gen_word_narrow.mem_reg_bram_1/ENBWREN
  -------------------------------------------------------------------    -------------------

                         (clock clk_pl_0 rise edge)
                                                     10.000    10.000 r  
    PS8_X0Y0             PS8                          0.000    10.000 r  pccx_v002_system_i/zynq_ps/inst/PS8_i/PLCLK[0]
                         net (fo=1, routed)           0.181    10.181    pccx_v002_system_i/zynq_ps/inst/pl_clk_unbuffered[0]
    BUFG_PS_X0Y90        BUFG_PS (Prop_BUFG_PS_I_O)
                                                      0.035    10.216 r  pccx_v002_system_i/zynq_ps/inst/buffer_pl_clk_0.PL_CLK_0_BUFG/O
    X1Y1 (CLOCK_ROOT)    net (fo=82277, routed)       2.845    13.061    pccx_v002_system_i/u_npu/inst/u_wrap/u_pccx_npu_top/u_HP_buffer/u_hp0_weight_fifo/xpm_fifo_base_inst/gen_sdpram.xpm_memory_base_inst/clkb
    RAMB36_X1Y17         RAMB36E2                                     r  pccx_v002_system_i/u_npu/inst/u_wrap/u_pccx_npu_top/u_HP_buffer/u_hp0_weight_fifo/xpm_fifo_base_inst/gen_sdpram.xpm_memory_base_inst/gen_wr_a.gen_word_narrow.mem_reg_bram_1/CLKBWRCLK
                         clock pessimism              0.194    13.255    
                         clock uncertainty           -0.160    13.095    
    RAMB36_X1Y17         RAMB36E2 (Setup_RAMB36E2_RAMB36_CLKBWRCLK_ENBWREN)
                                                     -0.462    12.633    pccx_v002_system_i/u_npu/inst/u_wrap/u_pccx_npu_top/u_HP_buffer/u_hp0_weight_fifo/xpm_fifo_base_inst/gen_sdpram.xpm_memory_base_inst/gen_wr_a.gen_word_narrow.mem_reg_bram_1
  -------------------------------------------------------------------
                         required time                         12.633    
                         arrival time                          -9.588    
  -------------------------------------------------------------------
                         slack                                  3.045    

Slack (MET) :             3.071ns  (required time - arrival time)
  Source:                 pccx_v002_system_i/u_npu/inst/u_wrap/u_pccx_npu_top/u_mem_dispatcher/u_l2_cache/npu_direct_cmd_q_reg/C
                            (rising edge-triggered cell FDRE clocked by clk_pl_0  {rise@0.000ns fall@5.000ns period=10.000ns})
  Destination:            pccx_v002_system_i/u_npu/inst/u_wrap/u_pccx_npu_top/u_mem_dispatcher/u_l2_cache/u_l2_uram/u_l2_uram/xpm_memory_base_inst/gen_wr_a.gen_word_narrow.mem_reg_uram_24/DIN_B[67]
                            (rising edge-triggered cell URAM288 clocked by clk_pl_0  {rise@0.000ns fall@5.000ns period=10.000ns})
  Path Group:             clk_pl_0
  Path Type:              Setup (Max at Slow Process Corner)
  Requirement:            10.000ns  (clk_pl_0 rise@10.000ns - clk_pl_0 rise@0.000ns)
  Data Path Delay:        6.178ns  (logic 0.313ns (5.066%)  route 5.865ns (94.934%))
  Logic Levels:           1  (LUT2=1)
  Clock Path Skew:        -0.169ns (DCD - SCD + CPR)
    Destination Clock Delay (DCD):    3.072ns = ( 13.072 - 10.000 ) 
    Source Clock Delay      (SCD):    3.436ns
    Clock Pessimism Removal (CPR):    0.194ns
  Clock Uncertainty:      0.160ns  ((TSJ^2 + DJ^2)^1/2) / 2 + PE
    Total System Jitter     (TSJ):    0.071ns
    Discrete Jitter          (DJ):    0.312ns
    Phase Error              (PE):    0.000ns
  Clock Net Delay (Source):      3.169ns (routing 1.681ns, distribution 1.488ns)
  Clock Net Delay (Destination): 2.856ns (routing 1.538ns, distribution 1.318ns)

    Location             Delay type                Incr(ns)  Path(ns)    Netlist Resource(s)
  -------------------------------------------------------------------    -------------------
                         (clock clk_pl_0 rise edge)
                                                      0.000     0.000 r  
    PS8_X0Y0             PS8                          0.000     0.000 r  pccx_v002_system_i/zynq_ps/inst/PS8_i/PLCLK[0]
                         net (fo=1, routed)           0.229     0.229    pccx_v002_system_i/zynq_ps/inst/pl_clk_unbuffered[0]
    BUFG_PS_X0Y90        BUFG_PS (Prop_BUFG_PS_I_O)
                                                      0.038     0.267 r  pccx_v002_system_i/zynq_ps/inst/buffer_pl_clk_0.PL_CLK_0_BUFG/O
    X1Y1 (CLOCK_ROOT)    net (fo=82277, routed)       3.169     3.436    pccx_v002_system_i/u_npu/inst/u_wrap/u_pccx_npu_top/u_mem_dispatcher/u_l2_cache/clk_core
    SLICE_X46Y146        FDRE                                         r  pccx_v002_system_i/u_npu/inst/u_wrap/u_pccx_npu_top/u_mem_dispatcher/u_l2_cache/npu_direct_cmd_q_reg/C
  -------------------------------------------------------------------    -------------------
    SLICE_X46Y146        FDRE (Prop_AFF_SLICEL_C_Q)
                                                      0.114     3.550 r  pccx_v002_system_i/u_npu/inst/u_wrap/u_pccx_npu_top/u_mem_dispatcher/u_l2_cache/npu_direct_cmd_q_reg/Q
                         net (fo=150, routed)         1.924     5.473    pccx_v002_system_i/u_npu/inst/u_wrap/u_pccx_npu_top/u_mem_dispatcher/u_l2_cache/u_l2_uram/gen_wr_a.gen_word_narrow.mem_reg_uram_0
    SLICE_X54Y169        LUT2 (Prop_B5LUT_SLICEM_I1_O)
                                                      0.199     5.672 r  pccx_v002_system_i/u_npu/inst/u_wrap/u_pccx_npu_top/u_mem_dispatcher/u_l2_cache/u_l2_uram/u_l2_uram_i_80/O
                         net (fo=14, routed)          3.942     9.614    pccx_v002_system_i/u_npu/inst/u_wrap/u_pccx_npu_top/u_mem_dispatcher/u_l2_cache/u_l2_uram/u_l2_uram/xpm_memory_base_inst/dinb[67]
    URAM288_X0Y6         URAM288                                      r  pccx_v002_system_i/u_npu/inst/u_wrap/u_pccx_npu_top/u_mem_dispatcher/u_l2_cache/u_l2_uram/u_l2_uram/xpm_memory_base_inst/gen_wr_a.gen_word_narrow.mem_reg_uram_24/DIN_B[67]
  -------------------------------------------------------------------    -------------------

                         (clock clk_pl_0 rise edge)
                                                     10.000    10.000 r  
    PS8_X0Y0             PS8                          0.000    10.000 r  pccx_v002_system_i/zynq_ps/inst/PS8_i/PLCLK[0]
                         net (fo=1, routed)           0.181    10.181    pccx_v002_system_i/zynq_ps/inst/pl_clk_unbuffered[0]
    BUFG_PS_X0Y90        BUFG_PS (Prop_BUFG_PS_I_O)
                                                      0.035    10.216 r  pccx_v002_system_i/zynq_ps/inst/buffer_pl_clk_0.PL_CLK_0_BUFG/O
    X1Y1 (CLOCK_ROOT)    net (fo=82277, routed)       2.856    13.072    pccx_v002_system_i/u_npu/inst/u_wrap/u_pccx_npu_top/u_mem_dispatcher/u_l2_cache/u_l2_uram/u_l2_uram/xpm_memory_base_inst/clka
    URAM288_X0Y6         URAM288                                      r  pccx_v002_system_i/u_npu/inst/u_wrap/u_pccx_npu_top/u_mem_dispatcher/u_l2_cache/u_l2_uram/u_l2_uram/xpm_memory_base_inst/gen_wr_a.gen_word_narrow.mem_reg_uram_24/CLK
                         clock pessimism              0.194    13.266    
                         clock uncertainty           -0.160    13.106    
    URAM288_X0Y6         URAM288 (Setup_URAM_288K_INST_URAM288_CLK_DIN_B[67])
                                                     -0.421    12.685    pccx_v002_system_i/u_npu/inst/u_wrap/u_pccx_npu_top/u_mem_dispatcher/u_l2_cache/u_l2_uram/u_l2_uram/xpm_memory_base_inst/gen_wr_a.gen_word_narrow.mem_reg_uram_24
  -------------------------------------------------------------------
                         required time                         12.685    
                         arrival time                          -9.614    
  -------------------------------------------------------------------
                         slack                                  3.071    

Slack (MET) :             3.073ns  (required time - arrival time)
  Source:                 pccx_v002_system_i/u_npu/inst/u_wrap/u_pccx_npu_top/u_mem_dispatcher/u_cvo_bridge/FSM_sequential_state_reg[1]/C
                            (rising edge-triggered cell FDRE clocked by clk_pl_0  {rise@0.000ns fall@5.000ns period=10.000ns})
  Destination:            pccx_v002_system_i/u_npu/inst/u_wrap/u_pccx_npu_top/u_mem_dispatcher/store_l2_wdata_reg[75]/CE
                            (rising edge-triggered cell FDRE clocked by clk_pl_0  {rise@0.000ns fall@5.000ns period=10.000ns})
  Path Group:             clk_pl_0
  Path Type:              Setup (Max at Slow Process Corner)
  Requirement:            10.000ns  (clk_pl_0 rise@10.000ns - clk_pl_0 rise@0.000ns)
  Data Path Delay:        6.565ns  (logic 0.592ns (9.017%)  route 5.973ns (90.983%))
  Logic Levels:           3  (LUT2=2 LUT3=1)
  Clock Path Skew:        -0.123ns (DCD - SCD + CPR)
    Destination Clock Delay (DCD):    3.092ns = ( 13.092 - 10.000 ) 
    Source Clock Delay      (SCD):    3.409ns
    Clock Pessimism Removal (CPR):    0.194ns
  Clock Uncertainty:      0.160ns  ((TSJ^2 + DJ^2)^1/2) / 2 + PE
    Total System Jitter     (TSJ):    0.071ns
    Discrete Jitter          (DJ):    0.312ns
    Phase Error              (PE):    0.000ns
  Clock Net Delay (Source):      3.142ns (routing 1.681ns, distribution 1.461ns)
  Clock Net Delay (Destination): 2.876ns (routing 1.538ns, distribution 1.338ns)

    Location             Delay type                Incr(ns)  Path(ns)    Netlist Resource(s)
  -------------------------------------------------------------------    -------------------
                         (clock clk_pl_0 rise edge)
                                                      0.000     0.000 r  
    PS8_X0Y0             PS8                          0.000     0.000 r  pccx_v002_system_i/zynq_ps/inst/PS8_i/PLCLK[0]
                         net (fo=1, routed)           0.229     0.229    pccx_v002_system_i/zynq_ps/inst/pl_clk_unbuffered[0]
    BUFG_PS_X0Y90        BUFG_PS (Prop_BUFG_PS_I_O)
                                                      0.038     0.267 r  pccx_v002_system_i/zynq_ps/inst/buffer_pl_clk_0.PL_CLK_0_BUFG/O
    X1Y1 (CLOCK_ROOT)    net (fo=82277, routed)       3.142     3.409    pccx_v002_system_i/u_npu/inst/u_wrap/u_pccx_npu_top/u_mem_dispatcher/u_cvo_bridge/clk_core
    SLICE_X49Y91         FDRE                                         r  pccx_v002_system_i/u_npu/inst/u_wrap/u_pccx_npu_top/u_mem_dispatcher/u_cvo_bridge/FSM_sequential_state_reg[1]/C
  -------------------------------------------------------------------    -------------------
    SLICE_X49Y91         FDRE (Prop_EFF_SLICEL_C_Q)
                                                      0.114     3.523 f  pccx_v002_system_i/u_npu/inst/u_wrap/u_pccx_npu_top/u_mem_dispatcher/u_cvo_bridge/FSM_sequential_state_reg[1]/Q
                         net (fo=166, routed)         1.569     5.092    pccx_v002_system_i/u_npu/inst/u_wrap/u_pccx_npu_top/u_mem_dispatcher/u_cvo_bridge/state[1]
    SLICE_X47Y129        LUT2 (Prop_C5LUT_SLICEL_I1_O)
                                                      0.152     5.244 f  pccx_v002_system_i/u_npu/inst/u_wrap/u_pccx_npu_top/u_mem_dispatcher/u_cvo_bridge/status_r[23]_i_1/O
                         net (fo=8, routed)           0.660     5.903    pccx_v002_system_i/u_npu/inst/u_wrap/u_pccx_npu_top/u_mem_dispatcher/u_cvo_bridge/FSM_sequential_state_reg[0]_0
    SLICE_X45Y163        LUT3 (Prop_H5LUT_SLICEM_I0_O)
                                                      0.189     6.092 r  pccx_v002_system_i/u_npu/inst/u_wrap/u_pccx_npu_top/u_mem_dispatcher/u_cvo_bridge/store_word_count[2]_i_2/O
                         net (fo=7, routed)           1.043     7.135    pccx_v002_system_i/u_npu/inst/u_wrap/u_pccx_npu_top/u_mem_dispatcher/u_cvo_bridge/E[0]
    SLICE_X45Y83         LUT2 (Prop_G6LUT_SLICEM_I0_O)
                                                      0.137     7.272 r  pccx_v002_system_i/u_npu/inst/u_wrap/u_pccx_npu_top/u_mem_dispatcher/u_cvo_bridge/store_l2_addr[16]_i_1/O
                         net (fo=145, routed)         2.702     9.974    pccx_v002_system_i/u_npu/inst/u_wrap/u_pccx_npu_top/u_mem_dispatcher/u_cvo_bridge_n_2
    SLICE_X48Y172        FDRE                                         r  pccx_v002_system_i/u_npu/inst/u_wrap/u_pccx_npu_top/u_mem_dispatcher/store_l2_wdata_reg[75]/CE
  -------------------------------------------------------------------    -------------------

                         (clock clk_pl_0 rise edge)
                                                     10.000    10.000 r  
    PS8_X0Y0             PS8                          0.000    10.000 r  pccx_v002_system_i/zynq_ps/inst/PS8_i/PLCLK[0]
                         net (fo=1, routed)           0.181    10.181    pccx_v002_system_i/zynq_ps/inst/pl_clk_unbuffered[0]
    BUFG_PS_X0Y90        BUFG_PS (Prop_BUFG_PS_I_O)
                                                      0.035    10.216 r  pccx_v002_system_i/zynq_ps/inst/buffer_pl_clk_0.PL_CLK_0_BUFG/O
    X1Y1 (CLOCK_ROOT)    net (fo=82277, routed)       2.876    13.092    pccx_v002_system_i/u_npu/inst/u_wrap/u_pccx_npu_top/u_mem_dispatcher/clk_core
    SLICE_X48Y172        FDRE                                         r  pccx_v002_system_i/u_npu/inst/u_wrap/u_pccx_npu_top/u_mem_dispatcher/store_l2_wdata_reg[75]/C
                         clock pessimism              0.194    13.286    
                         clock uncertainty           -0.160    13.126    
    SLICE_X48Y172        FDRE (Setup_HFF2_SLICEL_C_CE)
                                                     -0.079    13.047    pccx_v002_system_i/u_npu/inst/u_wrap/u_pccx_npu_top/u_mem_dispatcher/store_l2_wdata_reg[75]
  -------------------------------------------------------------------
                         required time                         13.047    
                         arrival time                          -9.974    
  -------------------------------------------------------------------
                         slack                                  3.073    

Slack (MET) :             3.073ns  (required time - arrival time)
  Source:                 pccx_v002_system_i/u_npu/inst/u_wrap/u_pccx_npu_top/u_mem_dispatcher/u_cvo_bridge/FSM_sequential_state_reg[1]/C
                            (rising edge-triggered cell FDRE clocked by clk_pl_0  {rise@0.000ns fall@5.000ns period=10.000ns})
  Destination:            pccx_v002_system_i/u_npu/inst/u_wrap/u_pccx_npu_top/u_mem_dispatcher/store_l2_wdata_reg[81]/CE
                            (rising edge-triggered cell FDRE clocked by clk_pl_0  {rise@0.000ns fall@5.000ns period=10.000ns})
  Path Group:             clk_pl_0
  Path Type:              Setup (Max at Slow Process Corner)
  Requirement:            10.000ns  (clk_pl_0 rise@10.000ns - clk_pl_0 rise@0.000ns)
  Data Path Delay:        6.565ns  (logic 0.592ns (9.017%)  route 5.973ns (90.983%))
  Logic Levels:           3  (LUT2=2 LUT3=1)
  Clock Path Skew:        -0.123ns (DCD - SCD + CPR)
    Destination Clock Delay (DCD):    3.092ns = ( 13.092 - 10.000 ) 
    Source Clock Delay      (SCD):    3.409ns
    Clock Pessimism Removal (CPR):    0.194ns
  Clock Uncertainty:      0.160ns  ((TSJ^2 + DJ^2)^1/2) / 2 + PE
    Total System Jitter     (TSJ):    0.071ns
    Discrete Jitter          (DJ):    0.312ns
    Phase Error              (PE):    0.000ns
  Clock Net Delay (Source):      3.142ns (routing 1.681ns, distribution 1.461ns)
  Clock Net Delay (Destination): 2.876ns (routing 1.538ns, distribution 1.338ns)

    Location             Delay type                Incr(ns)  Path(ns)    Netlist Resource(s)
  -------------------------------------------------------------------    -------------------
                         (clock clk_pl_0 rise edge)
                                                      0.000     0.000 r  
    PS8_X0Y0             PS8                          0.000     0.000 r  pccx_v002_system_i/zynq_ps/inst/PS8_i/PLCLK[0]
                         net (fo=1, routed)           0.229     0.229    pccx_v002_system_i/zynq_ps/inst/pl_clk_unbuffered[0]
    BUFG_PS_X0Y90        BUFG_PS (Prop_BUFG_PS_I_O)
                                                      0.038     0.267 r  pccx_v002_system_i/zynq_ps/inst/buffer_pl_clk_0.PL_CLK_0_BUFG/O
    X1Y1 (CLOCK_ROOT)    net (fo=82277, routed)       3.142     3.409    pccx_v002_system_i/u_npu/inst/u_wrap/u_pccx_npu_top/u_mem_dispatcher/u_cvo_bridge/clk_core
    SLICE_X49Y91         FDRE                                         r  pccx_v002_system_i/u_npu/inst/u_wrap/u_pccx_npu_top/u_mem_dispatcher/u_cvo_bridge/FSM_sequential_state_reg[1]/C
  -------------------------------------------------------------------    -------------------
    SLICE_X49Y91         FDRE (Prop_EFF_SLICEL_C_Q)
                                                      0.114     3.523 f  pccx_v002_system_i/u_npu/inst/u_wrap/u_pccx_npu_top/u_mem_dispatcher/u_cvo_bridge/FSM_sequential_state_reg[1]/Q
                         net (fo=166, routed)         1.569     5.092    pccx_v002_system_i/u_npu/inst/u_wrap/u_pccx_npu_top/u_mem_dispatcher/u_cvo_bridge/state[1]
    SLICE_X47Y129        LUT2 (Prop_C5LUT_SLICEL_I1_O)
                                                      0.152     5.244 f  pccx_v002_system_i/u_npu/inst/u_wrap/u_pccx_npu_top/u_mem_dispatcher/u_cvo_bridge/status_r[23]_i_1/O
                         net (fo=8, routed)           0.660     5.903    pccx_v002_system_i/u_npu/inst/u_wrap/u_pccx_npu_top/u_mem_dispatcher/u_cvo_bridge/FSM_sequential_state_reg[0]_0
    SLICE_X45Y163        LUT3 (Prop_H5LUT_SLICEM_I0_O)
                                                      0.189     6.092 r  pccx_v002_system_i/u_npu/inst/u_wrap/u_pccx_npu_top/u_mem_dispatcher/u_cvo_bridge/store_word_count[2]_i_2/O
                         net (fo=7, routed)           1.043     7.135    pccx_v002_system_i/u_npu/inst/u_wrap/u_pccx_npu_top/u_mem_dispatcher/u_cvo_bridge/E[0]
    SLICE_X45Y83         LUT2 (Prop_G6LUT_SLICEM_I0_O)
                                                      0.137     7.272 r  pccx_v002_system_i/u_npu/inst/u_wrap/u_pccx_npu_top/u_mem_dispatcher/u_cvo_bridge/store_l2_addr[16]_i_1/O
                         net (fo=145, routed)         2.702     9.974    pccx_v002_system_i/u_npu/inst/u_wrap/u_pccx_npu_top/u_mem_dispatcher/u_cvo_bridge_n_2
    SLICE_X48Y172        FDRE                                         r  pccx_v002_system_i/u_npu/inst/u_wrap/u_pccx_npu_top/u_mem_dispatcher/store_l2_wdata_reg[81]/CE
  -------------------------------------------------------------------    -------------------

                         (clock clk_pl_0 rise edge)
                                                     10.000    10.000 r  
    PS8_X0Y0             PS8                          0.000    10.000 r  pccx_v002_system_i/zynq_ps/inst/PS8_i/PLCLK[0]
                         net (fo=1, routed)           0.181    10.181    pccx_v002_system_i/zynq_ps/inst/pl_clk_unbuffered[0]
    BUFG_PS_X0Y90        BUFG_PS (Prop_BUFG_PS_I_O)
                                                      0.035    10.216 r  pccx_v002_system_i/zynq_ps/inst/buffer_pl_clk_0.PL_CLK_0_BUFG/O
    X1Y1 (CLOCK_ROOT)    net (fo=82277, routed)       2.876    13.092    pccx_v002_system_i/u_npu/inst/u_wrap/u_pccx_npu_top/u_mem_dispatcher/clk_core
    SLICE_X48Y172        FDRE                                         r  pccx_v002_system_i/u_npu/inst/u_wrap/u_pccx_npu_top/u_mem_dispatcher/store_l2_wdata_reg[81]/C
                         clock pessimism              0.194    13.286    
                         clock uncertainty           -0.160    13.126    
    SLICE_X48Y172        FDRE (Setup_GFF2_SLICEL_C_CE)
                                                     -0.079    13.047    pccx_v002_system_i/u_npu/inst/u_wrap/u_pccx_npu_top/u_mem_dispatcher/store_l2_wdata_reg[81]
  -------------------------------------------------------------------
                         required time                         13.047    
                         arrival time                          -9.974    
  -------------------------------------------------------------------
                         slack                                  3.073    

Slack (MET) :             3.075ns  (required time - arrival time)
  Source:                 pccx_v002_system_i/u_npu/inst/u_wrap/u_pccx_npu_top/u_mem_dispatcher/u_cvo_bridge/FSM_sequential_state_reg[1]/C
                            (rising edge-triggered cell FDRE clocked by clk_pl_0  {rise@0.000ns fall@5.000ns period=10.000ns})
  Destination:            pccx_v002_system_i/u_npu/inst/u_wrap/u_pccx_npu_top/u_mem_dispatcher/store_l2_wdata_reg[10]/CE
                            (rising edge-triggered cell FDRE clocked by clk_pl_0  {rise@0.000ns fall@5.000ns period=10.000ns})
  Path Group:             clk_pl_0
  Path Type:              Setup (Max at Slow Process Corner)
  Requirement:            10.000ns  (clk_pl_0 rise@10.000ns - clk_pl_0 rise@0.000ns)
  Data Path Delay:        6.561ns  (logic 0.592ns (9.023%)  route 5.969ns (90.977%))
  Logic Levels:           3  (LUT2=2 LUT3=1)
  Clock Path Skew:        -0.126ns (DCD - SCD + CPR)
    Destination Clock Delay (DCD):    3.089ns = ( 13.089 - 10.000 ) 
    Source Clock Delay      (SCD):    3.409ns
    Clock Pessimism Removal (CPR):    0.194ns
  Clock Uncertainty:      0.160ns  ((TSJ^2 + DJ^2)^1/2) / 2 + PE
    Total System Jitter     (TSJ):    0.071ns
    Discrete Jitter          (DJ):    0.312ns
    Phase Error              (PE):    0.000ns
  Clock Net Delay (Source):      3.142ns (routing 1.681ns, distribution 1.461ns)
  Clock Net Delay (Destination): 2.873ns (routing 1.538ns, distribution 1.335ns)

    Location             Delay type                Incr(ns)  Path(ns)    Netlist Resource(s)
  -------------------------------------------------------------------    -------------------
                         (clock clk_pl_0 rise edge)
                                                      0.000     0.000 r  
    PS8_X0Y0             PS8                          0.000     0.000 r  pccx_v002_system_i/zynq_ps/inst/PS8_i/PLCLK[0]
                         net (fo=1, routed)           0.229     0.229    pccx_v002_system_i/zynq_ps/inst/pl_clk_unbuffered[0]
    BUFG_PS_X0Y90        BUFG_PS (Prop_BUFG_PS_I_O)
                                                      0.038     0.267 r  pccx_v002_system_i/zynq_ps/inst/buffer_pl_clk_0.PL_CLK_0_BUFG/O
    X1Y1 (CLOCK_ROOT)    net (fo=82277, routed)       3.142     3.409    pccx_v002_system_i/u_npu/inst/u_wrap/u_pccx_npu_top/u_mem_dispatcher/u_cvo_bridge/clk_core
    SLICE_X49Y91         FDRE                                         r  pccx_v002_system_i/u_npu/inst/u_wrap/u_pccx_npu_top/u_mem_dispatcher/u_cvo_bridge/FSM_sequential_state_reg[1]/C
  -------------------------------------------------------------------    -------------------
    SLICE_X49Y91         FDRE (Prop_EFF_SLICEL_C_Q)
                                                      0.114     3.523 f  pccx_v002_system_i/u_npu/inst/u_wrap/u_pccx_npu_top/u_mem_dispatcher/u_cvo_bridge/FSM_sequential_state_reg[1]/Q
                         net (fo=166, routed)         1.569     5.092    pccx_v002_system_i/u_npu/inst/u_wrap/u_pccx_npu_top/u_mem_dispatcher/u_cvo_bridge/state[1]
    SLICE_X47Y129        LUT2 (Prop_C5LUT_SLICEL_I1_O)
                                                      0.152     5.244 f  pccx_v002_system_i/u_npu/inst/u_wrap/u_pccx_npu_top/u_mem_dispatcher/u_cvo_bridge/status_r[23]_i_1/O
                         net (fo=8, routed)           0.660     5.903    pccx_v002_system_i/u_npu/inst/u_wrap/u_pccx_npu_top/u_mem_dispatcher/u_cvo_bridge/FSM_sequential_state_reg[0]_0
    SLICE_X45Y163        LUT3 (Prop_H5LUT_SLICEM_I0_O)
                                                      0.189     6.092 r  pccx_v002_system_i/u_npu/inst/u_wrap/u_pccx_npu_top/u_mem_dispatcher/u_cvo_bridge/store_word_count[2]_i_2/O
                         net (fo=7, routed)           1.043     7.135    pccx_v002_system_i/u_npu/inst/u_wrap/u_pccx_npu_top/u_mem_dispatcher/u_cvo_bridge/E[0]
    SLICE_X45Y83         LUT2 (Prop_G6LUT_SLICEM_I0_O)
                                                      0.137     7.272 r  pccx_v002_system_i/u_npu/inst/u_wrap/u_pccx_npu_top/u_mem_dispatcher/u_cvo_bridge/store_l2_addr[16]_i_1/O
                         net (fo=145, routed)         2.698     9.970    pccx_v002_system_i/u_npu/inst/u_wrap/u_pccx_npu_top/u_mem_dispatcher/u_cvo_bridge_n_2
    SLICE_X48Y172        FDRE                                         r  pccx_v002_system_i/u_npu/inst/u_wrap/u_pccx_npu_top/u_mem_dispatcher/store_l2_wdata_reg[10]/CE
  -------------------------------------------------------------------    -------------------

                         (clock clk_pl_0 rise edge)
                                                     10.000    10.000 r  
    PS8_X0Y0             PS8                          0.000    10.000 r  pccx_v002_system_i/zynq_ps/inst/PS8_i/PLCLK[0]
                         net (fo=1, routed)           0.181    10.181    pccx_v002_system_i/zynq_ps/inst/pl_clk_unbuffered[0]
    BUFG_PS_X0Y90        BUFG_PS (Prop_BUFG_PS_I_O)
                                                      0.035    10.216 r  pccx_v002_system_i/zynq_ps/inst/buffer_pl_clk_0.PL_CLK_0_BUFG/O
    X1Y1 (CLOCK_ROOT)    net (fo=82277, routed)       2.873    13.089    pccx_v002_system_i/u_npu/inst/u_wrap/u_pccx_npu_top/u_mem_dispatcher/clk_core
    SLICE_X48Y172        FDRE                                         r  pccx_v002_system_i/u_npu/inst/u_wrap/u_pccx_npu_top/u_mem_dispatcher/store_l2_wdata_reg[10]/C
                         clock pessimism              0.194    13.283    
                         clock uncertainty           -0.160    13.123    
    SLICE_X48Y172        FDRE (Setup_DFF2_SLICEL_C_CE)
                                                     -0.078    13.045    pccx_v002_system_i/u_npu/inst/u_wrap/u_pccx_npu_top/u_mem_dispatcher/store_l2_wdata_reg[10]
  -------------------------------------------------------------------
                         required time                         13.045    
                         arrival time                          -9.970    
  -------------------------------------------------------------------
                         slack                                  3.075    

Slack (MET) :             3.075ns  (required time - arrival time)
  Source:                 pccx_v002_system_i/u_npu/inst/u_wrap/u_pccx_npu_top/u_mem_dispatcher/u_cvo_bridge/FSM_sequential_state_reg[1]/C
                            (rising edge-triggered cell FDRE clocked by clk_pl_0  {rise@0.000ns fall@5.000ns period=10.000ns})
  Destination:            pccx_v002_system_i/u_npu/inst/u_wrap/u_pccx_npu_top/u_mem_dispatcher/store_l2_wdata_reg[82]/CE
                            (rising edge-triggered cell FDRE clocked by clk_pl_0  {rise@0.000ns fall@5.000ns period=10.000ns})
  Path Group:             clk_pl_0
  Path Type:              Setup (Max at Slow Process Corner)
  Requirement:            10.000ns  (clk_pl_0 rise@10.000ns - clk_pl_0 rise@0.000ns)
  Data Path Delay:        6.561ns  (logic 0.592ns (9.023%)  route 5.969ns (90.977%))
  Logic Levels:           3  (LUT2=2 LUT3=1)
  Clock Path Skew:        -0.126ns (DCD - SCD + CPR)
    Destination Clock Delay (DCD):    3.089ns = ( 13.089 - 10.000 ) 
    Source Clock Delay      (SCD):    3.409ns
    Clock Pessimism Removal (CPR):    0.194ns
  Clock Uncertainty:      0.160ns  ((TSJ^2 + DJ^2)^1/2) / 2 + PE
    Total System Jitter     (TSJ):    0.071ns
    Discrete Jitter          (DJ):    0.312ns
    Phase Error              (PE):    0.000ns
  Clock Net Delay (Source):      3.142ns (routing 1.681ns, distribution 1.461ns)
  Clock Net Delay (Destination): 2.873ns (routing 1.538ns, distribution 1.335ns)

    Location             Delay type                Incr(ns)  Path(ns)    Netlist Resource(s)
  -------------------------------------------------------------------    -------------------
                         (clock clk_pl_0 rise edge)
                                                      0.000     0.000 r  
    PS8_X0Y0             PS8                          0.000     0.000 r  pccx_v002_system_i/zynq_ps/inst/PS8_i/PLCLK[0]
                         net (fo=1, routed)           0.229     0.229    pccx_v002_system_i/zynq_ps/inst/pl_clk_unbuffered[0]
    BUFG_PS_X0Y90        BUFG_PS (Prop_BUFG_PS_I_O)
                                                      0.038     0.267 r  pccx_v002_system_i/zynq_ps/inst/buffer_pl_clk_0.PL_CLK_0_BUFG/O
    X1Y1 (CLOCK_ROOT)    net (fo=82277, routed)       3.142     3.409    pccx_v002_system_i/u_npu/inst/u_wrap/u_pccx_npu_top/u_mem_dispatcher/u_cvo_bridge/clk_core
    SLICE_X49Y91         FDRE                                         r  pccx_v002_system_i/u_npu/inst/u_wrap/u_pccx_npu_top/u_mem_dispatcher/u_cvo_bridge/FSM_sequential_state_reg[1]/C
  -------------------------------------------------------------------    -------------------
    SLICE_X49Y91         FDRE (Prop_EFF_SLICEL_C_Q)
                                                      0.114     3.523 f  pccx_v002_system_i/u_npu/inst/u_wrap/u_pccx_npu_top/u_mem_dispatcher/u_cvo_bridge/FSM_sequential_state_reg[1]/Q
                         net (fo=166, routed)         1.569     5.092    pccx_v002_system_i/u_npu/inst/u_wrap/u_pccx_npu_top/u_mem_dispatcher/u_cvo_bridge/state[1]
    SLICE_X47Y129        LUT2 (Prop_C5LUT_SLICEL_I1_O)
                                                      0.152     5.244 f  pccx_v002_system_i/u_npu/inst/u_wrap/u_pccx_npu_top/u_mem_dispatcher/u_cvo_bridge/status_r[23]_i_1/O
                         net (fo=8, routed)           0.660     5.903    pccx_v002_system_i/u_npu/inst/u_wrap/u_pccx_npu_top/u_mem_dispatcher/u_cvo_bridge/FSM_sequential_state_reg[0]_0
    SLICE_X45Y163        LUT3 (Prop_H5LUT_SLICEM_I0_O)
                                                      0.189     6.092 r  pccx_v002_system_i/u_npu/inst/u_wrap/u_pccx_npu_top/u_mem_dispatcher/u_cvo_bridge/store_word_count[2]_i_2/O
                         net (fo=7, routed)           1.043     7.135    pccx_v002_system_i/u_npu/inst/u_wrap/u_pccx_npu_top/u_mem_dispatcher/u_cvo_bridge/E[0]
    SLICE_X45Y83         LUT2 (Prop_G6LUT_SLICEM_I0_O)
                                                      0.137     7.272 r  pccx_v002_system_i/u_npu/inst/u_wrap/u_pccx_npu_top/u_mem_dispatcher/u_cvo_bridge/store_l2_addr[16]_i_1/O
                         net (fo=145, routed)         2.698     9.970    pccx_v002_system_i/u_npu/inst/u_wrap/u_pccx_npu_top/u_mem_dispatcher/u_cvo_bridge_n_2
    SLICE_X48Y172        FDRE                                         r  pccx_v002_system_i/u_npu/inst/u_wrap/u_pccx_npu_top/u_mem_dispatcher/store_l2_wdata_reg[82]/CE
  -------------------------------------------------------------------    -------------------

                         (clock clk_pl_0 rise edge)
                                                     10.000    10.000 r  
    PS8_X0Y0             PS8                          0.000    10.000 r  pccx_v002_system_i/zynq_ps/inst/PS8_i/PLCLK[0]
                         net (fo=1, routed)           0.181    10.181    pccx_v002_system_i/zynq_ps/inst/pl_clk_unbuffered[0]
    BUFG_PS_X0Y90        BUFG_PS (Prop_BUFG_PS_I_O)
                                                      0.035    10.216 r  pccx_v002_system_i/zynq_ps/inst/buffer_pl_clk_0.PL_CLK_0_BUFG/O
    X1Y1 (CLOCK_ROOT)    net (fo=82277, routed)       2.873    13.089    pccx_v002_system_i/u_npu/inst/u_wrap/u_pccx_npu_top/u_mem_dispatcher/clk_core
    SLICE_X48Y172        FDRE                                         r  pccx_v002_system_i/u_npu/inst/u_wrap/u_pccx_npu_top/u_mem_dispatcher/store_l2_wdata_reg[82]/C
                         clock pessimism              0.194    13.283    
                         clock uncertainty           -0.160    13.123    
    SLICE_X48Y172        FDRE (Setup_CFF2_SLICEL_C_CE)
                                                     -0.078    13.045    pccx_v002_system_i/u_npu/inst/u_wrap/u_pccx_npu_top/u_mem_dispatcher/store_l2_wdata_reg[82]
  -------------------------------------------------------------------
                         required time                         13.045    
                         arrival time                          -9.970    
  -------------------------------------------------------------------
                         slack                                  3.075    

Slack (MET) :             3.173ns  (required time - arrival time)
  Source:                 pccx_v002_system_i/u_npu/inst/u_wrap/u_pccx_npu_top/u_mem_dispatcher/u_l2_cache/npu_direct_cmd_q_reg/C
                            (rising edge-triggered cell FDRE clocked by clk_pl_0  {rise@0.000ns fall@5.000ns period=10.000ns})
  Destination:            pccx_v002_system_i/u_npu/inst/u_wrap/u_pccx_npu_top/u_mem_dispatcher/u_l2_cache/u_l2_uram/u_l2_uram/xpm_memory_base_inst/gen_wr_a.gen_word_narrow.mem_reg_uram_20/DIN_B[67]
                            (rising edge-triggered cell URAM288 clocked by clk_pl_0  {rise@0.000ns fall@5.000ns period=10.000ns})
  Path Group:             clk_pl_0
  Path Type:              Setup (Max at Slow Process Corner)
  Requirement:            10.000ns  (clk_pl_0 rise@10.000ns - clk_pl_0 rise@0.000ns)
  Data Path Delay:        6.062ns  (logic 0.313ns (5.163%)  route 5.749ns (94.837%))
  Logic Levels:           1  (LUT2=1)
  Clock Path Skew:        -0.184ns (DCD - SCD + CPR)
    Destination Clock Delay (DCD):    3.058ns = ( 13.058 - 10.000 ) 
    Source Clock Delay      (SCD):    3.436ns
    Clock Pessimism Removal (CPR):    0.194ns
  Clock Uncertainty:      0.160ns  ((TSJ^2 + DJ^2)^1/2) / 2 + PE
    Total System Jitter     (TSJ):    0.071ns
    Discrete Jitter          (DJ):    0.312ns
    Phase Error              (PE):    0.000ns
  Clock Net Delay (Source):      3.169ns (routing 1.681ns, distribution 1.488ns)
  Clock Net Delay (Destination): 2.842ns (routing 1.538ns, distribution 1.304ns)

    Location             Delay type                Incr(ns)  Path(ns)    Netlist Resource(s)
  -------------------------------------------------------------------    -------------------
                         (clock clk_pl_0 rise edge)
                                                      0.000     0.000 r  
    PS8_X0Y0             PS8                          0.000     0.000 r  pccx_v002_system_i/zynq_ps/inst/PS8_i/PLCLK[0]
                         net (fo=1, routed)           0.229     0.229    pccx_v002_system_i/zynq_ps/inst/pl_clk_unbuffered[0]
    BUFG_PS_X0Y90        BUFG_PS (Prop_BUFG_PS_I_O)
                                                      0.038     0.267 r  pccx_v002_system_i/zynq_ps/inst/buffer_pl_clk_0.PL_CLK_0_BUFG/O
    X1Y1 (CLOCK_ROOT)    net (fo=82277, routed)       3.169     3.436    pccx_v002_system_i/u_npu/inst/u_wrap/u_pccx_npu_top/u_mem_dispatcher/u_l2_cache/clk_core
    SLICE_X46Y146        FDRE                                         r  pccx_v002_system_i/u_npu/inst/u_wrap/u_pccx_npu_top/u_mem_dispatcher/u_l2_cache/npu_direct_cmd_q_reg/C
  -------------------------------------------------------------------    -------------------
    SLICE_X46Y146        FDRE (Prop_AFF_SLICEL_C_Q)
                                                      0.114     3.550 r  pccx_v002_system_i/u_npu/inst/u_wrap/u_pccx_npu_top/u_mem_dispatcher/u_l2_cache/npu_direct_cmd_q_reg/Q
                         net (fo=150, routed)         1.924     5.473    pccx_v002_system_i/u_npu/inst/u_wrap/u_pccx_npu_top/u_mem_dispatcher/u_l2_cache/u_l2_uram/gen_wr_a.gen_word_narrow.mem_reg_uram_0
    SLICE_X54Y169        LUT2 (Prop_B5LUT_SLICEM_I1_O)
                                                      0.199     5.672 r  pccx_v002_system_i/u_npu/inst/u_wrap/u_pccx_npu_top/u_mem_dispatcher/u_l2_cache/u_l2_uram/u_l2_uram_i_80/O
                         net (fo=14, routed)          3.826     9.498    pccx_v002_system_i/u_npu/inst/u_wrap/u_pccx_npu_top/u_mem_dispatcher/u_l2_cache/u_l2_uram/u_l2_uram/xpm_memory_base_inst/dinb[67]
    URAM288_X0Y8         URAM288                                      r  pccx_v002_system_i/u_npu/inst/u_wrap/u_pccx_npu_top/u_mem_dispatcher/u_l2_cache/u_l2_uram/u_l2_uram/xpm_memory_base_inst/gen_wr_a.gen_word_narrow.mem_reg_uram_20/DIN_B[67]
  -------------------------------------------------------------------    -------------------

                         (clock clk_pl_0 rise edge)
                                                     10.000    10.000 r  
    PS8_X0Y0             PS8                          0.000    10.000 r  pccx_v002_system_i/zynq_ps/inst/PS8_i/PLCLK[0]
                         net (fo=1, routed)           0.181    10.181    pccx_v002_system_i/zynq_ps/inst/pl_clk_unbuffered[0]
    BUFG_PS_X0Y90        BUFG_PS (Prop_BUFG_PS_I_O)
                                                      0.035    10.216 r  pccx_v002_system_i/zynq_ps/inst/buffer_pl_clk_0.PL_CLK_0_BUFG/O
    X1Y1 (CLOCK_ROOT)    net (fo=82277, routed)       2.842    13.058    pccx_v002_system_i/u_npu/inst/u_wrap/u_pccx_npu_top/u_mem_dispatcher/u_l2_cache/u_l2_uram/u_l2_uram/xpm_memory_base_inst/clka
    URAM288_X0Y8         URAM288                                      r  pccx_v002_system_i/u_npu/inst/u_wrap/u_pccx_npu_top/u_mem_dispatcher/u_l2_cache/u_l2_uram/u_l2_uram/xpm_memory_base_inst/gen_wr_a.gen_word_narrow.mem_reg_uram_20/CLK
                         clock pessimism              0.194    13.252    
                         clock uncertainty           -0.160    13.092    
    URAM288_X0Y8         URAM288 (Setup_URAM_288K_INST_URAM288_CLK_DIN_B[67])
                                                     -0.421    12.671    pccx_v002_system_i/u_npu/inst/u_wrap/u_pccx_npu_top/u_mem_dispatcher/u_l2_cache/u_l2_uram/u_l2_uram/xpm_memory_base_inst/gen_wr_a.gen_word_narrow.mem_reg_uram_20
  -------------------------------------------------------------------
                         required time                         12.671    
                         arrival time                          -9.498    
  -------------------------------------------------------------------
                         slack                                  3.173    

Slack (MET) :             3.202ns  (required time - arrival time)
  Source:                 pccx_v002_system_i/u_npu/inst/u_wrap/u_pccx_npu_top/u_mem_dispatcher/u_cvo_bridge/FSM_sequential_state_reg[1]/C
                            (rising edge-triggered cell FDRE clocked by clk_pl_0  {rise@0.000ns fall@5.000ns period=10.000ns})
  Destination:            pccx_v002_system_i/u_npu/inst/u_wrap/u_pccx_npu_top/u_mem_dispatcher/store_l2_wdata_reg[114]/CE
                            (rising edge-triggered cell FDRE clocked by clk_pl_0  {rise@0.000ns fall@5.000ns period=10.000ns})
  Path Group:             clk_pl_0
  Path Type:              Setup (Max at Slow Process Corner)
  Requirement:            10.000ns  (clk_pl_0 rise@10.000ns - clk_pl_0 rise@0.000ns)
  Data Path Delay:        6.438ns  (logic 0.592ns (9.196%)  route 5.846ns (90.804%))
  Logic Levels:           3  (LUT2=2 LUT3=1)
  Clock Path Skew:        -0.122ns (DCD - SCD + CPR)
    Destination Clock Delay (DCD):    3.093ns = ( 13.093 - 10.000 ) 
    Source Clock Delay      (SCD):    3.409ns
    Clock Pessimism Removal (CPR):    0.194ns
  Clock Uncertainty:      0.160ns  ((TSJ^2 + DJ^2)^1/2) / 2 + PE
    Total System Jitter     (TSJ):    0.071ns
    Discrete Jitter          (DJ):    0.312ns
    Phase Error              (PE):    0.000ns
  Clock Net Delay (Source):      3.142ns (routing 1.681ns, distribution 1.461ns)
  Clock Net Delay (Destination): 2.877ns (routing 1.538ns, distribution 1.339ns)

    Location             Delay type                Incr(ns)  Path(ns)    Netlist Resource(s)
  -------------------------------------------------------------------    -------------------
                         (clock clk_pl_0 rise edge)
                                                      0.000     0.000 r  
    PS8_X0Y0             PS8                          0.000     0.000 r  pccx_v002_system_i/zynq_ps/inst/PS8_i/PLCLK[0]
                         net (fo=1, routed)           0.229     0.229    pccx_v002_system_i/zynq_ps/inst/pl_clk_unbuffered[0]
    BUFG_PS_X0Y90        BUFG_PS (Prop_BUFG_PS_I_O)
                                                      0.038     0.267 r  pccx_v002_system_i/zynq_ps/inst/buffer_pl_clk_0.PL_CLK_0_BUFG/O
    X1Y1 (CLOCK_ROOT)    net (fo=82277, routed)       3.142     3.409    pccx_v002_system_i/u_npu/inst/u_wrap/u_pccx_npu_top/u_mem_dispatcher/u_cvo_bridge/clk_core
    SLICE_X49Y91         FDRE                                         r  pccx_v002_system_i/u_npu/inst/u_wrap/u_pccx_npu_top/u_mem_dispatcher/u_cvo_bridge/FSM_sequential_state_reg[1]/C
  -------------------------------------------------------------------    -------------------
    SLICE_X49Y91         FDRE (Prop_EFF_SLICEL_C_Q)
                                                      0.114     3.523 f  pccx_v002_system_i/u_npu/inst/u_wrap/u_pccx_npu_top/u_mem_dispatcher/u_cvo_bridge/FSM_sequential_state_reg[1]/Q
                         net (fo=166, routed)         1.569     5.092    pccx_v002_system_i/u_npu/inst/u_wrap/u_pccx_npu_top/u_mem_dispatcher/u_cvo_bridge/state[1]
    SLICE_X47Y129        LUT2 (Prop_C5LUT_SLICEL_I1_O)
                                                      0.152     5.244 f  pccx_v002_system_i/u_npu/inst/u_wrap/u_pccx_npu_top/u_mem_dispatcher/u_cvo_bridge/status_r[23]_i_1/O
                         net (fo=8, routed)           0.660     5.903    pccx_v002_system_i/u_npu/inst/u_wrap/u_pccx_npu_top/u_mem_dispatcher/u_cvo_bridge/FSM_sequential_state_reg[0]_0
    SLICE_X45Y163        LUT3 (Prop_H5LUT_SLICEM_I0_O)
                                                      0.189     6.092 r  pccx_v002_system_i/u_npu/inst/u_wrap/u_pccx_npu_top/u_mem_dispatcher/u_cvo_bridge/store_word_count[2]_i_2/O
                         net (fo=7, routed)           1.043     7.135    pccx_v002_system_i/u_npu/inst/u_wrap/u_pccx_npu_top/u_mem_dispatcher/u_cvo_bridge/E[0]
    SLICE_X45Y83         LUT2 (Prop_G6LUT_SLICEM_I0_O)
                                                      0.137     7.272 r  pccx_v002_system_i/u_npu/inst/u_wrap/u_pccx_npu_top/u_mem_dispatcher/u_cvo_bridge/store_l2_addr[16]_i_1/O
                         net (fo=145, routed)         2.574     9.846    pccx_v002_system_i/u_npu/inst/u_wrap/u_pccx_npu_top/u_mem_dispatcher/u_cvo_bridge_n_2
    SLICE_X48Y175        FDRE                                         r  pccx_v002_system_i/u_npu/inst/u_wrap/u_pccx_npu_top/u_mem_dispatcher/store_l2_wdata_reg[114]/CE
  -------------------------------------------------------------------    -------------------

                         (clock clk_pl_0 rise edge)
                                                     10.000    10.000 r  
    PS8_X0Y0             PS8                          0.000    10.000 r  pccx_v002_system_i/zynq_ps/inst/PS8_i/PLCLK[0]
                         net (fo=1, routed)           0.181    10.181    pccx_v002_system_i/zynq_ps/inst/pl_clk_unbuffered[0]
    BUFG_PS_X0Y90        BUFG_PS (Prop_BUFG_PS_I_O)
                                                      0.035    10.216 r  pccx_v002_system_i/zynq_ps/inst/buffer_pl_clk_0.PL_CLK_0_BUFG/O
    X1Y1 (CLOCK_ROOT)    net (fo=82277, routed)       2.877    13.093    pccx_v002_system_i/u_npu/inst/u_wrap/u_pccx_npu_top/u_mem_dispatcher/clk_core
    SLICE_X48Y175        FDRE                                         r  pccx_v002_system_i/u_npu/inst/u_wrap/u_pccx_npu_top/u_mem_dispatcher/store_l2_wdata_reg[114]/C
                         clock pessimism              0.194    13.287    
                         clock uncertainty           -0.160    13.127    
    SLICE_X48Y175        FDRE (Setup_HFF2_SLICEL_C_CE)
                                                     -0.079    13.048    pccx_v002_system_i/u_npu/inst/u_wrap/u_pccx_npu_top/u_mem_dispatcher/store_l2_wdata_reg[114]
  -------------------------------------------------------------------
                         required time                         13.048    
                         arrival time                          -9.846    
  -------------------------------------------------------------------
                         slack                                  3.202    

Slack (MET) :             3.202ns  (required time - arrival time)
  Source:                 pccx_v002_system_i/u_npu/inst/u_wrap/u_pccx_npu_top/u_mem_dispatcher/u_cvo_bridge/FSM_sequential_state_reg[1]/C
                            (rising edge-triggered cell FDRE clocked by clk_pl_0  {rise@0.000ns fall@5.000ns period=10.000ns})
  Destination:            pccx_v002_system_i/u_npu/inst/u_wrap/u_pccx_npu_top/u_mem_dispatcher/store_l2_wdata_reg[14]/CE
                            (rising edge-triggered cell FDRE clocked by clk_pl_0  {rise@0.000ns fall@5.000ns period=10.000ns})
  Path Group:             clk_pl_0
  Path Type:              Setup (Max at Slow Process Corner)
  Requirement:            10.000ns  (clk_pl_0 rise@10.000ns - clk_pl_0 rise@0.000ns)
  Data Path Delay:        6.438ns  (logic 0.592ns (9.196%)  route 5.846ns (90.804%))
  Logic Levels:           3  (LUT2=2 LUT3=1)
  Clock Path Skew:        -0.122ns (DCD - SCD + CPR)
    Destination Clock Delay (DCD):    3.093ns = ( 13.093 - 10.000 ) 
    Source Clock Delay      (SCD):    3.409ns
    Clock Pessimism Removal (CPR):    0.194ns
  Clock Uncertainty:      0.160ns  ((TSJ^2 + DJ^2)^1/2) / 2 + PE
    Total System Jitter     (TSJ):    0.071ns
    Discrete Jitter          (DJ):    0.312ns
    Phase Error              (PE):    0.000ns
  Clock Net Delay (Source):      3.142ns (routing 1.681ns, distribution 1.461ns)
  Clock Net Delay (Destination): 2.877ns (routing 1.538ns, distribution 1.339ns)

    Location             Delay type                Incr(ns)  Path(ns)    Netlist Resource(s)
  -------------------------------------------------------------------    -------------------
                         (clock clk_pl_0 rise edge)
                                                      0.000     0.000 r  
    PS8_X0Y0             PS8                          0.000     0.000 r  pccx_v002_system_i/zynq_ps/inst/PS8_i/PLCLK[0]
                         net (fo=1, routed)           0.229     0.229    pccx_v002_system_i/zynq_ps/inst/pl_clk_unbuffered[0]
    BUFG_PS_X0Y90        BUFG_PS (Prop_BUFG_PS_I_O)
                                                      0.038     0.267 r  pccx_v002_system_i/zynq_ps/inst/buffer_pl_clk_0.PL_CLK_0_BUFG/O
    X1Y1 (CLOCK_ROOT)    net (fo=82277, routed)       3.142     3.409    pccx_v002_system_i/u_npu/inst/u_wrap/u_pccx_npu_top/u_mem_dispatcher/u_cvo_bridge/clk_core
    SLICE_X49Y91         FDRE                                         r  pccx_v002_system_i/u_npu/inst/u_wrap/u_pccx_npu_top/u_mem_dispatcher/u_cvo_bridge/FSM_sequential_state_reg[1]/C
  -------------------------------------------------------------------    -------------------
    SLICE_X49Y91         FDRE (Prop_EFF_SLICEL_C_Q)
                                                      0.114     3.523 f  pccx_v002_system_i/u_npu/inst/u_wrap/u_pccx_npu_top/u_mem_dispatcher/u_cvo_bridge/FSM_sequential_state_reg[1]/Q
                         net (fo=166, routed)         1.569     5.092    pccx_v002_system_i/u_npu/inst/u_wrap/u_pccx_npu_top/u_mem_dispatcher/u_cvo_bridge/state[1]
    SLICE_X47Y129        LUT2 (Prop_C5LUT_SLICEL_I1_O)
                                                      0.152     5.244 f  pccx_v002_system_i/u_npu/inst/u_wrap/u_pccx_npu_top/u_mem_dispatcher/u_cvo_bridge/status_r[23]_i_1/O
                         net (fo=8, routed)           0.660     5.903    pccx_v002_system_i/u_npu/inst/u_wrap/u_pccx_npu_top/u_mem_dispatcher/u_cvo_bridge/FSM_sequential_state_reg[0]_0
    SLICE_X45Y163        LUT3 (Prop_H5LUT_SLICEM_I0_O)
                                                      0.189     6.092 r  pccx_v002_system_i/u_npu/inst/u_wrap/u_pccx_npu_top/u_mem_dispatcher/u_cvo_bridge/store_word_count[2]_i_2/O
                         net (fo=7, routed)           1.043     7.135    pccx_v002_system_i/u_npu/inst/u_wrap/u_pccx_npu_top/u_mem_dispatcher/u_cvo_bridge/E[0]
    SLICE_X45Y83         LUT2 (Prop_G6LUT_SLICEM_I0_O)
                                                      0.137     7.272 r  pccx_v002_system_i/u_npu/inst/u_wrap/u_pccx_npu_top/u_mem_dispatcher/u_cvo_bridge/store_l2_addr[16]_i_1/O
                         net (fo=145, routed)         2.574     9.846    pccx_v002_system_i/u_npu/inst/u_wrap/u_pccx_npu_top/u_mem_dispatcher/u_cvo_bridge_n_2
    SLICE_X48Y175        FDRE                                         r  pccx_v002_system_i/u_npu/inst/u_wrap/u_pccx_npu_top/u_mem_dispatcher/store_l2_wdata_reg[14]/CE
  -------------------------------------------------------------------    -------------------

                         (clock clk_pl_0 rise edge)
                                                     10.000    10.000 r  
    PS8_X0Y0             PS8                          0.000    10.000 r  pccx_v002_system_i/zynq_ps/inst/PS8_i/PLCLK[0]
                         net (fo=1, routed)           0.181    10.181    pccx_v002_system_i/zynq_ps/inst/pl_clk_unbuffered[0]
    BUFG_PS_X0Y90        BUFG_PS (Prop_BUFG_PS_I_O)
                                                      0.035    10.216 r  pccx_v002_system_i/zynq_ps/inst/buffer_pl_clk_0.PL_CLK_0_BUFG/O
    X1Y1 (CLOCK_ROOT)    net (fo=82277, routed)       2.877    13.093    pccx_v002_system_i/u_npu/inst/u_wrap/u_pccx_npu_top/u_mem_dispatcher/clk_core
    SLICE_X48Y175        FDRE                                         r  pccx_v002_system_i/u_npu/inst/u_wrap/u_pccx_npu_top/u_mem_dispatcher/store_l2_wdata_reg[14]/C
                         clock pessimism              0.194    13.287    
                         clock uncertainty           -0.160    13.127    
    SLICE_X48Y175        FDRE (Setup_GFF2_SLICEL_C_CE)
                                                     -0.079    13.048    pccx_v002_system_i/u_npu/inst/u_wrap/u_pccx_npu_top/u_mem_dispatcher/store_l2_wdata_reg[14]
  -------------------------------------------------------------------
                         required time                         13.048    
                         arrival time                          -9.846    
  -------------------------------------------------------------------
                         slack                                  3.202    

Slack (MET) :             3.207ns  (required time - arrival time)
  Source:                 pccx_v002_system_i/u_npu/inst/u_wrap/u_pccx_npu_top/u_mem_dispatcher/u_cvo_bridge/FSM_sequential_state_reg[1]/C
                            (rising edge-triggered cell FDRE clocked by clk_pl_0  {rise@0.000ns fall@5.000ns period=10.000ns})
  Destination:            pccx_v002_system_i/u_npu/inst/u_wrap/u_pccx_npu_top/u_mem_dispatcher/store_l2_wdata_reg[21]/CE
                            (rising edge-triggered cell FDRE clocked by clk_pl_0  {rise@0.000ns fall@5.000ns period=10.000ns})
  Path Group:             clk_pl_0
  Path Type:              Setup (Max at Slow Process Corner)
  Requirement:            10.000ns  (clk_pl_0 rise@10.000ns - clk_pl_0 rise@0.000ns)
  Data Path Delay:        6.430ns  (logic 0.592ns (9.208%)  route 5.838ns (90.792%))
  Logic Levels:           3  (LUT2=2 LUT3=1)
  Clock Path Skew:        -0.126ns (DCD - SCD + CPR)
    Destination Clock Delay (DCD):    3.089ns = ( 13.089 - 10.000 ) 
    Source Clock Delay      (SCD):    3.409ns
    Clock Pessimism Removal (CPR):    0.194ns
  Clock Uncertainty:      0.160ns  ((TSJ^2 + DJ^2)^1/2) / 2 + PE
    Total System Jitter     (TSJ):    0.071ns
    Discrete Jitter          (DJ):    0.312ns
    Phase Error              (PE):    0.000ns
  Clock Net Delay (Source):      3.142ns (routing 1.681ns, distribution 1.461ns)
  Clock Net Delay (Destination): 2.873ns (routing 1.538ns, distribution 1.335ns)

    Location             Delay type                Incr(ns)  Path(ns)    Netlist Resource(s)
  -------------------------------------------------------------------    -------------------
                         (clock clk_pl_0 rise edge)
                                                      0.000     0.000 r  
    PS8_X0Y0             PS8                          0.000     0.000 r  pccx_v002_system_i/zynq_ps/inst/PS8_i/PLCLK[0]
                         net (fo=1, routed)           0.229     0.229    pccx_v002_system_i/zynq_ps/inst/pl_clk_unbuffered[0]
    BUFG_PS_X0Y90        BUFG_PS (Prop_BUFG_PS_I_O)
                                                      0.038     0.267 r  pccx_v002_system_i/zynq_ps/inst/buffer_pl_clk_0.PL_CLK_0_BUFG/O
    X1Y1 (CLOCK_ROOT)    net (fo=82277, routed)       3.142     3.409    pccx_v002_system_i/u_npu/inst/u_wrap/u_pccx_npu_top/u_mem_dispatcher/u_cvo_bridge/clk_core
    SLICE_X49Y91         FDRE                                         r  pccx_v002_system_i/u_npu/inst/u_wrap/u_pccx_npu_top/u_mem_dispatcher/u_cvo_bridge/FSM_sequential_state_reg[1]/C
  -------------------------------------------------------------------    -------------------
    SLICE_X49Y91         FDRE (Prop_EFF_SLICEL_C_Q)
                                                      0.114     3.523 f  pccx_v002_system_i/u_npu/inst/u_wrap/u_pccx_npu_top/u_mem_dispatcher/u_cvo_bridge/FSM_sequential_state_reg[1]/Q
                         net (fo=166, routed)         1.569     5.092    pccx_v002_system_i/u_npu/inst/u_wrap/u_pccx_npu_top/u_mem_dispatcher/u_cvo_bridge/state[1]
    SLICE_X47Y129        LUT2 (Prop_C5LUT_SLICEL_I1_O)
                                                      0.152     5.244 f  pccx_v002_system_i/u_npu/inst/u_wrap/u_pccx_npu_top/u_mem_dispatcher/u_cvo_bridge/status_r[23]_i_1/O
                         net (fo=8, routed)           0.660     5.903    pccx_v002_system_i/u_npu/inst/u_wrap/u_pccx_npu_top/u_mem_dispatcher/u_cvo_bridge/FSM_sequential_state_reg[0]_0
    SLICE_X45Y163        LUT3 (Prop_H5LUT_SLICEM_I0_O)
                                                      0.189     6.092 r  pccx_v002_system_i/u_npu/inst/u_wrap/u_pccx_npu_top/u_mem_dispatcher/u_cvo_bridge/store_word_count[2]_i_2/O
                         net (fo=7, routed)           1.043     7.135    pccx_v002_system_i/u_npu/inst/u_wrap/u_pccx_npu_top/u_mem_dispatcher/u_cvo_bridge/E[0]
    SLICE_X45Y83         LUT2 (Prop_G6LUT_SLICEM_I0_O)
                                                      0.137     7.272 r  pccx_v002_system_i/u_npu/inst/u_wrap/u_pccx_npu_top/u_mem_dispatcher/u_cvo_bridge/store_l2_addr[16]_i_1/O
                         net (fo=145, routed)         2.566     9.838    pccx_v002_system_i/u_npu/inst/u_wrap/u_pccx_npu_top/u_mem_dispatcher/u_cvo_bridge_n_2
    SLICE_X48Y173        FDRE                                         r  pccx_v002_system_i/u_npu/inst/u_wrap/u_pccx_npu_top/u_mem_dispatcher/store_l2_wdata_reg[21]/CE
  -------------------------------------------------------------------    -------------------

                         (clock clk_pl_0 rise edge)
                                                     10.000    10.000 r  
    PS8_X0Y0             PS8                          0.000    10.000 r  pccx_v002_system_i/zynq_ps/inst/PS8_i/PLCLK[0]
                         net (fo=1, routed)           0.181    10.181    pccx_v002_system_i/zynq_ps/inst/pl_clk_unbuffered[0]
    BUFG_PS_X0Y90        BUFG_PS (Prop_BUFG_PS_I_O)
                                                      0.035    10.216 r  pccx_v002_system_i/zynq_ps/inst/buffer_pl_clk_0.PL_CLK_0_BUFG/O
    X1Y1 (CLOCK_ROOT)    net (fo=82277, routed)       2.873    13.089    pccx_v002_system_i/u_npu/inst/u_wrap/u_pccx_npu_top/u_mem_dispatcher/clk_core
    SLICE_X48Y173        FDRE                                         r  pccx_v002_system_i/u_npu/inst/u_wrap/u_pccx_npu_top/u_mem_dispatcher/store_l2_wdata_reg[21]/C
                         clock pessimism              0.194    13.283    
                         clock uncertainty           -0.160    13.123    
    SLICE_X48Y173        FDRE (Setup_DFF2_SLICEL_C_CE)
                                                     -0.078    13.045    pccx_v002_system_i/u_npu/inst/u_wrap/u_pccx_npu_top/u_mem_dispatcher/store_l2_wdata_reg[21]
  -------------------------------------------------------------------
                         required time                         13.045    
                         arrival time                          -9.838    
  -------------------------------------------------------------------
                         slack                                  3.207    

Slack (MET) :             3.242ns  (required time - arrival time)
  Source:                 pccx_v002_system_i/u_npu/inst/u_wrap/u_pccx_npu_top/u_mem_dispatcher/u_l2_cache/npu_direct_cmd_q_reg/C
                            (rising edge-triggered cell FDRE clocked by clk_pl_0  {rise@0.000ns fall@5.000ns period=10.000ns})
  Destination:            pccx_v002_system_i/u_npu/inst/u_wrap/u_pccx_npu_top/u_mem_dispatcher/u_l2_cache/u_l2_uram/u_l2_uram/xpm_memory_base_inst/gen_wr_a.gen_word_narrow.mem_reg_uram_24/DIN_B[8]
                            (rising edge-triggered cell URAM288 clocked by clk_pl_0  {rise@0.000ns fall@5.000ns period=10.000ns})
  Path Group:             clk_pl_0
  Path Type:              Setup (Max at Slow Process Corner)
  Requirement:            10.000ns  (clk_pl_0 rise@10.000ns - clk_pl_0 rise@0.000ns)
  Data Path Delay:        6.014ns  (logic 0.207ns (3.442%)  route 5.807ns (96.558%))
  Logic Levels:           1  (LUT2=1)
  Clock Path Skew:        -0.169ns (DCD - SCD + CPR)
    Destination Clock Delay (DCD):    3.072ns = ( 13.072 - 10.000 ) 
    Source Clock Delay      (SCD):    3.436ns
    Clock Pessimism Removal (CPR):    0.194ns
  Clock Uncertainty:      0.160ns  ((TSJ^2 + DJ^2)^1/2) / 2 + PE
    Total System Jitter     (TSJ):    0.071ns
    Discrete Jitter          (DJ):    0.312ns
    Phase Error              (PE):    0.000ns
  Clock Net Delay (Source):      3.169ns (routing 1.681ns, distribution 1.488ns)
  Clock Net Delay (Destination): 2.856ns (routing 1.538ns, distribution 1.318ns)

    Location             Delay type                Incr(ns)  Path(ns)    Netlist Resource(s)
  -------------------------------------------------------------------    -------------------
                         (clock clk_pl_0 rise edge)
                                                      0.000     0.000 r  
    PS8_X0Y0             PS8                          0.000     0.000 r  pccx_v002_system_i/zynq_ps/inst/PS8_i/PLCLK[0]
                         net (fo=1, routed)           0.229     0.229    pccx_v002_system_i/zynq_ps/inst/pl_clk_unbuffered[0]
    BUFG_PS_X0Y90        BUFG_PS (Prop_BUFG_PS_I_O)
                                                      0.038     0.267 r  pccx_v002_system_i/zynq_ps/inst/buffer_pl_clk_0.PL_CLK_0_BUFG/O
    X1Y1 (CLOCK_ROOT)    net (fo=82277, routed)       3.169     3.436    pccx_v002_system_i/u_npu/inst/u_wrap/u_pccx_npu_top/u_mem_dispatcher/u_l2_cache/clk_core
    SLICE_X46Y146        FDRE                                         r  pccx_v002_system_i/u_npu/inst/u_wrap/u_pccx_npu_top/u_mem_dispatcher/u_l2_cache/npu_direct_cmd_q_reg/C
  -------------------------------------------------------------------    -------------------
    SLICE_X46Y146        FDRE (Prop_AFF_SLICEL_C_Q)
                                                      0.114     3.550 r  pccx_v002_system_i/u_npu/inst/u_wrap/u_pccx_npu_top/u_mem_dispatcher/u_l2_cache/npu_direct_cmd_q_reg/Q
                         net (fo=150, routed)         1.748     5.298    pccx_v002_system_i/u_npu/inst/u_wrap/u_pccx_npu_top/u_mem_dispatcher/u_l2_cache/u_l2_uram/gen_wr_a.gen_word_narrow.mem_reg_uram_0
    SLICE_X54Y172        LUT2 (Prop_C5LUT_SLICEM_I1_O)
                                                      0.093     5.391 r  pccx_v002_system_i/u_npu/inst/u_wrap/u_pccx_npu_top/u_mem_dispatcher/u_l2_cache/u_l2_uram/u_l2_uram_i_139/O
                         net (fo=14, routed)          4.060     9.450    pccx_v002_system_i/u_npu/inst/u_wrap/u_pccx_npu_top/u_mem_dispatcher/u_l2_cache/u_l2_uram/u_l2_uram/xpm_memory_base_inst/dinb[8]
    URAM288_X0Y6         URAM288                                      r  pccx_v002_system_i/u_npu/inst/u_wrap/u_pccx_npu_top/u_mem_dispatcher/u_l2_cache/u_l2_uram/u_l2_uram/xpm_memory_base_inst/gen_wr_a.gen_word_narrow.mem_reg_uram_24/DIN_B[8]
  -------------------------------------------------------------------    -------------------

                         (clock clk_pl_0 rise edge)
                                                     10.000    10.000 r  
    PS8_X0Y0             PS8                          0.000    10.000 r  pccx_v002_system_i/zynq_ps/inst/PS8_i/PLCLK[0]
                         net (fo=1, routed)           0.181    10.181    pccx_v002_system_i/zynq_ps/inst/pl_clk_unbuffered[0]
    BUFG_PS_X0Y90        BUFG_PS (Prop_BUFG_PS_I_O)
                                                      0.035    10.216 r  pccx_v002_system_i/zynq_ps/inst/buffer_pl_clk_0.PL_CLK_0_BUFG/O
    X1Y1 (CLOCK_ROOT)    net (fo=82277, routed)       2.856    13.072    pccx_v002_system_i/u_npu/inst/u_wrap/u_pccx_npu_top/u_mem_dispatcher/u_l2_cache/u_l2_uram/u_l2_uram/xpm_memory_base_inst/clka
    URAM288_X0Y6         URAM288                                      r  pccx_v002_system_i/u_npu/inst/u_wrap/u_pccx_npu_top/u_mem_dispatcher/u_l2_cache/u_l2_uram/u_l2_uram/xpm_memory_base_inst/gen_wr_a.gen_word_narrow.mem_reg_uram_24/CLK
                         clock pessimism              0.194    13.266    
                         clock uncertainty           -0.160    13.106    
    URAM288_X0Y6         URAM288 (Setup_URAM_288K_INST_URAM288_CLK_DIN_B[8])
                                                     -0.414    12.692    pccx_v002_system_i/u_npu/inst/u_wrap/u_pccx_npu_top/u_mem_dispatcher/u_l2_cache/u_l2_uram/u_l2_uram/xpm_memory_base_inst/gen_wr_a.gen_word_narrow.mem_reg_uram_24
  -------------------------------------------------------------------
                         required time                         12.692    
                         arrival time                          -9.450    
  -------------------------------------------------------------------
                         slack                                  3.242    

Slack (MET) :             3.277ns  (required time - arrival time)
  Source:                 pccx_v002_system_i/u_npu/inst/u_wrap/u_pccx_npu_top/u_mem_dispatcher/u_cvo_bridge/FSM_sequential_state_reg[1]/C
                            (rising edge-triggered cell FDRE clocked by clk_pl_0  {rise@0.000ns fall@5.000ns period=10.000ns})
  Destination:            pccx_v002_system_i/u_npu/inst/u_wrap/u_pccx_npu_top/u_mem_dispatcher/store_l2_wdata_reg[78]/CE
                            (rising edge-triggered cell FDRE clocked by clk_pl_0  {rise@0.000ns fall@5.000ns period=10.000ns})
  Path Group:             clk_pl_0
  Path Type:              Setup (Max at Slow Process Corner)
  Requirement:            10.000ns  (clk_pl_0 rise@10.000ns - clk_pl_0 rise@0.000ns)
  Data Path Delay:        6.428ns  (logic 0.592ns (9.209%)  route 5.836ns (90.791%))
  Logic Levels:           3  (LUT2=2 LUT3=1)
  Clock Path Skew:        -0.056ns (DCD - SCD + CPR)
    Destination Clock Delay (DCD):    3.159ns = ( 13.159 - 10.000 ) 
    Source Clock Delay      (SCD):    3.409ns
    Clock Pessimism Removal (CPR):    0.194ns
  Clock Uncertainty:      0.160ns  ((TSJ^2 + DJ^2)^1/2) / 2 + PE
    Total System Jitter     (TSJ):    0.071ns
    Discrete Jitter          (DJ):    0.312ns
    Phase Error              (PE):    0.000ns
  Clock Net Delay (Source):      3.142ns (routing 1.681ns, distribution 1.461ns)
  Clock Net Delay (Destination): 2.943ns (routing 1.538ns, distribution 1.405ns)

    Location             Delay type                Incr(ns)  Path(ns)    Netlist Resource(s)
  -------------------------------------------------------------------    -------------------
                         (clock clk_pl_0 rise edge)
                                                      0.000     0.000 r  
    PS8_X0Y0             PS8                          0.000     0.000 r  pccx_v002_system_i/zynq_ps/inst/PS8_i/PLCLK[0]
                         net (fo=1, routed)           0.229     0.229    pccx_v002_system_i/zynq_ps/inst/pl_clk_unbuffered[0]
    BUFG_PS_X0Y90        BUFG_PS (Prop_BUFG_PS_I_O)
                                                      0.038     0.267 r  pccx_v002_system_i/zynq_ps/inst/buffer_pl_clk_0.PL_CLK_0_BUFG/O
    X1Y1 (CLOCK_ROOT)    net (fo=82277, routed)       3.142     3.409    pccx_v002_system_i/u_npu/inst/u_wrap/u_pccx_npu_top/u_mem_dispatcher/u_cvo_bridge/clk_core
    SLICE_X49Y91         FDRE                                         r  pccx_v002_system_i/u_npu/inst/u_wrap/u_pccx_npu_top/u_mem_dispatcher/u_cvo_bridge/FSM_sequential_state_reg[1]/C
  -------------------------------------------------------------------    -------------------
    SLICE_X49Y91         FDRE (Prop_EFF_SLICEL_C_Q)
                                                      0.114     3.523 f  pccx_v002_system_i/u_npu/inst/u_wrap/u_pccx_npu_top/u_mem_dispatcher/u_cvo_bridge/FSM_sequential_state_reg[1]/Q
                         net (fo=166, routed)         1.569     5.092    pccx_v002_system_i/u_npu/inst/u_wrap/u_pccx_npu_top/u_mem_dispatcher/u_cvo_bridge/state[1]
    SLICE_X47Y129        LUT2 (Prop_C5LUT_SLICEL_I1_O)
                                                      0.152     5.244 f  pccx_v002_system_i/u_npu/inst/u_wrap/u_pccx_npu_top/u_mem_dispatcher/u_cvo_bridge/status_r[23]_i_1/O
                         net (fo=8, routed)           0.660     5.903    pccx_v002_system_i/u_npu/inst/u_wrap/u_pccx_npu_top/u_mem_dispatcher/u_cvo_bridge/FSM_sequential_state_reg[0]_0
    SLICE_X45Y163        LUT3 (Prop_H5LUT_SLICEM_I0_O)
                                                      0.189     6.092 r  pccx_v002_system_i/u_npu/inst/u_wrap/u_pccx_npu_top/u_mem_dispatcher/u_cvo_bridge/store_word_count[2]_i_2/O
                         net (fo=7, routed)           1.043     7.135    pccx_v002_system_i/u_npu/inst/u_wrap/u_pccx_npu_top/u_mem_dispatcher/u_cvo_bridge/E[0]
    SLICE_X45Y83         LUT2 (Prop_G6LUT_SLICEM_I0_O)
                                                      0.137     7.272 r  pccx_v002_system_i/u_npu/inst/u_wrap/u_pccx_npu_top/u_mem_dispatcher/u_cvo_bridge/store_l2_addr[16]_i_1/O
                         net (fo=145, routed)         2.565     9.837    pccx_v002_system_i/u_npu/inst/u_wrap/u_pccx_npu_top/u_mem_dispatcher/u_cvo_bridge_n_2
    SLICE_X52Y183        FDRE                                         r  pccx_v002_system_i/u_npu/inst/u_wrap/u_pccx_npu_top/u_mem_dispatcher/store_l2_wdata_reg[78]/CE
  -------------------------------------------------------------------    -------------------

                         (clock clk_pl_0 rise edge)
                                                     10.000    10.000 r  
    PS8_X0Y0             PS8                          0.000    10.000 r  pccx_v002_system_i/zynq_ps/inst/PS8_i/PLCLK[0]
                         net (fo=1, routed)           0.181    10.181    pccx_v002_system_i/zynq_ps/inst/pl_clk_unbuffered[0]
    BUFG_PS_X0Y90        BUFG_PS (Prop_BUFG_PS_I_O)
                                                      0.035    10.216 r  pccx_v002_system_i/zynq_ps/inst/buffer_pl_clk_0.PL_CLK_0_BUFG/O
    X1Y1 (CLOCK_ROOT)    net (fo=82277, routed)       2.943    13.159    pccx_v002_system_i/u_npu/inst/u_wrap/u_pccx_npu_top/u_mem_dispatcher/clk_core
    SLICE_X52Y183        FDRE                                         r  pccx_v002_system_i/u_npu/inst/u_wrap/u_pccx_npu_top/u_mem_dispatcher/store_l2_wdata_reg[78]/C
                         clock pessimism              0.194    13.353    
                         clock uncertainty           -0.160    13.193    
    SLICE_X52Y183        FDRE (Setup_EFF2_SLICEL_C_CE)
                                                     -0.079    13.114    pccx_v002_system_i/u_npu/inst/u_wrap/u_pccx_npu_top/u_mem_dispatcher/store_l2_wdata_reg[78]
  -------------------------------------------------------------------
                         required time                         13.114    
                         arrival time                          -9.837    
  -------------------------------------------------------------------
                         slack                                  3.277    





Min Delay Paths
--------------------------------------------------------------------------------------
Slack (MET) :             0.010ns  (arrival time - required time)
  Source:                 pccx_v002_system_i/u_npu/inst/u_wrap/u_pccx_npu_top/u_systolic_engine/u_compute_core/gemm_row_loop[26].gemm_col_loop[5].normal_row.dsp_unit/instruction_out_V_reg[0]/C
                            (rising edge-triggered cell FDRE clocked by clk_pl_0  {rise@0.000ns fall@5.000ns period=10.000ns})
  Destination:            pccx_v002_system_i/u_npu/inst/u_wrap/u_pccx_npu_top/u_systolic_engine/u_compute_core/gemm_row_loop[27].gemm_col_loop[5].normal_row.dsp_unit/instruction_out_V_reg[0]/D
                            (rising edge-triggered cell FDRE clocked by clk_pl_0  {rise@0.000ns fall@5.000ns period=10.000ns})
  Path Group:             clk_pl_0
  Path Type:              Hold (Min at Slow Process Corner)
  Requirement:            0.000ns  (clk_pl_0 rise@0.000ns - clk_pl_0 rise@0.000ns)
  Data Path Delay:        0.356ns  (logic 0.113ns (31.739%)  route 0.243ns (68.261%))
  Logic Levels:           0  
  Clock Path Skew:        0.243ns (DCD - SCD - CPR)
    Destination Clock Delay (DCD):    3.460ns
    Source Clock Delay      (SCD):    3.022ns
    Clock Pessimism Removal (CPR):    0.194ns
  Clock Net Delay (Source):      2.806ns (routing 1.538ns, distribution 1.268ns)
  Clock Net Delay (Destination): 3.193ns (routing 1.681ns, distribution 1.512ns)

    Location             Delay type                Incr(ns)  Path(ns)    Netlist Resource(s)
  -------------------------------------------------------------------    -------------------
                         (clock clk_pl_0 rise edge)
                                                      0.000     0.000 r  
    PS8_X0Y0             PS8                          0.000     0.000 r  pccx_v002_system_i/zynq_ps/inst/PS8_i/PLCLK[0]
                         net (fo=1, routed)           0.181     0.181    pccx_v002_system_i/zynq_ps/inst/pl_clk_unbuffered[0]
    BUFG_PS_X0Y90        BUFG_PS (Prop_BUFG_PS_I_O)
                                                      0.035     0.216 r  pccx_v002_system_i/zynq_ps/inst/buffer_pl_clk_0.PL_CLK_0_BUFG/O
    X1Y1 (CLOCK_ROOT)    net (fo=82277, routed)       2.806     3.022    pccx_v002_system_i/u_npu/inst/u_wrap/u_pccx_npu_top/u_systolic_engine/u_compute_core/gemm_row_loop[26].gemm_col_loop[5].normal_row.dsp_unit/clk_core
    SLICE_X44Y113        FDRE                                         r  pccx_v002_system_i/u_npu/inst/u_wrap/u_pccx_npu_top/u_systolic_engine/u_compute_core/gemm_row_loop[26].gemm_col_loop[5].normal_row.dsp_unit/instruction_out_V_reg[0]/C
  -------------------------------------------------------------------    -------------------
    SLICE_X44Y113        FDRE (Prop_CFF2_SLICEL_C_Q)
                                                      0.113     3.135 r  pccx_v002_system_i/u_npu/inst/u_wrap/u_pccx_npu_top/u_systolic_engine/u_compute_core/gemm_row_loop[26].gemm_col_loop[5].normal_row.dsp_unit/instruction_out_V_reg[0]/Q
                         net (fo=2, routed)           0.243     3.378    pccx_v002_system_i/u_npu/inst/u_wrap/u_pccx_npu_top/u_systolic_engine/u_compute_core/gemm_row_loop[27].gemm_col_loop[5].normal_row.dsp_unit/instruction_out_V_reg[2]_1[0]
    SLICE_X46Y121        FDRE                                         r  pccx_v002_system_i/u_npu/inst/u_wrap/u_pccx_npu_top/u_systolic_engine/u_compute_core/gemm_row_loop[27].gemm_col_loop[5].normal_row.dsp_unit/instruction_out_V_reg[0]/D
  -------------------------------------------------------------------    -------------------

                         (clock clk_pl_0 rise edge)
                                                      0.000     0.000 r  
    PS8_X0Y0             PS8                          0.000     0.000 r  pccx_v002_system_i/zynq_ps/inst/PS8_i/PLCLK[0]
                         net (fo=1, routed)           0.229     0.229    pccx_v002_system_i/zynq_ps/inst/pl_clk_unbuffered[0]
    BUFG_PS_X0Y90        BUFG_PS (Prop_BUFG_PS_I_O)
                                                      0.038     0.267 r  pccx_v002_system_i/zynq_ps/inst/buffer_pl_clk_0.PL_CLK_0_BUFG/O
    X1Y1 (CLOCK_ROOT)    net (fo=82277, routed)       3.193     3.460    pccx_v002_system_i/u_npu/inst/u_wrap/u_pccx_npu_top/u_systolic_engine/u_compute_core/gemm_row_loop[27].gemm_col_loop[5].normal_row.dsp_unit/clk_core
    SLICE_X46Y121        FDRE                                         r  pccx_v002_system_i/u_npu/inst/u_wrap/u_pccx_npu_top/u_systolic_engine/u_compute_core/gemm_row_loop[27].gemm_col_loop[5].normal_row.dsp_unit/instruction_out_V_reg[0]/C
                         clock pessimism             -0.194     3.266    
    SLICE_X46Y121        FDRE (Hold_GFF2_SLICEL_C_D)
                                                      0.103     3.369    pccx_v002_system_i/u_npu/inst/u_wrap/u_pccx_npu_top/u_systolic_engine/u_compute_core/gemm_row_loop[27].gemm_col_loop[5].normal_row.dsp_unit/instruction_out_V_reg[0]
  -------------------------------------------------------------------
                         required time                         -3.369    
                         arrival time                           3.378    
  -------------------------------------------------------------------
                         slack                                  0.010    

Slack (MET) :             0.010ns  (arrival time - required time)
  Source:                 pccx_v002_system_i/sc_axil/inst/s00_nodes/s00_w_node/inst/inst_mi_handler/gen_normal_area.inst_fifo_node_payld/gen_xpm_memory_fifo.inst_fifo/gen_mem_rep[0].inst_xpm_memory/xpm_memory_base_inst/gen_rd_b.gen_rd_b_synth_template.gen_rf_narrow_reg.doutb_reg_reg[97]/C
                            (rising edge-triggered cell FDRE clocked by clk_pl_0  {rise@0.000ns fall@5.000ns period=10.000ns})
  Destination:            pccx_v002_system_i/sc_axil/inst/switchboards/w_switchboard/inst/gen_mi[0].inst_opipe_payld/gen_pipe[1].pipe_reg[1][97]/D
                            (rising edge-triggered cell FDRE clocked by clk_pl_0  {rise@0.000ns fall@5.000ns period=10.000ns})
  Path Group:             clk_pl_0
  Path Type:              Hold (Min at Slow Process Corner)
  Requirement:            0.000ns  (clk_pl_0 rise@0.000ns - clk_pl_0 rise@0.000ns)
  Data Path Delay:        0.237ns  (logic 0.112ns (47.257%)  route 0.125ns (52.743%))
  Logic Levels:           0  
  Clock Path Skew:        0.126ns (DCD - SCD - CPR)
    Destination Clock Delay (DCD):    3.507ns
    Source Clock Delay      (SCD):    3.129ns
    Clock Pessimism Removal (CPR):    0.251ns
  Clock Net Delay (Source):      2.913ns (routing 1.538ns, distribution 1.375ns)
  Clock Net Delay (Destination): 3.240ns (routing 1.681ns, distribution 1.559ns)

    Location             Delay type                Incr(ns)  Path(ns)    Netlist Resource(s)
  -------------------------------------------------------------------    -------------------
                         (clock clk_pl_0 rise edge)
                                                      0.000     0.000 r  
    PS8_X0Y0             PS8                          0.000     0.000 r  pccx_v002_system_i/zynq_ps/inst/PS8_i/PLCLK[0]
                         net (fo=1, routed)           0.181     0.181    pccx_v002_system_i/zynq_ps/inst/pl_clk_unbuffered[0]
    BUFG_PS_X0Y90        BUFG_PS (Prop_BUFG_PS_I_O)
                                                      0.035     0.216 r  pccx_v002_system_i/zynq_ps/inst/buffer_pl_clk_0.PL_CLK_0_BUFG/O
    X1Y1 (CLOCK_ROOT)    net (fo=82277, routed)       2.913     3.129    pccx_v002_system_i/sc_axil/inst/s00_nodes/s00_w_node/inst/inst_mi_handler/gen_normal_area.inst_fifo_node_payld/gen_xpm_memory_fifo.inst_fifo/gen_mem_rep[0].inst_xpm_memory/xpm_memory_base_inst/clka
    SLICE_X12Y109        FDRE                                         r  pccx_v002_system_i/sc_axil/inst/s00_nodes/s00_w_node/inst/inst_mi_handler/gen_normal_area.inst_fifo_node_payld/gen_xpm_memory_fifo.inst_fifo/gen_mem_rep[0].inst_xpm_memory/xpm_memory_base_inst/gen_rd_b.gen_rd_b_synth_template.gen_rf_narrow_reg.doutb_reg_reg[97]/C
  -------------------------------------------------------------------    -------------------
    SLICE_X12Y109        FDRE (Prop_GFF_SLICEM_C_Q)
                                                      0.112     3.241 r  pccx_v002_system_i/sc_axil/inst/s00_nodes/s00_w_node/inst/inst_mi_handler/gen_normal_area.inst_fifo_node_payld/gen_xpm_memory_fifo.inst_fifo/gen_mem_rep[0].inst_xpm_memory/xpm_memory_base_inst/gen_rd_b.gen_rd_b_synth_template.gen_rf_narrow_reg.doutb_reg_reg[97]/Q
                         net (fo=1, routed)           0.125     3.366    pccx_v002_system_i/sc_axil/inst/switchboards/w_switchboard/inst/gen_mi[0].inst_opipe_payld/s_sc_payld[85]
    SLICE_X13Y109        FDRE                                         r  pccx_v002_system_i/sc_axil/inst/switchboards/w_switchboard/inst/gen_mi[0].inst_opipe_payld/gen_pipe[1].pipe_reg[1][97]/D
  -------------------------------------------------------------------    -------------------

                         (clock clk_pl_0 rise edge)
                                                      0.000     0.000 r  
    PS8_X0Y0             PS8                          0.000     0.000 r  pccx_v002_system_i/zynq_ps/inst/PS8_i/PLCLK[0]
                         net (fo=1, routed)           0.229     0.229    pccx_v002_system_i/zynq_ps/inst/pl_clk_unbuffered[0]
    BUFG_PS_X0Y90        BUFG_PS (Prop_BUFG_PS_I_O)
                                                      0.038     0.267 r  pccx_v002_system_i/zynq_ps/inst/buffer_pl_clk_0.PL_CLK_0_BUFG/O
    X1Y1 (CLOCK_ROOT)    net (fo=82277, routed)       3.240     3.507    pccx_v002_system_i/sc_axil/inst/switchboards/w_switchboard/inst/gen_mi[0].inst_opipe_payld/aclk
    SLICE_X13Y109        FDRE                                         r  pccx_v002_system_i/sc_axil/inst/switchboards/w_switchboard/inst/gen_mi[0].inst_opipe_payld/gen_pipe[1].pipe_reg[1][97]/C
                         clock pessimism             -0.251     3.255    
    SLICE_X13Y109        FDRE (Hold_HFF_SLICEM_C_D)
                                                      0.101     3.356    pccx_v002_system_i/sc_axil/inst/switchboards/w_switchboard/inst/gen_mi[0].inst_opipe_payld/gen_pipe[1].pipe_reg[1][97]
  -------------------------------------------------------------------
                         required time                         -3.356    
                         arrival time                           3.366    
  -------------------------------------------------------------------
                         slack                                  0.010    

Slack (MET) :             0.010ns  (arrival time - required time)
  Source:                 pccx_v002_system_i/u_npu/inst/u_wrap/u_pccx_npu_top/gen_norm[3].u_norm_seq/data_out_reg[10]/C
                            (rising edge-triggered cell FDRE clocked by clk_pl_0  {rise@0.000ns fall@5.000ns period=10.000ns})
  Destination:            pccx_v002_system_i/u_npu/inst/u_wrap/u_pccx_npu_top/u_packer/capture_reg_reg[3][10]/D
                            (rising edge-triggered cell FDRE clocked by clk_pl_0  {rise@0.000ns fall@5.000ns period=10.000ns})
  Path Group:             clk_pl_0
  Path Type:              Hold (Min at Slow Process Corner)
  Requirement:            0.000ns  (clk_pl_0 rise@0.000ns - clk_pl_0 rise@0.000ns)
  Data Path Delay:        0.307ns  (logic 0.112ns (36.474%)  route 0.195ns (63.526%))
  Logic Levels:           0  
  Clock Path Skew:        0.196ns (DCD - SCD - CPR)
    Destination Clock Delay (DCD):    3.519ns
    Source Clock Delay      (SCD):    3.121ns
    Clock Pessimism Removal (CPR):    0.201ns
  Clock Net Delay (Source):      2.905ns (routing 1.538ns, distribution 1.367ns)
  Clock Net Delay (Destination): 3.252ns (routing 1.681ns, distribution 1.571ns)

    Location             Delay type                Incr(ns)  Path(ns)    Netlist Resource(s)
  -------------------------------------------------------------------    -------------------
                         (clock clk_pl_0 rise edge)
                                                      0.000     0.000 r  
    PS8_X0Y0             PS8                          0.000     0.000 r  pccx_v002_system_i/zynq_ps/inst/PS8_i/PLCLK[0]
                         net (fo=1, routed)           0.181     0.181    pccx_v002_system_i/zynq_ps/inst/pl_clk_unbuffered[0]
    BUFG_PS_X0Y90        BUFG_PS (Prop_BUFG_PS_I_O)
                                                      0.035     0.216 r  pccx_v002_system_i/zynq_ps/inst/buffer_pl_clk_0.PL_CLK_0_BUFG/O
    X1Y1 (CLOCK_ROOT)    net (fo=82277, routed)       2.905     3.121    pccx_v002_system_i/u_npu/inst/u_wrap/u_pccx_npu_top/gen_norm[3].u_norm_seq/clk_core
    SLICE_X49Y179        FDRE                                         r  pccx_v002_system_i/u_npu/inst/u_wrap/u_pccx_npu_top/gen_norm[3].u_norm_seq/data_out_reg[10]/C
  -------------------------------------------------------------------    -------------------
    SLICE_X49Y179        FDRE (Prop_AFF_SLICEL_C_Q)
                                                      0.112     3.233 r  pccx_v002_system_i/u_npu/inst/u_wrap/u_pccx_npu_top/gen_norm[3].u_norm_seq/data_out_reg[10]/Q
                         net (fo=2, routed)           0.195     3.428    pccx_v002_system_i/u_npu/inst/u_wrap/u_pccx_npu_top/u_packer/capture_reg_reg[3][15]_0[10]
    SLICE_X51Y184        FDRE                                         r  pccx_v002_system_i/u_npu/inst/u_wrap/u_pccx_npu_top/u_packer/capture_reg_reg[3][10]/D
  -------------------------------------------------------------------    -------------------

                         (clock clk_pl_0 rise edge)
                                                      0.000     0.000 r  
    PS8_X0Y0             PS8                          0.000     0.000 r  pccx_v002_system_i/zynq_ps/inst/PS8_i/PLCLK[0]
                         net (fo=1, routed)           0.229     0.229    pccx_v002_system_i/zynq_ps/inst/pl_clk_unbuffered[0]
    BUFG_PS_X0Y90        BUFG_PS (Prop_BUFG_PS_I_O)
                                                      0.038     0.267 r  pccx_v002_system_i/zynq_ps/inst/buffer_pl_clk_0.PL_CLK_0_BUFG/O
    X1Y1 (CLOCK_ROOT)    net (fo=82277, routed)       3.252     3.519    pccx_v002_system_i/u_npu/inst/u_wrap/u_pccx_npu_top/u_packer/clk_core
    SLICE_X51Y184        FDRE                                         r  pccx_v002_system_i/u_npu/inst/u_wrap/u_pccx_npu_top/u_packer/capture_reg_reg[3][10]/C
                         clock pessimism             -0.201     3.318    
    SLICE_X51Y184        FDRE (Hold_EFF_SLICEL_C_D)
                                                      0.101     3.419    pccx_v002_system_i/u_npu/inst/u_wrap/u_pccx_npu_top/u_packer/capture_reg_reg[3][10]
  -------------------------------------------------------------------
                         required time                         -3.419    
                         arrival time                           3.428    
  -------------------------------------------------------------------
                         slack                                  0.010    

Slack (MET) :             0.010ns  (arrival time - required time)
  Source:                 pccx_v002_system_i/sc_axil/inst/m04_exit_pipeline/m04_exit/inst/w_reg/m_vector_i_reg[1040]/C
                            (rising edge-triggered cell FDRE clocked by clk_pl_0  {rise@0.000ns fall@5.000ns period=10.000ns})
  Destination:            pccx_v002_system_i/cmdsts_hp3/inst/u_body/wdata_q_reg[15]/D
                            (rising edge-triggered cell FDRE clocked by clk_pl_0  {rise@0.000ns fall@5.000ns period=10.000ns})
  Path Group:             clk_pl_0
  Path Type:              Hold (Min at Slow Process Corner)
  Requirement:            0.000ns  (clk_pl_0 rise@0.000ns - clk_pl_0 rise@0.000ns)
  Data Path Delay:        0.236ns  (logic 0.113ns (47.881%)  route 0.123ns (52.119%))
  Logic Levels:           0  
  Clock Path Skew:        0.125ns (DCD - SCD - CPR)
    Destination Clock Delay (DCD):    3.559ns
    Source Clock Delay      (SCD):    3.184ns
    Clock Pessimism Removal (CPR):    0.249ns
  Clock Net Delay (Source):      2.968ns (routing 1.538ns, distribution 1.430ns)
  Clock Net Delay (Destination): 3.292ns (routing 1.681ns, distribution 1.611ns)

    Location             Delay type                Incr(ns)  Path(ns)    Netlist Resource(s)
  -------------------------------------------------------------------    -------------------
                         (clock clk_pl_0 rise edge)
                                                      0.000     0.000 r  
    PS8_X0Y0             PS8                          0.000     0.000 r  pccx_v002_system_i/zynq_ps/inst/PS8_i/PLCLK[0]
                         net (fo=1, routed)           0.181     0.181    pccx_v002_system_i/zynq_ps/inst/pl_clk_unbuffered[0]
    BUFG_PS_X0Y90        BUFG_PS (Prop_BUFG_PS_I_O)
                                                      0.035     0.216 r  pccx_v002_system_i/zynq_ps/inst/buffer_pl_clk_0.PL_CLK_0_BUFG/O
    X1Y1 (CLOCK_ROOT)    net (fo=82277, routed)       2.968     3.184    pccx_v002_system_i/sc_axil/inst/m04_exit_pipeline/m04_exit/inst/w_reg/aclk
    SLICE_X15Y198        FDRE                                         r  pccx_v002_system_i/sc_axil/inst/m04_exit_pipeline/m04_exit/inst/w_reg/m_vector_i_reg[1040]/C
  -------------------------------------------------------------------    -------------------
    SLICE_X15Y198        FDRE (Prop_BFF2_SLICEL_C_Q)
                                                      0.113     3.297 r  pccx_v002_system_i/sc_axil/inst/m04_exit_pipeline/m04_exit/inst/w_reg/m_vector_i_reg[1040]/Q
                         net (fo=1, routed)           0.123     3.420    pccx_v002_system_i/cmdsts_hp3/inst/u_body/s_axil_wdata[15]
    SLICE_X13Y198        FDRE                                         r  pccx_v002_system_i/cmdsts_hp3/inst/u_body/wdata_q_reg[15]/D
  -------------------------------------------------------------------    -------------------

                         (clock clk_pl_0 rise edge)
                                                      0.000     0.000 r  
    PS8_X0Y0             PS8                          0.000     0.000 r  pccx_v002_system_i/zynq_ps/inst/PS8_i/PLCLK[0]
                         net (fo=1, routed)           0.229     0.229    pccx_v002_system_i/zynq_ps/inst/pl_clk_unbuffered[0]
    BUFG_PS_X0Y90        BUFG_PS (Prop_BUFG_PS_I_O)
                                                      0.038     0.267 r  pccx_v002_system_i/zynq_ps/inst/buffer_pl_clk_0.PL_CLK_0_BUFG/O
    X1Y1 (CLOCK_ROOT)    net (fo=82277, routed)       3.292     3.559    pccx_v002_system_i/cmdsts_hp3/inst/u_body/s_axil_aclk
    SLICE_X13Y198        FDRE                                         r  pccx_v002_system_i/cmdsts_hp3/inst/u_body/wdata_q_reg[15]/C
                         clock pessimism             -0.249     3.309    
    SLICE_X13Y198        FDRE (Hold_FFF_SLICEM_C_D)
                                                      0.101     3.410    pccx_v002_system_i/cmdsts_hp3/inst/u_body/wdata_q_reg[15]
  -------------------------------------------------------------------
                         required time                         -3.410    
                         arrival time                           3.420    
  -------------------------------------------------------------------
                         slack                                  0.010    

Slack (MET) :             0.010ns  (arrival time - required time)
  Source:                 pccx_v002_system_i/u_npu/inst/u_wrap/u_pccx_npu_top/gen_norm[0].u_norm_seq/data_out_reg[9]/C
                            (rising edge-triggered cell FDRE clocked by clk_pl_0  {rise@0.000ns fall@5.000ns period=10.000ns})
  Destination:            pccx_v002_system_i/u_npu/inst/u_wrap/u_pccx_npu_top/u_packer/capture_reg_reg[0][9]/D
                            (rising edge-triggered cell FDRE clocked by clk_pl_0  {rise@0.000ns fall@5.000ns period=10.000ns})
  Path Group:             clk_pl_0
  Path Type:              Hold (Min at Slow Process Corner)
  Requirement:            0.000ns  (clk_pl_0 rise@0.000ns - clk_pl_0 rise@0.000ns)
  Data Path Delay:        0.294ns  (logic 0.113ns (38.399%)  route 0.181ns (61.601%))
  Logic Levels:           0  
  Clock Path Skew:        0.183ns (DCD - SCD - CPR)
    Destination Clock Delay (DCD):    3.460ns
    Source Clock Delay      (SCD):    3.075ns
    Clock Pessimism Removal (CPR):    0.201ns
  Clock Net Delay (Source):      2.859ns (routing 1.538ns, distribution 1.321ns)
  Clock Net Delay (Destination): 3.193ns (routing 1.681ns, distribution 1.512ns)

    Location             Delay type                Incr(ns)  Path(ns)    Netlist Resource(s)
  -------------------------------------------------------------------    -------------------
                         (clock clk_pl_0 rise edge)
                                                      0.000     0.000 r  
    PS8_X0Y0             PS8                          0.000     0.000 r  pccx_v002_system_i/zynq_ps/inst/PS8_i/PLCLK[0]
                         net (fo=1, routed)           0.181     0.181    pccx_v002_system_i/zynq_ps/inst/pl_clk_unbuffered[0]
    BUFG_PS_X0Y90        BUFG_PS (Prop_BUFG_PS_I_O)
                                                      0.035     0.216 r  pccx_v002_system_i/zynq_ps/inst/buffer_pl_clk_0.PL_CLK_0_BUFG/O
    X1Y1 (CLOCK_ROOT)    net (fo=82277, routed)       2.859     3.075    pccx_v002_system_i/u_npu/inst/u_wrap/u_pccx_npu_top/gen_norm[0].u_norm_seq/clk_core
    SLICE_X46Y177        FDRE                                         r  pccx_v002_system_i/u_npu/inst/u_wrap/u_pccx_npu_top/gen_norm[0].u_norm_seq/data_out_reg[9]/C
  -------------------------------------------------------------------    -------------------
    SLICE_X46Y177        FDRE (Prop_HFF2_SLICEL_C_Q)
                                                      0.113     3.188 r  pccx_v002_system_i/u_npu/inst/u_wrap/u_pccx_npu_top/gen_norm[0].u_norm_seq/data_out_reg[9]/Q
                         net (fo=2, routed)           0.181     3.369    pccx_v002_system_i/u_npu/inst/u_wrap/u_pccx_npu_top/u_packer/capture_reg_reg[0][15]_0[9]
    SLICE_X46Y182        FDRE                                         r  pccx_v002_system_i/u_npu/inst/u_wrap/u_pccx_npu_top/u_packer/capture_reg_reg[0][9]/D
  -------------------------------------------------------------------    -------------------

                         (clock clk_pl_0 rise edge)
                                                      0.000     0.000 r  
    PS8_X0Y0             PS8                          0.000     0.000 r  pccx_v002_system_i/zynq_ps/inst/PS8_i/PLCLK[0]
                         net (fo=1, routed)           0.229     0.229    pccx_v002_system_i/zynq_ps/inst/pl_clk_unbuffered[0]
    BUFG_PS_X0Y90        BUFG_PS (Prop_BUFG_PS_I_O)
                                                      0.038     0.267 r  pccx_v002_system_i/zynq_ps/inst/buffer_pl_clk_0.PL_CLK_0_BUFG/O
    X1Y1 (CLOCK_ROOT)    net (fo=82277, routed)       3.193     3.460    pccx_v002_system_i/u_npu/inst/u_wrap/u_pccx_npu_top/u_packer/clk_core
    SLICE_X46Y182        FDRE                                         r  pccx_v002_system_i/u_npu/inst/u_wrap/u_pccx_npu_top/u_packer/capture_reg_reg[0][9]/C
                         clock pessimism             -0.201     3.259    
    SLICE_X46Y182        FDRE (Hold_AFF_SLICEL_C_D)
                                                      0.101     3.360    pccx_v002_system_i/u_npu/inst/u_wrap/u_pccx_npu_top/u_packer/capture_reg_reg[0][9]
  -------------------------------------------------------------------
                         required time                         -3.360    
                         arrival time                           3.369    
  -------------------------------------------------------------------
                         slack                                  0.010    

Slack (MET) :             0.010ns  (arrival time - required time)
  Source:                 pccx_v002_system_i/u_npu/inst/u_wrap/u_pccx_npu_top/u_systolic_engine/u_compute_core/gemm_row_loop[24].gemm_col_loop[8].normal_row.dsp_unit/instruction_out_V_reg[2]/C
                            (rising edge-triggered cell FDRE clocked by clk_pl_0  {rise@0.000ns fall@5.000ns period=10.000ns})
  Destination:            pccx_v002_system_i/u_npu/inst/u_wrap/u_pccx_npu_top/u_systolic_engine/u_compute_core/gemm_row_loop[25].gemm_col_loop[8].normal_row.dsp_unit/instruction_out_V_reg[2]/D
                            (rising edge-triggered cell FDRE clocked by clk_pl_0  {rise@0.000ns fall@5.000ns period=10.000ns})
  Path Group:             clk_pl_0
  Path Type:              Hold (Min at Slow Process Corner)
  Requirement:            0.000ns  (clk_pl_0 rise@0.000ns - clk_pl_0 rise@0.000ns)
  Data Path Delay:        0.423ns  (logic 0.114ns (26.922%)  route 0.309ns (73.078%))
  Logic Levels:           0  
  Clock Path Skew:        0.312ns (DCD - SCD - CPR)
    Destination Clock Delay (DCD):    3.427ns
    Source Clock Delay      (SCD):    2.920ns
    Clock Pessimism Removal (CPR):    0.194ns
  Clock Net Delay (Source):      2.704ns (routing 1.538ns, distribution 1.166ns)
  Clock Net Delay (Destination): 3.160ns (routing 1.681ns, distribution 1.479ns)

    Location             Delay type                Incr(ns)  Path(ns)    Netlist Resource(s)
  -------------------------------------------------------------------    -------------------
                         (clock clk_pl_0 rise edge)
                                                      0.000     0.000 r  
    PS8_X0Y0             PS8                          0.000     0.000 r  pccx_v002_system_i/zynq_ps/inst/PS8_i/PLCLK[0]
                         net (fo=1, routed)           0.181     0.181    pccx_v002_system_i/zynq_ps/inst/pl_clk_unbuffered[0]
    BUFG_PS_X0Y90        BUFG_PS (Prop_BUFG_PS_I_O)
                                                      0.035     0.216 r  pccx_v002_system_i/zynq_ps/inst/buffer_pl_clk_0.PL_CLK_0_BUFG/O
    X1Y1 (CLOCK_ROOT)    net (fo=82277, routed)       2.704     2.920    pccx_v002_system_i/u_npu/inst/u_wrap/u_pccx_npu_top/u_systolic_engine/u_compute_core/gemm_row_loop[24].gemm_col_loop[8].normal_row.dsp_unit/clk_core
    SLICE_X40Y116        FDRE                                         r  pccx_v002_system_i/u_npu/inst/u_wrap/u_pccx_npu_top/u_systolic_engine/u_compute_core/gemm_row_loop[24].gemm_col_loop[8].normal_row.dsp_unit/instruction_out_V_reg[2]/C
  -------------------------------------------------------------------    -------------------
    SLICE_X40Y116        FDRE (Prop_EFF2_SLICEM_C_Q)
                                                      0.114     3.034 r  pccx_v002_system_i/u_npu/inst/u_wrap/u_pccx_npu_top/u_systolic_engine/u_compute_core/gemm_row_loop[24].gemm_col_loop[8].normal_row.dsp_unit/instruction_out_V_reg[2]/Q
                         net (fo=2, routed)           0.309     3.344    pccx_v002_system_i/u_npu/inst/u_wrap/u_pccx_npu_top/u_systolic_engine/u_compute_core/gemm_row_loop[25].gemm_col_loop[8].normal_row.dsp_unit/instruction_out_V_reg[2]_1[1]
    SLICE_X42Y127        FDRE                                         r  pccx_v002_system_i/u_npu/inst/u_wrap/u_pccx_npu_top/u_systolic_engine/u_compute_core/gemm_row_loop[25].gemm_col_loop[8].normal_row.dsp_unit/instruction_out_V_reg[2]/D
  -------------------------------------------------------------------    -------------------

                         (clock clk_pl_0 rise edge)
                                                      0.000     0.000 r  
    PS8_X0Y0             PS8                          0.000     0.000 r  pccx_v002_system_i/zynq_ps/inst/PS8_i/PLCLK[0]
                         net (fo=1, routed)           0.229     0.229    pccx_v002_system_i/zynq_ps/inst/pl_clk_unbuffered[0]
    BUFG_PS_X0Y90        BUFG_PS (Prop_BUFG_PS_I_O)
                                                      0.038     0.267 r  pccx_v002_system_i/zynq_ps/inst/buffer_pl_clk_0.PL_CLK_0_BUFG/O
    X1Y1 (CLOCK_ROOT)    net (fo=82277, routed)       3.160     3.427    pccx_v002_system_i/u_npu/inst/u_wrap/u_pccx_npu_top/u_systolic_engine/u_compute_core/gemm_row_loop[25].gemm_col_loop[8].normal_row.dsp_unit/clk_core
    SLICE_X42Y127        FDRE                                         r  pccx_v002_system_i/u_npu/inst/u_wrap/u_pccx_npu_top/u_systolic_engine/u_compute_core/gemm_row_loop[25].gemm_col_loop[8].normal_row.dsp_unit/instruction_out_V_reg[2]/C
                         clock pessimism             -0.194     3.233    
    SLICE_X42Y127        FDRE (Hold_FFF_SLICEL_C_D)
                                                      0.101     3.334    pccx_v002_system_i/u_npu/inst/u_wrap/u_pccx_npu_top/u_systolic_engine/u_compute_core/gemm_row_loop[25].gemm_col_loop[8].normal_row.dsp_unit/instruction_out_V_reg[2]
  -------------------------------------------------------------------
                         required time                         -3.334    
                         arrival time                           3.344    
  -------------------------------------------------------------------
                         slack                                  0.010    

Slack (MET) :             0.010ns  (arrival time - required time)
  Source:                 pccx_v002_system_i/u_npu/inst/u_wrap/u_pccx_npu_top/u_mem_dispatcher/load_s7_word_total_reg[0]/C
                            (rising edge-triggered cell FDRE clocked by clk_pl_0  {rise@0.000ns fall@5.000ns period=10.000ns})
  Destination:            pccx_v002_system_i/u_npu/inst/u_wrap/u_pccx_npu_top/u_mem_dispatcher/npu_uop_reg[end_addr][0]/D
                            (rising edge-triggered cell FDRE clocked by clk_pl_0  {rise@0.000ns fall@5.000ns period=10.000ns})
  Path Group:             clk_pl_0
  Path Type:              Hold (Min at Slow Process Corner)
  Requirement:            0.000ns  (clk_pl_0 rise@0.000ns - clk_pl_0 rise@0.000ns)
  Data Path Delay:        0.321ns  (logic 0.205ns (63.803%)  route 0.116ns (36.197%))
  Logic Levels:           2  (CARRY8=1 LUT2=1)
  Clock Path Skew:        0.209ns (DCD - SCD - CPR)
    Destination Clock Delay (DCD):    3.380ns
    Source Clock Delay      (SCD):    2.922ns
    Clock Pessimism Removal (CPR):    0.248ns
  Clock Net Delay (Source):      2.706ns (routing 1.538ns, distribution 1.168ns)
  Clock Net Delay (Destination): 3.113ns (routing 1.681ns, distribution 1.432ns)

    Location             Delay type                Incr(ns)  Path(ns)    Netlist Resource(s)
  -------------------------------------------------------------------    -------------------
                         (clock clk_pl_0 rise edge)
                                                      0.000     0.000 r  
    PS8_X0Y0             PS8                          0.000     0.000 r  pccx_v002_system_i/zynq_ps/inst/PS8_i/PLCLK[0]
                         net (fo=1, routed)           0.181     0.181    pccx_v002_system_i/zynq_ps/inst/pl_clk_unbuffered[0]
    BUFG_PS_X0Y90        BUFG_PS (Prop_BUFG_PS_I_O)
                                                      0.035     0.216 r  pccx_v002_system_i/zynq_ps/inst/buffer_pl_clk_0.PL_CLK_0_BUFG/O
    X1Y1 (CLOCK_ROOT)    net (fo=82277, routed)       2.706     2.922    pccx_v002_system_i/u_npu/inst/u_wrap/u_pccx_npu_top/u_mem_dispatcher/clk_core
    SLICE_X40Y70         FDRE                                         r  pccx_v002_system_i/u_npu/inst/u_wrap/u_pccx_npu_top/u_mem_dispatcher/load_s7_word_total_reg[0]/C
  -------------------------------------------------------------------    -------------------
    SLICE_X40Y70         FDRE (Prop_AFF_SLICEM_C_Q)
                                                      0.112     3.034 r  pccx_v002_system_i/u_npu/inst/u_wrap/u_pccx_npu_top/u_mem_dispatcher/load_s7_word_total_reg[0]/Q
                         net (fo=2, routed)           0.091     3.125    pccx_v002_system_i/u_npu/inst/u_wrap/u_pccx_npu_top/u_mem_dispatcher/load_s7_word_total[0]
    SLICE_X41Y70         LUT2 (Prop_A6LUT_SLICEM_I1_O)
                                                      0.053     3.178 r  pccx_v002_system_i/u_npu/inst/u_wrap/u_pccx_npu_top/u_mem_dispatcher/npu_uop[end_addr][7]_i_9/O
                         net (fo=1, routed)           0.014     3.192    pccx_v002_system_i/u_npu/inst/u_wrap/u_pccx_npu_top/u_mem_dispatcher/npu_uop[end_addr][7]_i_9_n_0
    SLICE_X41Y70         CARRY8 (Prop_CARRY8_SLICEM_S[0]_O[0])
                                                      0.040     3.232 r  pccx_v002_system_i/u_npu/inst/u_wrap/u_pccx_npu_top/u_mem_dispatcher/npu_uop_reg[end_addr][7]_i_1/O[0]
                         net (fo=2, routed)           0.011     3.243    pccx_v002_system_i/u_npu/inst/u_wrap/u_pccx_npu_top/u_mem_dispatcher/p_1_in[0]
    SLICE_X41Y70         FDRE                                         r  pccx_v002_system_i/u_npu/inst/u_wrap/u_pccx_npu_top/u_mem_dispatcher/npu_uop_reg[end_addr][0]/D
  -------------------------------------------------------------------    -------------------

                         (clock clk_pl_0 rise edge)
                                                      0.000     0.000 r  
    PS8_X0Y0             PS8                          0.000     0.000 r  pccx_v002_system_i/zynq_ps/inst/PS8_i/PLCLK[0]
                         net (fo=1, routed)           0.229     0.229    pccx_v002_system_i/zynq_ps/inst/pl_clk_unbuffered[0]
    BUFG_PS_X0Y90        BUFG_PS (Prop_BUFG_PS_I_O)
                                                      0.038     0.267 r  pccx_v002_system_i/zynq_ps/inst/buffer_pl_clk_0.PL_CLK_0_BUFG/O
    X1Y1 (CLOCK_ROOT)    net (fo=82277, routed)       3.113     3.380    pccx_v002_system_i/u_npu/inst/u_wrap/u_pccx_npu_top/u_mem_dispatcher/clk_core
    SLICE_X41Y70         FDRE                                         r  pccx_v002_system_i/u_npu/inst/u_wrap/u_pccx_npu_top/u_mem_dispatcher/npu_uop_reg[end_addr][0]/C
                         clock pessimism             -0.248     3.131    
    SLICE_X41Y70         FDRE (Hold_AFF2_SLICEM_C_D)
                                                      0.102     3.233    pccx_v002_system_i/u_npu/inst/u_wrap/u_pccx_npu_top/u_mem_dispatcher/npu_uop_reg[end_addr][0]
  -------------------------------------------------------------------
                         required time                         -3.233    
                         arrival time                           3.243    
  -------------------------------------------------------------------
                         slack                                  0.010    

Slack (MET) :             0.010ns  (arrival time - required time)
  Source:                 pccx_v002_system_i/u_npu/inst/u_wrap/u_pccx_npu_top/u_systolic_engine/u_compute_core/gemm_row_loop[7].gemm_col_loop[28].normal_row.dsp_unit/instruction_out_V_reg[2]/C
                            (rising edge-triggered cell FDRE clocked by clk_pl_0  {rise@0.000ns fall@5.000ns period=10.000ns})
  Destination:            pccx_v002_system_i/u_npu/inst/u_wrap/u_pccx_npu_top/u_systolic_engine/u_compute_core/gemm_row_loop[8].gemm_col_loop[28].normal_row.dsp_unit/instruction_out_V_reg[2]/D
                            (rising edge-triggered cell FDRE clocked by clk_pl_0  {rise@0.000ns fall@5.000ns period=10.000ns})
  Path Group:             clk_pl_0
  Path Type:              Hold (Min at Slow Process Corner)
  Requirement:            0.000ns  (clk_pl_0 rise@0.000ns - clk_pl_0 rise@0.000ns)
  Data Path Delay:        0.296ns  (logic 0.114ns (38.546%)  route 0.182ns (61.454%))
  Logic Levels:           0  
  Clock Path Skew:        0.183ns (DCD - SCD - CPR)
    Destination Clock Delay (DCD):    3.538ns
    Source Clock Delay      (SCD):    3.157ns
    Clock Pessimism Removal (CPR):    0.197ns
  Clock Net Delay (Source):      2.941ns (routing 1.538ns, distribution 1.403ns)
  Clock Net Delay (Destination): 3.271ns (routing 1.681ns, distribution 1.590ns)

    Location             Delay type                Incr(ns)  Path(ns)    Netlist Resource(s)
  -------------------------------------------------------------------    -------------------
                         (clock clk_pl_0 rise edge)
                                                      0.000     0.000 r  
    PS8_X0Y0             PS8                          0.000     0.000 r  pccx_v002_system_i/zynq_ps/inst/PS8_i/PLCLK[0]
                         net (fo=1, routed)           0.181     0.181    pccx_v002_system_i/zynq_ps/inst/pl_clk_unbuffered[0]
    BUFG_PS_X0Y90        BUFG_PS (Prop_BUFG_PS_I_O)
                                                      0.035     0.216 r  pccx_v002_system_i/zynq_ps/inst/buffer_pl_clk_0.PL_CLK_0_BUFG/O
    X1Y1 (CLOCK_ROOT)    net (fo=82277, routed)       2.941     3.157    pccx_v002_system_i/u_npu/inst/u_wrap/u_pccx_npu_top/u_systolic_engine/u_compute_core/gemm_row_loop[7].gemm_col_loop[28].normal_row.dsp_unit/clk_core
    SLICE_X8Y58          FDRE                                         r  pccx_v002_system_i/u_npu/inst/u_wrap/u_pccx_npu_top/u_systolic_engine/u_compute_core/gemm_row_loop[7].gemm_col_loop[28].normal_row.dsp_unit/instruction_out_V_reg[2]/C
  -------------------------------------------------------------------    -------------------
    SLICE_X8Y58          FDRE (Prop_GFF2_SLICEM_C_Q)
                                                      0.114     3.271 r  pccx_v002_system_i/u_npu/inst/u_wrap/u_pccx_npu_top/u_systolic_engine/u_compute_core/gemm_row_loop[7].gemm_col_loop[28].normal_row.dsp_unit/instruction_out_V_reg[2]/Q
                         net (fo=2, routed)           0.182     3.453    pccx_v002_system_i/u_npu/inst/u_wrap/u_pccx_npu_top/u_systolic_engine/u_compute_core/gemm_row_loop[8].gemm_col_loop[28].normal_row.dsp_unit/instruction_out_V_reg[2]_1[1]
    SLICE_X8Y61          FDRE                                         r  pccx_v002_system_i/u_npu/inst/u_wrap/u_pccx_npu_top/u_systolic_engine/u_compute_core/gemm_row_loop[8].gemm_col_loop[28].normal_row.dsp_unit/instruction_out_V_reg[2]/D
  -------------------------------------------------------------------    -------------------

                         (clock clk_pl_0 rise edge)
                                                      0.000     0.000 r  
    PS8_X0Y0             PS8                          0.000     0.000 r  pccx_v002_system_i/zynq_ps/inst/PS8_i/PLCLK[0]
                         net (fo=1, routed)           0.229     0.229    pccx_v002_system_i/zynq_ps/inst/pl_clk_unbuffered[0]
    BUFG_PS_X0Y90        BUFG_PS (Prop_BUFG_PS_I_O)
                                                      0.038     0.267 r  pccx_v002_system_i/zynq_ps/inst/buffer_pl_clk_0.PL_CLK_0_BUFG/O
    X1Y1 (CLOCK_ROOT)    net (fo=82277, routed)       3.271     3.538    pccx_v002_system_i/u_npu/inst/u_wrap/u_pccx_npu_top/u_systolic_engine/u_compute_core/gemm_row_loop[8].gemm_col_loop[28].normal_row.dsp_unit/clk_core
    SLICE_X8Y61          FDRE                                         r  pccx_v002_system_i/u_npu/inst/u_wrap/u_pccx_npu_top/u_systolic_engine/u_compute_core/gemm_row_loop[8].gemm_col_loop[28].normal_row.dsp_unit/instruction_out_V_reg[2]/C
                         clock pessimism             -0.197     3.341    
    SLICE_X8Y61          FDRE (Hold_FFF2_SLICEM_C_D)
                                                      0.102     3.443    pccx_v002_system_i/u_npu/inst/u_wrap/u_pccx_npu_top/u_systolic_engine/u_compute_core/gemm_row_loop[8].gemm_col_loop[28].normal_row.dsp_unit/instruction_out_V_reg[2]
  -------------------------------------------------------------------
                         required time                         -3.443    
                         arrival time                           3.453    
  -------------------------------------------------------------------
                         slack                                  0.010    

Slack (MET) :             0.010ns  (arrival time - required time)
  Source:                 pccx_v002_system_i/sc_hp0_stage0/inst/s02_entry_pipeline/s02_transaction_regulator/inst/gen_endpoint.gen_w_singleorder.w_singleorder/gen_cmd_reg.cmd_reg/m_vector_i_reg[1085]/C
                            (rising edge-triggered cell FDRE clocked by clk_pl_0  {rise@0.000ns fall@5.000ns period=10.000ns})
  Destination:            pccx_v002_system_i/sc_hp0_stage0/inst/s02_entry_pipeline/s02_si_converter/inst/converter.low_area_converter.low_area_wrap_inst/orig_awaddr_reg[24]/D
                            (rising edge-triggered cell FDRE clocked by clk_pl_0  {rise@0.000ns fall@5.000ns period=10.000ns})
  Path Group:             clk_pl_0
  Path Type:              Hold (Min at Slow Process Corner)
  Requirement:            0.000ns  (clk_pl_0 rise@0.000ns - clk_pl_0 rise@0.000ns)
  Data Path Delay:        0.226ns  (logic 0.114ns (50.443%)  route 0.112ns (49.558%))
  Logic Levels:           0  
  Clock Path Skew:        0.115ns (DCD - SCD - CPR)
    Destination Clock Delay (DCD):    3.519ns
    Source Clock Delay      (SCD):    3.159ns
    Clock Pessimism Removal (CPR):    0.245ns
  Clock Net Delay (Source):      2.943ns (routing 1.538ns, distribution 1.405ns)
  Clock Net Delay (Destination): 3.252ns (routing 1.681ns, distribution 1.571ns)

    Location             Delay type                Incr(ns)  Path(ns)    Netlist Resource(s)
  -------------------------------------------------------------------    -------------------
                         (clock clk_pl_0 rise edge)
                                                      0.000     0.000 r  
    PS8_X0Y0             PS8                          0.000     0.000 r  pccx_v002_system_i/zynq_ps/inst/PS8_i/PLCLK[0]
                         net (fo=1, routed)           0.181     0.181    pccx_v002_system_i/zynq_ps/inst/pl_clk_unbuffered[0]
    BUFG_PS_X0Y90        BUFG_PS (Prop_BUFG_PS_I_O)
                                                      0.035     0.216 r  pccx_v002_system_i/zynq_ps/inst/buffer_pl_clk_0.PL_CLK_0_BUFG/O
    X1Y1 (CLOCK_ROOT)    net (fo=82277, routed)       2.943     3.159    pccx_v002_system_i/sc_hp0_stage0/inst/s02_entry_pipeline/s02_transaction_regulator/inst/gen_endpoint.gen_w_singleorder.w_singleorder/gen_cmd_reg.cmd_reg/aclk
    SLICE_X10Y17         FDRE                                         r  pccx_v002_system_i/sc_hp0_stage0/inst/s02_entry_pipeline/s02_transaction_regulator/inst/gen_endpoint.gen_w_singleorder.w_singleorder/gen_cmd_reg.cmd_reg/m_vector_i_reg[1085]/C
  -------------------------------------------------------------------    -------------------
    SLICE_X10Y17         FDRE (Prop_BFF2_SLICEM_C_Q)
                                                      0.114     3.273 r  pccx_v002_system_i/sc_hp0_stage0/inst/s02_entry_pipeline/s02_transaction_regulator/inst/gen_endpoint.gen_w_singleorder.w_singleorder/gen_cmd_reg.cmd_reg/m_vector_i_reg[1085]/Q
                         net (fo=1, routed)           0.112     3.385    pccx_v002_system_i/sc_hp0_stage0/inst/s02_entry_pipeline/s02_si_converter/inst/converter.low_area_converter.low_area_wrap_inst/s_axi_awaddr[24]
    SLICE_X9Y17          FDRE                                         r  pccx_v002_system_i/sc_hp0_stage0/inst/s02_entry_pipeline/s02_si_converter/inst/converter.low_area_converter.low_area_wrap_inst/orig_awaddr_reg[24]/D
  -------------------------------------------------------------------    -------------------

                         (clock clk_pl_0 rise edge)
                                                      0.000     0.000 r  
    PS8_X0Y0             PS8                          0.000     0.000 r  pccx_v002_system_i/zynq_ps/inst/PS8_i/PLCLK[0]
                         net (fo=1, routed)           0.229     0.229    pccx_v002_system_i/zynq_ps/inst/pl_clk_unbuffered[0]
    BUFG_PS_X0Y90        BUFG_PS (Prop_BUFG_PS_I_O)
                                                      0.038     0.267 r  pccx_v002_system_i/zynq_ps/inst/buffer_pl_clk_0.PL_CLK_0_BUFG/O
    X1Y1 (CLOCK_ROOT)    net (fo=82277, routed)       3.252     3.519    pccx_v002_system_i/sc_hp0_stage0/inst/s02_entry_pipeline/s02_si_converter/inst/converter.low_area_converter.low_area_wrap_inst/aclk
    SLICE_X9Y17          FDRE                                         r  pccx_v002_system_i/sc_hp0_stage0/inst/s02_entry_pipeline/s02_si_converter/inst/converter.low_area_converter.low_area_wrap_inst/orig_awaddr_reg[24]/C
                         clock pessimism             -0.245     3.274    
    SLICE_X9Y17          FDRE (Hold_FFF_SLICEL_C_D)
                                                      0.101     3.375    pccx_v002_system_i/sc_hp0_stage0/inst/s02_entry_pipeline/s02_si_converter/inst/converter.low_area_converter.low_area_wrap_inst/orig_awaddr_reg[24]
  -------------------------------------------------------------------
                         required time                         -3.375    
                         arrival time                           3.385    
  -------------------------------------------------------------------
                         slack                                  0.010    

Slack (MET) :             0.010ns  (arrival time - required time)
  Source:                 pccx_v002_system_i/u_npu/inst/u_wrap/u_pccx_npu_top/u_mem_dispatcher/u_l2_cache/u_acp_cdc/rx_core_hold_tdata_reg[108]/C
                            (rising edge-triggered cell FDRE clocked by clk_pl_0  {rise@0.000ns fall@5.000ns period=10.000ns})
  Destination:            pccx_v002_system_i/u_npu/inst/u_wrap/u_pccx_npu_top/u_mem_dispatcher/u_l2_cache/u_l2_uram/u_l2_uram/xpm_memory_base_inst/gen_wr_a.gen_word_narrow.mem_reg_uram_46/DIN_A[36]
                            (rising edge-triggered cell URAM288 clocked by clk_pl_0  {rise@0.000ns fall@5.000ns period=10.000ns})
  Path Group:             clk_pl_0
  Path Type:              Hold (Min at Slow Process Corner)
  Requirement:            0.000ns  (clk_pl_0 rise@0.000ns - clk_pl_0 rise@0.000ns)
  Data Path Delay:        0.216ns  (logic 0.114ns (52.712%)  route 0.102ns (47.288%))
  Logic Levels:           0  
  Clock Path Skew:        0.272ns (DCD - SCD - CPR)
    Destination Clock Delay (DCD):    3.479ns
    Source Clock Delay      (SCD):    3.013ns
    Clock Pessimism Removal (CPR):    0.194ns
  Clock Net Delay (Source):      2.797ns (routing 1.538ns, distribution 1.259ns)
  Clock Net Delay (Destination): 3.212ns (routing 1.681ns, distribution 1.531ns)

    Location             Delay type                Incr(ns)  Path(ns)    Netlist Resource(s)
  -------------------------------------------------------------------    -------------------
                         (clock clk_pl_0 rise edge)
                                                      0.000     0.000 r  
    PS8_X0Y0             PS8                          0.000     0.000 r  pccx_v002_system_i/zynq_ps/inst/PS8_i/PLCLK[0]
                         net (fo=1, routed)           0.181     0.181    pccx_v002_system_i/zynq_ps/inst/pl_clk_unbuffered[0]
    BUFG_PS_X0Y90        BUFG_PS (Prop_BUFG_PS_I_O)
                                                      0.035     0.216 r  pccx_v002_system_i/zynq_ps/inst/buffer_pl_clk_0.PL_CLK_0_BUFG/O
    X1Y1 (CLOCK_ROOT)    net (fo=82277, routed)       2.797     3.013    pccx_v002_system_i/u_npu/inst/u_wrap/u_pccx_npu_top/u_mem_dispatcher/u_l2_cache/u_acp_cdc/clk_core
    SLICE_X42Y119        FDRE                                         r  pccx_v002_system_i/u_npu/inst/u_wrap/u_pccx_npu_top/u_mem_dispatcher/u_l2_cache/u_acp_cdc/rx_core_hold_tdata_reg[108]/C
  -------------------------------------------------------------------    -------------------
    SLICE_X42Y119        FDRE (Prop_EFF2_SLICEL_C_Q)
                                                      0.114     3.127 r  pccx_v002_system_i/u_npu/inst/u_wrap/u_pccx_npu_top/u_mem_dispatcher/u_l2_cache/u_acp_cdc/rx_core_hold_tdata_reg[108]/Q
                         net (fo=14, routed)          0.102     3.229    pccx_v002_system_i/u_npu/inst/u_wrap/u_pccx_npu_top/u_mem_dispatcher/u_l2_cache/u_l2_uram/u_l2_uram/xpm_memory_base_inst/dina[108]
    URAM288_X0Y32        URAM288                                      r  pccx_v002_system_i/u_npu/inst/u_wrap/u_pccx_npu_top/u_mem_dispatcher/u_l2_cache/u_l2_uram/u_l2_uram/xpm_memory_base_inst/gen_wr_a.gen_word_narrow.mem_reg_uram_46/DIN_A[36]
  -------------------------------------------------------------------    -------------------

                         (clock clk_pl_0 rise edge)
                                                      0.000     0.000 r  
    PS8_X0Y0             PS8                          0.000     0.000 r  pccx_v002_system_i/zynq_ps/inst/PS8_i/PLCLK[0]
                         net (fo=1, routed)           0.229     0.229    pccx_v002_system_i/zynq_ps/inst/pl_clk_unbuffered[0]
    BUFG_PS_X0Y90        BUFG_PS (Prop_BUFG_PS_I_O)
                                                      0.038     0.267 r  pccx_v002_system_i/zynq_ps/inst/buffer_pl_clk_0.PL_CLK_0_BUFG/O
    X1Y1 (CLOCK_ROOT)    net (fo=82277, routed)       3.212     3.479    pccx_v002_system_i/u_npu/inst/u_wrap/u_pccx_npu_top/u_mem_dispatcher/u_l2_cache/u_l2_uram/u_l2_uram/xpm_memory_base_inst/clka
    URAM288_X0Y32        URAM288                                      r  pccx_v002_system_i/u_npu/inst/u_wrap/u_pccx_npu_top/u_mem_dispatcher/u_l2_cache/u_l2_uram/u_l2_uram/xpm_memory_base_inst/gen_wr_a.gen_word_narrow.mem_reg_uram_46/CLK
                         clock pessimism             -0.194     3.285    
    URAM288_X0Y32        URAM288 (Hold_URAM_288K_INST_URAM288_CLK_DIN_A[36])
                                                     -0.066     3.219    pccx_v002_system_i/u_npu/inst/u_wrap/u_pccx_npu_top/u_mem_dispatcher/u_l2_cache/u_l2_uram/u_l2_uram/xpm_memory_base_inst/gen_wr_a.gen_word_narrow.mem_reg_uram_46
  -------------------------------------------------------------------
                         required time                         -3.219    
                         arrival time                           3.229    
  -------------------------------------------------------------------
                         slack                                  0.010    

Slack (MET) :             0.011ns  (arrival time - required time)
  Source:                 pccx_v002_system_i/u_npu/inst/u_wrap/u_pccx_npu_top/u_systolic_engine/u_weight_unpacker/weight_lower_reg[29][2]/C
                            (rising edge-triggered cell FDRE clocked by clk_pl_0  {rise@0.000ns fall@5.000ns period=10.000ns})
  Destination:            pccx_v002_system_i/u_npu/inst/u_wrap/u_pccx_npu_top/u_systolic_engine/u_compute_core/gemm_row_loop[29].gemm_col_loop[0].normal_row.dsp_unit/w_lower_reg_reg[2]/D
                            (rising edge-triggered cell FDRE clocked by clk_pl_0  {rise@0.000ns fall@5.000ns period=10.000ns})
  Path Group:             clk_pl_0
  Path Type:              Hold (Min at Slow Process Corner)
  Requirement:            0.000ns  (clk_pl_0 rise@0.000ns - clk_pl_0 rise@0.000ns)
  Data Path Delay:        0.220ns  (logic 0.115ns (52.273%)  route 0.105ns (47.727%))
  Logic Levels:           0  
  Clock Path Skew:        0.108ns (DCD - SCD - CPR)
    Destination Clock Delay (DCD):    3.513ns
    Source Clock Delay      (SCD):    3.158ns
    Clock Pessimism Removal (CPR):    0.246ns
  Clock Net Delay (Source):      2.942ns (routing 1.538ns, distribution 1.404ns)
  Clock Net Delay (Destination): 3.246ns (routing 1.681ns, distribution 1.565ns)

    Location             Delay type                Incr(ns)  Path(ns)    Netlist Resource(s)
  -------------------------------------------------------------------    -------------------
                         (clock clk_pl_0 rise edge)
                                                      0.000     0.000 r  
    PS8_X0Y0             PS8                          0.000     0.000 r  pccx_v002_system_i/zynq_ps/inst/PS8_i/PLCLK[0]
                         net (fo=1, routed)           0.181     0.181    pccx_v002_system_i/zynq_ps/inst/pl_clk_unbuffered[0]
    BUFG_PS_X0Y90        BUFG_PS (Prop_BUFG_PS_I_O)
                                                      0.035     0.216 r  pccx_v002_system_i/zynq_ps/inst/buffer_pl_clk_0.PL_CLK_0_BUFG/O
    X1Y1 (CLOCK_ROOT)    net (fo=82277, routed)       2.942     3.158    pccx_v002_system_i/u_npu/inst/u_wrap/u_pccx_npu_top/u_systolic_engine/u_weight_unpacker/clk_core
    SLICE_X57Y186        FDRE                                         r  pccx_v002_system_i/u_npu/inst/u_wrap/u_pccx_npu_top/u_systolic_engine/u_weight_unpacker/weight_lower_reg[29][2]/C
  -------------------------------------------------------------------    -------------------
    SLICE_X57Y186        FDRE (Prop_DFF2_SLICEL_C_Q)
                                                      0.115     3.273 r  pccx_v002_system_i/u_npu/inst/u_wrap/u_pccx_npu_top/u_systolic_engine/u_weight_unpacker/weight_lower_reg[29][2]/Q
                         net (fo=1, routed)           0.105     3.378    pccx_v002_system_i/u_npu/inst/u_wrap/u_pccx_npu_top/u_systolic_engine/u_compute_core/gemm_row_loop[29].gemm_col_loop[0].normal_row.dsp_unit/w_lower_reg_reg[3]_1[2]
    SLICE_X55Y186        FDRE                                         r  pccx_v002_system_i/u_npu/inst/u_wrap/u_pccx_npu_top/u_systolic_engine/u_compute_core/gemm_row_loop[29].gemm_col_loop[0].normal_row.dsp_unit/w_lower_reg_reg[2]/D
  -------------------------------------------------------------------    -------------------

                         (clock clk_pl_0 rise edge)
                                                      0.000     0.000 r  
    PS8_X0Y0             PS8                          0.000     0.000 r  pccx_v002_system_i/zynq_ps/inst/PS8_i/PLCLK[0]
                         net (fo=1, routed)           0.229     0.229    pccx_v002_system_i/zynq_ps/inst/pl_clk_unbuffered[0]
    BUFG_PS_X0Y90        BUFG_PS (Prop_BUFG_PS_I_O)
                                                      0.038     0.267 r  pccx_v002_system_i/zynq_ps/inst/buffer_pl_clk_0.PL_CLK_0_BUFG/O
    X1Y1 (CLOCK_ROOT)    net (fo=82277, routed)       3.246     3.513    pccx_v002_system_i/u_npu/inst/u_wrap/u_pccx_npu_top/u_systolic_engine/u_compute_core/gemm_row_loop[29].gemm_col_loop[0].normal_row.dsp_unit/clk_core
    SLICE_X55Y186        FDRE                                         r  pccx_v002_system_i/u_npu/inst/u_wrap/u_pccx_npu_top/u_systolic_engine/u_compute_core/gemm_row_loop[29].gemm_col_loop[0].normal_row.dsp_unit/w_lower_reg_reg[2]/C
                         clock pessimism             -0.246     3.267    
    SLICE_X55Y186        FDRE (Hold_HFF_SLICEL_C_D)
                                                      0.101     3.368    pccx_v002_system_i/u_npu/inst/u_wrap/u_pccx_npu_top/u_systolic_engine/u_compute_core/gemm_row_loop[29].gemm_col_loop[0].normal_row.dsp_unit/w_lower_reg_reg[2]
  -------------------------------------------------------------------
                         required time                         -3.368    
                         arrival time                           3.378    
  -------------------------------------------------------------------
                         slack                                  0.011    

Slack (MET) :             0.011ns  (arrival time - required time)
  Source:                 pccx_v002_system_i/u_npu/inst/u_wrap/u_pccx_npu_top/u_systolic_engine/u_compute_core/v_delay_row[8].v_delay_col[24].gemm_in_V_fabric_reg[9][24][7]/C
                            (rising edge-triggered cell FDRE clocked by clk_pl_0  {rise@0.000ns fall@5.000ns period=10.000ns})
  Destination:            pccx_v002_system_i/u_npu/inst/u_wrap/u_pccx_npu_top/u_systolic_engine/u_compute_core/v_delay_row[9].v_delay_col[24].gemm_in_V_fabric_reg[10][24][7]/D
                            (rising edge-triggered cell FDRE clocked by clk_pl_0  {rise@0.000ns fall@5.000ns period=10.000ns})
  Path Group:             clk_pl_0
  Path Type:              Hold (Min at Slow Process Corner)
  Requirement:            0.000ns  (clk_pl_0 rise@0.000ns - clk_pl_0 rise@0.000ns)
  Data Path Delay:        0.246ns  (logic 0.115ns (46.748%)  route 0.131ns (53.252%))
  Logic Levels:           0  
  Clock Path Skew:        0.134ns (DCD - SCD - CPR)
    Destination Clock Delay (DCD):    3.565ns
    Source Clock Delay      (SCD):    3.181ns
    Clock Pessimism Removal (CPR):    0.249ns
  Clock Net Delay (Source):      2.965ns (routing 1.538ns, distribution 1.427ns)
  Clock Net Delay (Destination): 3.298ns (routing 1.681ns, distribution 1.617ns)

    Location             Delay type                Incr(ns)  Path(ns)    Netlist Resource(s)
  -------------------------------------------------------------------    -------------------
                         (clock clk_pl_0 rise edge)
                                                      0.000     0.000 r  
    PS8_X0Y0             PS8                          0.000     0.000 r  pccx_v002_system_i/zynq_ps/inst/PS8_i/PLCLK[0]
                         net (fo=1, routed)           0.181     0.181    pccx_v002_system_i/zynq_ps/inst/pl_clk_unbuffered[0]
    BUFG_PS_X0Y90        BUFG_PS (Prop_BUFG_PS_I_O)
                                                      0.035     0.216 r  pccx_v002_system_i/zynq_ps/inst/buffer_pl_clk_0.PL_CLK_0_BUFG/O
    X1Y1 (CLOCK_ROOT)    net (fo=82277, routed)       2.965     3.181    pccx_v002_system_i/u_npu/inst/u_wrap/u_pccx_npu_top/u_systolic_engine/u_compute_core/clk_core
    SLICE_X10Y210        FDRE                                         r  pccx_v002_system_i/u_npu/inst/u_wrap/u_pccx_npu_top/u_systolic_engine/u_compute_core/v_delay_row[8].v_delay_col[24].gemm_in_V_fabric_reg[9][24][7]/C
  -------------------------------------------------------------------    -------------------
    SLICE_X10Y210        FDRE (Prop_FFF2_SLICEM_C_Q)
                                                      0.115     3.296 r  pccx_v002_system_i/u_npu/inst/u_wrap/u_pccx_npu_top/u_systolic_engine/u_compute_core/v_delay_row[8].v_delay_col[24].gemm_in_V_fabric_reg[9][24][7]/Q
                         net (fo=1, routed)           0.131     3.427    pccx_v002_system_i/u_npu/inst/u_wrap/u_pccx_npu_top/u_systolic_engine/u_compute_core/v_delay_row[8].v_delay_col[24].gemm_in_V_fabric_reg[9][24]_2313[7]
    SLICE_X8Y210         FDRE                                         r  pccx_v002_system_i/u_npu/inst/u_wrap/u_pccx_npu_top/u_systolic_engine/u_compute_core/v_delay_row[9].v_delay_col[24].gemm_in_V_fabric_reg[10][24][7]/D
  -------------------------------------------------------------------    -------------------

                         (clock clk_pl_0 rise edge)
                                                      0.000     0.000 r  
    PS8_X0Y0             PS8                          0.000     0.000 r  pccx_v002_system_i/zynq_ps/inst/PS8_i/PLCLK[0]
                         net (fo=1, routed)           0.229     0.229    pccx_v002_system_i/zynq_ps/inst/pl_clk_unbuffered[0]
    BUFG_PS_X0Y90        BUFG_PS (Prop_BUFG_PS_I_O)
                                                      0.038     0.267 r  pccx_v002_system_i/zynq_ps/inst/buffer_pl_clk_0.PL_CLK_0_BUFG/O
    X1Y1 (CLOCK_ROOT)    net (fo=82277, routed)       3.298     3.565    pccx_v002_system_i/u_npu/inst/u_wrap/u_pccx_npu_top/u_systolic_engine/u_compute_core/clk_core
    SLICE_X8Y210         FDRE                                         r  pccx_v002_system_i/u_npu/inst/u_wrap/u_pccx_npu_top/u_systolic_engine/u_compute_core/v_delay_row[9].v_delay_col[24].gemm_in_V_fabric_reg[10][24][7]/C
                         clock pessimism             -0.249     3.315    
    SLICE_X8Y210         FDRE (Hold_BFF_SLICEM_C_D)
                                                      0.101     3.416    pccx_v002_system_i/u_npu/inst/u_wrap/u_pccx_npu_top/u_systolic_engine/u_compute_core/v_delay_row[9].v_delay_col[24].gemm_in_V_fabric_reg[10][24][7]
  -------------------------------------------------------------------
                         required time                         -3.416    
                         arrival time                           3.427    
  -------------------------------------------------------------------
                         slack                                  0.011    

Slack (MET) :             0.011ns  (arrival time - required time)
  Source:                 pccx_v002_system_i/u_npu/inst/u_wrap/u_pccx_npu_top/gen_norm[12].u_norm_seq/data_out_reg[11]/C
                            (rising edge-triggered cell FDRE clocked by clk_pl_0  {rise@0.000ns fall@5.000ns period=10.000ns})
  Destination:            pccx_v002_system_i/u_npu/inst/u_wrap/u_pccx_npu_top/u_packer/capture_reg_reg[12][11]/D
                            (rising edge-triggered cell FDRE clocked by clk_pl_0  {rise@0.000ns fall@5.000ns period=10.000ns})
  Path Group:             clk_pl_0
  Path Type:              Hold (Min at Slow Process Corner)
  Requirement:            0.000ns  (clk_pl_0 rise@0.000ns - clk_pl_0 rise@0.000ns)
  Data Path Delay:        0.378ns  (logic 0.112ns (29.614%)  route 0.266ns (70.386%))
  Logic Levels:           0  
  Clock Path Skew:        0.264ns (DCD - SCD - CPR)
    Destination Clock Delay (DCD):    3.434ns
    Source Clock Delay      (SCD):    2.968ns
    Clock Pessimism Removal (CPR):    0.201ns
  Clock Net Delay (Source):      2.752ns (routing 1.538ns, distribution 1.214ns)
  Clock Net Delay (Destination): 3.167ns (routing 1.681ns, distribution 1.486ns)

    Location             Delay type                Incr(ns)  Path(ns)    Netlist Resource(s)
  -------------------------------------------------------------------    -------------------
                         (clock clk_pl_0 rise edge)
                                                      0.000     0.000 r  
    PS8_X0Y0             PS8                          0.000     0.000 r  pccx_v002_system_i/zynq_ps/inst/PS8_i/PLCLK[0]
                         net (fo=1, routed)           0.181     0.181    pccx_v002_system_i/zynq_ps/inst/pl_clk_unbuffered[0]
    BUFG_PS_X0Y90        BUFG_PS (Prop_BUFG_PS_I_O)
                                                      0.035     0.216 r  pccx_v002_system_i/zynq_ps/inst/buffer_pl_clk_0.PL_CLK_0_BUFG/O
    X1Y1 (CLOCK_ROOT)    net (fo=82277, routed)       2.752     2.968    pccx_v002_system_i/u_npu/inst/u_wrap/u_pccx_npu_top/gen_norm[12].u_norm_seq/clk_core
    SLICE_X36Y177        FDRE                                         r  pccx_v002_system_i/u_npu/inst/u_wrap/u_pccx_npu_top/gen_norm[12].u_norm_seq/data_out_reg[11]/C
  -------------------------------------------------------------------    -------------------
    SLICE_X36Y177        FDRE (Prop_EFF_SLICEL_C_Q)
                                                      0.112     3.080 r  pccx_v002_system_i/u_npu/inst/u_wrap/u_pccx_npu_top/gen_norm[12].u_norm_seq/data_out_reg[11]/Q
                         net (fo=2, routed)           0.266     3.346    pccx_v002_system_i/u_npu/inst/u_wrap/u_pccx_npu_top/u_packer/capture_reg_reg[12][15]_0[11]
    SLICE_X42Y181        FDRE                                         r  pccx_v002_system_i/u_npu/inst/u_wrap/u_pccx_npu_top/u_packer/capture_reg_reg[12][11]/D
  -------------------------------------------------------------------    -------------------

                         (clock clk_pl_0 rise edge)
                                                      0.000     0.000 r  
    PS8_X0Y0             PS8                          0.000     0.000 r  pccx_v002_system_i/zynq_ps/inst/PS8_i/PLCLK[0]
                         net (fo=1, routed)           0.229     0.229    pccx_v002_system_i/zynq_ps/inst/pl_clk_unbuffered[0]
    BUFG_PS_X0Y90        BUFG_PS (Prop_BUFG_PS_I_O)
                                                      0.038     0.267 r  pccx_v002_system_i/zynq_ps/inst/buffer_pl_clk_0.PL_CLK_0_BUFG/O
    X1Y1 (CLOCK_ROOT)    net (fo=82277, routed)       3.167     3.434    pccx_v002_system_i/u_npu/inst/u_wrap/u_pccx_npu_top/u_packer/clk_core
    SLICE_X42Y181        FDRE                                         r  pccx_v002_system_i/u_npu/inst/u_wrap/u_pccx_npu_top/u_packer/capture_reg_reg[12][11]/C
                         clock pessimism             -0.201     3.233    
    SLICE_X42Y181        FDRE (Hold_GFF2_SLICEL_C_D)
                                                      0.103     3.336    pccx_v002_system_i/u_npu/inst/u_wrap/u_pccx_npu_top/u_packer/capture_reg_reg[12][11]
  -------------------------------------------------------------------
                         required time                         -3.336    
                         arrival time                           3.346    
  -------------------------------------------------------------------
                         slack                                  0.011    

Slack (MET) :             0.011ns  (arrival time - required time)
  Source:                 pccx_v002_system_i/u_npu/inst/u_wrap/u_pccx_npu_top/u_systolic_engine/u_compute_core/gemm_row_loop[27].gemm_col_loop[22].normal_row.dsp_unit/inst_valid_out_V_reg/C
                            (rising edge-triggered cell FDRE clocked by clk_pl_0  {rise@0.000ns fall@5.000ns period=10.000ns})
  Destination:            pccx_v002_system_i/u_npu/inst/u_wrap/u_pccx_npu_top/u_systolic_engine/u_compute_core/gemm_row_loop[28].gemm_col_loop[22].normal_row.dsp_unit/inst_valid_out_V_reg/D
                            (rising edge-triggered cell FDRE clocked by clk_pl_0  {rise@0.000ns fall@5.000ns period=10.000ns})
  Path Group:             clk_pl_0
  Path Type:              Hold (Min at Slow Process Corner)
  Requirement:            0.000ns  (clk_pl_0 rise@0.000ns - clk_pl_0 rise@0.000ns)
  Data Path Delay:        0.210ns  (logic 0.112ns (53.434%)  route 0.098ns (46.566%))
  Logic Levels:           0  
  Clock Path Skew:        0.096ns (DCD - SCD - CPR)
    Destination Clock Delay (DCD):    3.331ns
    Source Clock Delay      (SCD):    2.992ns
    Clock Pessimism Removal (CPR):    0.243ns
  Clock Net Delay (Source):      2.776ns (routing 1.538ns, distribution 1.238ns)
  Clock Net Delay (Destination): 3.064ns (routing 1.681ns, distribution 1.383ns)

    Location             Delay type                Incr(ns)  Path(ns)    Netlist Resource(s)
  -------------------------------------------------------------------    -------------------
                         (clock clk_pl_0 rise edge)
                                                      0.000     0.000 r  
    PS8_X0Y0             PS8                          0.000     0.000 r  pccx_v002_system_i/zynq_ps/inst/PS8_i/PLCLK[0]
                         net (fo=1, routed)           0.181     0.181    pccx_v002_system_i/zynq_ps/inst/pl_clk_unbuffered[0]
    BUFG_PS_X0Y90        BUFG_PS (Prop_BUFG_PS_I_O)
                                                      0.035     0.216 r  pccx_v002_system_i/zynq_ps/inst/buffer_pl_clk_0.PL_CLK_0_BUFG/O
    X1Y1 (CLOCK_ROOT)    net (fo=82277, routed)       2.776     2.992    pccx_v002_system_i/u_npu/inst/u_wrap/u_pccx_npu_top/u_systolic_engine/u_compute_core/gemm_row_loop[27].gemm_col_loop[22].normal_row.dsp_unit/clk_core
    SLICE_X24Y215        FDRE                                         r  pccx_v002_system_i/u_npu/inst/u_wrap/u_pccx_npu_top/u_systolic_engine/u_compute_core/gemm_row_loop[27].gemm_col_loop[22].normal_row.dsp_unit/inst_valid_out_V_reg/C
  -------------------------------------------------------------------    -------------------
    SLICE_X24Y215        FDRE (Prop_HFF_SLICEM_C_Q)
                                                      0.112     3.104 r  pccx_v002_system_i/u_npu/inst/u_wrap/u_pccx_npu_top/u_systolic_engine/u_compute_core/gemm_row_loop[27].gemm_col_loop[22].normal_row.dsp_unit/inst_valid_out_V_reg/Q
                         net (fo=3, routed)           0.098     3.202    pccx_v002_system_i/u_npu/inst/u_wrap/u_pccx_npu_top/u_systolic_engine/u_compute_core/gemm_row_loop[28].gemm_col_loop[22].normal_row.dsp_unit/gemm_inst_valid_wire[28][22]_1027
    SLICE_X23Y215        FDRE                                         r  pccx_v002_system_i/u_npu/inst/u_wrap/u_pccx_npu_top/u_systolic_engine/u_compute_core/gemm_row_loop[28].gemm_col_loop[22].normal_row.dsp_unit/inst_valid_out_V_reg/D
  -------------------------------------------------------------------    -------------------

                         (clock clk_pl_0 rise edge)
                                                      0.000     0.000 r  
    PS8_X0Y0             PS8                          0.000     0.000 r  pccx_v002_system_i/zynq_ps/inst/PS8_i/PLCLK[0]
                         net (fo=1, routed)           0.229     0.229    pccx_v002_system_i/zynq_ps/inst/pl_clk_unbuffered[0]
    BUFG_PS_X0Y90        BUFG_PS (Prop_BUFG_PS_I_O)
                                                      0.038     0.267 r  pccx_v002_system_i/zynq_ps/inst/buffer_pl_clk_0.PL_CLK_0_BUFG/O
    X1Y1 (CLOCK_ROOT)    net (fo=82277, routed)       3.064     3.331    pccx_v002_system_i/u_npu/inst/u_wrap/u_pccx_npu_top/u_systolic_engine/u_compute_core/gemm_row_loop[28].gemm_col_loop[22].normal_row.dsp_unit/clk_core
    SLICE_X23Y215        FDRE                                         r  pccx_v002_system_i/u_npu/inst/u_wrap/u_pccx_npu_top/u_systolic_engine/u_compute_core/gemm_row_loop[28].gemm_col_loop[22].normal_row.dsp_unit/inst_valid_out_V_reg/C
                         clock pessimism             -0.243     3.088    
    SLICE_X23Y215        FDRE (Hold_FFF2_SLICEL_C_D)
                                                      0.103     3.191    pccx_v002_system_i/u_npu/inst/u_wrap/u_pccx_npu_top/u_systolic_engine/u_compute_core/gemm_row_loop[28].gemm_col_loop[22].normal_row.dsp_unit/inst_valid_out_V_reg
  -------------------------------------------------------------------
                         required time                         -3.191    
                         arrival time                           3.202    
  -------------------------------------------------------------------
                         slack                                  0.011    

Slack (MET) :             0.011ns  (arrival time - required time)
  Source:                 pccx_v002_system_i/u_npu/inst/u_wrap/u_pccx_npu_top/u_systolic_engine/u_compute_core/gemm_row_loop[5].gemm_col_loop[13].normal_row.dsp_unit/w_lower_reg_reg[1]/C
                            (rising edge-triggered cell FDRE clocked by clk_pl_0  {rise@0.000ns fall@5.000ns period=10.000ns})
  Destination:            pccx_v002_system_i/u_npu/inst/u_wrap/u_pccx_npu_top/u_systolic_engine/u_compute_core/gemm_row_loop[5].gemm_col_loop[14].normal_row.dsp_unit/w_lower_reg_reg[1]/D
                            (rising edge-triggered cell FDRE clocked by clk_pl_0  {rise@0.000ns fall@5.000ns period=10.000ns})
  Path Group:             clk_pl_0
  Path Type:              Hold (Min at Slow Process Corner)
  Requirement:            0.000ns  (clk_pl_0 rise@0.000ns - clk_pl_0 rise@0.000ns)
  Data Path Delay:        0.236ns  (logic 0.112ns (47.397%)  route 0.124ns (52.603%))
  Logic Levels:           0  
  Clock Path Skew:        0.123ns (DCD - SCD - CPR)
    Destination Clock Delay (DCD):    3.341ns
    Source Clock Delay      (SCD):    2.968ns
    Clock Pessimism Removal (CPR):    0.249ns
  Clock Net Delay (Source):      2.752ns (routing 1.538ns, distribution 1.214ns)
  Clock Net Delay (Destination): 3.074ns (routing 1.681ns, distribution 1.393ns)

    Location             Delay type                Incr(ns)  Path(ns)    Netlist Resource(s)
  -------------------------------------------------------------------    -------------------
                         (clock clk_pl_0 rise edge)
                                                      0.000     0.000 r  
    PS8_X0Y0             PS8                          0.000     0.000 r  pccx_v002_system_i/zynq_ps/inst/PS8_i/PLCLK[0]
                         net (fo=1, routed)           0.181     0.181    pccx_v002_system_i/zynq_ps/inst/pl_clk_unbuffered[0]
    BUFG_PS_X0Y90        BUFG_PS (Prop_BUFG_PS_I_O)
                                                      0.035     0.216 r  pccx_v002_system_i/zynq_ps/inst/buffer_pl_clk_0.PL_CLK_0_BUFG/O
    X1Y1 (CLOCK_ROOT)    net (fo=82277, routed)       2.752     2.968    pccx_v002_system_i/u_npu/inst/u_wrap/u_pccx_npu_top/u_systolic_engine/u_compute_core/gemm_row_loop[5].gemm_col_loop[13].normal_row.dsp_unit/clk_core
    SLICE_X37Y125        FDRE                                         r  pccx_v002_system_i/u_npu/inst/u_wrap/u_pccx_npu_top/u_systolic_engine/u_compute_core/gemm_row_loop[5].gemm_col_loop[13].normal_row.dsp_unit/w_lower_reg_reg[1]/C
  -------------------------------------------------------------------    -------------------
    SLICE_X37Y125        FDRE (Prop_HFF_SLICEM_C_Q)
                                                      0.112     3.080 r  pccx_v002_system_i/u_npu/inst/u_wrap/u_pccx_npu_top/u_systolic_engine/u_compute_core/gemm_row_loop[5].gemm_col_loop[13].normal_row.dsp_unit/w_lower_reg_reg[1]/Q
                         net (fo=2, routed)           0.124     3.204    pccx_v002_system_i/u_npu/inst/u_wrap/u_pccx_npu_top/u_systolic_engine/u_compute_core/gemm_row_loop[5].gemm_col_loop[14].normal_row.dsp_unit/w_lower_reg_reg[3]_1[1]
    SLICE_X38Y125        FDRE                                         r  pccx_v002_system_i/u_npu/inst/u_wrap/u_pccx_npu_top/u_systolic_engine/u_compute_core/gemm_row_loop[5].gemm_col_loop[14].normal_row.dsp_unit/w_lower_reg_reg[1]/D
  -------------------------------------------------------------------    -------------------

                         (clock clk_pl_0 rise edge)
                                                      0.000     0.000 r  
    PS8_X0Y0             PS8                          0.000     0.000 r  pccx_v002_system_i/zynq_ps/inst/PS8_i/PLCLK[0]
                         net (fo=1, routed)           0.229     0.229    pccx_v002_system_i/zynq_ps/inst/pl_clk_unbuffered[0]
    BUFG_PS_X0Y90        BUFG_PS (Prop_BUFG_PS_I_O)
                                                      0.038     0.267 r  pccx_v002_system_i/zynq_ps/inst/buffer_pl_clk_0.PL_CLK_0_BUFG/O
    X1Y1 (CLOCK_ROOT)    net (fo=82277, routed)       3.074     3.341    pccx_v002_system_i/u_npu/inst/u_wrap/u_pccx_npu_top/u_systolic_engine/u_compute_core/gemm_row_loop[5].gemm_col_loop[14].normal_row.dsp_unit/clk_core
    SLICE_X38Y125        FDRE                                         r  pccx_v002_system_i/u_npu/inst/u_wrap/u_pccx_npu_top/u_systolic_engine/u_compute_core/gemm_row_loop[5].gemm_col_loop[14].normal_row.dsp_unit/w_lower_reg_reg[1]/C
                         clock pessimism             -0.249     3.092    
    SLICE_X38Y125        FDRE (Hold_EFF2_SLICEM_C_D)
                                                      0.102     3.194    pccx_v002_system_i/u_npu/inst/u_wrap/u_pccx_npu_top/u_systolic_engine/u_compute_core/gemm_row_loop[5].gemm_col_loop[14].normal_row.dsp_unit/w_lower_reg_reg[1]
  -------------------------------------------------------------------
                         required time                         -3.194    
                         arrival time                           3.204    
  -------------------------------------------------------------------
                         slack                                  0.011    

Slack (MET) :             0.011ns  (arrival time - required time)
  Source:                 pccx_v002_system_i/sc_axil/inst/m01_exit_pipeline/m01_exit/inst/w_reg/m_vector_i_reg[2050]/C
                            (rising edge-triggered cell FDRE clocked by clk_pl_0  {rise@0.000ns fall@5.000ns period=10.000ns})
  Destination:            pccx_v002_system_i/cmdsts_hp0/inst/u_body/wstrb_q_reg[1]/D
                            (rising edge-triggered cell FDRE clocked by clk_pl_0  {rise@0.000ns fall@5.000ns period=10.000ns})
  Path Group:             clk_pl_0
  Path Type:              Hold (Min at Slow Process Corner)
  Requirement:            0.000ns  (clk_pl_0 rise@0.000ns - clk_pl_0 rise@0.000ns)
  Data Path Delay:        0.242ns  (logic 0.114ns (47.107%)  route 0.128ns (52.893%))
  Logic Levels:           0  
  Clock Path Skew:        0.129ns (DCD - SCD - CPR)
    Destination Clock Delay (DCD):    3.488ns
    Source Clock Delay      (SCD):    3.107ns
    Clock Pessimism Removal (CPR):    0.251ns
  Clock Net Delay (Source):      2.891ns (routing 1.538ns, distribution 1.353ns)
  Clock Net Delay (Destination): 3.221ns (routing 1.681ns, distribution 1.540ns)

    Location             Delay type                Incr(ns)  Path(ns)    Netlist Resource(s)
  -------------------------------------------------------------------    -------------------
                         (clock clk_pl_0 rise edge)
                                                      0.000     0.000 r  
    PS8_X0Y0             PS8                          0.000     0.000 r  pccx_v002_system_i/zynq_ps/inst/PS8_i/PLCLK[0]
                         net (fo=1, routed)           0.181     0.181    pccx_v002_system_i/zynq_ps/inst/pl_clk_unbuffered[0]
    BUFG_PS_X0Y90        BUFG_PS (Prop_BUFG_PS_I_O)
                                                      0.035     0.216 r  pccx_v002_system_i/zynq_ps/inst/buffer_pl_clk_0.PL_CLK_0_BUFG/O
    X1Y1 (CLOCK_ROOT)    net (fo=82277, routed)       2.891     3.107    pccx_v002_system_i/sc_axil/inst/m01_exit_pipeline/m01_exit/inst/w_reg/aclk
    SLICE_X20Y83         FDRE                                         r  pccx_v002_system_i/sc_axil/inst/m01_exit_pipeline/m01_exit/inst/w_reg/m_vector_i_reg[2050]/C
  -------------------------------------------------------------------    -------------------
    SLICE_X20Y83         FDRE (Prop_BFF2_SLICEM_C_Q)
                                                      0.114     3.221 r  pccx_v002_system_i/sc_axil/inst/m01_exit_pipeline/m01_exit/inst/w_reg/m_vector_i_reg[2050]/Q
                         net (fo=1, routed)           0.128     3.349    pccx_v002_system_i/cmdsts_hp0/inst/u_body/s_axil_wstrb[1]
    SLICE_X19Y82         FDRE                                         r  pccx_v002_system_i/cmdsts_hp0/inst/u_body/wstrb_q_reg[1]/D
  -------------------------------------------------------------------    -------------------

                         (clock clk_pl_0 rise edge)
                                                      0.000     0.000 r  
    PS8_X0Y0             PS8                          0.000     0.000 r  pccx_v002_system_i/zynq_ps/inst/PS8_i/PLCLK[0]
                         net (fo=1, routed)           0.229     0.229    pccx_v002_system_i/zynq_ps/inst/pl_clk_unbuffered[0]
    BUFG_PS_X0Y90        BUFG_PS (Prop_BUFG_PS_I_O)
                                                      0.038     0.267 r  pccx_v002_system_i/zynq_ps/inst/buffer_pl_clk_0.PL_CLK_0_BUFG/O
    X1Y1 (CLOCK_ROOT)    net (fo=82277, routed)       3.221     3.488    pccx_v002_system_i/cmdsts_hp0/inst/u_body/s_axil_aclk
    SLICE_X19Y82         FDRE                                         r  pccx_v002_system_i/cmdsts_hp0/inst/u_body/wstrb_q_reg[1]/C
                         clock pessimism             -0.251     3.236    
    SLICE_X19Y82         FDRE (Hold_EFF2_SLICEL_C_D)
                                                      0.102     3.338    pccx_v002_system_i/cmdsts_hp0/inst/u_body/wstrb_q_reg[1]
  -------------------------------------------------------------------
                         required time                         -3.338    
                         arrival time                           3.349    
  -------------------------------------------------------------------
                         slack                                  0.011    

Slack (MET) :             0.011ns  (arrival time - required time)
  Source:                 pccx_v002_system_i/u_npu/inst/u_wrap/u_pccx_npu_top/u_Global_Scheduler/OUT_GEMM_uop_reg[flags][w_scale]/C
                            (rising edge-triggered cell FDRE clocked by clk_pl_0  {rise@0.000ns fall@5.000ns period=10.000ns})
  Destination:            pccx_v002_system_i/u_npu/inst/u_wrap/u_pccx_npu_top/u_gemm_inst_fmap_aligner/inst_latched_reg[0]/D
                            (rising edge-triggered cell FDRE clocked by clk_pl_0  {rise@0.000ns fall@5.000ns period=10.000ns})
  Path Group:             clk_pl_0
  Path Type:              Hold (Min at Slow Process Corner)
  Requirement:            0.000ns  (clk_pl_0 rise@0.000ns - clk_pl_0 rise@0.000ns)
  Data Path Delay:        0.214ns  (logic 0.112ns (52.336%)  route 0.102ns (47.664%))
  Logic Levels:           0  
  Clock Path Skew:        0.102ns (DCD - SCD - CPR)
    Destination Clock Delay (DCD):    3.391ns
    Source Clock Delay      (SCD):    3.040ns
    Clock Pessimism Removal (CPR):    0.249ns
  Clock Net Delay (Source):      2.824ns (routing 1.538ns, distribution 1.286ns)
  Clock Net Delay (Destination): 3.124ns (routing 1.681ns, distribution 1.443ns)

    Location             Delay type                Incr(ns)  Path(ns)    Netlist Resource(s)
  -------------------------------------------------------------------    -------------------
                         (clock clk_pl_0 rise edge)
                                                      0.000     0.000 r  
    PS8_X0Y0             PS8                          0.000     0.000 r  pccx_v002_system_i/zynq_ps/inst/PS8_i/PLCLK[0]
                         net (fo=1, routed)           0.181     0.181    pccx_v002_system_i/zynq_ps/inst/pl_clk_unbuffered[0]
    BUFG_PS_X0Y90        BUFG_PS (Prop_BUFG_PS_I_O)
                                                      0.035     0.216 r  pccx_v002_system_i/zynq_ps/inst/buffer_pl_clk_0.PL_CLK_0_BUFG/O
    X1Y1 (CLOCK_ROOT)    net (fo=82277, routed)       2.824     3.040    pccx_v002_system_i/u_npu/inst/u_wrap/u_pccx_npu_top/u_Global_Scheduler/clk_core
    SLICE_X47Y80         FDRE                                         r  pccx_v002_system_i/u_npu/inst/u_wrap/u_pccx_npu_top/u_Global_Scheduler/OUT_GEMM_uop_reg[flags][w_scale]/C
  -------------------------------------------------------------------    -------------------
    SLICE_X47Y80         FDRE (Prop_GFF_SLICEL_C_Q)
                                                      0.112     3.152 r  pccx_v002_system_i/u_npu/inst/u_wrap/u_pccx_npu_top/u_Global_Scheduler/OUT_GEMM_uop_reg[flags][w_scale]/Q
                         net (fo=1, routed)           0.102     3.254    pccx_v002_system_i/u_npu/inst/u_wrap/u_pccx_npu_top/u_gemm_inst_fmap_aligner/inst_latched_reg[2]_1[0]
    SLICE_X48Y80         FDRE                                         r  pccx_v002_system_i/u_npu/inst/u_wrap/u_pccx_npu_top/u_gemm_inst_fmap_aligner/inst_latched_reg[0]/D
  -------------------------------------------------------------------    -------------------

                         (clock clk_pl_0 rise edge)
                                                      0.000     0.000 r  
    PS8_X0Y0             PS8                          0.000     0.000 r  pccx_v002_system_i/zynq_ps/inst/PS8_i/PLCLK[0]
                         net (fo=1, routed)           0.229     0.229    pccx_v002_system_i/zynq_ps/inst/pl_clk_unbuffered[0]
    BUFG_PS_X0Y90        BUFG_PS (Prop_BUFG_PS_I_O)
                                                      0.038     0.267 r  pccx_v002_system_i/zynq_ps/inst/buffer_pl_clk_0.PL_CLK_0_BUFG/O
    X1Y1 (CLOCK_ROOT)    net (fo=82277, routed)       3.124     3.391    pccx_v002_system_i/u_npu/inst/u_wrap/u_pccx_npu_top/u_gemm_inst_fmap_aligner/clk_core
    SLICE_X48Y80         FDRE                                         r  pccx_v002_system_i/u_npu/inst/u_wrap/u_pccx_npu_top/u_gemm_inst_fmap_aligner/inst_latched_reg[0]/C
                         clock pessimism             -0.249     3.142    
    SLICE_X48Y80         FDRE (Hold_HFF_SLICEL_C_D)
                                                      0.101     3.243    pccx_v002_system_i/u_npu/inst/u_wrap/u_pccx_npu_top/u_gemm_inst_fmap_aligner/inst_latched_reg[0]
  -------------------------------------------------------------------
                         required time                         -3.243    
                         arrival time                           3.254    
  -------------------------------------------------------------------
                         slack                                  0.011    

Slack (MET) :             0.011ns  (arrival time - required time)
  Source:                 pccx_v002_system_i/u_npu/inst/u_wrap/u_pccx_npu_top/u_systolic_engine/u_compute_core/v_delay_row[3].v_delay_col[22].gemm_in_V_fabric_reg[4][22][2]/C
                            (rising edge-triggered cell FDRE clocked by clk_pl_0  {rise@0.000ns fall@5.000ns period=10.000ns})
  Destination:            pccx_v002_system_i/u_npu/inst/u_wrap/u_pccx_npu_top/u_systolic_engine/u_compute_core/v_delay_row[4].v_delay_col[22].gemm_in_V_fabric_reg[5][22][2]/D
                            (rising edge-triggered cell FDRE clocked by clk_pl_0  {rise@0.000ns fall@5.000ns period=10.000ns})
  Path Group:             clk_pl_0
  Path Type:              Hold (Min at Slow Process Corner)
  Requirement:            0.000ns  (clk_pl_0 rise@0.000ns - clk_pl_0 rise@0.000ns)
  Data Path Delay:        0.244ns  (logic 0.111ns (45.492%)  route 0.133ns (54.508%))
  Logic Levels:           0  
  Clock Path Skew:        0.132ns (DCD - SCD - CPR)
    Destination Clock Delay (DCD):    3.528ns
    Source Clock Delay      (SCD):    3.146ns
    Clock Pessimism Removal (CPR):    0.249ns
  Clock Net Delay (Source):      2.930ns (routing 1.538ns, distribution 1.392ns)
  Clock Net Delay (Destination): 3.261ns (routing 1.681ns, distribution 1.580ns)

    Location             Delay type                Incr(ns)  Path(ns)    Netlist Resource(s)
  -------------------------------------------------------------------    -------------------
                         (clock clk_pl_0 rise edge)
                                                      0.000     0.000 r  
    PS8_X0Y0             PS8                          0.000     0.000 r  pccx_v002_system_i/zynq_ps/inst/PS8_i/PLCLK[0]
                         net (fo=1, routed)           0.181     0.181    pccx_v002_system_i/zynq_ps/inst/pl_clk_unbuffered[0]
    BUFG_PS_X0Y90        BUFG_PS (Prop_BUFG_PS_I_O)
                                                      0.035     0.216 r  pccx_v002_system_i/zynq_ps/inst/buffer_pl_clk_0.PL_CLK_0_BUFG/O
    X1Y1 (CLOCK_ROOT)    net (fo=82277, routed)       2.930     3.146    pccx_v002_system_i/u_npu/inst/u_wrap/u_pccx_npu_top/u_systolic_engine/u_compute_core/clk_core
    SLICE_X20Y212        FDRE                                         r  pccx_v002_system_i/u_npu/inst/u_wrap/u_pccx_npu_top/u_systolic_engine/u_compute_core/v_delay_row[3].v_delay_col[22].gemm_in_V_fabric_reg[4][22][2]/C
  -------------------------------------------------------------------    -------------------
    SLICE_X20Y212        FDRE (Prop_FFF_SLICEM_C_Q)
                                                      0.111     3.257 r  pccx_v002_system_i/u_npu/inst/u_wrap/u_pccx_npu_top/u_systolic_engine/u_compute_core/v_delay_row[3].v_delay_col[22].gemm_in_V_fabric_reg[4][22][2]/Q
                         net (fo=1, routed)           0.133     3.390    pccx_v002_system_i/u_npu/inst/u_wrap/u_pccx_npu_top/u_systolic_engine/u_compute_core/v_delay_row[3].v_delay_col[22].gemm_in_V_fabric_reg[4][22]_2367[2]
    SLICE_X19Y211        FDRE                                         r  pccx_v002_system_i/u_npu/inst/u_wrap/u_pccx_npu_top/u_systolic_engine/u_compute_core/v_delay_row[4].v_delay_col[22].gemm_in_V_fabric_reg[5][22][2]/D
  -------------------------------------------------------------------    -------------------

                         (clock clk_pl_0 rise edge)
                                                      0.000     0.000 r  
    PS8_X0Y0             PS8                          0.000     0.000 r  pccx_v002_system_i/zynq_ps/inst/PS8_i/PLCLK[0]
                         net (fo=1, routed)           0.229     0.229    pccx_v002_system_i/zynq_ps/inst/pl_clk_unbuffered[0]
    BUFG_PS_X0Y90        BUFG_PS (Prop_BUFG_PS_I_O)
                                                      0.038     0.267 r  pccx_v002_system_i/zynq_ps/inst/buffer_pl_clk_0.PL_CLK_0_BUFG/O
    X1Y1 (CLOCK_ROOT)    net (fo=82277, routed)       3.261     3.528    pccx_v002_system_i/u_npu/inst/u_wrap/u_pccx_npu_top/u_systolic_engine/u_compute_core/clk_core
    SLICE_X19Y211        FDRE                                         r  pccx_v002_system_i/u_npu/inst/u_wrap/u_pccx_npu_top/u_systolic_engine/u_compute_core/v_delay_row[4].v_delay_col[22].gemm_in_V_fabric_reg[5][22][2]/C
                         clock pessimism             -0.249     3.278    
    SLICE_X19Y211        FDRE (Hold_GFF_SLICEL_C_D)
                                                      0.101     3.379    pccx_v002_system_i/u_npu/inst/u_wrap/u_pccx_npu_top/u_systolic_engine/u_compute_core/v_delay_row[4].v_delay_col[22].gemm_in_V_fabric_reg[5][22][2]
  -------------------------------------------------------------------
                         required time                         -3.379    
                         arrival time                           3.390    
  -------------------------------------------------------------------
                         slack                                  0.011    

Slack (MET) :             0.011ns  (arrival time - required time)
  Source:                 pccx_v002_system_i/u_npu/inst/u_wrap/u_pccx_npu_top/u_mem_dispatcher/load_s7_word_total_reg[0]/C
                            (rising edge-triggered cell FDRE clocked by clk_pl_0  {rise@0.000ns fall@5.000ns period=10.000ns})
  Destination:            pccx_v002_system_i/u_npu/inst/u_wrap/u_pccx_npu_top/u_mem_dispatcher/acp_uop_reg[end_addr][0]/D
                            (rising edge-triggered cell FDRE clocked by clk_pl_0  {rise@0.000ns fall@5.000ns period=10.000ns})
  Path Group:             clk_pl_0
  Path Type:              Hold (Min at Slow Process Corner)
  Requirement:            0.000ns  (clk_pl_0 rise@0.000ns - clk_pl_0 rise@0.000ns)
  Data Path Delay:        0.321ns  (logic 0.205ns (63.803%)  route 0.116ns (36.197%))
  Logic Levels:           2  (CARRY8=1 LUT2=1)
  Clock Path Skew:        0.209ns (DCD - SCD - CPR)
    Destination Clock Delay (DCD):    3.380ns
    Source Clock Delay      (SCD):    2.922ns
    Clock Pessimism Removal (CPR):    0.248ns
  Clock Net Delay (Source):      2.706ns (routing 1.538ns, distribution 1.168ns)
  Clock Net Delay (Destination): 3.113ns (routing 1.681ns, distribution 1.432ns)

    Location             Delay type                Incr(ns)  Path(ns)    Netlist Resource(s)
  -------------------------------------------------------------------    -------------------
                         (clock clk_pl_0 rise edge)
                                                      0.000     0.000 r  
    PS8_X0Y0             PS8                          0.000     0.000 r  pccx_v002_system_i/zynq_ps/inst/PS8_i/PLCLK[0]
                         net (fo=1, routed)           0.181     0.181    pccx_v002_system_i/zynq_ps/inst/pl_clk_unbuffered[0]
    BUFG_PS_X0Y90        BUFG_PS (Prop_BUFG_PS_I_O)
                                                      0.035     0.216 r  pccx_v002_system_i/zynq_ps/inst/buffer_pl_clk_0.PL_CLK_0_BUFG/O
    X1Y1 (CLOCK_ROOT)    net (fo=82277, routed)       2.706     2.922    pccx_v002_system_i/u_npu/inst/u_wrap/u_pccx_npu_top/u_mem_dispatcher/clk_core
    SLICE_X40Y70         FDRE                                         r  pccx_v002_system_i/u_npu/inst/u_wrap/u_pccx_npu_top/u_mem_dispatcher/load_s7_word_total_reg[0]/C
  -------------------------------------------------------------------    -------------------
    SLICE_X40Y70         FDRE (Prop_AFF_SLICEM_C_Q)
                                                      0.112     3.034 r  pccx_v002_system_i/u_npu/inst/u_wrap/u_pccx_npu_top/u_mem_dispatcher/load_s7_word_total_reg[0]/Q
                         net (fo=2, routed)           0.091     3.125    pccx_v002_system_i/u_npu/inst/u_wrap/u_pccx_npu_top/u_mem_dispatcher/load_s7_word_total[0]
    SLICE_X41Y70         LUT2 (Prop_A6LUT_SLICEM_I1_O)
                                                      0.053     3.178 r  pccx_v002_system_i/u_npu/inst/u_wrap/u_pccx_npu_top/u_mem_dispatcher/npu_uop[end_addr][7]_i_9/O
                         net (fo=1, routed)           0.014     3.192    pccx_v002_system_i/u_npu/inst/u_wrap/u_pccx_npu_top/u_mem_dispatcher/npu_uop[end_addr][7]_i_9_n_0
    SLICE_X41Y70         CARRY8 (Prop_CARRY8_SLICEM_S[0]_O[0])
                                                      0.040     3.232 r  pccx_v002_system_i/u_npu/inst/u_wrap/u_pccx_npu_top/u_mem_dispatcher/npu_uop_reg[end_addr][7]_i_1/O[0]
                         net (fo=2, routed)           0.011     3.243    pccx_v002_system_i/u_npu/inst/u_wrap/u_pccx_npu_top/u_mem_dispatcher/p_1_in[0]
    SLICE_X41Y70         FDRE                                         r  pccx_v002_system_i/u_npu/inst/u_wrap/u_pccx_npu_top/u_mem_dispatcher/acp_uop_reg[end_addr][0]/D
  -------------------------------------------------------------------    -------------------

                         (clock clk_pl_0 rise edge)
                                                      0.000     0.000 r  
    PS8_X0Y0             PS8                          0.000     0.000 r  pccx_v002_system_i/zynq_ps/inst/PS8_i/PLCLK[0]
                         net (fo=1, routed)           0.229     0.229    pccx_v002_system_i/zynq_ps/inst/pl_clk_unbuffered[0]
    BUFG_PS_X0Y90        BUFG_PS (Prop_BUFG_PS_I_O)
                                                      0.038     0.267 r  pccx_v002_system_i/zynq_ps/inst/buffer_pl_clk_0.PL_CLK_0_BUFG/O
    X1Y1 (CLOCK_ROOT)    net (fo=82277, routed)       3.113     3.380    pccx_v002_system_i/u_npu/inst/u_wrap/u_pccx_npu_top/u_mem_dispatcher/clk_core
    SLICE_X41Y70         FDRE                                         r  pccx_v002_system_i/u_npu/inst/u_wrap/u_pccx_npu_top/u_mem_dispatcher/acp_uop_reg[end_addr][0]/C
                         clock pessimism             -0.248     3.131    
    SLICE_X41Y70         FDRE (Hold_AFF_SLICEM_C_D)
                                                      0.101     3.232    pccx_v002_system_i/u_npu/inst/u_wrap/u_pccx_npu_top/u_mem_dispatcher/acp_uop_reg[end_addr][0]
  -------------------------------------------------------------------
                         required time                         -3.232    
                         arrival time                           3.243    
  -------------------------------------------------------------------
                         slack                                  0.011    

Slack (MET) :             0.011ns  (arrival time - required time)
  Source:                 pccx_v002_system_i/u_npu/inst/u_wrap/u_pccx_npu_top/u_systolic_engine/u_compute_core/gemm_row_loop[15].gemm_col_loop[23].normal_row.dsp_unit/w_lower_reg_reg[3]/C
                            (rising edge-triggered cell FDRE clocked by clk_pl_0  {rise@0.000ns fall@5.000ns period=10.000ns})
  Destination:            pccx_v002_system_i/u_npu/inst/u_wrap/u_pccx_npu_top/u_systolic_engine/u_compute_core/gemm_row_loop[15].gemm_col_loop[24].normal_row.dsp_unit/w_lower_reg_reg[3]/D
                            (rising edge-triggered cell FDRE clocked by clk_pl_0  {rise@0.000ns fall@5.000ns period=10.000ns})
  Path Group:             clk_pl_0
  Path Type:              Hold (Min at Slow Process Corner)
  Requirement:            0.000ns  (clk_pl_0 rise@0.000ns - clk_pl_0 rise@0.000ns)
  Data Path Delay:        0.235ns  (logic 0.113ns (48.023%)  route 0.122ns (51.977%))
  Logic Levels:           0  
  Clock Path Skew:        0.124ns (DCD - SCD - CPR)
    Destination Clock Delay (DCD):    3.544ns
    Source Clock Delay      (SCD):    3.170ns
    Clock Pessimism Removal (CPR):    0.249ns
  Clock Net Delay (Source):      2.954ns (routing 1.538ns, distribution 1.416ns)
  Clock Net Delay (Destination): 3.277ns (routing 1.681ns, distribution 1.596ns)

    Location             Delay type                Incr(ns)  Path(ns)    Netlist Resource(s)
  -------------------------------------------------------------------    -------------------
                         (clock clk_pl_0 rise edge)
                                                      0.000     0.000 r  
    PS8_X0Y0             PS8                          0.000     0.000 r  pccx_v002_system_i/zynq_ps/inst/PS8_i/PLCLK[0]
                         net (fo=1, routed)           0.181     0.181    pccx_v002_system_i/zynq_ps/inst/pl_clk_unbuffered[0]
    BUFG_PS_X0Y90        BUFG_PS (Prop_BUFG_PS_I_O)
                                                      0.035     0.216 r  pccx_v002_system_i/zynq_ps/inst/buffer_pl_clk_0.PL_CLK_0_BUFG/O
    X1Y1 (CLOCK_ROOT)    net (fo=82277, routed)       2.954     3.170    pccx_v002_system_i/u_npu/inst/u_wrap/u_pccx_npu_top/u_systolic_engine/u_compute_core/gemm_row_loop[15].gemm_col_loop[23].normal_row.dsp_unit/clk_core
    SLICE_X15Y213        FDRE                                         r  pccx_v002_system_i/u_npu/inst/u_wrap/u_pccx_npu_top/u_systolic_engine/u_compute_core/gemm_row_loop[15].gemm_col_loop[23].normal_row.dsp_unit/w_lower_reg_reg[3]/C
  -------------------------------------------------------------------    -------------------
    SLICE_X15Y213        FDRE (Prop_BFF2_SLICEL_C_Q)
                                                      0.113     3.283 r  pccx_v002_system_i/u_npu/inst/u_wrap/u_pccx_npu_top/u_systolic_engine/u_compute_core/gemm_row_loop[15].gemm_col_loop[23].normal_row.dsp_unit/w_lower_reg_reg[3]/Q
                         net (fo=19, routed)          0.122     3.406    pccx_v002_system_i/u_npu/inst/u_wrap/u_pccx_npu_top/u_systolic_engine/u_compute_core/gemm_row_loop[15].gemm_col_loop[24].normal_row.dsp_unit/w_lower_reg_reg[3]_1[3]
    SLICE_X13Y213        FDRE                                         r  pccx_v002_system_i/u_npu/inst/u_wrap/u_pccx_npu_top/u_systolic_engine/u_compute_core/gemm_row_loop[15].gemm_col_loop[24].normal_row.dsp_unit/w_lower_reg_reg[3]/D
  -------------------------------------------------------------------    -------------------

                         (clock clk_pl_0 rise edge)
                                                      0.000     0.000 r  
    PS8_X0Y0             PS8                          0.000     0.000 r  pccx_v002_system_i/zynq_ps/inst/PS8_i/PLCLK[0]
                         net (fo=1, routed)           0.229     0.229    pccx_v002_system_i/zynq_ps/inst/pl_clk_unbuffered[0]
    BUFG_PS_X0Y90        BUFG_PS (Prop_BUFG_PS_I_O)
                                                      0.038     0.267 r  pccx_v002_system_i/zynq_ps/inst/buffer_pl_clk_0.PL_CLK_0_BUFG/O
    X1Y1 (CLOCK_ROOT)    net (fo=82277, routed)       3.277     3.544    pccx_v002_system_i/u_npu/inst/u_wrap/u_pccx_npu_top/u_systolic_engine/u_compute_core/gemm_row_loop[15].gemm_col_loop[24].normal_row.dsp_unit/clk_core
    SLICE_X13Y213        FDRE                                         r  pccx_v002_system_i/u_npu/inst/u_wrap/u_pccx_npu_top/u_systolic_engine/u_compute_core/gemm_row_loop[15].gemm_col_loop[24].normal_row.dsp_unit/w_lower_reg_reg[3]/C
                         clock pessimism             -0.249     3.294    
    SLICE_X13Y213        FDRE (Hold_GFF_SLICEM_C_D)
                                                      0.100     3.394    pccx_v002_system_i/u_npu/inst/u_wrap/u_pccx_npu_top/u_systolic_engine/u_compute_core/gemm_row_loop[15].gemm_col_loop[24].normal_row.dsp_unit/w_lower_reg_reg[3]
  -------------------------------------------------------------------
                         required time                         -3.394    
                         arrival time                           3.406    
  -------------------------------------------------------------------
                         slack                                  0.011    





Pulse Width Checks
--------------------------------------------------------------------------------------
Clock Name:         clk_pl_0
Waveform(ns):       { 0.000 5.000 }
Period(ns):         10.000
Sources:            { pccx_v002_system_i/zynq_ps/inst/PS8_i/PLCLK[0] }

Check Type        Corner  Lib Pin          Reference Pin  Required(ns)  Actual(ns)  Slack(ns)  Location       Pin
Min Period        n/a     PS8/MAXIGP0ACLK  n/a            3.000         10.000      7.000      PS8_X0Y0       pccx_v002_system_i/zynq_ps/inst/PS8_i/MAXIGP0ACLK
Min Period        n/a     PS8/SAXIACPACLK  n/a            3.000         10.000      7.000      PS8_X0Y0       pccx_v002_system_i/zynq_ps/inst/PS8_i/SAXIACPACLK
Min Period        n/a     PS8/SAXIGP2RCLK  n/a            3.000         10.000      7.000      PS8_X0Y0       pccx_v002_system_i/zynq_ps/inst/PS8_i/SAXIGP2RCLK
Min Period        n/a     PS8/SAXIGP2WCLK  n/a            3.000         10.000      7.000      PS8_X0Y0       pccx_v002_system_i/zynq_ps/inst/PS8_i/SAXIGP2WCLK
Min Period        n/a     PS8/SAXIGP3RCLK  n/a            3.000         10.000      7.000      PS8_X0Y0       pccx_v002_system_i/zynq_ps/inst/PS8_i/SAXIGP3RCLK
Min Period        n/a     PS8/SAXIGP3WCLK  n/a            3.000         10.000      7.000      PS8_X0Y0       pccx_v002_system_i/zynq_ps/inst/PS8_i/SAXIGP3WCLK
Min Period        n/a     PS8/SAXIGP4RCLK  n/a            3.000         10.000      7.000      PS8_X0Y0       pccx_v002_system_i/zynq_ps/inst/PS8_i/SAXIGP4RCLK
Min Period        n/a     PS8/SAXIGP4WCLK  n/a            3.000         10.000      7.000      PS8_X0Y0       pccx_v002_system_i/zynq_ps/inst/PS8_i/SAXIGP4WCLK
Min Period        n/a     PS8/SAXIGP5RCLK  n/a            3.000         10.000      7.000      PS8_X0Y0       pccx_v002_system_i/zynq_ps/inst/PS8_i/SAXIGP5RCLK
Min Period        n/a     PS8/SAXIGP5WCLK  n/a            3.000         10.000      7.000      PS8_X0Y0       pccx_v002_system_i/zynq_ps/inst/PS8_i/SAXIGP5WCLK
Min Period        n/a     URAM288/CLK      n/a            2.000         10.000      8.000      URAM288_X0Y20  pccx_v002_system_i/u_npu/inst/u_wrap/u_pccx_npu_top/u_mem_dispatcher/u_l2_cache/u_l2_uram/u_l2_uram/xpm_memory_base_inst/gen_wr_a.gen_word_narrow.mem_reg_uram_0/CLK
Min Period        n/a     URAM288/CLK      n/a            2.000         10.000      8.000      URAM288_X0Y21  pccx_v002_system_i/u_npu/inst/u_wrap/u_pccx_npu_top/u_mem_dispatcher/u_l2_cache/u_l2_uram/u_l2_uram/xpm_memory_base_inst/gen_wr_a.gen_word_narrow.mem_reg_uram_1/CLK
Min Period        n/a     URAM288/CLK      n/a            2.000         10.000      8.000      URAM288_X0Y26  pccx_v002_system_i/u_npu/inst/u_wrap/u_pccx_npu_top/u_mem_dispatcher/u_l2_cache/u_l2_uram/u_l2_uram/xpm_memory_base_inst/gen_wr_a.gen_word_narrow.mem_reg_uram_10/CLK
Min Period        n/a     URAM288/CLK      n/a            2.000         10.000      8.000      URAM288_X0Y27  pccx_v002_system_i/u_npu/inst/u_wrap/u_pccx_npu_top/u_mem_dispatcher/u_l2_cache/u_l2_uram/u_l2_uram/xpm_memory_base_inst/gen_wr_a.gen_word_narrow.mem_reg_uram_11/CLK
Min Period        n/a     URAM288/CLK      n/a            2.000         10.000      8.000      URAM288_X0Y30  pccx_v002_system_i/u_npu/inst/u_wrap/u_pccx_npu_top/u_mem_dispatcher/u_l2_cache/u_l2_uram/u_l2_uram/xpm_memory_base_inst/gen_wr_a.gen_word_narrow.mem_reg_uram_12/CLK
Min Period        n/a     URAM288/CLK      n/a            2.000         10.000      8.000      URAM288_X0Y31  pccx_v002_system_i/u_npu/inst/u_wrap/u_pccx_npu_top/u_mem_dispatcher/u_l2_cache/u_l2_uram/u_l2_uram/xpm_memory_base_inst/gen_wr_a.gen_word_narrow.mem_reg_uram_13/CLK
Min Period        n/a     URAM288/CLK      n/a            2.000         10.000      8.000      URAM288_X0Y18  pccx_v002_system_i/u_npu/inst/u_wrap/u_pccx_npu_top/u_mem_dispatcher/u_l2_cache/u_l2_uram/u_l2_uram/xpm_memory_base_inst/gen_wr_a.gen_word_narrow.mem_reg_uram_14/CLK
Min Period        n/a     URAM288/CLK      n/a            2.000         10.000      8.000      URAM288_X0Y19  pccx_v002_system_i/u_npu/inst/u_wrap/u_pccx_npu_top/u_mem_dispatcher/u_l2_cache/u_l2_uram/u_l2_uram/xpm_memory_base_inst/gen_wr_a.gen_word_narrow.mem_reg_uram_15/CLK
Min Period        n/a     URAM288/CLK      n/a            2.000         10.000      8.000      URAM288_X0Y12  pccx_v002_system_i/u_npu/inst/u_wrap/u_pccx_npu_top/u_mem_dispatcher/u_l2_cache/u_l2_uram/u_l2_uram/xpm_memory_base_inst/gen_wr_a.gen_word_narrow.mem_reg_uram_16/CLK
Min Period        n/a     URAM288/CLK      n/a            2.000         10.000      8.000      URAM288_X0Y13  pccx_v002_system_i/u_npu/inst/u_wrap/u_pccx_npu_top/u_mem_dispatcher/u_l2_cache/u_l2_uram/u_l2_uram/xpm_memory_base_inst/gen_wr_a.gen_word_narrow.mem_reg_uram_17/CLK
Low Pulse Width   Slow    PS8/MAXIGP0ACLK  n/a            1.500         5.000       3.500      PS8_X0Y0       pccx_v002_system_i/zynq_ps/inst/PS8_i/MAXIGP0ACLK
Low Pulse Width   Fast    PS8/MAXIGP0ACLK  n/a            1.500         5.000       3.500      PS8_X0Y0       pccx_v002_system_i/zynq_ps/inst/PS8_i/MAXIGP0ACLK
Low Pulse Width   Slow    PS8/SAXIACPACLK  n/a            1.500         5.000       3.500      PS8_X0Y0       pccx_v002_system_i/zynq_ps/inst/PS8_i/SAXIACPACLK
Low Pulse Width   Fast    PS8/SAXIACPACLK  n/a            1.500         5.000       3.500      PS8_X0Y0       pccx_v002_system_i/zynq_ps/inst/PS8_i/SAXIACPACLK
Low Pulse Width   Slow    PS8/SAXIGP2RCLK  n/a            1.500         5.000       3.500      PS8_X0Y0       pccx_v002_system_i/zynq_ps/inst/PS8_i/SAXIGP2RCLK
Low Pulse Width   Fast    PS8/SAXIGP2RCLK  n/a            1.500         5.000       3.500      PS8_X0Y0       pccx_v002_system_i/zynq_ps/inst/PS8_i/SAXIGP2RCLK
Low Pulse Width   Slow    PS8/SAXIGP2WCLK  n/a            1.500         5.000       3.500      PS8_X0Y0       pccx_v002_system_i/zynq_ps/inst/PS8_i/SAXIGP2WCLK
Low Pulse Width   Fast    PS8/SAXIGP2WCLK  n/a            1.500         5.000       3.500      PS8_X0Y0       pccx_v002_system_i/zynq_ps/inst/PS8_i/SAXIGP2WCLK
Low Pulse Width   Slow    PS8/SAXIGP3RCLK  n/a            1.500         5.000       3.500      PS8_X0Y0       pccx_v002_system_i/zynq_ps/inst/PS8_i/SAXIGP3RCLK
Low Pulse Width   Fast    PS8/SAXIGP3RCLK  n/a            1.500         5.000       3.500      PS8_X0Y0       pccx_v002_system_i/zynq_ps/inst/PS8_i/SAXIGP3RCLK
Low Pulse Width   Slow    PS8/SAXIGP3WCLK  n/a            1.500         5.000       3.500      PS8_X0Y0       pccx_v002_system_i/zynq_ps/inst/PS8_i/SAXIGP3WCLK
Low Pulse Width   Fast    PS8/SAXIGP3WCLK  n/a            1.500         5.000       3.500      PS8_X0Y0       pccx_v002_system_i/zynq_ps/inst/PS8_i/SAXIGP3WCLK
Low Pulse Width   Slow    PS8/SAXIGP4RCLK  n/a            1.500         5.000       3.500      PS8_X0Y0       pccx_v002_system_i/zynq_ps/inst/PS8_i/SAXIGP4RCLK
Low Pulse Width   Fast    PS8/SAXIGP4RCLK  n/a            1.500         5.000       3.500      PS8_X0Y0       pccx_v002_system_i/zynq_ps/inst/PS8_i/SAXIGP4RCLK
Low Pulse Width   Slow    PS8/SAXIGP4WCLK  n/a            1.500         5.000       3.500      PS8_X0Y0       pccx_v002_system_i/zynq_ps/inst/PS8_i/SAXIGP4WCLK
Low Pulse Width   Fast    PS8/SAXIGP4WCLK  n/a            1.500         5.000       3.500      PS8_X0Y0       pccx_v002_system_i/zynq_ps/inst/PS8_i/SAXIGP4WCLK
Low Pulse Width   Slow    PS8/SAXIGP5RCLK  n/a            1.500         5.000       3.500      PS8_X0Y0       pccx_v002_system_i/zynq_ps/inst/PS8_i/SAXIGP5RCLK
Low Pulse Width   Fast    PS8/SAXIGP5RCLK  n/a            1.500         5.000       3.500      PS8_X0Y0       pccx_v002_system_i/zynq_ps/inst/PS8_i/SAXIGP5RCLK
Low Pulse Width   Slow    PS8/SAXIGP5WCLK  n/a            1.500         5.000       3.500      PS8_X0Y0       pccx_v002_system_i/zynq_ps/inst/PS8_i/SAXIGP5WCLK
Low Pulse Width   Fast    PS8/SAXIGP5WCLK  n/a            1.500         5.000       3.500      PS8_X0Y0       pccx_v002_system_i/zynq_ps/inst/PS8_i/SAXIGP5WCLK
High Pulse Width  Slow    PS8/MAXIGP0ACLK  n/a            1.500         5.000       3.500      PS8_X0Y0       pccx_v002_system_i/zynq_ps/inst/PS8_i/MAXIGP0ACLK
High Pulse Width  Fast    PS8/MAXIGP0ACLK  n/a            1.500         5.000       3.500      PS8_X0Y0       pccx_v002_system_i/zynq_ps/inst/PS8_i/MAXIGP0ACLK
High Pulse Width  Slow    PS8/SAXIACPACLK  n/a            1.500         5.000       3.500      PS8_X0Y0       pccx_v002_system_i/zynq_ps/inst/PS8_i/SAXIACPACLK
High Pulse Width  Fast    PS8/SAXIACPACLK  n/a            1.500         5.000       3.500      PS8_X0Y0       pccx_v002_system_i/zynq_ps/inst/PS8_i/SAXIACPACLK
High Pulse Width  Slow    PS8/SAXIGP2RCLK  n/a            1.500         5.000       3.500      PS8_X0Y0       pccx_v002_system_i/zynq_ps/inst/PS8_i/SAXIGP2RCLK
High Pulse Width  Fast    PS8/SAXIGP2RCLK  n/a            1.500         5.000       3.500      PS8_X0Y0       pccx_v002_system_i/zynq_ps/inst/PS8_i/SAXIGP2RCLK
High Pulse Width  Slow    PS8/SAXIGP2WCLK  n/a            1.500         5.000       3.500      PS8_X0Y0       pccx_v002_system_i/zynq_ps/inst/PS8_i/SAXIGP2WCLK
High Pulse Width  Fast    PS8/SAXIGP2WCLK  n/a            1.500         5.000       3.500      PS8_X0Y0       pccx_v002_system_i/zynq_ps/inst/PS8_i/SAXIGP2WCLK
High Pulse Width  Slow    PS8/SAXIGP3RCLK  n/a            1.500         5.000       3.500      PS8_X0Y0       pccx_v002_system_i/zynq_ps/inst/PS8_i/SAXIGP3RCLK
High Pulse Width  Fast    PS8/SAXIGP3RCLK  n/a            1.500         5.000       3.500      PS8_X0Y0       pccx_v002_system_i/zynq_ps/inst/PS8_i/SAXIGP3RCLK
High Pulse Width  Slow    PS8/SAXIGP3WCLK  n/a            1.500         5.000       3.500      PS8_X0Y0       pccx_v002_system_i/zynq_ps/inst/PS8_i/SAXIGP3WCLK
High Pulse Width  Fast    PS8/SAXIGP3WCLK  n/a            1.500         5.000       3.500      PS8_X0Y0       pccx_v002_system_i/zynq_ps/inst/PS8_i/SAXIGP3WCLK
High Pulse Width  Slow    PS8/SAXIGP4RCLK  n/a            1.500         5.000       3.500      PS8_X0Y0       pccx_v002_system_i/zynq_ps/inst/PS8_i/SAXIGP4RCLK
High Pulse Width  Fast    PS8/SAXIGP4RCLK  n/a            1.500         5.000       3.500      PS8_X0Y0       pccx_v002_system_i/zynq_ps/inst/PS8_i/SAXIGP4RCLK
High Pulse Width  Slow    PS8/SAXIGP4WCLK  n/a            1.500         5.000       3.500      PS8_X0Y0       pccx_v002_system_i/zynq_ps/inst/PS8_i/SAXIGP4WCLK
High Pulse Width  Fast    PS8/SAXIGP4WCLK  n/a            1.500         5.000       3.500      PS8_X0Y0       pccx_v002_system_i/zynq_ps/inst/PS8_i/SAXIGP4WCLK
High Pulse Width  Slow    PS8/SAXIGP5RCLK  n/a            1.500         5.000       3.500      PS8_X0Y0       pccx_v002_system_i/zynq_ps/inst/PS8_i/SAXIGP5RCLK
High Pulse Width  Fast    PS8/SAXIGP5RCLK  n/a            1.500         5.000       3.500      PS8_X0Y0       pccx_v002_system_i/zynq_ps/inst/PS8_i/SAXIGP5RCLK
High Pulse Width  Slow    PS8/SAXIGP5WCLK  n/a            1.500         5.000       3.500      PS8_X0Y0       pccx_v002_system_i/zynq_ps/inst/PS8_i/SAXIGP5WCLK
High Pulse Width  Fast    PS8/SAXIGP5WCLK  n/a            1.500         5.000       3.500      PS8_X0Y0       pccx_v002_system_i/zynq_ps/inst/PS8_i/SAXIGP5WCLK



--------------------------------------------------------------------------------------
Path Group:  (none)
From Clock:  
  To Clock:  clk_pl_0

Max Delay             1 Endpoint
Min Delay             1 Endpoint
--------------------------------------------------------------------------------------


Max Delay Paths
--------------------------------------------------------------------------------------
Slack:                    inf
  Source:                 pccx_v002_system_i/zynq_ps/inst/PS8_i/EMIOGPIOO[95]
                            (internal pin)
  Destination:            pccx_v002_system_i/rst_axi/U0/EXT_LPF/ACTIVE_LOW_EXT.ACT_LO_EXT/syncstages_ff_reg[0]/D
                            (rising edge-triggered cell FDRE clocked by clk_pl_0  {rise@0.000ns fall@5.000ns period=10.000ns})
  Path Group:             (none)
  Path Type:              Setup (Max at Slow Process Corner)
  Data Path Delay:        3.902ns  (logic 0.060ns (1.538%)  route 3.842ns (98.462%))
  Logic Levels:           1  (LUT1=1)
  Clock Uncertainty:      0.158ns  ((TSJ^2 + DJ^2)^1/2) / 2 + PE
    Total System Jitter     (TSJ):    0.050ns
    Discrete Jitter          (DJ):    0.312ns
    Phase Error              (PE):    0.000ns
  Clock Net Delay (Destination): 2.738ns (routing 1.538ns, distribution 1.200ns)
  Timing Exception:       False Path

    Location             Delay type                Incr(ns)  Path(ns)    Netlist Resource(s)
  -------------------------------------------------------------------    -------------------
    PS8_X0Y0             PS8                          0.000     0.000 f  pccx_v002_system_i/zynq_ps/inst/PS8_i/EMIOGPIOO[95]
                         net (fo=1, routed)           3.295     3.295    pccx_v002_system_i/rst_axi/U0/EXT_LPF/ext_reset_in
    SLICE_X25Y2          LUT1 (Prop_H6LUT_SLICEM_I0_O)
                                                      0.060     3.355 r  pccx_v002_system_i/rst_axi/U0/EXT_LPF/ACTIVE_LOW_EXT.ACT_LO_EXT_i_1/O
                         net (fo=1, routed)           0.547     3.902    pccx_v002_system_i/rst_axi/U0/EXT_LPF/ACTIVE_LOW_EXT.ACT_LO_EXT/src_in
    SLICE_X29Y0          FDRE                                         r  pccx_v002_system_i/rst_axi/U0/EXT_LPF/ACTIVE_LOW_EXT.ACT_LO_EXT/syncstages_ff_reg[0]/D
  -------------------------------------------------------------------    -------------------

                         (clock clk_pl_0 rise edge)
                                                      0.000     0.000 r  
    PS8_X0Y0             PS8                          0.000     0.000 r  pccx_v002_system_i/zynq_ps/inst/PS8_i/PLCLK[0]
                         net (fo=1, routed)           0.181     0.181    pccx_v002_system_i/zynq_ps/inst/pl_clk_unbuffered[0]
    BUFG_PS_X0Y90        BUFG_PS (Prop_BUFG_PS_I_O)
                                                      0.035     0.216 r  pccx_v002_system_i/zynq_ps/inst/buffer_pl_clk_0.PL_CLK_0_BUFG/O
    X1Y1 (CLOCK_ROOT)    net (fo=82277, routed)       2.738     2.954    pccx_v002_system_i/rst_axi/U0/EXT_LPF/ACTIVE_LOW_EXT.ACT_LO_EXT/dest_clk
    SLICE_X29Y0          FDRE                                         r  pccx_v002_system_i/rst_axi/U0/EXT_LPF/ACTIVE_LOW_EXT.ACT_LO_EXT/syncstages_ff_reg[0]/C





Min Delay Paths
--------------------------------------------------------------------------------------
Slack:                    inf
  Source:                 pccx_v002_system_i/zynq_ps/inst/PS8_i/EMIOGPIOO[95]
                            (internal pin)
  Destination:            pccx_v002_system_i/rst_axi/U0/EXT_LPF/ACTIVE_LOW_EXT.ACT_LO_EXT/syncstages_ff_reg[0]/D
                            (rising edge-triggered cell FDRE clocked by clk_pl_0  {rise@0.000ns fall@5.000ns period=10.000ns})
  Path Group:             (none)
  Path Type:              Hold (Min at Fast Process Corner)
  Data Path Delay:        1.603ns  (logic 0.021ns (1.310%)  route 1.582ns (98.690%))
  Logic Levels:           1  (LUT1=1)
  Clock Uncertainty:      0.158ns  ((TSJ^2 + DJ^2)^1/2) / 2 + PE
    Total System Jitter     (TSJ):    0.050ns
    Discrete Jitter          (DJ):    0.312ns
    Phase Error              (PE):    0.000ns
  Clock Net Delay (Destination): 1.834ns (routing 1.033ns, distribution 0.801ns)
  Timing Exception:       False Path

    Location             Delay type                Incr(ns)  Path(ns)    Netlist Resource(s)
  -------------------------------------------------------------------    -------------------
    PS8_X0Y0             PS8                          0.000     0.000 f  pccx_v002_system_i/zynq_ps/inst/PS8_i/EMIOGPIOO[95]
                         net (fo=1, routed)           1.391     1.391    pccx_v002_system_i/rst_axi/U0/EXT_LPF/ext_reset_in
    SLICE_X25Y2          LUT1 (Prop_H6LUT_SLICEM_I0_O)
                                                      0.021     1.412 r  pccx_v002_system_i/rst_axi/U0/EXT_LPF/ACTIVE_LOW_EXT.ACT_LO_EXT_i_1/O
                         net (fo=1, routed)           0.191     1.603    pccx_v002_system_i/rst_axi/U0/EXT_LPF/ACTIVE_LOW_EXT.ACT_LO_EXT/src_in
    SLICE_X29Y0          FDRE                                         r  pccx_v002_system_i/rst_axi/U0/EXT_LPF/ACTIVE_LOW_EXT.ACT_LO_EXT/syncstages_ff_reg[0]/D
  -------------------------------------------------------------------    -------------------

                         (clock clk_pl_0 rise edge)
                                                      0.000     0.000 r  
    PS8_X0Y0             PS8                          0.000     0.000 r  pccx_v002_system_i/zynq_ps/inst/PS8_i/PLCLK[0]
                         net (fo=1, routed)           0.164     0.164    pccx_v002_system_i/zynq_ps/inst/pl_clk_unbuffered[0]
    BUFG_PS_X0Y90        BUFG_PS (Prop_BUFG_PS_I_O)
                                                      0.023     0.187 r  pccx_v002_system_i/zynq_ps/inst/buffer_pl_clk_0.PL_CLK_0_BUFG/O
    X1Y1 (CLOCK_ROOT)    net (fo=82277, routed)       1.834     2.021    pccx_v002_system_i/rst_axi/U0/EXT_LPF/ACTIVE_LOW_EXT.ACT_LO_EXT/dest_clk
    SLICE_X29Y0          FDRE                                         r  pccx_v002_system_i/rst_axi/U0/EXT_LPF/ACTIVE_LOW_EXT.ACT_LO_EXT/syncstages_ff_reg[0]/C





--------------------------------------------------------------------------------------
Path Group:  (none)
From Clock:  clk_pl_0
  To Clock:  clk_pl_0

Max Delay           235 Endpoints
Min Delay           235 Endpoints
--------------------------------------------------------------------------------------


Max Delay Paths
--------------------------------------------------------------------------------------
Slack:                    inf
  Source:                 pccx_v002_system_i/sc_axil/inst/clk_map/psr_aclk/U0/ACTIVE_LOW_BSR_OUT_DFF[0].FDRE_BSR_N/C
                            (rising edge-triggered cell FDRE clocked by clk_pl_0  {rise@0.000ns fall@5.000ns period=10.000ns})
  Destination:            pccx_v002_system_i/sc_axil/inst/m03_nodes/m03_aw_node/inst/s_sc_xpm_cdc_async_rst_inst/arststages_ff_reg[0]/CLR
                            (recovery check against rising-edge clock clk_pl_0  {rise@0.000ns fall@5.000ns period=10.000ns})
  Path Group:             (none)
  Path Type:              Recovery (Max at Slow Process Corner)
  Data Path Delay:        6.564ns  (logic 0.113ns (1.722%)  route 6.451ns (98.278%))
  Logic Levels:           0  
  Clock Path Skew:        -0.307ns (DCD - SCD + CPR)
    Destination Clock Delay (DCD):    2.960ns
    Source Clock Delay      (SCD):    3.267ns
    Clock Pessimism Removal (CPR):    0.000ns
  Clock Uncertainty:      0.160ns  ((TSJ^2 + DJ^2)^1/2) / 2 + PE
    Total System Jitter     (TSJ):    0.071ns
    Discrete Jitter          (DJ):    0.312ns
    Phase Error              (PE):    0.000ns
  Clock Net Delay (Source):      3.000ns (routing 1.681ns, distribution 1.319ns)
  Clock Net Delay (Destination): 2.744ns (routing 1.538ns, distribution 1.206ns)
  Timing Exception:       False Path

    Location             Delay type                Incr(ns)  Path(ns)    Netlist Resource(s)
  -------------------------------------------------------------------    -------------------
                         (clock clk_pl_0 rise edge)
                                                      0.000     0.000 r  
    PS8_X0Y0             PS8                          0.000     0.000 r  pccx_v002_system_i/zynq_ps/inst/PS8_i/PLCLK[0]
                         net (fo=1, routed)           0.229     0.229    pccx_v002_system_i/zynq_ps/inst/pl_clk_unbuffered[0]
    BUFG_PS_X0Y90        BUFG_PS (Prop_BUFG_PS_I_O)
                                                      0.038     0.267 r  pccx_v002_system_i/zynq_ps/inst/buffer_pl_clk_0.PL_CLK_0_BUFG/O
    X1Y1 (CLOCK_ROOT)    net (fo=82277, routed)       3.000     3.267    pccx_v002_system_i/sc_axil/inst/clk_map/psr_aclk/U0/aclk
    SLICE_X38Y1          FDRE                                         r  pccx_v002_system_i/sc_axil/inst/clk_map/psr_aclk/U0/ACTIVE_LOW_BSR_OUT_DFF[0].FDRE_BSR_N/C
  -------------------------------------------------------------------    -------------------
    SLICE_X38Y1          FDRE (Prop_EFF_SLICEM_C_Q)
                                                      0.113     3.380 r  pccx_v002_system_i/sc_axil/inst/clk_map/psr_aclk/U0/ACTIVE_LOW_BSR_OUT_DFF[0].FDRE_BSR_N/Q
                         net (fo=150, routed)         6.451     9.831    pccx_v002_system_i/sc_axil/inst/m03_nodes/m03_aw_node/inst/s_sc_xpm_cdc_async_rst_inst/src_arst
    SLICE_X40Y209        FDCE                                         f  pccx_v002_system_i/sc_axil/inst/m03_nodes/m03_aw_node/inst/s_sc_xpm_cdc_async_rst_inst/arststages_ff_reg[0]/CLR  (IS_INVERTED)
  -------------------------------------------------------------------    -------------------

                         (clock clk_pl_0 rise edge)
                                                      0.000     0.000 r  
    PS8_X0Y0             PS8                          0.000     0.000 r  pccx_v002_system_i/zynq_ps/inst/PS8_i/PLCLK[0]
                         net (fo=1, routed)           0.181     0.181    pccx_v002_system_i/zynq_ps/inst/pl_clk_unbuffered[0]
    BUFG_PS_X0Y90        BUFG_PS (Prop_BUFG_PS_I_O)
                                                      0.035     0.216 r  pccx_v002_system_i/zynq_ps/inst/buffer_pl_clk_0.PL_CLK_0_BUFG/O
    X1Y1 (CLOCK_ROOT)    net (fo=82277, routed)       2.744     2.960    pccx_v002_system_i/sc_axil/inst/m03_nodes/m03_aw_node/inst/s_sc_xpm_cdc_async_rst_inst/dest_clk
    SLICE_X40Y209        FDCE                                         r  pccx_v002_system_i/sc_axil/inst/m03_nodes/m03_aw_node/inst/s_sc_xpm_cdc_async_rst_inst/arststages_ff_reg[0]/C

Slack:                    inf
  Source:                 pccx_v002_system_i/sc_axil/inst/clk_map/psr_aclk/U0/ACTIVE_LOW_BSR_OUT_DFF[0].FDRE_BSR_N/C
                            (rising edge-triggered cell FDRE clocked by clk_pl_0  {rise@0.000ns fall@5.000ns period=10.000ns})
  Destination:            pccx_v002_system_i/sc_axil/inst/m03_nodes/m03_aw_node/inst/s_sc_xpm_cdc_async_rst_inst/arststages_ff_reg[1]/CLR
                            (recovery check against rising-edge clock clk_pl_0  {rise@0.000ns fall@5.000ns period=10.000ns})
  Path Group:             (none)
  Path Type:              Recovery (Max at Slow Process Corner)
  Data Path Delay:        6.564ns  (logic 0.113ns (1.722%)  route 6.451ns (98.278%))
  Logic Levels:           0  
  Clock Path Skew:        -0.307ns (DCD - SCD + CPR)
    Destination Clock Delay (DCD):    2.960ns
    Source Clock Delay      (SCD):    3.267ns
    Clock Pessimism Removal (CPR):    0.000ns
  Clock Uncertainty:      0.160ns  ((TSJ^2 + DJ^2)^1/2) / 2 + PE
    Total System Jitter     (TSJ):    0.071ns
    Discrete Jitter          (DJ):    0.312ns
    Phase Error              (PE):    0.000ns
  Clock Net Delay (Source):      3.000ns (routing 1.681ns, distribution 1.319ns)
  Clock Net Delay (Destination): 2.744ns (routing 1.538ns, distribution 1.206ns)
  Timing Exception:       False Path

    Location             Delay type                Incr(ns)  Path(ns)    Netlist Resource(s)
  -------------------------------------------------------------------    -------------------
                         (clock clk_pl_0 rise edge)
                                                      0.000     0.000 r  
    PS8_X0Y0             PS8                          0.000     0.000 r  pccx_v002_system_i/zynq_ps/inst/PS8_i/PLCLK[0]
                         net (fo=1, routed)           0.229     0.229    pccx_v002_system_i/zynq_ps/inst/pl_clk_unbuffered[0]
    BUFG_PS_X0Y90        BUFG_PS (Prop_BUFG_PS_I_O)
                                                      0.038     0.267 r  pccx_v002_system_i/zynq_ps/inst/buffer_pl_clk_0.PL_CLK_0_BUFG/O
    X1Y1 (CLOCK_ROOT)    net (fo=82277, routed)       3.000     3.267    pccx_v002_system_i/sc_axil/inst/clk_map/psr_aclk/U0/aclk
    SLICE_X38Y1          FDRE                                         r  pccx_v002_system_i/sc_axil/inst/clk_map/psr_aclk/U0/ACTIVE_LOW_BSR_OUT_DFF[0].FDRE_BSR_N/C
  -------------------------------------------------------------------    -------------------
    SLICE_X38Y1          FDRE (Prop_EFF_SLICEM_C_Q)
                                                      0.113     3.380 r  pccx_v002_system_i/sc_axil/inst/clk_map/psr_aclk/U0/ACTIVE_LOW_BSR_OUT_DFF[0].FDRE_BSR_N/Q
                         net (fo=150, routed)         6.451     9.831    pccx_v002_system_i/sc_axil/inst/m03_nodes/m03_aw_node/inst/s_sc_xpm_cdc_async_rst_inst/src_arst
    SLICE_X40Y209        FDCE                                         f  pccx_v002_system_i/sc_axil/inst/m03_nodes/m03_aw_node/inst/s_sc_xpm_cdc_async_rst_inst/arststages_ff_reg[1]/CLR  (IS_INVERTED)
  -------------------------------------------------------------------    -------------------

                         (clock clk_pl_0 rise edge)
                                                      0.000     0.000 r  
    PS8_X0Y0             PS8                          0.000     0.000 r  pccx_v002_system_i/zynq_ps/inst/PS8_i/PLCLK[0]
                         net (fo=1, routed)           0.181     0.181    pccx_v002_system_i/zynq_ps/inst/pl_clk_unbuffered[0]
    BUFG_PS_X0Y90        BUFG_PS (Prop_BUFG_PS_I_O)
                                                      0.035     0.216 r  pccx_v002_system_i/zynq_ps/inst/buffer_pl_clk_0.PL_CLK_0_BUFG/O
    X1Y1 (CLOCK_ROOT)    net (fo=82277, routed)       2.744     2.960    pccx_v002_system_i/sc_axil/inst/m03_nodes/m03_aw_node/inst/s_sc_xpm_cdc_async_rst_inst/dest_clk
    SLICE_X40Y209        FDCE                                         r  pccx_v002_system_i/sc_axil/inst/m03_nodes/m03_aw_node/inst/s_sc_xpm_cdc_async_rst_inst/arststages_ff_reg[1]/C

Slack:                    inf
  Source:                 pccx_v002_system_i/sc_axil/inst/clk_map/psr_aclk/U0/ACTIVE_LOW_BSR_OUT_DFF[0].FDRE_BSR_N/C
                            (rising edge-triggered cell FDRE clocked by clk_pl_0  {rise@0.000ns fall@5.000ns period=10.000ns})
  Destination:            pccx_v002_system_i/sc_axil/inst/m03_nodes/m03_aw_node/inst/s_sc_xpm_cdc_async_rst_inst/arststages_ff_reg[2]/CLR
                            (recovery check against rising-edge clock clk_pl_0  {rise@0.000ns fall@5.000ns period=10.000ns})
  Path Group:             (none)
  Path Type:              Recovery (Max at Slow Process Corner)
  Data Path Delay:        6.564ns  (logic 0.113ns (1.722%)  route 6.451ns (98.278%))
  Logic Levels:           0  
  Clock Path Skew:        -0.307ns (DCD - SCD + CPR)
    Destination Clock Delay (DCD):    2.960ns
    Source Clock Delay      (SCD):    3.267ns
    Clock Pessimism Removal (CPR):    0.000ns
  Clock Uncertainty:      0.160ns  ((TSJ^2 + DJ^2)^1/2) / 2 + PE
    Total System Jitter     (TSJ):    0.071ns
    Discrete Jitter          (DJ):    0.312ns
    Phase Error              (PE):    0.000ns
  Clock Net Delay (Source):      3.000ns (routing 1.681ns, distribution 1.319ns)
  Clock Net Delay (Destination): 2.744ns (routing 1.538ns, distribution 1.206ns)
  Timing Exception:       False Path

    Location             Delay type                Incr(ns)  Path(ns)    Netlist Resource(s)
  -------------------------------------------------------------------    -------------------
                         (clock clk_pl_0 rise edge)
                                                      0.000     0.000 r  
    PS8_X0Y0             PS8                          0.000     0.000 r  pccx_v002_system_i/zynq_ps/inst/PS8_i/PLCLK[0]
                         net (fo=1, routed)           0.229     0.229    pccx_v002_system_i/zynq_ps/inst/pl_clk_unbuffered[0]
    BUFG_PS_X0Y90        BUFG_PS (Prop_BUFG_PS_I_O)
                                                      0.038     0.267 r  pccx_v002_system_i/zynq_ps/inst/buffer_pl_clk_0.PL_CLK_0_BUFG/O
    X1Y1 (CLOCK_ROOT)    net (fo=82277, routed)       3.000     3.267    pccx_v002_system_i/sc_axil/inst/clk_map/psr_aclk/U0/aclk
    SLICE_X38Y1          FDRE                                         r  pccx_v002_system_i/sc_axil/inst/clk_map/psr_aclk/U0/ACTIVE_LOW_BSR_OUT_DFF[0].FDRE_BSR_N/C
  -------------------------------------------------------------------    -------------------
    SLICE_X38Y1          FDRE (Prop_EFF_SLICEM_C_Q)
                                                      0.113     3.380 r  pccx_v002_system_i/sc_axil/inst/clk_map/psr_aclk/U0/ACTIVE_LOW_BSR_OUT_DFF[0].FDRE_BSR_N/Q
                         net (fo=150, routed)         6.451     9.831    pccx_v002_system_i/sc_axil/inst/m03_nodes/m03_aw_node/inst/s_sc_xpm_cdc_async_rst_inst/src_arst
    SLICE_X40Y209        FDCE                                         f  pccx_v002_system_i/sc_axil/inst/m03_nodes/m03_aw_node/inst/s_sc_xpm_cdc_async_rst_inst/arststages_ff_reg[2]/CLR  (IS_INVERTED)
  -------------------------------------------------------------------    -------------------

                         (clock clk_pl_0 rise edge)
                                                      0.000     0.000 r  
    PS8_X0Y0             PS8                          0.000     0.000 r  pccx_v002_system_i/zynq_ps/inst/PS8_i/PLCLK[0]
                         net (fo=1, routed)           0.181     0.181    pccx_v002_system_i/zynq_ps/inst/pl_clk_unbuffered[0]
    BUFG_PS_X0Y90        BUFG_PS (Prop_BUFG_PS_I_O)
                                                      0.035     0.216 r  pccx_v002_system_i/zynq_ps/inst/buffer_pl_clk_0.PL_CLK_0_BUFG/O
    X1Y1 (CLOCK_ROOT)    net (fo=82277, routed)       2.744     2.960    pccx_v002_system_i/sc_axil/inst/m03_nodes/m03_aw_node/inst/s_sc_xpm_cdc_async_rst_inst/dest_clk
    SLICE_X40Y209        FDCE                                         r  pccx_v002_system_i/sc_axil/inst/m03_nodes/m03_aw_node/inst/s_sc_xpm_cdc_async_rst_inst/arststages_ff_reg[2]/C

Slack:                    inf
  Source:                 pccx_v002_system_i/sc_axil/inst/clk_map/psr_aclk/U0/ACTIVE_LOW_BSR_OUT_DFF[0].FDRE_BSR_N/C
                            (rising edge-triggered cell FDRE clocked by clk_pl_0  {rise@0.000ns fall@5.000ns period=10.000ns})
  Destination:            pccx_v002_system_i/sc_axil/inst/m02_exit_pipeline/m02_exit/inst/xpm_cdc_async_rst_inst/arststages_ff_reg[0]/CLR
                            (recovery check against rising-edge clock clk_pl_0  {rise@0.000ns fall@5.000ns period=10.000ns})
  Path Group:             (none)
  Path Type:              Recovery (Max at Slow Process Corner)
  Data Path Delay:        6.523ns  (logic 0.113ns (1.732%)  route 6.410ns (98.268%))
  Logic Levels:           0  
  Clock Path Skew:        -0.303ns (DCD - SCD + CPR)
    Destination Clock Delay (DCD):    2.964ns
    Source Clock Delay      (SCD):    3.267ns
    Clock Pessimism Removal (CPR):    0.000ns
  Clock Uncertainty:      0.160ns  ((TSJ^2 + DJ^2)^1/2) / 2 + PE
    Total System Jitter     (TSJ):    0.071ns
    Discrete Jitter          (DJ):    0.312ns
    Phase Error              (PE):    0.000ns
  Clock Net Delay (Source):      3.000ns (routing 1.681ns, distribution 1.319ns)
  Clock Net Delay (Destination): 2.748ns (routing 1.538ns, distribution 1.210ns)
  Timing Exception:       False Path

    Location             Delay type                Incr(ns)  Path(ns)    Netlist Resource(s)
  -------------------------------------------------------------------    -------------------
                         (clock clk_pl_0 rise edge)
                                                      0.000     0.000 r  
    PS8_X0Y0             PS8                          0.000     0.000 r  pccx_v002_system_i/zynq_ps/inst/PS8_i/PLCLK[0]
                         net (fo=1, routed)           0.229     0.229    pccx_v002_system_i/zynq_ps/inst/pl_clk_unbuffered[0]
    BUFG_PS_X0Y90        BUFG_PS (Prop_BUFG_PS_I_O)
                                                      0.038     0.267 r  pccx_v002_system_i/zynq_ps/inst/buffer_pl_clk_0.PL_CLK_0_BUFG/O
    X1Y1 (CLOCK_ROOT)    net (fo=82277, routed)       3.000     3.267    pccx_v002_system_i/sc_axil/inst/clk_map/psr_aclk/U0/aclk
    SLICE_X38Y1          FDRE                                         r  pccx_v002_system_i/sc_axil/inst/clk_map/psr_aclk/U0/ACTIVE_LOW_BSR_OUT_DFF[0].FDRE_BSR_N/C
  -------------------------------------------------------------------    -------------------
    SLICE_X38Y1          FDRE (Prop_EFF_SLICEM_C_Q)
                                                      0.113     3.380 r  pccx_v002_system_i/sc_axil/inst/clk_map/psr_aclk/U0/ACTIVE_LOW_BSR_OUT_DFF[0].FDRE_BSR_N/Q
                         net (fo=150, routed)         6.410     9.790    pccx_v002_system_i/sc_axil/inst/m02_exit_pipeline/m02_exit/inst/xpm_cdc_async_rst_inst/src_arst
    SLICE_X35Y209        FDCE                                         f  pccx_v002_system_i/sc_axil/inst/m02_exit_pipeline/m02_exit/inst/xpm_cdc_async_rst_inst/arststages_ff_reg[0]/CLR  (IS_INVERTED)
  -------------------------------------------------------------------    -------------------

                         (clock clk_pl_0 rise edge)
                                                      0.000     0.000 r  
    PS8_X0Y0             PS8                          0.000     0.000 r  pccx_v002_system_i/zynq_ps/inst/PS8_i/PLCLK[0]
                         net (fo=1, routed)           0.181     0.181    pccx_v002_system_i/zynq_ps/inst/pl_clk_unbuffered[0]
    BUFG_PS_X0Y90        BUFG_PS (Prop_BUFG_PS_I_O)
                                                      0.035     0.216 r  pccx_v002_system_i/zynq_ps/inst/buffer_pl_clk_0.PL_CLK_0_BUFG/O
    X1Y1 (CLOCK_ROOT)    net (fo=82277, routed)       2.748     2.964    pccx_v002_system_i/sc_axil/inst/m02_exit_pipeline/m02_exit/inst/xpm_cdc_async_rst_inst/dest_clk
    SLICE_X35Y209        FDCE                                         r  pccx_v002_system_i/sc_axil/inst/m02_exit_pipeline/m02_exit/inst/xpm_cdc_async_rst_inst/arststages_ff_reg[0]/C

Slack:                    inf
  Source:                 pccx_v002_system_i/sc_axil/inst/clk_map/psr_aclk/U0/ACTIVE_LOW_BSR_OUT_DFF[0].FDRE_BSR_N/C
                            (rising edge-triggered cell FDRE clocked by clk_pl_0  {rise@0.000ns fall@5.000ns period=10.000ns})
  Destination:            pccx_v002_system_i/sc_axil/inst/m02_exit_pipeline/m02_exit/inst/xpm_cdc_async_rst_inst/arststages_ff_reg[1]/CLR
                            (recovery check against rising-edge clock clk_pl_0  {rise@0.000ns fall@5.000ns period=10.000ns})
  Path Group:             (none)
  Path Type:              Recovery (Max at Slow Process Corner)
  Data Path Delay:        6.523ns  (logic 0.113ns (1.732%)  route 6.410ns (98.268%))
  Logic Levels:           0  
  Clock Path Skew:        -0.303ns (DCD - SCD + CPR)
    Destination Clock Delay (DCD):    2.964ns
    Source Clock Delay      (SCD):    3.267ns
    Clock Pessimism Removal (CPR):    0.000ns
  Clock Uncertainty:      0.160ns  ((TSJ^2 + DJ^2)^1/2) / 2 + PE
    Total System Jitter     (TSJ):    0.071ns
    Discrete Jitter          (DJ):    0.312ns
    Phase Error              (PE):    0.000ns
  Clock Net Delay (Source):      3.000ns (routing 1.681ns, distribution 1.319ns)
  Clock Net Delay (Destination): 2.748ns (routing 1.538ns, distribution 1.210ns)
  Timing Exception:       False Path

    Location             Delay type                Incr(ns)  Path(ns)    Netlist Resource(s)
  -------------------------------------------------------------------    -------------------
                         (clock clk_pl_0 rise edge)
                                                      0.000     0.000 r  
    PS8_X0Y0             PS8                          0.000     0.000 r  pccx_v002_system_i/zynq_ps/inst/PS8_i/PLCLK[0]
                         net (fo=1, routed)           0.229     0.229    pccx_v002_system_i/zynq_ps/inst/pl_clk_unbuffered[0]
    BUFG_PS_X0Y90        BUFG_PS (Prop_BUFG_PS_I_O)
                                                      0.038     0.267 r  pccx_v002_system_i/zynq_ps/inst/buffer_pl_clk_0.PL_CLK_0_BUFG/O
    X1Y1 (CLOCK_ROOT)    net (fo=82277, routed)       3.000     3.267    pccx_v002_system_i/sc_axil/inst/clk_map/psr_aclk/U0/aclk
    SLICE_X38Y1          FDRE                                         r  pccx_v002_system_i/sc_axil/inst/clk_map/psr_aclk/U0/ACTIVE_LOW_BSR_OUT_DFF[0].FDRE_BSR_N/C
  -------------------------------------------------------------------    -------------------
    SLICE_X38Y1          FDRE (Prop_EFF_SLICEM_C_Q)
                                                      0.113     3.380 r  pccx_v002_system_i/sc_axil/inst/clk_map/psr_aclk/U0/ACTIVE_LOW_BSR_OUT_DFF[0].FDRE_BSR_N/Q
                         net (fo=150, routed)         6.410     9.790    pccx_v002_system_i/sc_axil/inst/m02_exit_pipeline/m02_exit/inst/xpm_cdc_async_rst_inst/src_arst
    SLICE_X35Y209        FDCE                                         f  pccx_v002_system_i/sc_axil/inst/m02_exit_pipeline/m02_exit/inst/xpm_cdc_async_rst_inst/arststages_ff_reg[1]/CLR  (IS_INVERTED)
  -------------------------------------------------------------------    -------------------

                         (clock clk_pl_0 rise edge)
                                                      0.000     0.000 r  
    PS8_X0Y0             PS8                          0.000     0.000 r  pccx_v002_system_i/zynq_ps/inst/PS8_i/PLCLK[0]
                         net (fo=1, routed)           0.181     0.181    pccx_v002_system_i/zynq_ps/inst/pl_clk_unbuffered[0]
    BUFG_PS_X0Y90        BUFG_PS (Prop_BUFG_PS_I_O)
                                                      0.035     0.216 r  pccx_v002_system_i/zynq_ps/inst/buffer_pl_clk_0.PL_CLK_0_BUFG/O
    X1Y1 (CLOCK_ROOT)    net (fo=82277, routed)       2.748     2.964    pccx_v002_system_i/sc_axil/inst/m02_exit_pipeline/m02_exit/inst/xpm_cdc_async_rst_inst/dest_clk
    SLICE_X35Y209        FDCE                                         r  pccx_v002_system_i/sc_axil/inst/m02_exit_pipeline/m02_exit/inst/xpm_cdc_async_rst_inst/arststages_ff_reg[1]/C

Slack:                    inf
  Source:                 pccx_v002_system_i/sc_axil/inst/clk_map/psr_aclk/U0/ACTIVE_LOW_BSR_OUT_DFF[0].FDRE_BSR_N/C
                            (rising edge-triggered cell FDRE clocked by clk_pl_0  {rise@0.000ns fall@5.000ns period=10.000ns})
  Destination:            pccx_v002_system_i/sc_axil/inst/m02_exit_pipeline/m02_exit/inst/xpm_cdc_async_rst_inst/arststages_ff_reg[2]/CLR
                            (recovery check against rising-edge clock clk_pl_0  {rise@0.000ns fall@5.000ns period=10.000ns})
  Path Group:             (none)
  Path Type:              Recovery (Max at Slow Process Corner)
  Data Path Delay:        6.523ns  (logic 0.113ns (1.732%)  route 6.410ns (98.268%))
  Logic Levels:           0  
  Clock Path Skew:        -0.303ns (DCD - SCD + CPR)
    Destination Clock Delay (DCD):    2.964ns
    Source Clock Delay      (SCD):    3.267ns
    Clock Pessimism Removal (CPR):    0.000ns
  Clock Uncertainty:      0.160ns  ((TSJ^2 + DJ^2)^1/2) / 2 + PE
    Total System Jitter     (TSJ):    0.071ns
    Discrete Jitter          (DJ):    0.312ns
    Phase Error              (PE):    0.000ns
  Clock Net Delay (Source):      3.000ns (routing 1.681ns, distribution 1.319ns)
  Clock Net Delay (Destination): 2.748ns (routing 1.538ns, distribution 1.210ns)
  Timing Exception:       False Path

    Location             Delay type                Incr(ns)  Path(ns)    Netlist Resource(s)
  -------------------------------------------------------------------    -------------------
                         (clock clk_pl_0 rise edge)
                                                      0.000     0.000 r  
    PS8_X0Y0             PS8                          0.000     0.000 r  pccx_v002_system_i/zynq_ps/inst/PS8_i/PLCLK[0]
                         net (fo=1, routed)           0.229     0.229    pccx_v002_system_i/zynq_ps/inst/pl_clk_unbuffered[0]
    BUFG_PS_X0Y90        BUFG_PS (Prop_BUFG_PS_I_O)
                                                      0.038     0.267 r  pccx_v002_system_i/zynq_ps/inst/buffer_pl_clk_0.PL_CLK_0_BUFG/O
    X1Y1 (CLOCK_ROOT)    net (fo=82277, routed)       3.000     3.267    pccx_v002_system_i/sc_axil/inst/clk_map/psr_aclk/U0/aclk
    SLICE_X38Y1          FDRE                                         r  pccx_v002_system_i/sc_axil/inst/clk_map/psr_aclk/U0/ACTIVE_LOW_BSR_OUT_DFF[0].FDRE_BSR_N/C
  -------------------------------------------------------------------    -------------------
    SLICE_X38Y1          FDRE (Prop_EFF_SLICEM_C_Q)
                                                      0.113     3.380 r  pccx_v002_system_i/sc_axil/inst/clk_map/psr_aclk/U0/ACTIVE_LOW_BSR_OUT_DFF[0].FDRE_BSR_N/Q
                         net (fo=150, routed)         6.410     9.790    pccx_v002_system_i/sc_axil/inst/m02_exit_pipeline/m02_exit/inst/xpm_cdc_async_rst_inst/src_arst
    SLICE_X35Y209        FDCE                                         f  pccx_v002_system_i/sc_axil/inst/m02_exit_pipeline/m02_exit/inst/xpm_cdc_async_rst_inst/arststages_ff_reg[2]/CLR  (IS_INVERTED)
  -------------------------------------------------------------------    -------------------

                         (clock clk_pl_0 rise edge)
                                                      0.000     0.000 r  
    PS8_X0Y0             PS8                          0.000     0.000 r  pccx_v002_system_i/zynq_ps/inst/PS8_i/PLCLK[0]
                         net (fo=1, routed)           0.181     0.181    pccx_v002_system_i/zynq_ps/inst/pl_clk_unbuffered[0]
    BUFG_PS_X0Y90        BUFG_PS (Prop_BUFG_PS_I_O)
                                                      0.035     0.216 r  pccx_v002_system_i/zynq_ps/inst/buffer_pl_clk_0.PL_CLK_0_BUFG/O
    X1Y1 (CLOCK_ROOT)    net (fo=82277, routed)       2.748     2.964    pccx_v002_system_i/sc_axil/inst/m02_exit_pipeline/m02_exit/inst/xpm_cdc_async_rst_inst/dest_clk
    SLICE_X35Y209        FDCE                                         r  pccx_v002_system_i/sc_axil/inst/m02_exit_pipeline/m02_exit/inst/xpm_cdc_async_rst_inst/arststages_ff_reg[2]/C

Slack:                    inf
  Source:                 pccx_v002_system_i/sc_axil/inst/clk_map/psr_aclk/U0/ACTIVE_LOW_BSR_OUT_DFF[0].FDRE_BSR_N/C
                            (rising edge-triggered cell FDRE clocked by clk_pl_0  {rise@0.000ns fall@5.000ns period=10.000ns})
  Destination:            pccx_v002_system_i/sc_axil/inst/m02_nodes/m02_ar_node/inst/s_sc_xpm_cdc_async_rst_inst/arststages_ff_reg[0]/CLR
                            (recovery check against rising-edge clock clk_pl_0  {rise@0.000ns fall@5.000ns period=10.000ns})
  Path Group:             (none)
  Path Type:              Recovery (Max at Slow Process Corner)
  Data Path Delay:        6.393ns  (logic 0.113ns (1.768%)  route 6.280ns (98.232%))
  Logic Levels:           0  
  Clock Path Skew:        -0.099ns (DCD - SCD + CPR)
    Destination Clock Delay (DCD):    3.168ns
    Source Clock Delay      (SCD):    3.267ns
    Clock Pessimism Removal (CPR):    0.000ns
  Clock Uncertainty:      0.160ns  ((TSJ^2 + DJ^2)^1/2) / 2 + PE
    Total System Jitter     (TSJ):    0.071ns
    Discrete Jitter          (DJ):    0.312ns
    Phase Error              (PE):    0.000ns
  Clock Net Delay (Source):      3.000ns (routing 1.681ns, distribution 1.319ns)
  Clock Net Delay (Destination): 2.952ns (routing 1.538ns, distribution 1.414ns)
  Timing Exception:       False Path

    Location             Delay type                Incr(ns)  Path(ns)    Netlist Resource(s)
  -------------------------------------------------------------------    -------------------
                         (clock clk_pl_0 rise edge)
                                                      0.000     0.000 r  
    PS8_X0Y0             PS8                          0.000     0.000 r  pccx_v002_system_i/zynq_ps/inst/PS8_i/PLCLK[0]
                         net (fo=1, routed)           0.229     0.229    pccx_v002_system_i/zynq_ps/inst/pl_clk_unbuffered[0]
    BUFG_PS_X0Y90        BUFG_PS (Prop_BUFG_PS_I_O)
                                                      0.038     0.267 r  pccx_v002_system_i/zynq_ps/inst/buffer_pl_clk_0.PL_CLK_0_BUFG/O
    X1Y1 (CLOCK_ROOT)    net (fo=82277, routed)       3.000     3.267    pccx_v002_system_i/sc_axil/inst/clk_map/psr_aclk/U0/aclk
    SLICE_X38Y1          FDRE                                         r  pccx_v002_system_i/sc_axil/inst/clk_map/psr_aclk/U0/ACTIVE_LOW_BSR_OUT_DFF[0].FDRE_BSR_N/C
  -------------------------------------------------------------------    -------------------
    SLICE_X38Y1          FDRE (Prop_EFF_SLICEM_C_Q)
                                                      0.113     3.380 r  pccx_v002_system_i/sc_axil/inst/clk_map/psr_aclk/U0/ACTIVE_LOW_BSR_OUT_DFF[0].FDRE_BSR_N/Q
                         net (fo=150, routed)         6.280     9.660    pccx_v002_system_i/sc_axil/inst/m02_nodes/m02_ar_node/inst/s_sc_xpm_cdc_async_rst_inst/src_arst
    SLICE_X22Y184        FDCE                                         f  pccx_v002_system_i/sc_axil/inst/m02_nodes/m02_ar_node/inst/s_sc_xpm_cdc_async_rst_inst/arststages_ff_reg[0]/CLR  (IS_INVERTED)
  -------------------------------------------------------------------    -------------------

                         (clock clk_pl_0 rise edge)
                                                      0.000     0.000 r  
    PS8_X0Y0             PS8                          0.000     0.000 r  pccx_v002_system_i/zynq_ps/inst/PS8_i/PLCLK[0]
                         net (fo=1, routed)           0.181     0.181    pccx_v002_system_i/zynq_ps/inst/pl_clk_unbuffered[0]
    BUFG_PS_X0Y90        BUFG_PS (Prop_BUFG_PS_I_O)
                                                      0.035     0.216 r  pccx_v002_system_i/zynq_ps/inst/buffer_pl_clk_0.PL_CLK_0_BUFG/O
    X1Y1 (CLOCK_ROOT)    net (fo=82277, routed)       2.952     3.168    pccx_v002_system_i/sc_axil/inst/m02_nodes/m02_ar_node/inst/s_sc_xpm_cdc_async_rst_inst/dest_clk
    SLICE_X22Y184        FDCE                                         r  pccx_v002_system_i/sc_axil/inst/m02_nodes/m02_ar_node/inst/s_sc_xpm_cdc_async_rst_inst/arststages_ff_reg[0]/C

Slack:                    inf
  Source:                 pccx_v002_system_i/sc_axil/inst/clk_map/psr_aclk/U0/ACTIVE_LOW_BSR_OUT_DFF[0].FDRE_BSR_N/C
                            (rising edge-triggered cell FDRE clocked by clk_pl_0  {rise@0.000ns fall@5.000ns period=10.000ns})
  Destination:            pccx_v002_system_i/sc_axil/inst/m02_nodes/m02_ar_node/inst/s_sc_xpm_cdc_async_rst_inst/arststages_ff_reg[1]/CLR
                            (recovery check against rising-edge clock clk_pl_0  {rise@0.000ns fall@5.000ns period=10.000ns})
  Path Group:             (none)
  Path Type:              Recovery (Max at Slow Process Corner)
  Data Path Delay:        6.393ns  (logic 0.113ns (1.768%)  route 6.280ns (98.232%))
  Logic Levels:           0  
  Clock Path Skew:        -0.099ns (DCD - SCD + CPR)
    Destination Clock Delay (DCD):    3.168ns
    Source Clock Delay      (SCD):    3.267ns
    Clock Pessimism Removal (CPR):    0.000ns
  Clock Uncertainty:      0.160ns  ((TSJ^2 + DJ^2)^1/2) / 2 + PE
    Total System Jitter     (TSJ):    0.071ns
    Discrete Jitter          (DJ):    0.312ns
    Phase Error              (PE):    0.000ns
  Clock Net Delay (Source):      3.000ns (routing 1.681ns, distribution 1.319ns)
  Clock Net Delay (Destination): 2.952ns (routing 1.538ns, distribution 1.414ns)
  Timing Exception:       False Path

    Location             Delay type                Incr(ns)  Path(ns)    Netlist Resource(s)
  -------------------------------------------------------------------    -------------------
                         (clock clk_pl_0 rise edge)
                                                      0.000     0.000 r  
    PS8_X0Y0             PS8                          0.000     0.000 r  pccx_v002_system_i/zynq_ps/inst/PS8_i/PLCLK[0]
                         net (fo=1, routed)           0.229     0.229    pccx_v002_system_i/zynq_ps/inst/pl_clk_unbuffered[0]
    BUFG_PS_X0Y90        BUFG_PS (Prop_BUFG_PS_I_O)
                                                      0.038     0.267 r  pccx_v002_system_i/zynq_ps/inst/buffer_pl_clk_0.PL_CLK_0_BUFG/O
    X1Y1 (CLOCK_ROOT)    net (fo=82277, routed)       3.000     3.267    pccx_v002_system_i/sc_axil/inst/clk_map/psr_aclk/U0/aclk
    SLICE_X38Y1          FDRE                                         r  pccx_v002_system_i/sc_axil/inst/clk_map/psr_aclk/U0/ACTIVE_LOW_BSR_OUT_DFF[0].FDRE_BSR_N/C
  -------------------------------------------------------------------    -------------------
    SLICE_X38Y1          FDRE (Prop_EFF_SLICEM_C_Q)
                                                      0.113     3.380 r  pccx_v002_system_i/sc_axil/inst/clk_map/psr_aclk/U0/ACTIVE_LOW_BSR_OUT_DFF[0].FDRE_BSR_N/Q
                         net (fo=150, routed)         6.280     9.660    pccx_v002_system_i/sc_axil/inst/m02_nodes/m02_ar_node/inst/s_sc_xpm_cdc_async_rst_inst/src_arst
    SLICE_X22Y184        FDCE                                         f  pccx_v002_system_i/sc_axil/inst/m02_nodes/m02_ar_node/inst/s_sc_xpm_cdc_async_rst_inst/arststages_ff_reg[1]/CLR  (IS_INVERTED)
  -------------------------------------------------------------------    -------------------

                         (clock clk_pl_0 rise edge)
                                                      0.000     0.000 r  
    PS8_X0Y0             PS8                          0.000     0.000 r  pccx_v002_system_i/zynq_ps/inst/PS8_i/PLCLK[0]
                         net (fo=1, routed)           0.181     0.181    pccx_v002_system_i/zynq_ps/inst/pl_clk_unbuffered[0]
    BUFG_PS_X0Y90        BUFG_PS (Prop_BUFG_PS_I_O)
                                                      0.035     0.216 r  pccx_v002_system_i/zynq_ps/inst/buffer_pl_clk_0.PL_CLK_0_BUFG/O
    X1Y1 (CLOCK_ROOT)    net (fo=82277, routed)       2.952     3.168    pccx_v002_system_i/sc_axil/inst/m02_nodes/m02_ar_node/inst/s_sc_xpm_cdc_async_rst_inst/dest_clk
    SLICE_X22Y184        FDCE                                         r  pccx_v002_system_i/sc_axil/inst/m02_nodes/m02_ar_node/inst/s_sc_xpm_cdc_async_rst_inst/arststages_ff_reg[1]/C

Slack:                    inf
  Source:                 pccx_v002_system_i/sc_axil/inst/clk_map/psr_aclk/U0/ACTIVE_LOW_BSR_OUT_DFF[0].FDRE_BSR_N/C
                            (rising edge-triggered cell FDRE clocked by clk_pl_0  {rise@0.000ns fall@5.000ns period=10.000ns})
  Destination:            pccx_v002_system_i/sc_axil/inst/m02_nodes/m02_ar_node/inst/s_sc_xpm_cdc_async_rst_inst/arststages_ff_reg[2]/CLR
                            (recovery check against rising-edge clock clk_pl_0  {rise@0.000ns fall@5.000ns period=10.000ns})
  Path Group:             (none)
  Path Type:              Recovery (Max at Slow Process Corner)
  Data Path Delay:        6.393ns  (logic 0.113ns (1.768%)  route 6.280ns (98.232%))
  Logic Levels:           0  
  Clock Path Skew:        -0.099ns (DCD - SCD + CPR)
    Destination Clock Delay (DCD):    3.168ns
    Source Clock Delay      (SCD):    3.267ns
    Clock Pessimism Removal (CPR):    0.000ns
  Clock Uncertainty:      0.160ns  ((TSJ^2 + DJ^2)^1/2) / 2 + PE
    Total System Jitter     (TSJ):    0.071ns
    Discrete Jitter          (DJ):    0.312ns
    Phase Error              (PE):    0.000ns
  Clock Net Delay (Source):      3.000ns (routing 1.681ns, distribution 1.319ns)
  Clock Net Delay (Destination): 2.952ns (routing 1.538ns, distribution 1.414ns)
  Timing Exception:       False Path

    Location             Delay type                Incr(ns)  Path(ns)    Netlist Resource(s)
  -------------------------------------------------------------------    -------------------
                         (clock clk_pl_0 rise edge)
                                                      0.000     0.000 r  
    PS8_X0Y0             PS8                          0.000     0.000 r  pccx_v002_system_i/zynq_ps/inst/PS8_i/PLCLK[0]
                         net (fo=1, routed)           0.229     0.229    pccx_v002_system_i/zynq_ps/inst/pl_clk_unbuffered[0]
    BUFG_PS_X0Y90        BUFG_PS (Prop_BUFG_PS_I_O)
                                                      0.038     0.267 r  pccx_v002_system_i/zynq_ps/inst/buffer_pl_clk_0.PL_CLK_0_BUFG/O
    X1Y1 (CLOCK_ROOT)    net (fo=82277, routed)       3.000     3.267    pccx_v002_system_i/sc_axil/inst/clk_map/psr_aclk/U0/aclk
    SLICE_X38Y1          FDRE                                         r  pccx_v002_system_i/sc_axil/inst/clk_map/psr_aclk/U0/ACTIVE_LOW_BSR_OUT_DFF[0].FDRE_BSR_N/C
  -------------------------------------------------------------------    -------------------
    SLICE_X38Y1          FDRE (Prop_EFF_SLICEM_C_Q)
                                                      0.113     3.380 r  pccx_v002_system_i/sc_axil/inst/clk_map/psr_aclk/U0/ACTIVE_LOW_BSR_OUT_DFF[0].FDRE_BSR_N/Q
                         net (fo=150, routed)         6.280     9.660    pccx_v002_system_i/sc_axil/inst/m02_nodes/m02_ar_node/inst/s_sc_xpm_cdc_async_rst_inst/src_arst
    SLICE_X22Y184        FDCE                                         f  pccx_v002_system_i/sc_axil/inst/m02_nodes/m02_ar_node/inst/s_sc_xpm_cdc_async_rst_inst/arststages_ff_reg[2]/CLR  (IS_INVERTED)
  -------------------------------------------------------------------    -------------------

                         (clock clk_pl_0 rise edge)
                                                      0.000     0.000 r  
    PS8_X0Y0             PS8                          0.000     0.000 r  pccx_v002_system_i/zynq_ps/inst/PS8_i/PLCLK[0]
                         net (fo=1, routed)           0.181     0.181    pccx_v002_system_i/zynq_ps/inst/pl_clk_unbuffered[0]
    BUFG_PS_X0Y90        BUFG_PS (Prop_BUFG_PS_I_O)
                                                      0.035     0.216 r  pccx_v002_system_i/zynq_ps/inst/buffer_pl_clk_0.PL_CLK_0_BUFG/O
    X1Y1 (CLOCK_ROOT)    net (fo=82277, routed)       2.952     3.168    pccx_v002_system_i/sc_axil/inst/m02_nodes/m02_ar_node/inst/s_sc_xpm_cdc_async_rst_inst/dest_clk
    SLICE_X22Y184        FDCE                                         r  pccx_v002_system_i/sc_axil/inst/m02_nodes/m02_ar_node/inst/s_sc_xpm_cdc_async_rst_inst/arststages_ff_reg[2]/C

Slack:                    inf
  Source:                 pccx_v002_system_i/sc_axil/inst/clk_map/psr_aclk/U0/ACTIVE_LOW_BSR_OUT_DFF[0].FDRE_BSR_N/C
                            (rising edge-triggered cell FDRE clocked by clk_pl_0  {rise@0.000ns fall@5.000ns period=10.000ns})
  Destination:            pccx_v002_system_i/sc_axil/inst/m03_exit_pipeline/m03_exit/inst/xpm_cdc_async_rst_inst/arststages_ff_reg[0]/CLR
                            (recovery check against rising-edge clock clk_pl_0  {rise@0.000ns fall@5.000ns period=10.000ns})
  Path Group:             (none)
  Path Type:              Recovery (Max at Slow Process Corner)
  Data Path Delay:        6.263ns  (logic 0.113ns (1.804%)  route 6.150ns (98.196%))
  Logic Levels:           0  
  Clock Path Skew:        -0.293ns (DCD - SCD + CPR)
    Destination Clock Delay (DCD):    2.974ns
    Source Clock Delay      (SCD):    3.267ns
    Clock Pessimism Removal (CPR):    0.000ns
  Clock Uncertainty:      0.160ns  ((TSJ^2 + DJ^2)^1/2) / 2 + PE
    Total System Jitter     (TSJ):    0.071ns
    Discrete Jitter          (DJ):    0.312ns
    Phase Error              (PE):    0.000ns
  Clock Net Delay (Source):      3.000ns (routing 1.681ns, distribution 1.319ns)
  Clock Net Delay (Destination): 2.758ns (routing 1.538ns, distribution 1.220ns)
  Timing Exception:       False Path

    Location             Delay type                Incr(ns)  Path(ns)    Netlist Resource(s)
  -------------------------------------------------------------------    -------------------
                         (clock clk_pl_0 rise edge)
                                                      0.000     0.000 r  
    PS8_X0Y0             PS8                          0.000     0.000 r  pccx_v002_system_i/zynq_ps/inst/PS8_i/PLCLK[0]
                         net (fo=1, routed)           0.229     0.229    pccx_v002_system_i/zynq_ps/inst/pl_clk_unbuffered[0]
    BUFG_PS_X0Y90        BUFG_PS (Prop_BUFG_PS_I_O)
                                                      0.038     0.267 r  pccx_v002_system_i/zynq_ps/inst/buffer_pl_clk_0.PL_CLK_0_BUFG/O
    X1Y1 (CLOCK_ROOT)    net (fo=82277, routed)       3.000     3.267    pccx_v002_system_i/sc_axil/inst/clk_map/psr_aclk/U0/aclk
    SLICE_X38Y1          FDRE                                         r  pccx_v002_system_i/sc_axil/inst/clk_map/psr_aclk/U0/ACTIVE_LOW_BSR_OUT_DFF[0].FDRE_BSR_N/C
  -------------------------------------------------------------------    -------------------
    SLICE_X38Y1          FDRE (Prop_EFF_SLICEM_C_Q)
                                                      0.113     3.380 r  pccx_v002_system_i/sc_axil/inst/clk_map/psr_aclk/U0/ACTIVE_LOW_BSR_OUT_DFF[0].FDRE_BSR_N/Q
                         net (fo=150, routed)         6.150     9.529    pccx_v002_system_i/sc_axil/inst/m03_exit_pipeline/m03_exit/inst/xpm_cdc_async_rst_inst/src_arst
    SLICE_X39Y204        FDCE                                         f  pccx_v002_system_i/sc_axil/inst/m03_exit_pipeline/m03_exit/inst/xpm_cdc_async_rst_inst/arststages_ff_reg[0]/CLR  (IS_INVERTED)
  -------------------------------------------------------------------    -------------------

                         (clock clk_pl_0 rise edge)
                                                      0.000     0.000 r  
    PS8_X0Y0             PS8                          0.000     0.000 r  pccx_v002_system_i/zynq_ps/inst/PS8_i/PLCLK[0]
                         net (fo=1, routed)           0.181     0.181    pccx_v002_system_i/zynq_ps/inst/pl_clk_unbuffered[0]
    BUFG_PS_X0Y90        BUFG_PS (Prop_BUFG_PS_I_O)
                                                      0.035     0.216 r  pccx_v002_system_i/zynq_ps/inst/buffer_pl_clk_0.PL_CLK_0_BUFG/O
    X1Y1 (CLOCK_ROOT)    net (fo=82277, routed)       2.758     2.974    pccx_v002_system_i/sc_axil/inst/m03_exit_pipeline/m03_exit/inst/xpm_cdc_async_rst_inst/dest_clk
    SLICE_X39Y204        FDCE                                         r  pccx_v002_system_i/sc_axil/inst/m03_exit_pipeline/m03_exit/inst/xpm_cdc_async_rst_inst/arststages_ff_reg[0]/C

Slack:                    inf
  Source:                 pccx_v002_system_i/sc_axil/inst/clk_map/psr_aclk/U0/ACTIVE_LOW_BSR_OUT_DFF[0].FDRE_BSR_N/C
                            (rising edge-triggered cell FDRE clocked by clk_pl_0  {rise@0.000ns fall@5.000ns period=10.000ns})
  Destination:            pccx_v002_system_i/sc_axil/inst/m03_exit_pipeline/m03_exit/inst/xpm_cdc_async_rst_inst/arststages_ff_reg[1]/CLR
                            (recovery check against rising-edge clock clk_pl_0  {rise@0.000ns fall@5.000ns period=10.000ns})
  Path Group:             (none)
  Path Type:              Recovery (Max at Slow Process Corner)
  Data Path Delay:        6.263ns  (logic 0.113ns (1.804%)  route 6.150ns (98.196%))
  Logic Levels:           0  
  Clock Path Skew:        -0.293ns (DCD - SCD + CPR)
    Destination Clock Delay (DCD):    2.974ns
    Source Clock Delay      (SCD):    3.267ns
    Clock Pessimism Removal (CPR):    0.000ns
  Clock Uncertainty:      0.160ns  ((TSJ^2 + DJ^2)^1/2) / 2 + PE
    Total System Jitter     (TSJ):    0.071ns
    Discrete Jitter          (DJ):    0.312ns
    Phase Error              (PE):    0.000ns
  Clock Net Delay (Source):      3.000ns (routing 1.681ns, distribution 1.319ns)
  Clock Net Delay (Destination): 2.758ns (routing 1.538ns, distribution 1.220ns)
  Timing Exception:       False Path

    Location             Delay type                Incr(ns)  Path(ns)    Netlist Resource(s)
  -------------------------------------------------------------------    -------------------
                         (clock clk_pl_0 rise edge)
                                                      0.000     0.000 r  
    PS8_X0Y0             PS8                          0.000     0.000 r  pccx_v002_system_i/zynq_ps/inst/PS8_i/PLCLK[0]
                         net (fo=1, routed)           0.229     0.229    pccx_v002_system_i/zynq_ps/inst/pl_clk_unbuffered[0]
    BUFG_PS_X0Y90        BUFG_PS (Prop_BUFG_PS_I_O)
                                                      0.038     0.267 r  pccx_v002_system_i/zynq_ps/inst/buffer_pl_clk_0.PL_CLK_0_BUFG/O
    X1Y1 (CLOCK_ROOT)    net (fo=82277, routed)       3.000     3.267    pccx_v002_system_i/sc_axil/inst/clk_map/psr_aclk/U0/aclk
    SLICE_X38Y1          FDRE                                         r  pccx_v002_system_i/sc_axil/inst/clk_map/psr_aclk/U0/ACTIVE_LOW_BSR_OUT_DFF[0].FDRE_BSR_N/C
  -------------------------------------------------------------------    -------------------
    SLICE_X38Y1          FDRE (Prop_EFF_SLICEM_C_Q)
                                                      0.113     3.380 r  pccx_v002_system_i/sc_axil/inst/clk_map/psr_aclk/U0/ACTIVE_LOW_BSR_OUT_DFF[0].FDRE_BSR_N/Q
                         net (fo=150, routed)         6.150     9.529    pccx_v002_system_i/sc_axil/inst/m03_exit_pipeline/m03_exit/inst/xpm_cdc_async_rst_inst/src_arst
    SLICE_X39Y204        FDCE                                         f  pccx_v002_system_i/sc_axil/inst/m03_exit_pipeline/m03_exit/inst/xpm_cdc_async_rst_inst/arststages_ff_reg[1]/CLR  (IS_INVERTED)
  -------------------------------------------------------------------    -------------------

                         (clock clk_pl_0 rise edge)
                                                      0.000     0.000 r  
    PS8_X0Y0             PS8                          0.000     0.000 r  pccx_v002_system_i/zynq_ps/inst/PS8_i/PLCLK[0]
                         net (fo=1, routed)           0.181     0.181    pccx_v002_system_i/zynq_ps/inst/pl_clk_unbuffered[0]
    BUFG_PS_X0Y90        BUFG_PS (Prop_BUFG_PS_I_O)
                                                      0.035     0.216 r  pccx_v002_system_i/zynq_ps/inst/buffer_pl_clk_0.PL_CLK_0_BUFG/O
    X1Y1 (CLOCK_ROOT)    net (fo=82277, routed)       2.758     2.974    pccx_v002_system_i/sc_axil/inst/m03_exit_pipeline/m03_exit/inst/xpm_cdc_async_rst_inst/dest_clk
    SLICE_X39Y204        FDCE                                         r  pccx_v002_system_i/sc_axil/inst/m03_exit_pipeline/m03_exit/inst/xpm_cdc_async_rst_inst/arststages_ff_reg[1]/C

Slack:                    inf
  Source:                 pccx_v002_system_i/sc_axil/inst/clk_map/psr_aclk/U0/ACTIVE_LOW_BSR_OUT_DFF[0].FDRE_BSR_N/C
                            (rising edge-triggered cell FDRE clocked by clk_pl_0  {rise@0.000ns fall@5.000ns period=10.000ns})
  Destination:            pccx_v002_system_i/sc_axil/inst/m03_exit_pipeline/m03_exit/inst/xpm_cdc_async_rst_inst/arststages_ff_reg[2]/CLR
                            (recovery check against rising-edge clock clk_pl_0  {rise@0.000ns fall@5.000ns period=10.000ns})
  Path Group:             (none)
  Path Type:              Recovery (Max at Slow Process Corner)
  Data Path Delay:        6.263ns  (logic 0.113ns (1.804%)  route 6.150ns (98.196%))
  Logic Levels:           0  
  Clock Path Skew:        -0.293ns (DCD - SCD + CPR)
    Destination Clock Delay (DCD):    2.974ns
    Source Clock Delay      (SCD):    3.267ns
    Clock Pessimism Removal (CPR):    0.000ns
  Clock Uncertainty:      0.160ns  ((TSJ^2 + DJ^2)^1/2) / 2 + PE
    Total System Jitter     (TSJ):    0.071ns
    Discrete Jitter          (DJ):    0.312ns
    Phase Error              (PE):    0.000ns
  Clock Net Delay (Source):      3.000ns (routing 1.681ns, distribution 1.319ns)
  Clock Net Delay (Destination): 2.758ns (routing 1.538ns, distribution 1.220ns)
  Timing Exception:       False Path

    Location             Delay type                Incr(ns)  Path(ns)    Netlist Resource(s)
  -------------------------------------------------------------------    -------------------
                         (clock clk_pl_0 rise edge)
                                                      0.000     0.000 r  
    PS8_X0Y0             PS8                          0.000     0.000 r  pccx_v002_system_i/zynq_ps/inst/PS8_i/PLCLK[0]
                         net (fo=1, routed)           0.229     0.229    pccx_v002_system_i/zynq_ps/inst/pl_clk_unbuffered[0]
    BUFG_PS_X0Y90        BUFG_PS (Prop_BUFG_PS_I_O)
                                                      0.038     0.267 r  pccx_v002_system_i/zynq_ps/inst/buffer_pl_clk_0.PL_CLK_0_BUFG/O
    X1Y1 (CLOCK_ROOT)    net (fo=82277, routed)       3.000     3.267    pccx_v002_system_i/sc_axil/inst/clk_map/psr_aclk/U0/aclk
    SLICE_X38Y1          FDRE                                         r  pccx_v002_system_i/sc_axil/inst/clk_map/psr_aclk/U0/ACTIVE_LOW_BSR_OUT_DFF[0].FDRE_BSR_N/C
  -------------------------------------------------------------------    -------------------
    SLICE_X38Y1          FDRE (Prop_EFF_SLICEM_C_Q)
                                                      0.113     3.380 r  pccx_v002_system_i/sc_axil/inst/clk_map/psr_aclk/U0/ACTIVE_LOW_BSR_OUT_DFF[0].FDRE_BSR_N/Q
                         net (fo=150, routed)         6.150     9.529    pccx_v002_system_i/sc_axil/inst/m03_exit_pipeline/m03_exit/inst/xpm_cdc_async_rst_inst/src_arst
    SLICE_X39Y204        FDCE                                         f  pccx_v002_system_i/sc_axil/inst/m03_exit_pipeline/m03_exit/inst/xpm_cdc_async_rst_inst/arststages_ff_reg[2]/CLR  (IS_INVERTED)
  -------------------------------------------------------------------    -------------------

                         (clock clk_pl_0 rise edge)
                                                      0.000     0.000 r  
    PS8_X0Y0             PS8                          0.000     0.000 r  pccx_v002_system_i/zynq_ps/inst/PS8_i/PLCLK[0]
                         net (fo=1, routed)           0.181     0.181    pccx_v002_system_i/zynq_ps/inst/pl_clk_unbuffered[0]
    BUFG_PS_X0Y90        BUFG_PS (Prop_BUFG_PS_I_O)
                                                      0.035     0.216 r  pccx_v002_system_i/zynq_ps/inst/buffer_pl_clk_0.PL_CLK_0_BUFG/O
    X1Y1 (CLOCK_ROOT)    net (fo=82277, routed)       2.758     2.974    pccx_v002_system_i/sc_axil/inst/m03_exit_pipeline/m03_exit/inst/xpm_cdc_async_rst_inst/dest_clk
    SLICE_X39Y204        FDCE                                         r  pccx_v002_system_i/sc_axil/inst/m03_exit_pipeline/m03_exit/inst/xpm_cdc_async_rst_inst/arststages_ff_reg[2]/C

Slack:                    inf
  Source:                 pccx_v002_system_i/sc_axil/inst/clk_map/psr_aclk/U0/ACTIVE_LOW_BSR_OUT_DFF[0].FDRE_BSR_N/C
                            (rising edge-triggered cell FDRE clocked by clk_pl_0  {rise@0.000ns fall@5.000ns period=10.000ns})
  Destination:            pccx_v002_system_i/sc_axil/inst/m02_nodes/m02_aw_node/inst/s_sc_xpm_cdc_async_rst_inst/arststages_ff_reg[0]/CLR
                            (recovery check against rising-edge clock clk_pl_0  {rise@0.000ns fall@5.000ns period=10.000ns})
  Path Group:             (none)
  Path Type:              Recovery (Max at Slow Process Corner)
  Data Path Delay:        6.224ns  (logic 0.113ns (1.816%)  route 6.111ns (98.184%))
  Logic Levels:           0  
  Clock Path Skew:        -0.319ns (DCD - SCD + CPR)
    Destination Clock Delay (DCD):    2.948ns
    Source Clock Delay      (SCD):    3.267ns
    Clock Pessimism Removal (CPR):    0.000ns
  Clock Uncertainty:      0.160ns  ((TSJ^2 + DJ^2)^1/2) / 2 + PE
    Total System Jitter     (TSJ):    0.071ns
    Discrete Jitter          (DJ):    0.312ns
    Phase Error              (PE):    0.000ns
  Clock Net Delay (Source):      3.000ns (routing 1.681ns, distribution 1.319ns)
  Clock Net Delay (Destination): 2.732ns (routing 1.538ns, distribution 1.194ns)
  Timing Exception:       False Path

    Location             Delay type                Incr(ns)  Path(ns)    Netlist Resource(s)
  -------------------------------------------------------------------    -------------------
                         (clock clk_pl_0 rise edge)
                                                      0.000     0.000 r  
    PS8_X0Y0             PS8                          0.000     0.000 r  pccx_v002_system_i/zynq_ps/inst/PS8_i/PLCLK[0]
                         net (fo=1, routed)           0.229     0.229    pccx_v002_system_i/zynq_ps/inst/pl_clk_unbuffered[0]
    BUFG_PS_X0Y90        BUFG_PS (Prop_BUFG_PS_I_O)
                                                      0.038     0.267 r  pccx_v002_system_i/zynq_ps/inst/buffer_pl_clk_0.PL_CLK_0_BUFG/O
    X1Y1 (CLOCK_ROOT)    net (fo=82277, routed)       3.000     3.267    pccx_v002_system_i/sc_axil/inst/clk_map/psr_aclk/U0/aclk
    SLICE_X38Y1          FDRE                                         r  pccx_v002_system_i/sc_axil/inst/clk_map/psr_aclk/U0/ACTIVE_LOW_BSR_OUT_DFF[0].FDRE_BSR_N/C
  -------------------------------------------------------------------    -------------------
    SLICE_X38Y1          FDRE (Prop_EFF_SLICEM_C_Q)
                                                      0.113     3.380 r  pccx_v002_system_i/sc_axil/inst/clk_map/psr_aclk/U0/ACTIVE_LOW_BSR_OUT_DFF[0].FDRE_BSR_N/Q
                         net (fo=150, routed)         6.111     9.491    pccx_v002_system_i/sc_axil/inst/m02_nodes/m02_aw_node/inst/s_sc_xpm_cdc_async_rst_inst/src_arst
    SLICE_X37Y210        FDCE                                         f  pccx_v002_system_i/sc_axil/inst/m02_nodes/m02_aw_node/inst/s_sc_xpm_cdc_async_rst_inst/arststages_ff_reg[0]/CLR  (IS_INVERTED)
  -------------------------------------------------------------------    -------------------

                         (clock clk_pl_0 rise edge)
                                                      0.000     0.000 r  
    PS8_X0Y0             PS8                          0.000     0.000 r  pccx_v002_system_i/zynq_ps/inst/PS8_i/PLCLK[0]
                         net (fo=1, routed)           0.181     0.181    pccx_v002_system_i/zynq_ps/inst/pl_clk_unbuffered[0]
    BUFG_PS_X0Y90        BUFG_PS (Prop_BUFG_PS_I_O)
                                                      0.035     0.216 r  pccx_v002_system_i/zynq_ps/inst/buffer_pl_clk_0.PL_CLK_0_BUFG/O
    X1Y1 (CLOCK_ROOT)    net (fo=82277, routed)       2.732     2.948    pccx_v002_system_i/sc_axil/inst/m02_nodes/m02_aw_node/inst/s_sc_xpm_cdc_async_rst_inst/dest_clk
    SLICE_X37Y210        FDCE                                         r  pccx_v002_system_i/sc_axil/inst/m02_nodes/m02_aw_node/inst/s_sc_xpm_cdc_async_rst_inst/arststages_ff_reg[0]/C

Slack:                    inf
  Source:                 pccx_v002_system_i/sc_axil/inst/clk_map/psr_aclk/U0/ACTIVE_LOW_BSR_OUT_DFF[0].FDRE_BSR_N/C
                            (rising edge-triggered cell FDRE clocked by clk_pl_0  {rise@0.000ns fall@5.000ns period=10.000ns})
  Destination:            pccx_v002_system_i/sc_axil/inst/m02_nodes/m02_aw_node/inst/s_sc_xpm_cdc_async_rst_inst/arststages_ff_reg[1]/CLR
                            (recovery check against rising-edge clock clk_pl_0  {rise@0.000ns fall@5.000ns period=10.000ns})
  Path Group:             (none)
  Path Type:              Recovery (Max at Slow Process Corner)
  Data Path Delay:        6.224ns  (logic 0.113ns (1.816%)  route 6.111ns (98.184%))
  Logic Levels:           0  
  Clock Path Skew:        -0.319ns (DCD - SCD + CPR)
    Destination Clock Delay (DCD):    2.948ns
    Source Clock Delay      (SCD):    3.267ns
    Clock Pessimism Removal (CPR):    0.000ns
  Clock Uncertainty:      0.160ns  ((TSJ^2 + DJ^2)^1/2) / 2 + PE
    Total System Jitter     (TSJ):    0.071ns
    Discrete Jitter          (DJ):    0.312ns
    Phase Error              (PE):    0.000ns
  Clock Net Delay (Source):      3.000ns (routing 1.681ns, distribution 1.319ns)
  Clock Net Delay (Destination): 2.732ns (routing 1.538ns, distribution 1.194ns)
  Timing Exception:       False Path

    Location             Delay type                Incr(ns)  Path(ns)    Netlist Resource(s)
  -------------------------------------------------------------------    -------------------
                         (clock clk_pl_0 rise edge)
                                                      0.000     0.000 r  
    PS8_X0Y0             PS8                          0.000     0.000 r  pccx_v002_system_i/zynq_ps/inst/PS8_i/PLCLK[0]
                         net (fo=1, routed)           0.229     0.229    pccx_v002_system_i/zynq_ps/inst/pl_clk_unbuffered[0]
    BUFG_PS_X0Y90        BUFG_PS (Prop_BUFG_PS_I_O)
                                                      0.038     0.267 r  pccx_v002_system_i/zynq_ps/inst/buffer_pl_clk_0.PL_CLK_0_BUFG/O
    X1Y1 (CLOCK_ROOT)    net (fo=82277, routed)       3.000     3.267    pccx_v002_system_i/sc_axil/inst/clk_map/psr_aclk/U0/aclk
    SLICE_X38Y1          FDRE                                         r  pccx_v002_system_i/sc_axil/inst/clk_map/psr_aclk/U0/ACTIVE_LOW_BSR_OUT_DFF[0].FDRE_BSR_N/C
  -------------------------------------------------------------------    -------------------
    SLICE_X38Y1          FDRE (Prop_EFF_SLICEM_C_Q)
                                                      0.113     3.380 r  pccx_v002_system_i/sc_axil/inst/clk_map/psr_aclk/U0/ACTIVE_LOW_BSR_OUT_DFF[0].FDRE_BSR_N/Q
                         net (fo=150, routed)         6.111     9.491    pccx_v002_system_i/sc_axil/inst/m02_nodes/m02_aw_node/inst/s_sc_xpm_cdc_async_rst_inst/src_arst
    SLICE_X37Y210        FDCE                                         f  pccx_v002_system_i/sc_axil/inst/m02_nodes/m02_aw_node/inst/s_sc_xpm_cdc_async_rst_inst/arststages_ff_reg[1]/CLR  (IS_INVERTED)
  -------------------------------------------------------------------    -------------------

                         (clock clk_pl_0 rise edge)
                                                      0.000     0.000 r  
    PS8_X0Y0             PS8                          0.000     0.000 r  pccx_v002_system_i/zynq_ps/inst/PS8_i/PLCLK[0]
                         net (fo=1, routed)           0.181     0.181    pccx_v002_system_i/zynq_ps/inst/pl_clk_unbuffered[0]
    BUFG_PS_X0Y90        BUFG_PS (Prop_BUFG_PS_I_O)
                                                      0.035     0.216 r  pccx_v002_system_i/zynq_ps/inst/buffer_pl_clk_0.PL_CLK_0_BUFG/O
    X1Y1 (CLOCK_ROOT)    net (fo=82277, routed)       2.732     2.948    pccx_v002_system_i/sc_axil/inst/m02_nodes/m02_aw_node/inst/s_sc_xpm_cdc_async_rst_inst/dest_clk
    SLICE_X37Y210        FDCE                                         r  pccx_v002_system_i/sc_axil/inst/m02_nodes/m02_aw_node/inst/s_sc_xpm_cdc_async_rst_inst/arststages_ff_reg[1]/C

Slack:                    inf
  Source:                 pccx_v002_system_i/sc_axil/inst/clk_map/psr_aclk/U0/ACTIVE_LOW_BSR_OUT_DFF[0].FDRE_BSR_N/C
                            (rising edge-triggered cell FDRE clocked by clk_pl_0  {rise@0.000ns fall@5.000ns period=10.000ns})
  Destination:            pccx_v002_system_i/sc_axil/inst/m02_nodes/m02_aw_node/inst/s_sc_xpm_cdc_async_rst_inst/arststages_ff_reg[2]/CLR
                            (recovery check against rising-edge clock clk_pl_0  {rise@0.000ns fall@5.000ns period=10.000ns})
  Path Group:             (none)
  Path Type:              Recovery (Max at Slow Process Corner)
  Data Path Delay:        6.224ns  (logic 0.113ns (1.816%)  route 6.111ns (98.184%))
  Logic Levels:           0  
  Clock Path Skew:        -0.319ns (DCD - SCD + CPR)
    Destination Clock Delay (DCD):    2.948ns
    Source Clock Delay      (SCD):    3.267ns
    Clock Pessimism Removal (CPR):    0.000ns
  Clock Uncertainty:      0.160ns  ((TSJ^2 + DJ^2)^1/2) / 2 + PE
    Total System Jitter     (TSJ):    0.071ns
    Discrete Jitter          (DJ):    0.312ns
    Phase Error              (PE):    0.000ns
  Clock Net Delay (Source):      3.000ns (routing 1.681ns, distribution 1.319ns)
  Clock Net Delay (Destination): 2.732ns (routing 1.538ns, distribution 1.194ns)
  Timing Exception:       False Path

    Location             Delay type                Incr(ns)  Path(ns)    Netlist Resource(s)
  -------------------------------------------------------------------    -------------------
                         (clock clk_pl_0 rise edge)
                                                      0.000     0.000 r  
    PS8_X0Y0             PS8                          0.000     0.000 r  pccx_v002_system_i/zynq_ps/inst/PS8_i/PLCLK[0]
                         net (fo=1, routed)           0.229     0.229    pccx_v002_system_i/zynq_ps/inst/pl_clk_unbuffered[0]
    BUFG_PS_X0Y90        BUFG_PS (Prop_BUFG_PS_I_O)
                                                      0.038     0.267 r  pccx_v002_system_i/zynq_ps/inst/buffer_pl_clk_0.PL_CLK_0_BUFG/O
    X1Y1 (CLOCK_ROOT)    net (fo=82277, routed)       3.000     3.267    pccx_v002_system_i/sc_axil/inst/clk_map/psr_aclk/U0/aclk
    SLICE_X38Y1          FDRE                                         r  pccx_v002_system_i/sc_axil/inst/clk_map/psr_aclk/U0/ACTIVE_LOW_BSR_OUT_DFF[0].FDRE_BSR_N/C
  -------------------------------------------------------------------    -------------------
    SLICE_X38Y1          FDRE (Prop_EFF_SLICEM_C_Q)
                                                      0.113     3.380 r  pccx_v002_system_i/sc_axil/inst/clk_map/psr_aclk/U0/ACTIVE_LOW_BSR_OUT_DFF[0].FDRE_BSR_N/Q
                         net (fo=150, routed)         6.111     9.491    pccx_v002_system_i/sc_axil/inst/m02_nodes/m02_aw_node/inst/s_sc_xpm_cdc_async_rst_inst/src_arst
    SLICE_X37Y210        FDCE                                         f  pccx_v002_system_i/sc_axil/inst/m02_nodes/m02_aw_node/inst/s_sc_xpm_cdc_async_rst_inst/arststages_ff_reg[2]/CLR  (IS_INVERTED)
  -------------------------------------------------------------------    -------------------

                         (clock clk_pl_0 rise edge)
                                                      0.000     0.000 r  
    PS8_X0Y0             PS8                          0.000     0.000 r  pccx_v002_system_i/zynq_ps/inst/PS8_i/PLCLK[0]
                         net (fo=1, routed)           0.181     0.181    pccx_v002_system_i/zynq_ps/inst/pl_clk_unbuffered[0]
    BUFG_PS_X0Y90        BUFG_PS (Prop_BUFG_PS_I_O)
                                                      0.035     0.216 r  pccx_v002_system_i/zynq_ps/inst/buffer_pl_clk_0.PL_CLK_0_BUFG/O
    X1Y1 (CLOCK_ROOT)    net (fo=82277, routed)       2.732     2.948    pccx_v002_system_i/sc_axil/inst/m02_nodes/m02_aw_node/inst/s_sc_xpm_cdc_async_rst_inst/dest_clk
    SLICE_X37Y210        FDCE                                         r  pccx_v002_system_i/sc_axil/inst/m02_nodes/m02_aw_node/inst/s_sc_xpm_cdc_async_rst_inst/arststages_ff_reg[2]/C

Slack:                    inf
  Source:                 pccx_v002_system_i/sc_axil/inst/clk_map/psr_aclk/U0/ACTIVE_LOW_BSR_OUT_DFF[0].FDRE_BSR_N/C
                            (rising edge-triggered cell FDRE clocked by clk_pl_0  {rise@0.000ns fall@5.000ns period=10.000ns})
  Destination:            pccx_v002_system_i/sc_axil/inst/m04_exit_pipeline/m04_exit/inst/xpm_cdc_async_rst_inst/arststages_ff_reg[0]/CLR
                            (recovery check against rising-edge clock clk_pl_0  {rise@0.000ns fall@5.000ns period=10.000ns})
  Path Group:             (none)
  Path Type:              Recovery (Max at Slow Process Corner)
  Data Path Delay:        6.199ns  (logic 0.113ns (1.823%)  route 6.086ns (98.177%))
  Logic Levels:           0  
  Clock Path Skew:        -0.295ns (DCD - SCD + CPR)
    Destination Clock Delay (DCD):    2.972ns
    Source Clock Delay      (SCD):    3.267ns
    Clock Pessimism Removal (CPR):    0.000ns
  Clock Uncertainty:      0.160ns  ((TSJ^2 + DJ^2)^1/2) / 2 + PE
    Total System Jitter     (TSJ):    0.071ns
    Discrete Jitter          (DJ):    0.312ns
    Phase Error              (PE):    0.000ns
  Clock Net Delay (Source):      3.000ns (routing 1.681ns, distribution 1.319ns)
  Clock Net Delay (Destination): 2.756ns (routing 1.538ns, distribution 1.218ns)
  Timing Exception:       False Path

    Location             Delay type                Incr(ns)  Path(ns)    Netlist Resource(s)
  -------------------------------------------------------------------    -------------------
                         (clock clk_pl_0 rise edge)
                                                      0.000     0.000 r  
    PS8_X0Y0             PS8                          0.000     0.000 r  pccx_v002_system_i/zynq_ps/inst/PS8_i/PLCLK[0]
                         net (fo=1, routed)           0.229     0.229    pccx_v002_system_i/zynq_ps/inst/pl_clk_unbuffered[0]
    BUFG_PS_X0Y90        BUFG_PS (Prop_BUFG_PS_I_O)
                                                      0.038     0.267 r  pccx_v002_system_i/zynq_ps/inst/buffer_pl_clk_0.PL_CLK_0_BUFG/O
    X1Y1 (CLOCK_ROOT)    net (fo=82277, routed)       3.000     3.267    pccx_v002_system_i/sc_axil/inst/clk_map/psr_aclk/U0/aclk
    SLICE_X38Y1          FDRE                                         r  pccx_v002_system_i/sc_axil/inst/clk_map/psr_aclk/U0/ACTIVE_LOW_BSR_OUT_DFF[0].FDRE_BSR_N/C
  -------------------------------------------------------------------    -------------------
    SLICE_X38Y1          FDRE (Prop_EFF_SLICEM_C_Q)
                                                      0.113     3.380 r  pccx_v002_system_i/sc_axil/inst/clk_map/psr_aclk/U0/ACTIVE_LOW_BSR_OUT_DFF[0].FDRE_BSR_N/Q
                         net (fo=150, routed)         6.086     9.466    pccx_v002_system_i/sc_axil/inst/m04_exit_pipeline/m04_exit/inst/xpm_cdc_async_rst_inst/src_arst
    SLICE_X30Y206        FDCE                                         f  pccx_v002_system_i/sc_axil/inst/m04_exit_pipeline/m04_exit/inst/xpm_cdc_async_rst_inst/arststages_ff_reg[0]/CLR  (IS_INVERTED)
  -------------------------------------------------------------------    -------------------

                         (clock clk_pl_0 rise edge)
                                                      0.000     0.000 r  
    PS8_X0Y0             PS8                          0.000     0.000 r  pccx_v002_system_i/zynq_ps/inst/PS8_i/PLCLK[0]
                         net (fo=1, routed)           0.181     0.181    pccx_v002_system_i/zynq_ps/inst/pl_clk_unbuffered[0]
    BUFG_PS_X0Y90        BUFG_PS (Prop_BUFG_PS_I_O)
                                                      0.035     0.216 r  pccx_v002_system_i/zynq_ps/inst/buffer_pl_clk_0.PL_CLK_0_BUFG/O
    X1Y1 (CLOCK_ROOT)    net (fo=82277, routed)       2.756     2.972    pccx_v002_system_i/sc_axil/inst/m04_exit_pipeline/m04_exit/inst/xpm_cdc_async_rst_inst/dest_clk
    SLICE_X30Y206        FDCE                                         r  pccx_v002_system_i/sc_axil/inst/m04_exit_pipeline/m04_exit/inst/xpm_cdc_async_rst_inst/arststages_ff_reg[0]/C

Slack:                    inf
  Source:                 pccx_v002_system_i/sc_axil/inst/clk_map/psr_aclk/U0/ACTIVE_LOW_BSR_OUT_DFF[0].FDRE_BSR_N/C
                            (rising edge-triggered cell FDRE clocked by clk_pl_0  {rise@0.000ns fall@5.000ns period=10.000ns})
  Destination:            pccx_v002_system_i/sc_axil/inst/m04_exit_pipeline/m04_exit/inst/xpm_cdc_async_rst_inst/arststages_ff_reg[1]/CLR
                            (recovery check against rising-edge clock clk_pl_0  {rise@0.000ns fall@5.000ns period=10.000ns})
  Path Group:             (none)
  Path Type:              Recovery (Max at Slow Process Corner)
  Data Path Delay:        6.199ns  (logic 0.113ns (1.823%)  route 6.086ns (98.177%))
  Logic Levels:           0  
  Clock Path Skew:        -0.295ns (DCD - SCD + CPR)
    Destination Clock Delay (DCD):    2.972ns
    Source Clock Delay      (SCD):    3.267ns
    Clock Pessimism Removal (CPR):    0.000ns
  Clock Uncertainty:      0.160ns  ((TSJ^2 + DJ^2)^1/2) / 2 + PE
    Total System Jitter     (TSJ):    0.071ns
    Discrete Jitter          (DJ):    0.312ns
    Phase Error              (PE):    0.000ns
  Clock Net Delay (Source):      3.000ns (routing 1.681ns, distribution 1.319ns)
  Clock Net Delay (Destination): 2.756ns (routing 1.538ns, distribution 1.218ns)
  Timing Exception:       False Path

    Location             Delay type                Incr(ns)  Path(ns)    Netlist Resource(s)
  -------------------------------------------------------------------    -------------------
                         (clock clk_pl_0 rise edge)
                                                      0.000     0.000 r  
    PS8_X0Y0             PS8                          0.000     0.000 r  pccx_v002_system_i/zynq_ps/inst/PS8_i/PLCLK[0]
                         net (fo=1, routed)           0.229     0.229    pccx_v002_system_i/zynq_ps/inst/pl_clk_unbuffered[0]
    BUFG_PS_X0Y90        BUFG_PS (Prop_BUFG_PS_I_O)
                                                      0.038     0.267 r  pccx_v002_system_i/zynq_ps/inst/buffer_pl_clk_0.PL_CLK_0_BUFG/O
    X1Y1 (CLOCK_ROOT)    net (fo=82277, routed)       3.000     3.267    pccx_v002_system_i/sc_axil/inst/clk_map/psr_aclk/U0/aclk
    SLICE_X38Y1          FDRE                                         r  pccx_v002_system_i/sc_axil/inst/clk_map/psr_aclk/U0/ACTIVE_LOW_BSR_OUT_DFF[0].FDRE_BSR_N/C
  -------------------------------------------------------------------    -------------------
    SLICE_X38Y1          FDRE (Prop_EFF_SLICEM_C_Q)
                                                      0.113     3.380 r  pccx_v002_system_i/sc_axil/inst/clk_map/psr_aclk/U0/ACTIVE_LOW_BSR_OUT_DFF[0].FDRE_BSR_N/Q
                         net (fo=150, routed)         6.086     9.466    pccx_v002_system_i/sc_axil/inst/m04_exit_pipeline/m04_exit/inst/xpm_cdc_async_rst_inst/src_arst
    SLICE_X30Y206        FDCE                                         f  pccx_v002_system_i/sc_axil/inst/m04_exit_pipeline/m04_exit/inst/xpm_cdc_async_rst_inst/arststages_ff_reg[1]/CLR  (IS_INVERTED)
  -------------------------------------------------------------------    -------------------

                         (clock clk_pl_0 rise edge)
                                                      0.000     0.000 r  
    PS8_X0Y0             PS8                          0.000     0.000 r  pccx_v002_system_i/zynq_ps/inst/PS8_i/PLCLK[0]
                         net (fo=1, routed)           0.181     0.181    pccx_v002_system_i/zynq_ps/inst/pl_clk_unbuffered[0]
    BUFG_PS_X0Y90        BUFG_PS (Prop_BUFG_PS_I_O)
                                                      0.035     0.216 r  pccx_v002_system_i/zynq_ps/inst/buffer_pl_clk_0.PL_CLK_0_BUFG/O
    X1Y1 (CLOCK_ROOT)    net (fo=82277, routed)       2.756     2.972    pccx_v002_system_i/sc_axil/inst/m04_exit_pipeline/m04_exit/inst/xpm_cdc_async_rst_inst/dest_clk
    SLICE_X30Y206        FDCE                                         r  pccx_v002_system_i/sc_axil/inst/m04_exit_pipeline/m04_exit/inst/xpm_cdc_async_rst_inst/arststages_ff_reg[1]/C

Slack:                    inf
  Source:                 pccx_v002_system_i/sc_axil/inst/clk_map/psr_aclk/U0/ACTIVE_LOW_BSR_OUT_DFF[0].FDRE_BSR_N/C
                            (rising edge-triggered cell FDRE clocked by clk_pl_0  {rise@0.000ns fall@5.000ns period=10.000ns})
  Destination:            pccx_v002_system_i/sc_axil/inst/m04_exit_pipeline/m04_exit/inst/xpm_cdc_async_rst_inst/arststages_ff_reg[2]/CLR
                            (recovery check against rising-edge clock clk_pl_0  {rise@0.000ns fall@5.000ns period=10.000ns})
  Path Group:             (none)
  Path Type:              Recovery (Max at Slow Process Corner)
  Data Path Delay:        6.199ns  (logic 0.113ns (1.823%)  route 6.086ns (98.177%))
  Logic Levels:           0  
  Clock Path Skew:        -0.295ns (DCD - SCD + CPR)
    Destination Clock Delay (DCD):    2.972ns
    Source Clock Delay      (SCD):    3.267ns
    Clock Pessimism Removal (CPR):    0.000ns
  Clock Uncertainty:      0.160ns  ((TSJ^2 + DJ^2)^1/2) / 2 + PE
    Total System Jitter     (TSJ):    0.071ns
    Discrete Jitter          (DJ):    0.312ns
    Phase Error              (PE):    0.000ns
  Clock Net Delay (Source):      3.000ns (routing 1.681ns, distribution 1.319ns)
  Clock Net Delay (Destination): 2.756ns (routing 1.538ns, distribution 1.218ns)
  Timing Exception:       False Path

    Location             Delay type                Incr(ns)  Path(ns)    Netlist Resource(s)
  -------------------------------------------------------------------    -------------------
                         (clock clk_pl_0 rise edge)
                                                      0.000     0.000 r  
    PS8_X0Y0             PS8                          0.000     0.000 r  pccx_v002_system_i/zynq_ps/inst/PS8_i/PLCLK[0]
                         net (fo=1, routed)           0.229     0.229    pccx_v002_system_i/zynq_ps/inst/pl_clk_unbuffered[0]
    BUFG_PS_X0Y90        BUFG_PS (Prop_BUFG_PS_I_O)
                                                      0.038     0.267 r  pccx_v002_system_i/zynq_ps/inst/buffer_pl_clk_0.PL_CLK_0_BUFG/O
    X1Y1 (CLOCK_ROOT)    net (fo=82277, routed)       3.000     3.267    pccx_v002_system_i/sc_axil/inst/clk_map/psr_aclk/U0/aclk
    SLICE_X38Y1          FDRE                                         r  pccx_v002_system_i/sc_axil/inst/clk_map/psr_aclk/U0/ACTIVE_LOW_BSR_OUT_DFF[0].FDRE_BSR_N/C
  -------------------------------------------------------------------    -------------------
    SLICE_X38Y1          FDRE (Prop_EFF_SLICEM_C_Q)
                                                      0.113     3.380 r  pccx_v002_system_i/sc_axil/inst/clk_map/psr_aclk/U0/ACTIVE_LOW_BSR_OUT_DFF[0].FDRE_BSR_N/Q
                         net (fo=150, routed)         6.086     9.466    pccx_v002_system_i/sc_axil/inst/m04_exit_pipeline/m04_exit/inst/xpm_cdc_async_rst_inst/src_arst
    SLICE_X30Y206        FDCE                                         f  pccx_v002_system_i/sc_axil/inst/m04_exit_pipeline/m04_exit/inst/xpm_cdc_async_rst_inst/arststages_ff_reg[2]/CLR  (IS_INVERTED)
  -------------------------------------------------------------------    -------------------

                         (clock clk_pl_0 rise edge)
                                                      0.000     0.000 r  
    PS8_X0Y0             PS8                          0.000     0.000 r  pccx_v002_system_i/zynq_ps/inst/PS8_i/PLCLK[0]
                         net (fo=1, routed)           0.181     0.181    pccx_v002_system_i/zynq_ps/inst/pl_clk_unbuffered[0]
    BUFG_PS_X0Y90        BUFG_PS (Prop_BUFG_PS_I_O)
                                                      0.035     0.216 r  pccx_v002_system_i/zynq_ps/inst/buffer_pl_clk_0.PL_CLK_0_BUFG/O
    X1Y1 (CLOCK_ROOT)    net (fo=82277, routed)       2.756     2.972    pccx_v002_system_i/sc_axil/inst/m04_exit_pipeline/m04_exit/inst/xpm_cdc_async_rst_inst/dest_clk
    SLICE_X30Y206        FDCE                                         r  pccx_v002_system_i/sc_axil/inst/m04_exit_pipeline/m04_exit/inst/xpm_cdc_async_rst_inst/arststages_ff_reg[2]/C

Slack:                    inf
  Source:                 pccx_v002_system_i/sc_axil/inst/clk_map/psr_aclk/U0/ACTIVE_LOW_BSR_OUT_DFF[0].FDRE_BSR_N/C
                            (rising edge-triggered cell FDRE clocked by clk_pl_0  {rise@0.000ns fall@5.000ns period=10.000ns})
  Destination:            pccx_v002_system_i/sc_axil/inst/m02_nodes/m02_b_node/inst/s_sc_xpm_cdc_async_rst_inst/arststages_ff_reg[0]/CLR
                            (recovery check against rising-edge clock clk_pl_0  {rise@0.000ns fall@5.000ns period=10.000ns})
  Path Group:             (none)
  Path Type:              Recovery (Max at Slow Process Corner)
  Data Path Delay:        6.067ns  (logic 0.113ns (1.863%)  route 5.954ns (98.137%))
  Logic Levels:           0  
  Clock Path Skew:        -0.293ns (DCD - SCD + CPR)
    Destination Clock Delay (DCD):    2.974ns
    Source Clock Delay      (SCD):    3.267ns
    Clock Pessimism Removal (CPR):    0.000ns
  Clock Uncertainty:      0.160ns  ((TSJ^2 + DJ^2)^1/2) / 2 + PE
    Total System Jitter     (TSJ):    0.071ns
    Discrete Jitter          (DJ):    0.312ns
    Phase Error              (PE):    0.000ns
  Clock Net Delay (Source):      3.000ns (routing 1.681ns, distribution 1.319ns)
  Clock Net Delay (Destination): 2.758ns (routing 1.538ns, distribution 1.220ns)
  Timing Exception:       False Path

    Location             Delay type                Incr(ns)  Path(ns)    Netlist Resource(s)
  -------------------------------------------------------------------    -------------------
                         (clock clk_pl_0 rise edge)
                                                      0.000     0.000 r  
    PS8_X0Y0             PS8                          0.000     0.000 r  pccx_v002_system_i/zynq_ps/inst/PS8_i/PLCLK[0]
                         net (fo=1, routed)           0.229     0.229    pccx_v002_system_i/zynq_ps/inst/pl_clk_unbuffered[0]
    BUFG_PS_X0Y90        BUFG_PS (Prop_BUFG_PS_I_O)
                                                      0.038     0.267 r  pccx_v002_system_i/zynq_ps/inst/buffer_pl_clk_0.PL_CLK_0_BUFG/O
    X1Y1 (CLOCK_ROOT)    net (fo=82277, routed)       3.000     3.267    pccx_v002_system_i/sc_axil/inst/clk_map/psr_aclk/U0/aclk
    SLICE_X38Y1          FDRE                                         r  pccx_v002_system_i/sc_axil/inst/clk_map/psr_aclk/U0/ACTIVE_LOW_BSR_OUT_DFF[0].FDRE_BSR_N/C
  -------------------------------------------------------------------    -------------------
    SLICE_X38Y1          FDRE (Prop_EFF_SLICEM_C_Q)
                                                      0.113     3.380 r  pccx_v002_system_i/sc_axil/inst/clk_map/psr_aclk/U0/ACTIVE_LOW_BSR_OUT_DFF[0].FDRE_BSR_N/Q
                         net (fo=150, routed)         5.954     9.334    pccx_v002_system_i/sc_axil/inst/m02_nodes/m02_b_node/inst/s_sc_xpm_cdc_async_rst_inst/src_arst
    SLICE_X34Y195        FDCE                                         f  pccx_v002_system_i/sc_axil/inst/m02_nodes/m02_b_node/inst/s_sc_xpm_cdc_async_rst_inst/arststages_ff_reg[0]/CLR  (IS_INVERTED)
  -------------------------------------------------------------------    -------------------

                         (clock clk_pl_0 rise edge)
                                                      0.000     0.000 r  
    PS8_X0Y0             PS8                          0.000     0.000 r  pccx_v002_system_i/zynq_ps/inst/PS8_i/PLCLK[0]
                         net (fo=1, routed)           0.181     0.181    pccx_v002_system_i/zynq_ps/inst/pl_clk_unbuffered[0]
    BUFG_PS_X0Y90        BUFG_PS (Prop_BUFG_PS_I_O)
                                                      0.035     0.216 r  pccx_v002_system_i/zynq_ps/inst/buffer_pl_clk_0.PL_CLK_0_BUFG/O
    X1Y1 (CLOCK_ROOT)    net (fo=82277, routed)       2.758     2.974    pccx_v002_system_i/sc_axil/inst/m02_nodes/m02_b_node/inst/s_sc_xpm_cdc_async_rst_inst/dest_clk
    SLICE_X34Y195        FDCE                                         r  pccx_v002_system_i/sc_axil/inst/m02_nodes/m02_b_node/inst/s_sc_xpm_cdc_async_rst_inst/arststages_ff_reg[0]/C

Slack:                    inf
  Source:                 pccx_v002_system_i/sc_axil/inst/clk_map/psr_aclk/U0/ACTIVE_LOW_BSR_OUT_DFF[0].FDRE_BSR_N/C
                            (rising edge-triggered cell FDRE clocked by clk_pl_0  {rise@0.000ns fall@5.000ns period=10.000ns})
  Destination:            pccx_v002_system_i/sc_axil/inst/m02_nodes/m02_b_node/inst/s_sc_xpm_cdc_async_rst_inst/arststages_ff_reg[1]/CLR
                            (recovery check against rising-edge clock clk_pl_0  {rise@0.000ns fall@5.000ns period=10.000ns})
  Path Group:             (none)
  Path Type:              Recovery (Max at Slow Process Corner)
  Data Path Delay:        6.067ns  (logic 0.113ns (1.863%)  route 5.954ns (98.137%))
  Logic Levels:           0  
  Clock Path Skew:        -0.293ns (DCD - SCD + CPR)
    Destination Clock Delay (DCD):    2.974ns
    Source Clock Delay      (SCD):    3.267ns
    Clock Pessimism Removal (CPR):    0.000ns
  Clock Uncertainty:      0.160ns  ((TSJ^2 + DJ^2)^1/2) / 2 + PE
    Total System Jitter     (TSJ):    0.071ns
    Discrete Jitter          (DJ):    0.312ns
    Phase Error              (PE):    0.000ns
  Clock Net Delay (Source):      3.000ns (routing 1.681ns, distribution 1.319ns)
  Clock Net Delay (Destination): 2.758ns (routing 1.538ns, distribution 1.220ns)
  Timing Exception:       False Path

    Location             Delay type                Incr(ns)  Path(ns)    Netlist Resource(s)
  -------------------------------------------------------------------    -------------------
                         (clock clk_pl_0 rise edge)
                                                      0.000     0.000 r  
    PS8_X0Y0             PS8                          0.000     0.000 r  pccx_v002_system_i/zynq_ps/inst/PS8_i/PLCLK[0]
                         net (fo=1, routed)           0.229     0.229    pccx_v002_system_i/zynq_ps/inst/pl_clk_unbuffered[0]
    BUFG_PS_X0Y90        BUFG_PS (Prop_BUFG_PS_I_O)
                                                      0.038     0.267 r  pccx_v002_system_i/zynq_ps/inst/buffer_pl_clk_0.PL_CLK_0_BUFG/O
    X1Y1 (CLOCK_ROOT)    net (fo=82277, routed)       3.000     3.267    pccx_v002_system_i/sc_axil/inst/clk_map/psr_aclk/U0/aclk
    SLICE_X38Y1          FDRE                                         r  pccx_v002_system_i/sc_axil/inst/clk_map/psr_aclk/U0/ACTIVE_LOW_BSR_OUT_DFF[0].FDRE_BSR_N/C
  -------------------------------------------------------------------    -------------------
    SLICE_X38Y1          FDRE (Prop_EFF_SLICEM_C_Q)
                                                      0.113     3.380 r  pccx_v002_system_i/sc_axil/inst/clk_map/psr_aclk/U0/ACTIVE_LOW_BSR_OUT_DFF[0].FDRE_BSR_N/Q
                         net (fo=150, routed)         5.954     9.334    pccx_v002_system_i/sc_axil/inst/m02_nodes/m02_b_node/inst/s_sc_xpm_cdc_async_rst_inst/src_arst
    SLICE_X34Y195        FDCE                                         f  pccx_v002_system_i/sc_axil/inst/m02_nodes/m02_b_node/inst/s_sc_xpm_cdc_async_rst_inst/arststages_ff_reg[1]/CLR  (IS_INVERTED)
  -------------------------------------------------------------------    -------------------

                         (clock clk_pl_0 rise edge)
                                                      0.000     0.000 r  
    PS8_X0Y0             PS8                          0.000     0.000 r  pccx_v002_system_i/zynq_ps/inst/PS8_i/PLCLK[0]
                         net (fo=1, routed)           0.181     0.181    pccx_v002_system_i/zynq_ps/inst/pl_clk_unbuffered[0]
    BUFG_PS_X0Y90        BUFG_PS (Prop_BUFG_PS_I_O)
                                                      0.035     0.216 r  pccx_v002_system_i/zynq_ps/inst/buffer_pl_clk_0.PL_CLK_0_BUFG/O
    X1Y1 (CLOCK_ROOT)    net (fo=82277, routed)       2.758     2.974    pccx_v002_system_i/sc_axil/inst/m02_nodes/m02_b_node/inst/s_sc_xpm_cdc_async_rst_inst/dest_clk
    SLICE_X34Y195        FDCE                                         r  pccx_v002_system_i/sc_axil/inst/m02_nodes/m02_b_node/inst/s_sc_xpm_cdc_async_rst_inst/arststages_ff_reg[1]/C





Min Delay Paths
--------------------------------------------------------------------------------------
Slack:                    inf
  Source:                 pccx_v002_system_i/u_npu/inst/u_wrap/u_pccx_npu_top/u_HP_buffer/u_hp3_weight_fifo/xpm_fifo_base_inst/xpm_fifo_rst_inst/gen_rst_ic.fifo_wr_rst_ic_reg/C
                            (rising edge-triggered cell FDRE clocked by clk_pl_0  {rise@0.000ns fall@5.000ns period=10.000ns})
  Destination:            pccx_v002_system_i/u_npu/inst/u_wrap/u_pccx_npu_top/u_HP_buffer/u_hp3_weight_fifo/xpm_fifo_base_inst/xpm_fifo_rst_inst/gen_rst_ic.wrst_rd_inst/syncstages_ff_reg[0]/D
                            (rising edge-triggered cell FDRE clocked by clk_pl_0  {rise@0.000ns fall@5.000ns period=10.000ns})
  Path Group:             (none)
  Path Type:              Hold (Min at Fast Process Corner)
  Data Path Delay:        0.130ns  (logic 0.083ns (63.762%)  route 0.047ns (36.238%))
  Logic Levels:           0  
  Clock Path Skew:        0.191ns (DCD - SCD - CPR)
    Destination Clock Delay (DCD):    2.005ns
    Source Clock Delay      (SCD):    1.815ns
    Clock Pessimism Removal (CPR):    -0.000ns
  Clock Uncertainty:      0.160ns  ((TSJ^2 + DJ^2)^1/2) / 2 + PE
    Total System Jitter     (TSJ):    0.071ns
    Discrete Jitter          (DJ):    0.312ns
    Phase Error              (PE):    0.000ns
  Clock Net Delay (Source):      1.664ns (routing 0.940ns, distribution 0.724ns)
  Clock Net Delay (Destination): 1.818ns (routing 1.033ns, distribution 0.785ns)
  Timing Exception:       False Path

    Location             Delay type                Incr(ns)  Path(ns)    Netlist Resource(s)
  -------------------------------------------------------------------    -------------------
                         (clock clk_pl_0 rise edge)
                                                      0.000     0.000 r  
    PS8_X0Y0             PS8                          0.000     0.000 r  pccx_v002_system_i/zynq_ps/inst/PS8_i/PLCLK[0]
                         net (fo=1, routed)           0.129     0.129    pccx_v002_system_i/zynq_ps/inst/pl_clk_unbuffered[0]
    BUFG_PS_X0Y90        BUFG_PS (Prop_BUFG_PS_I_O)
                                                      0.022     0.151 r  pccx_v002_system_i/zynq_ps/inst/buffer_pl_clk_0.PL_CLK_0_BUFG/O
    X1Y1 (CLOCK_ROOT)    net (fo=82277, routed)       1.664     1.815    pccx_v002_system_i/u_npu/inst/u_wrap/u_pccx_npu_top/u_HP_buffer/u_hp3_weight_fifo/xpm_fifo_base_inst/xpm_fifo_rst_inst/wr_clk
    SLICE_X37Y10         FDRE                                         r  pccx_v002_system_i/u_npu/inst/u_wrap/u_pccx_npu_top/u_HP_buffer/u_hp3_weight_fifo/xpm_fifo_base_inst/xpm_fifo_rst_inst/gen_rst_ic.fifo_wr_rst_ic_reg/C
  -------------------------------------------------------------------    -------------------
    SLICE_X37Y10         FDRE (Prop_DFF_SLICEM_C_Q)
                                                      0.083     1.898 r  pccx_v002_system_i/u_npu/inst/u_wrap/u_pccx_npu_top/u_HP_buffer/u_hp3_weight_fifo/xpm_fifo_base_inst/xpm_fifo_rst_inst/gen_rst_ic.fifo_wr_rst_ic_reg/Q
                         net (fo=2, routed)           0.047     1.945    pccx_v002_system_i/u_npu/inst/u_wrap/u_pccx_npu_top/u_HP_buffer/u_hp3_weight_fifo/xpm_fifo_base_inst/xpm_fifo_rst_inst/gen_rst_ic.wrst_rd_inst/src_rst
    SLICE_X37Y10         FDRE                                         r  pccx_v002_system_i/u_npu/inst/u_wrap/u_pccx_npu_top/u_HP_buffer/u_hp3_weight_fifo/xpm_fifo_base_inst/xpm_fifo_rst_inst/gen_rst_ic.wrst_rd_inst/syncstages_ff_reg[0]/D
  -------------------------------------------------------------------    -------------------

                         (clock clk_pl_0 rise edge)
                                                      0.000     0.000 r  
    PS8_X0Y0             PS8                          0.000     0.000 r  pccx_v002_system_i/zynq_ps/inst/PS8_i/PLCLK[0]
                         net (fo=1, routed)           0.164     0.164    pccx_v002_system_i/zynq_ps/inst/pl_clk_unbuffered[0]
    BUFG_PS_X0Y90        BUFG_PS (Prop_BUFG_PS_I_O)
                                                      0.023     0.187 r  pccx_v002_system_i/zynq_ps/inst/buffer_pl_clk_0.PL_CLK_0_BUFG/O
    X1Y1 (CLOCK_ROOT)    net (fo=82277, routed)       1.818     2.005    pccx_v002_system_i/u_npu/inst/u_wrap/u_pccx_npu_top/u_HP_buffer/u_hp3_weight_fifo/xpm_fifo_base_inst/xpm_fifo_rst_inst/gen_rst_ic.wrst_rd_inst/dest_clk
    SLICE_X37Y10         FDRE                                         r  pccx_v002_system_i/u_npu/inst/u_wrap/u_pccx_npu_top/u_HP_buffer/u_hp3_weight_fifo/xpm_fifo_base_inst/xpm_fifo_rst_inst/gen_rst_ic.wrst_rd_inst/syncstages_ff_reg[0]/C

Slack:                    inf
  Source:                 pccx_v002_system_i/u_npu/inst/u_wrap/u_pccx_npu_top/u_HP_buffer/u_hp3_weight_fifo/xpm_fifo_base_inst/xpm_fifo_rst_inst/gen_rst_ic.fifo_rd_rst_ic_reg/C
                            (rising edge-triggered cell FDRE clocked by clk_pl_0  {rise@0.000ns fall@5.000ns period=10.000ns})
  Destination:            pccx_v002_system_i/u_npu/inst/u_wrap/u_pccx_npu_top/u_HP_buffer/u_hp3_weight_fifo/xpm_fifo_base_inst/xpm_fifo_rst_inst/gen_rst_ic.rrst_wr_inst/syncstages_ff_reg[0]/D
                            (rising edge-triggered cell FDRE clocked by clk_pl_0  {rise@0.000ns fall@5.000ns period=10.000ns})
  Path Group:             (none)
  Path Type:              Hold (Min at Fast Process Corner)
  Data Path Delay:        0.146ns  (logic 0.082ns (56.067%)  route 0.064ns (43.933%))
  Logic Levels:           0  
  Clock Path Skew:        0.185ns (DCD - SCD - CPR)
    Destination Clock Delay (DCD):    2.003ns
    Source Clock Delay      (SCD):    1.818ns
    Clock Pessimism Removal (CPR):    -0.000ns
  Clock Uncertainty:      0.160ns  ((TSJ^2 + DJ^2)^1/2) / 2 + PE
    Total System Jitter     (TSJ):    0.071ns
    Discrete Jitter          (DJ):    0.312ns
    Phase Error              (PE):    0.000ns
  Clock Net Delay (Source):      1.667ns (routing 0.940ns, distribution 0.727ns)
  Clock Net Delay (Destination): 1.816ns (routing 1.033ns, distribution 0.783ns)
  Timing Exception:       False Path

    Location             Delay type                Incr(ns)  Path(ns)    Netlist Resource(s)
  -------------------------------------------------------------------    -------------------
                         (clock clk_pl_0 rise edge)
                                                      0.000     0.000 r  
    PS8_X0Y0             PS8                          0.000     0.000 r  pccx_v002_system_i/zynq_ps/inst/PS8_i/PLCLK[0]
                         net (fo=1, routed)           0.129     0.129    pccx_v002_system_i/zynq_ps/inst/pl_clk_unbuffered[0]
    BUFG_PS_X0Y90        BUFG_PS (Prop_BUFG_PS_I_O)
                                                      0.022     0.151 r  pccx_v002_system_i/zynq_ps/inst/buffer_pl_clk_0.PL_CLK_0_BUFG/O
    X1Y1 (CLOCK_ROOT)    net (fo=82277, routed)       1.667     1.818    pccx_v002_system_i/u_npu/inst/u_wrap/u_pccx_npu_top/u_HP_buffer/u_hp3_weight_fifo/xpm_fifo_base_inst/xpm_fifo_rst_inst/rd_clk
    SLICE_X37Y11         FDRE                                         r  pccx_v002_system_i/u_npu/inst/u_wrap/u_pccx_npu_top/u_HP_buffer/u_hp3_weight_fifo/xpm_fifo_base_inst/xpm_fifo_rst_inst/gen_rst_ic.fifo_rd_rst_ic_reg/C
  -------------------------------------------------------------------    -------------------
    SLICE_X37Y11         FDRE (Prop_BFF_SLICEM_C_Q)
                                                      0.082     1.900 r  pccx_v002_system_i/u_npu/inst/u_wrap/u_pccx_npu_top/u_HP_buffer/u_hp3_weight_fifo/xpm_fifo_base_inst/xpm_fifo_rst_inst/gen_rst_ic.fifo_rd_rst_ic_reg/Q
                         net (fo=49, routed)          0.064     1.964    pccx_v002_system_i/u_npu/inst/u_wrap/u_pccx_npu_top/u_HP_buffer/u_hp3_weight_fifo/xpm_fifo_base_inst/xpm_fifo_rst_inst/gen_rst_ic.rrst_wr_inst/src_rst
    SLICE_X37Y9          FDRE                                         r  pccx_v002_system_i/u_npu/inst/u_wrap/u_pccx_npu_top/u_HP_buffer/u_hp3_weight_fifo/xpm_fifo_base_inst/xpm_fifo_rst_inst/gen_rst_ic.rrst_wr_inst/syncstages_ff_reg[0]/D
  -------------------------------------------------------------------    -------------------

                         (clock clk_pl_0 rise edge)
                                                      0.000     0.000 r  
    PS8_X0Y0             PS8                          0.000     0.000 r  pccx_v002_system_i/zynq_ps/inst/PS8_i/PLCLK[0]
                         net (fo=1, routed)           0.164     0.164    pccx_v002_system_i/zynq_ps/inst/pl_clk_unbuffered[0]
    BUFG_PS_X0Y90        BUFG_PS (Prop_BUFG_PS_I_O)
                                                      0.023     0.187 r  pccx_v002_system_i/zynq_ps/inst/buffer_pl_clk_0.PL_CLK_0_BUFG/O
    X1Y1 (CLOCK_ROOT)    net (fo=82277, routed)       1.816     2.003    pccx_v002_system_i/u_npu/inst/u_wrap/u_pccx_npu_top/u_HP_buffer/u_hp3_weight_fifo/xpm_fifo_base_inst/xpm_fifo_rst_inst/gen_rst_ic.rrst_wr_inst/dest_clk
    SLICE_X37Y9          FDRE                                         r  pccx_v002_system_i/u_npu/inst/u_wrap/u_pccx_npu_top/u_HP_buffer/u_hp3_weight_fifo/xpm_fifo_base_inst/xpm_fifo_rst_inst/gen_rst_ic.rrst_wr_inst/syncstages_ff_reg[0]/C

Slack:                    inf
  Source:                 pccx_v002_system_i/u_npu/inst/u_wrap/u_pccx_npu_top/u_mem_dispatcher/u_l2_cache/u_acp_cdc/u_acp_rx_fifo/gnuram_async_fifo.xpm_fifo_base_inst/xpm_fifo_rst_inst/gen_rst_ic.fifo_wr_rst_ic_reg/C
                            (rising edge-triggered cell FDRE clocked by clk_pl_0  {rise@0.000ns fall@5.000ns period=10.000ns})
  Destination:            pccx_v002_system_i/u_npu/inst/u_wrap/u_pccx_npu_top/u_mem_dispatcher/u_l2_cache/u_acp_cdc/u_acp_rx_fifo/gnuram_async_fifo.xpm_fifo_base_inst/xpm_fifo_rst_inst/gen_rst_ic.wrst_rd_inst/syncstages_ff_reg[0]/D
                            (rising edge-triggered cell FDRE clocked by clk_pl_0  {rise@0.000ns fall@5.000ns period=10.000ns})
  Path Group:             (none)
  Path Type:              Hold (Min at Fast Process Corner)
  Data Path Delay:        0.124ns  (logic 0.083ns (66.843%)  route 0.041ns (33.157%))
  Logic Levels:           0  
  Clock Path Skew:        0.198ns (DCD - SCD - CPR)
    Destination Clock Delay (DCD):    2.040ns
    Source Clock Delay      (SCD):    1.843ns
    Clock Pessimism Removal (CPR):    -0.000ns
  Clock Uncertainty:      0.160ns  ((TSJ^2 + DJ^2)^1/2) / 2 + PE
    Total System Jitter     (TSJ):    0.071ns
    Discrete Jitter          (DJ):    0.312ns
    Phase Error              (PE):    0.000ns
  Clock Net Delay (Source):      1.692ns (routing 0.940ns, distribution 0.752ns)
  Clock Net Delay (Destination): 1.853ns (routing 1.033ns, distribution 0.820ns)
  Timing Exception:       False Path

    Location             Delay type                Incr(ns)  Path(ns)    Netlist Resource(s)
  -------------------------------------------------------------------    -------------------
                         (clock clk_pl_0 rise edge)
                                                      0.000     0.000 r  
    PS8_X0Y0             PS8                          0.000     0.000 r  pccx_v002_system_i/zynq_ps/inst/PS8_i/PLCLK[0]
                         net (fo=1, routed)           0.129     0.129    pccx_v002_system_i/zynq_ps/inst/pl_clk_unbuffered[0]
    BUFG_PS_X0Y90        BUFG_PS (Prop_BUFG_PS_I_O)
                                                      0.022     0.151 r  pccx_v002_system_i/zynq_ps/inst/buffer_pl_clk_0.PL_CLK_0_BUFG/O
    X1Y1 (CLOCK_ROOT)    net (fo=82277, routed)       1.692     1.843    pccx_v002_system_i/u_npu/inst/u_wrap/u_pccx_npu_top/u_mem_dispatcher/u_l2_cache/u_acp_cdc/u_acp_rx_fifo/gnuram_async_fifo.xpm_fifo_base_inst/xpm_fifo_rst_inst/wr_clk
    SLICE_X43Y112        FDRE                                         r  pccx_v002_system_i/u_npu/inst/u_wrap/u_pccx_npu_top/u_mem_dispatcher/u_l2_cache/u_acp_cdc/u_acp_rx_fifo/gnuram_async_fifo.xpm_fifo_base_inst/xpm_fifo_rst_inst/gen_rst_ic.fifo_wr_rst_ic_reg/C
  -------------------------------------------------------------------    -------------------
    SLICE_X43Y112        FDRE (Prop_HFF_SLICEM_C_Q)
                                                      0.083     1.926 r  pccx_v002_system_i/u_npu/inst/u_wrap/u_pccx_npu_top/u_mem_dispatcher/u_l2_cache/u_acp_cdc/u_acp_rx_fifo/gnuram_async_fifo.xpm_fifo_base_inst/xpm_fifo_rst_inst/gen_rst_ic.fifo_wr_rst_ic_reg/Q
                         net (fo=2, routed)           0.041     1.967    pccx_v002_system_i/u_npu/inst/u_wrap/u_pccx_npu_top/u_mem_dispatcher/u_l2_cache/u_acp_cdc/u_acp_rx_fifo/gnuram_async_fifo.xpm_fifo_base_inst/xpm_fifo_rst_inst/gen_rst_ic.wrst_rd_inst/src_rst
    SLICE_X43Y112        FDRE                                         r  pccx_v002_system_i/u_npu/inst/u_wrap/u_pccx_npu_top/u_mem_dispatcher/u_l2_cache/u_acp_cdc/u_acp_rx_fifo/gnuram_async_fifo.xpm_fifo_base_inst/xpm_fifo_rst_inst/gen_rst_ic.wrst_rd_inst/syncstages_ff_reg[0]/D
  -------------------------------------------------------------------    -------------------

                         (clock clk_pl_0 rise edge)
                                                      0.000     0.000 r  
    PS8_X0Y0             PS8                          0.000     0.000 r  pccx_v002_system_i/zynq_ps/inst/PS8_i/PLCLK[0]
                         net (fo=1, routed)           0.164     0.164    pccx_v002_system_i/zynq_ps/inst/pl_clk_unbuffered[0]
    BUFG_PS_X0Y90        BUFG_PS (Prop_BUFG_PS_I_O)
                                                      0.023     0.187 r  pccx_v002_system_i/zynq_ps/inst/buffer_pl_clk_0.PL_CLK_0_BUFG/O
    X1Y1 (CLOCK_ROOT)    net (fo=82277, routed)       1.853     2.040    pccx_v002_system_i/u_npu/inst/u_wrap/u_pccx_npu_top/u_mem_dispatcher/u_l2_cache/u_acp_cdc/u_acp_rx_fifo/gnuram_async_fifo.xpm_fifo_base_inst/xpm_fifo_rst_inst/gen_rst_ic.wrst_rd_inst/dest_clk
    SLICE_X43Y112        FDRE                                         r  pccx_v002_system_i/u_npu/inst/u_wrap/u_pccx_npu_top/u_mem_dispatcher/u_l2_cache/u_acp_cdc/u_acp_rx_fifo/gnuram_async_fifo.xpm_fifo_base_inst/xpm_fifo_rst_inst/gen_rst_ic.wrst_rd_inst/syncstages_ff_reg[0]/C

Slack:                    inf
  Source:                 pccx_v002_system_i/u_npu/inst/u_wrap/u_pccx_npu_top/u_mem_dispatcher/u_l2_cache/u_acp_cdc/u_acp_tx_fifo/gnuram_async_fifo.xpm_fifo_base_inst/xpm_fifo_rst_inst/gen_rst_ic.fifo_wr_rst_ic_reg/C
                            (rising edge-triggered cell FDRE clocked by clk_pl_0  {rise@0.000ns fall@5.000ns period=10.000ns})
  Destination:            pccx_v002_system_i/u_npu/inst/u_wrap/u_pccx_npu_top/u_mem_dispatcher/u_l2_cache/u_acp_cdc/u_acp_tx_fifo/gnuram_async_fifo.xpm_fifo_base_inst/xpm_fifo_rst_inst/gen_rst_ic.wrst_rd_inst/syncstages_ff_reg[0]/D
                            (rising edge-triggered cell FDRE clocked by clk_pl_0  {rise@0.000ns fall@5.000ns period=10.000ns})
  Path Group:             (none)
  Path Type:              Hold (Min at Fast Process Corner)
  Data Path Delay:        0.173ns  (logic 0.084ns (48.657%)  route 0.089ns (51.343%))
  Logic Levels:           0  
  Clock Path Skew:        0.202ns (DCD - SCD - CPR)
    Destination Clock Delay (DCD):    2.016ns
    Source Clock Delay      (SCD):    1.814ns
    Clock Pessimism Removal (CPR):    -0.000ns
  Clock Uncertainty:      0.160ns  ((TSJ^2 + DJ^2)^1/2) / 2 + PE
    Total System Jitter     (TSJ):    0.071ns
    Discrete Jitter          (DJ):    0.312ns
    Phase Error              (PE):    0.000ns
  Clock Net Delay (Source):      1.663ns (routing 0.940ns, distribution 0.723ns)
  Clock Net Delay (Destination): 1.829ns (routing 1.033ns, distribution 0.796ns)
  Timing Exception:       False Path

    Location             Delay type                Incr(ns)  Path(ns)    Netlist Resource(s)
  -------------------------------------------------------------------    -------------------
                         (clock clk_pl_0 rise edge)
                                                      0.000     0.000 r  
    PS8_X0Y0             PS8                          0.000     0.000 r  pccx_v002_system_i/zynq_ps/inst/PS8_i/PLCLK[0]
                         net (fo=1, routed)           0.129     0.129    pccx_v002_system_i/zynq_ps/inst/pl_clk_unbuffered[0]
    BUFG_PS_X0Y90        BUFG_PS (Prop_BUFG_PS_I_O)
                                                      0.022     0.151 r  pccx_v002_system_i/zynq_ps/inst/buffer_pl_clk_0.PL_CLK_0_BUFG/O
    X1Y1 (CLOCK_ROOT)    net (fo=82277, routed)       1.663     1.814    pccx_v002_system_i/u_npu/inst/u_wrap/u_pccx_npu_top/u_mem_dispatcher/u_l2_cache/u_acp_cdc/u_acp_tx_fifo/gnuram_async_fifo.xpm_fifo_base_inst/xpm_fifo_rst_inst/wr_clk
    SLICE_X39Y8          FDRE                                         r  pccx_v002_system_i/u_npu/inst/u_wrap/u_pccx_npu_top/u_mem_dispatcher/u_l2_cache/u_acp_cdc/u_acp_tx_fifo/gnuram_async_fifo.xpm_fifo_base_inst/xpm_fifo_rst_inst/gen_rst_ic.fifo_wr_rst_ic_reg/C
  -------------------------------------------------------------------    -------------------
    SLICE_X39Y8          FDRE (Prop_CFF_SLICEL_C_Q)
                                                      0.084     1.898 r  pccx_v002_system_i/u_npu/inst/u_wrap/u_pccx_npu_top/u_mem_dispatcher/u_l2_cache/u_acp_cdc/u_acp_tx_fifo/gnuram_async_fifo.xpm_fifo_base_inst/xpm_fifo_rst_inst/gen_rst_ic.fifo_wr_rst_ic_reg/Q
                         net (fo=2, routed)           0.089     1.986    pccx_v002_system_i/u_npu/inst/u_wrap/u_pccx_npu_top/u_mem_dispatcher/u_l2_cache/u_acp_cdc/u_acp_tx_fifo/gnuram_async_fifo.xpm_fifo_base_inst/xpm_fifo_rst_inst/gen_rst_ic.wrst_rd_inst/src_rst
    SLICE_X38Y3          FDRE                                         r  pccx_v002_system_i/u_npu/inst/u_wrap/u_pccx_npu_top/u_mem_dispatcher/u_l2_cache/u_acp_cdc/u_acp_tx_fifo/gnuram_async_fifo.xpm_fifo_base_inst/xpm_fifo_rst_inst/gen_rst_ic.wrst_rd_inst/syncstages_ff_reg[0]/D
  -------------------------------------------------------------------    -------------------

                         (clock clk_pl_0 rise edge)
                                                      0.000     0.000 r  
    PS8_X0Y0             PS8                          0.000     0.000 r  pccx_v002_system_i/zynq_ps/inst/PS8_i/PLCLK[0]
                         net (fo=1, routed)           0.164     0.164    pccx_v002_system_i/zynq_ps/inst/pl_clk_unbuffered[0]
    BUFG_PS_X0Y90        BUFG_PS (Prop_BUFG_PS_I_O)
                                                      0.023     0.187 r  pccx_v002_system_i/zynq_ps/inst/buffer_pl_clk_0.PL_CLK_0_BUFG/O
    X1Y1 (CLOCK_ROOT)    net (fo=82277, routed)       1.829     2.016    pccx_v002_system_i/u_npu/inst/u_wrap/u_pccx_npu_top/u_mem_dispatcher/u_l2_cache/u_acp_cdc/u_acp_tx_fifo/gnuram_async_fifo.xpm_fifo_base_inst/xpm_fifo_rst_inst/gen_rst_ic.wrst_rd_inst/dest_clk
    SLICE_X38Y3          FDRE                                         r  pccx_v002_system_i/u_npu/inst/u_wrap/u_pccx_npu_top/u_mem_dispatcher/u_l2_cache/u_acp_cdc/u_acp_tx_fifo/gnuram_async_fifo.xpm_fifo_base_inst/xpm_fifo_rst_inst/gen_rst_ic.wrst_rd_inst/syncstages_ff_reg[0]/C

Slack:                    inf
  Source:                 pccx_v002_system_i/u_npu/inst/u_wrap/u_pccx_npu_top/u_mem_dispatcher/u_l2_cache/u_acp_cdc/u_acp_rx_fifo/gnuram_async_fifo.xpm_fifo_base_inst/xpm_fifo_rst_inst/gen_rst_ic.fifo_rd_rst_ic_reg/C
                            (rising edge-triggered cell FDRE clocked by clk_pl_0  {rise@0.000ns fall@5.000ns period=10.000ns})
  Destination:            pccx_v002_system_i/u_npu/inst/u_wrap/u_pccx_npu_top/u_mem_dispatcher/u_l2_cache/u_acp_cdc/u_acp_rx_fifo/gnuram_async_fifo.xpm_fifo_base_inst/xpm_fifo_rst_inst/gen_rst_ic.rrst_wr_inst/syncstages_ff_reg[0]/D
                            (rising edge-triggered cell FDRE clocked by clk_pl_0  {rise@0.000ns fall@5.000ns period=10.000ns})
  Path Group:             (none)
  Path Type:              Hold (Min at Fast Process Corner)
  Data Path Delay:        0.180ns  (logic 0.082ns (45.648%)  route 0.098ns (54.352%))
  Logic Levels:           0  
  Clock Path Skew:        0.196ns (DCD - SCD - CPR)
    Destination Clock Delay (DCD):    2.042ns
    Source Clock Delay      (SCD):    1.846ns
    Clock Pessimism Removal (CPR):    -0.000ns
  Clock Uncertainty:      0.160ns  ((TSJ^2 + DJ^2)^1/2) / 2 + PE
    Total System Jitter     (TSJ):    0.071ns
    Discrete Jitter          (DJ):    0.312ns
    Phase Error              (PE):    0.000ns
  Clock Net Delay (Source):      1.695ns (routing 0.940ns, distribution 0.755ns)
  Clock Net Delay (Destination): 1.855ns (routing 1.033ns, distribution 0.822ns)
  Timing Exception:       False Path

    Location             Delay type                Incr(ns)  Path(ns)    Netlist Resource(s)
  -------------------------------------------------------------------    -------------------
                         (clock clk_pl_0 rise edge)
                                                      0.000     0.000 r  
    PS8_X0Y0             PS8                          0.000     0.000 r  pccx_v002_system_i/zynq_ps/inst/PS8_i/PLCLK[0]
                         net (fo=1, routed)           0.129     0.129    pccx_v002_system_i/zynq_ps/inst/pl_clk_unbuffered[0]
    BUFG_PS_X0Y90        BUFG_PS (Prop_BUFG_PS_I_O)
                                                      0.022     0.151 r  pccx_v002_system_i/zynq_ps/inst/buffer_pl_clk_0.PL_CLK_0_BUFG/O
    X1Y1 (CLOCK_ROOT)    net (fo=82277, routed)       1.695     1.846    pccx_v002_system_i/u_npu/inst/u_wrap/u_pccx_npu_top/u_mem_dispatcher/u_l2_cache/u_acp_cdc/u_acp_rx_fifo/gnuram_async_fifo.xpm_fifo_base_inst/xpm_fifo_rst_inst/rd_clk
    SLICE_X43Y111        FDRE                                         r  pccx_v002_system_i/u_npu/inst/u_wrap/u_pccx_npu_top/u_mem_dispatcher/u_l2_cache/u_acp_cdc/u_acp_rx_fifo/gnuram_async_fifo.xpm_fifo_base_inst/xpm_fifo_rst_inst/gen_rst_ic.fifo_rd_rst_ic_reg/C
  -------------------------------------------------------------------    -------------------
    SLICE_X43Y111        FDRE (Prop_FFF_SLICEM_C_Q)
                                                      0.082     1.928 r  pccx_v002_system_i/u_npu/inst/u_wrap/u_pccx_npu_top/u_mem_dispatcher/u_l2_cache/u_acp_cdc/u_acp_rx_fifo/gnuram_async_fifo.xpm_fifo_base_inst/xpm_fifo_rst_inst/gen_rst_ic.fifo_rd_rst_ic_reg/Q
                         net (fo=42, routed)          0.098     2.026    pccx_v002_system_i/u_npu/inst/u_wrap/u_pccx_npu_top/u_mem_dispatcher/u_l2_cache/u_acp_cdc/u_acp_rx_fifo/gnuram_async_fifo.xpm_fifo_base_inst/xpm_fifo_rst_inst/gen_rst_ic.rrst_wr_inst/src_rst
    SLICE_X43Y112        FDRE                                         r  pccx_v002_system_i/u_npu/inst/u_wrap/u_pccx_npu_top/u_mem_dispatcher/u_l2_cache/u_acp_cdc/u_acp_rx_fifo/gnuram_async_fifo.xpm_fifo_base_inst/xpm_fifo_rst_inst/gen_rst_ic.rrst_wr_inst/syncstages_ff_reg[0]/D
  -------------------------------------------------------------------    -------------------

                         (clock clk_pl_0 rise edge)
                                                      0.000     0.000 r  
    PS8_X0Y0             PS8                          0.000     0.000 r  pccx_v002_system_i/zynq_ps/inst/PS8_i/PLCLK[0]
                         net (fo=1, routed)           0.164     0.164    pccx_v002_system_i/zynq_ps/inst/pl_clk_unbuffered[0]
    BUFG_PS_X0Y90        BUFG_PS (Prop_BUFG_PS_I_O)
                                                      0.023     0.187 r  pccx_v002_system_i/zynq_ps/inst/buffer_pl_clk_0.PL_CLK_0_BUFG/O
    X1Y1 (CLOCK_ROOT)    net (fo=82277, routed)       1.855     2.042    pccx_v002_system_i/u_npu/inst/u_wrap/u_pccx_npu_top/u_mem_dispatcher/u_l2_cache/u_acp_cdc/u_acp_rx_fifo/gnuram_async_fifo.xpm_fifo_base_inst/xpm_fifo_rst_inst/gen_rst_ic.rrst_wr_inst/dest_clk
    SLICE_X43Y112        FDRE                                         r  pccx_v002_system_i/u_npu/inst/u_wrap/u_pccx_npu_top/u_mem_dispatcher/u_l2_cache/u_acp_cdc/u_acp_rx_fifo/gnuram_async_fifo.xpm_fifo_base_inst/xpm_fifo_rst_inst/gen_rst_ic.rrst_wr_inst/syncstages_ff_reg[0]/C

Slack:                    inf
  Source:                 pccx_v002_system_i/u_npu/inst/u_wrap/u_pccx_npu_top/u_mem_dispatcher/u_l2_cache/u_acp_cdc/u_acp_tx_fifo/gnuram_async_fifo.xpm_fifo_base_inst/xpm_fifo_rst_inst/gen_rst_ic.fifo_rd_rst_ic_reg/C
                            (rising edge-triggered cell FDRE clocked by clk_pl_0  {rise@0.000ns fall@5.000ns period=10.000ns})
  Destination:            pccx_v002_system_i/u_npu/inst/u_wrap/u_pccx_npu_top/u_mem_dispatcher/u_l2_cache/u_acp_cdc/u_acp_tx_fifo/gnuram_async_fifo.xpm_fifo_base_inst/xpm_fifo_rst_inst/gen_rst_ic.rrst_wr_inst/syncstages_ff_reg[0]/D
                            (rising edge-triggered cell FDRE clocked by clk_pl_0  {rise@0.000ns fall@5.000ns period=10.000ns})
  Path Group:             (none)
  Path Type:              Hold (Min at Fast Process Corner)
  Data Path Delay:        0.206ns  (logic 0.082ns (39.761%)  route 0.124ns (60.239%))
  Logic Levels:           0  
  Clock Path Skew:        0.176ns (DCD - SCD - CPR)
    Destination Clock Delay (DCD):    2.000ns
    Source Clock Delay      (SCD):    1.825ns
    Clock Pessimism Removal (CPR):    -0.000ns
  Clock Uncertainty:      0.160ns  ((TSJ^2 + DJ^2)^1/2) / 2 + PE
    Total System Jitter     (TSJ):    0.071ns
    Discrete Jitter          (DJ):    0.312ns
    Phase Error              (PE):    0.000ns
  Clock Net Delay (Source):      1.674ns (routing 0.940ns, distribution 0.734ns)
  Clock Net Delay (Destination): 1.813ns (routing 1.033ns, distribution 0.780ns)
  Timing Exception:       False Path

    Location             Delay type                Incr(ns)  Path(ns)    Netlist Resource(s)
  -------------------------------------------------------------------    -------------------
                         (clock clk_pl_0 rise edge)
                                                      0.000     0.000 r  
    PS8_X0Y0             PS8                          0.000     0.000 r  pccx_v002_system_i/zynq_ps/inst/PS8_i/PLCLK[0]
                         net (fo=1, routed)           0.129     0.129    pccx_v002_system_i/zynq_ps/inst/pl_clk_unbuffered[0]
    BUFG_PS_X0Y90        BUFG_PS (Prop_BUFG_PS_I_O)
                                                      0.022     0.151 r  pccx_v002_system_i/zynq_ps/inst/buffer_pl_clk_0.PL_CLK_0_BUFG/O
    X1Y1 (CLOCK_ROOT)    net (fo=82277, routed)       1.674     1.825    pccx_v002_system_i/u_npu/inst/u_wrap/u_pccx_npu_top/u_mem_dispatcher/u_l2_cache/u_acp_cdc/u_acp_tx_fifo/gnuram_async_fifo.xpm_fifo_base_inst/xpm_fifo_rst_inst/rd_clk
    SLICE_X38Y3          FDRE                                         r  pccx_v002_system_i/u_npu/inst/u_wrap/u_pccx_npu_top/u_mem_dispatcher/u_l2_cache/u_acp_cdc/u_acp_tx_fifo/gnuram_async_fifo.xpm_fifo_base_inst/xpm_fifo_rst_inst/gen_rst_ic.fifo_rd_rst_ic_reg/C
  -------------------------------------------------------------------    -------------------
    SLICE_X38Y3          FDRE (Prop_FFF_SLICEM_C_Q)
                                                      0.082     1.907 r  pccx_v002_system_i/u_npu/inst/u_wrap/u_pccx_npu_top/u_mem_dispatcher/u_l2_cache/u_acp_cdc/u_acp_tx_fifo/gnuram_async_fifo.xpm_fifo_base_inst/xpm_fifo_rst_inst/gen_rst_ic.fifo_rd_rst_ic_reg/Q
                         net (fo=42, routed)          0.124     2.031    pccx_v002_system_i/u_npu/inst/u_wrap/u_pccx_npu_top/u_mem_dispatcher/u_l2_cache/u_acp_cdc/u_acp_tx_fifo/gnuram_async_fifo.xpm_fifo_base_inst/xpm_fifo_rst_inst/gen_rst_ic.rrst_wr_inst/src_rst
    SLICE_X39Y8          FDRE                                         r  pccx_v002_system_i/u_npu/inst/u_wrap/u_pccx_npu_top/u_mem_dispatcher/u_l2_cache/u_acp_cdc/u_acp_tx_fifo/gnuram_async_fifo.xpm_fifo_base_inst/xpm_fifo_rst_inst/gen_rst_ic.rrst_wr_inst/syncstages_ff_reg[0]/D
  -------------------------------------------------------------------    -------------------

                         (clock clk_pl_0 rise edge)
                                                      0.000     0.000 r  
    PS8_X0Y0             PS8                          0.000     0.000 r  pccx_v002_system_i/zynq_ps/inst/PS8_i/PLCLK[0]
                         net (fo=1, routed)           0.164     0.164    pccx_v002_system_i/zynq_ps/inst/pl_clk_unbuffered[0]
    BUFG_PS_X0Y90        BUFG_PS (Prop_BUFG_PS_I_O)
                                                      0.023     0.187 r  pccx_v002_system_i/zynq_ps/inst/buffer_pl_clk_0.PL_CLK_0_BUFG/O
    X1Y1 (CLOCK_ROOT)    net (fo=82277, routed)       1.813     2.000    pccx_v002_system_i/u_npu/inst/u_wrap/u_pccx_npu_top/u_mem_dispatcher/u_l2_cache/u_acp_cdc/u_acp_tx_fifo/gnuram_async_fifo.xpm_fifo_base_inst/xpm_fifo_rst_inst/gen_rst_ic.rrst_wr_inst/dest_clk
    SLICE_X39Y8          FDRE                                         r  pccx_v002_system_i/u_npu/inst/u_wrap/u_pccx_npu_top/u_mem_dispatcher/u_l2_cache/u_acp_cdc/u_acp_tx_fifo/gnuram_async_fifo.xpm_fifo_base_inst/xpm_fifo_rst_inst/gen_rst_ic.rrst_wr_inst/syncstages_ff_reg[0]/C

Slack:                    inf
  Source:                 pccx_v002_system_i/u_npu/inst/u_wrap/u_pccx_npu_top/u_HP_buffer/u_hp1_weight_fifo/xpm_fifo_base_inst/xpm_fifo_rst_inst/gen_rst_ic.fifo_wr_rst_ic_reg/C
                            (rising edge-triggered cell FDRE clocked by clk_pl_0  {rise@0.000ns fall@5.000ns period=10.000ns})
  Destination:            pccx_v002_system_i/u_npu/inst/u_wrap/u_pccx_npu_top/u_HP_buffer/u_hp1_weight_fifo/xpm_fifo_base_inst/xpm_fifo_rst_inst/gen_rst_ic.wrst_rd_inst/syncstages_ff_reg[0]/D
                            (rising edge-triggered cell FDRE clocked by clk_pl_0  {rise@0.000ns fall@5.000ns period=10.000ns})
  Path Group:             (none)
  Path Type:              Hold (Min at Fast Process Corner)
  Data Path Delay:        0.144ns  (logic 0.084ns (58.337%)  route 0.060ns (41.663%))
  Logic Levels:           0  
  Clock Path Skew:        0.194ns (DCD - SCD - CPR)
    Destination Clock Delay (DCD):    2.130ns
    Source Clock Delay      (SCD):    1.937ns
    Clock Pessimism Removal (CPR):    -0.000ns
  Clock Uncertainty:      0.160ns  ((TSJ^2 + DJ^2)^1/2) / 2 + PE
    Total System Jitter     (TSJ):    0.071ns
    Discrete Jitter          (DJ):    0.312ns
    Phase Error              (PE):    0.000ns
  Clock Net Delay (Source):      1.786ns (routing 0.940ns, distribution 0.846ns)
  Clock Net Delay (Destination): 1.943ns (routing 1.033ns, distribution 0.910ns)
  Timing Exception:       False Path

    Location             Delay type                Incr(ns)  Path(ns)    Netlist Resource(s)
  -------------------------------------------------------------------    -------------------
                         (clock clk_pl_0 rise edge)
                                                      0.000     0.000 r  
    PS8_X0Y0             PS8                          0.000     0.000 r  pccx_v002_system_i/zynq_ps/inst/PS8_i/PLCLK[0]
                         net (fo=1, routed)           0.129     0.129    pccx_v002_system_i/zynq_ps/inst/pl_clk_unbuffered[0]
    BUFG_PS_X0Y90        BUFG_PS (Prop_BUFG_PS_I_O)
                                                      0.022     0.151 r  pccx_v002_system_i/zynq_ps/inst/buffer_pl_clk_0.PL_CLK_0_BUFG/O
    X1Y1 (CLOCK_ROOT)    net (fo=82277, routed)       1.786     1.937    pccx_v002_system_i/u_npu/inst/u_wrap/u_pccx_npu_top/u_HP_buffer/u_hp1_weight_fifo/xpm_fifo_base_inst/xpm_fifo_rst_inst/wr_clk
    SLICE_X60Y212        FDRE                                         r  pccx_v002_system_i/u_npu/inst/u_wrap/u_pccx_npu_top/u_HP_buffer/u_hp1_weight_fifo/xpm_fifo_base_inst/xpm_fifo_rst_inst/gen_rst_ic.fifo_wr_rst_ic_reg/C
  -------------------------------------------------------------------    -------------------
    SLICE_X60Y212        FDRE (Prop_DFF_SLICEL_C_Q)
                                                      0.084     2.021 r  pccx_v002_system_i/u_npu/inst/u_wrap/u_pccx_npu_top/u_HP_buffer/u_hp1_weight_fifo/xpm_fifo_base_inst/xpm_fifo_rst_inst/gen_rst_ic.fifo_wr_rst_ic_reg/Q
                         net (fo=2, routed)           0.060     2.081    pccx_v002_system_i/u_npu/inst/u_wrap/u_pccx_npu_top/u_HP_buffer/u_hp1_weight_fifo/xpm_fifo_base_inst/xpm_fifo_rst_inst/gen_rst_ic.wrst_rd_inst/src_rst
    SLICE_X60Y212        FDRE                                         r  pccx_v002_system_i/u_npu/inst/u_wrap/u_pccx_npu_top/u_HP_buffer/u_hp1_weight_fifo/xpm_fifo_base_inst/xpm_fifo_rst_inst/gen_rst_ic.wrst_rd_inst/syncstages_ff_reg[0]/D
  -------------------------------------------------------------------    -------------------

                         (clock clk_pl_0 rise edge)
                                                      0.000     0.000 r  
    PS8_X0Y0             PS8                          0.000     0.000 r  pccx_v002_system_i/zynq_ps/inst/PS8_i/PLCLK[0]
                         net (fo=1, routed)           0.164     0.164    pccx_v002_system_i/zynq_ps/inst/pl_clk_unbuffered[0]
    BUFG_PS_X0Y90        BUFG_PS (Prop_BUFG_PS_I_O)
                                                      0.023     0.187 r  pccx_v002_system_i/zynq_ps/inst/buffer_pl_clk_0.PL_CLK_0_BUFG/O
    X1Y1 (CLOCK_ROOT)    net (fo=82277, routed)       1.943     2.130    pccx_v002_system_i/u_npu/inst/u_wrap/u_pccx_npu_top/u_HP_buffer/u_hp1_weight_fifo/xpm_fifo_base_inst/xpm_fifo_rst_inst/gen_rst_ic.wrst_rd_inst/dest_clk
    SLICE_X60Y212        FDRE                                         r  pccx_v002_system_i/u_npu/inst/u_wrap/u_pccx_npu_top/u_HP_buffer/u_hp1_weight_fifo/xpm_fifo_base_inst/xpm_fifo_rst_inst/gen_rst_ic.wrst_rd_inst/syncstages_ff_reg[0]/C

Slack:                    inf
  Source:                 pccx_v002_system_i/u_npu/inst/u_wrap/u_pccx_npu_top/u_HP_buffer/u_hp0_weight_fifo/xpm_fifo_base_inst/xpm_fifo_rst_inst/gen_rst_ic.fifo_rd_rst_ic_reg/C
                            (rising edge-triggered cell FDRE clocked by clk_pl_0  {rise@0.000ns fall@5.000ns period=10.000ns})
  Destination:            pccx_v002_system_i/u_npu/inst/u_wrap/u_pccx_npu_top/u_HP_buffer/u_hp0_weight_fifo/xpm_fifo_base_inst/xpm_fifo_rst_inst/gen_rst_ic.rrst_wr_inst/syncstages_ff_reg[0]/D
                            (rising edge-triggered cell FDRE clocked by clk_pl_0  {rise@0.000ns fall@5.000ns period=10.000ns})
  Path Group:             (none)
  Path Type:              Hold (Min at Fast Process Corner)
  Data Path Delay:        0.176ns  (logic 0.082ns (46.687%)  route 0.094ns (53.313%))
  Logic Levels:           0  
  Clock Path Skew:        0.204ns (DCD - SCD - CPR)
    Destination Clock Delay (DCD):    2.121ns
    Source Clock Delay      (SCD):    1.917ns
    Clock Pessimism Removal (CPR):    -0.000ns
  Clock Uncertainty:      0.160ns  ((TSJ^2 + DJ^2)^1/2) / 2 + PE
    Total System Jitter     (TSJ):    0.071ns
    Discrete Jitter          (DJ):    0.312ns
    Phase Error              (PE):    0.000ns
  Clock Net Delay (Source):      1.766ns (routing 0.940ns, distribution 0.826ns)
  Clock Net Delay (Destination): 1.934ns (routing 1.033ns, distribution 0.901ns)
  Timing Exception:       False Path

    Location             Delay type                Incr(ns)  Path(ns)    Netlist Resource(s)
  -------------------------------------------------------------------    -------------------
                         (clock clk_pl_0 rise edge)
                                                      0.000     0.000 r  
    PS8_X0Y0             PS8                          0.000     0.000 r  pccx_v002_system_i/zynq_ps/inst/PS8_i/PLCLK[0]
                         net (fo=1, routed)           0.129     0.129    pccx_v002_system_i/zynq_ps/inst/pl_clk_unbuffered[0]
    BUFG_PS_X0Y90        BUFG_PS (Prop_BUFG_PS_I_O)
                                                      0.022     0.151 r  pccx_v002_system_i/zynq_ps/inst/buffer_pl_clk_0.PL_CLK_0_BUFG/O
    X1Y1 (CLOCK_ROOT)    net (fo=82277, routed)       1.766     1.917    pccx_v002_system_i/u_npu/inst/u_wrap/u_pccx_npu_top/u_HP_buffer/u_hp0_weight_fifo/xpm_fifo_base_inst/xpm_fifo_rst_inst/rd_clk
    SLICE_X58Y12         FDRE                                         r  pccx_v002_system_i/u_npu/inst/u_wrap/u_pccx_npu_top/u_HP_buffer/u_hp0_weight_fifo/xpm_fifo_base_inst/xpm_fifo_rst_inst/gen_rst_ic.fifo_rd_rst_ic_reg/C
  -------------------------------------------------------------------    -------------------
    SLICE_X58Y12         FDRE (Prop_BFF_SLICEM_C_Q)
                                                      0.082     1.999 r  pccx_v002_system_i/u_npu/inst/u_wrap/u_pccx_npu_top/u_HP_buffer/u_hp0_weight_fifo/xpm_fifo_base_inst/xpm_fifo_rst_inst/gen_rst_ic.fifo_rd_rst_ic_reg/Q
                         net (fo=49, routed)          0.094     2.092    pccx_v002_system_i/u_npu/inst/u_wrap/u_pccx_npu_top/u_HP_buffer/u_hp0_weight_fifo/xpm_fifo_base_inst/xpm_fifo_rst_inst/gen_rst_ic.rrst_wr_inst/src_rst
    SLICE_X58Y13         FDRE                                         r  pccx_v002_system_i/u_npu/inst/u_wrap/u_pccx_npu_top/u_HP_buffer/u_hp0_weight_fifo/xpm_fifo_base_inst/xpm_fifo_rst_inst/gen_rst_ic.rrst_wr_inst/syncstages_ff_reg[0]/D
  -------------------------------------------------------------------    -------------------

                         (clock clk_pl_0 rise edge)
                                                      0.000     0.000 r  
    PS8_X0Y0             PS8                          0.000     0.000 r  pccx_v002_system_i/zynq_ps/inst/PS8_i/PLCLK[0]
                         net (fo=1, routed)           0.164     0.164    pccx_v002_system_i/zynq_ps/inst/pl_clk_unbuffered[0]
    BUFG_PS_X0Y90        BUFG_PS (Prop_BUFG_PS_I_O)
                                                      0.023     0.187 r  pccx_v002_system_i/zynq_ps/inst/buffer_pl_clk_0.PL_CLK_0_BUFG/O
    X1Y1 (CLOCK_ROOT)    net (fo=82277, routed)       1.934     2.121    pccx_v002_system_i/u_npu/inst/u_wrap/u_pccx_npu_top/u_HP_buffer/u_hp0_weight_fifo/xpm_fifo_base_inst/xpm_fifo_rst_inst/gen_rst_ic.rrst_wr_inst/dest_clk
    SLICE_X58Y13         FDRE                                         r  pccx_v002_system_i/u_npu/inst/u_wrap/u_pccx_npu_top/u_HP_buffer/u_hp0_weight_fifo/xpm_fifo_base_inst/xpm_fifo_rst_inst/gen_rst_ic.rrst_wr_inst/syncstages_ff_reg[0]/C

Slack:                    inf
  Source:                 pccx_v002_system_i/u_npu/inst/u_wrap/u_pccx_npu_top/u_HP_buffer/u_hp1_weight_fifo/xpm_fifo_base_inst/xpm_fifo_rst_inst/gen_rst_ic.fifo_rd_rst_ic_reg/C
                            (rising edge-triggered cell FDRE clocked by clk_pl_0  {rise@0.000ns fall@5.000ns period=10.000ns})
  Destination:            pccx_v002_system_i/u_npu/inst/u_wrap/u_pccx_npu_top/u_HP_buffer/u_hp1_weight_fifo/xpm_fifo_base_inst/xpm_fifo_rst_inst/gen_rst_ic.rrst_wr_inst/syncstages_ff_reg[0]/D
                            (rising edge-triggered cell FDRE clocked by clk_pl_0  {rise@0.000ns fall@5.000ns period=10.000ns})
  Path Group:             (none)
  Path Type:              Hold (Min at Fast Process Corner)
  Data Path Delay:        0.172ns  (logic 0.083ns (48.180%)  route 0.089ns (51.820%))
  Logic Levels:           0  
  Clock Path Skew:        0.191ns (DCD - SCD - CPR)
    Destination Clock Delay (DCD):    2.129ns
    Source Clock Delay      (SCD):    1.939ns
    Clock Pessimism Removal (CPR):    -0.000ns
  Clock Uncertainty:      0.160ns  ((TSJ^2 + DJ^2)^1/2) / 2 + PE
    Total System Jitter     (TSJ):    0.071ns
    Discrete Jitter          (DJ):    0.312ns
    Phase Error              (PE):    0.000ns
  Clock Net Delay (Source):      1.788ns (routing 0.940ns, distribution 0.848ns)
  Clock Net Delay (Destination): 1.942ns (routing 1.033ns, distribution 0.909ns)
  Timing Exception:       False Path

    Location             Delay type                Incr(ns)  Path(ns)    Netlist Resource(s)
  -------------------------------------------------------------------    -------------------
                         (clock clk_pl_0 rise edge)
                                                      0.000     0.000 r  
    PS8_X0Y0             PS8                          0.000     0.000 r  pccx_v002_system_i/zynq_ps/inst/PS8_i/PLCLK[0]
                         net (fo=1, routed)           0.129     0.129    pccx_v002_system_i/zynq_ps/inst/pl_clk_unbuffered[0]
    BUFG_PS_X0Y90        BUFG_PS (Prop_BUFG_PS_I_O)
                                                      0.022     0.151 r  pccx_v002_system_i/zynq_ps/inst/buffer_pl_clk_0.PL_CLK_0_BUFG/O
    X1Y1 (CLOCK_ROOT)    net (fo=82277, routed)       1.788     1.939    pccx_v002_system_i/u_npu/inst/u_wrap/u_pccx_npu_top/u_HP_buffer/u_hp1_weight_fifo/xpm_fifo_base_inst/xpm_fifo_rst_inst/rd_clk
    SLICE_X60Y212        FDRE                                         r  pccx_v002_system_i/u_npu/inst/u_wrap/u_pccx_npu_top/u_HP_buffer/u_hp1_weight_fifo/xpm_fifo_base_inst/xpm_fifo_rst_inst/gen_rst_ic.fifo_rd_rst_ic_reg/C
  -------------------------------------------------------------------    -------------------
    SLICE_X60Y212        FDRE (Prop_FFF_SLICEL_C_Q)
                                                      0.083     2.022 r  pccx_v002_system_i/u_npu/inst/u_wrap/u_pccx_npu_top/u_HP_buffer/u_hp1_weight_fifo/xpm_fifo_base_inst/xpm_fifo_rst_inst/gen_rst_ic.fifo_rd_rst_ic_reg/Q
                         net (fo=49, routed)          0.089     2.111    pccx_v002_system_i/u_npu/inst/u_wrap/u_pccx_npu_top/u_HP_buffer/u_hp1_weight_fifo/xpm_fifo_base_inst/xpm_fifo_rst_inst/gen_rst_ic.rrst_wr_inst/src_rst
    SLICE_X60Y211        FDRE                                         r  pccx_v002_system_i/u_npu/inst/u_wrap/u_pccx_npu_top/u_HP_buffer/u_hp1_weight_fifo/xpm_fifo_base_inst/xpm_fifo_rst_inst/gen_rst_ic.rrst_wr_inst/syncstages_ff_reg[0]/D
  -------------------------------------------------------------------    -------------------

                         (clock clk_pl_0 rise edge)
                                                      0.000     0.000 r  
    PS8_X0Y0             PS8                          0.000     0.000 r  pccx_v002_system_i/zynq_ps/inst/PS8_i/PLCLK[0]
                         net (fo=1, routed)           0.164     0.164    pccx_v002_system_i/zynq_ps/inst/pl_clk_unbuffered[0]
    BUFG_PS_X0Y90        BUFG_PS (Prop_BUFG_PS_I_O)
                                                      0.023     0.187 r  pccx_v002_system_i/zynq_ps/inst/buffer_pl_clk_0.PL_CLK_0_BUFG/O
    X1Y1 (CLOCK_ROOT)    net (fo=82277, routed)       1.942     2.129    pccx_v002_system_i/u_npu/inst/u_wrap/u_pccx_npu_top/u_HP_buffer/u_hp1_weight_fifo/xpm_fifo_base_inst/xpm_fifo_rst_inst/gen_rst_ic.rrst_wr_inst/dest_clk
    SLICE_X60Y211        FDRE                                         r  pccx_v002_system_i/u_npu/inst/u_wrap/u_pccx_npu_top/u_HP_buffer/u_hp1_weight_fifo/xpm_fifo_base_inst/xpm_fifo_rst_inst/gen_rst_ic.rrst_wr_inst/syncstages_ff_reg[0]/C

Slack:                    inf
  Source:                 pccx_v002_system_i/u_npu/inst/u_wrap/u_pccx_npu_top/u_HP_buffer/u_hp2_weight_fifo/xpm_fifo_base_inst/xpm_fifo_rst_inst/gen_rst_ic.fifo_wr_rst_ic_reg/C
                            (rising edge-triggered cell FDRE clocked by clk_pl_0  {rise@0.000ns fall@5.000ns period=10.000ns})
  Destination:            pccx_v002_system_i/u_npu/inst/u_wrap/u_pccx_npu_top/u_HP_buffer/u_hp2_weight_fifo/xpm_fifo_base_inst/xpm_fifo_rst_inst/gen_rst_ic.wrst_rd_inst/syncstages_ff_reg[0]/D
                            (rising edge-triggered cell FDRE clocked by clk_pl_0  {rise@0.000ns fall@5.000ns period=10.000ns})
  Path Group:             (none)
  Path Type:              Hold (Min at Fast Process Corner)
  Data Path Delay:        0.168ns  (logic 0.084ns (50.003%)  route 0.084ns (49.997%))
  Logic Levels:           0  
  Clock Path Skew:        0.201ns (DCD - SCD - CPR)
    Destination Clock Delay (DCD):    2.152ns
    Source Clock Delay      (SCD):    1.951ns
    Clock Pessimism Removal (CPR):    -0.000ns
  Clock Uncertainty:      0.160ns  ((TSJ^2 + DJ^2)^1/2) / 2 + PE
    Total System Jitter     (TSJ):    0.071ns
    Discrete Jitter          (DJ):    0.312ns
    Phase Error              (PE):    0.000ns
  Clock Net Delay (Source):      1.800ns (routing 0.940ns, distribution 0.860ns)
  Clock Net Delay (Destination): 1.965ns (routing 1.033ns, distribution 0.932ns)
  Timing Exception:       False Path

    Location             Delay type                Incr(ns)  Path(ns)    Netlist Resource(s)
  -------------------------------------------------------------------    -------------------
                         (clock clk_pl_0 rise edge)
                                                      0.000     0.000 r  
    PS8_X0Y0             PS8                          0.000     0.000 r  pccx_v002_system_i/zynq_ps/inst/PS8_i/PLCLK[0]
                         net (fo=1, routed)           0.129     0.129    pccx_v002_system_i/zynq_ps/inst/pl_clk_unbuffered[0]
    BUFG_PS_X0Y90        BUFG_PS (Prop_BUFG_PS_I_O)
                                                      0.022     0.151 r  pccx_v002_system_i/zynq_ps/inst/buffer_pl_clk_0.PL_CLK_0_BUFG/O
    X1Y1 (CLOCK_ROOT)    net (fo=82277, routed)       1.800     1.951    pccx_v002_system_i/u_npu/inst/u_wrap/u_pccx_npu_top/u_HP_buffer/u_hp2_weight_fifo/xpm_fifo_base_inst/xpm_fifo_rst_inst/wr_clk
    SLICE_X59Y220        FDRE                                         r  pccx_v002_system_i/u_npu/inst/u_wrap/u_pccx_npu_top/u_HP_buffer/u_hp2_weight_fifo/xpm_fifo_base_inst/xpm_fifo_rst_inst/gen_rst_ic.fifo_wr_rst_ic_reg/C
  -------------------------------------------------------------------    -------------------
    SLICE_X59Y220        FDRE (Prop_DFF_SLICEL_C_Q)
                                                      0.084     2.035 r  pccx_v002_system_i/u_npu/inst/u_wrap/u_pccx_npu_top/u_HP_buffer/u_hp2_weight_fifo/xpm_fifo_base_inst/xpm_fifo_rst_inst/gen_rst_ic.fifo_wr_rst_ic_reg/Q
                         net (fo=2, routed)           0.084     2.119    pccx_v002_system_i/u_npu/inst/u_wrap/u_pccx_npu_top/u_HP_buffer/u_hp2_weight_fifo/xpm_fifo_base_inst/xpm_fifo_rst_inst/gen_rst_ic.wrst_rd_inst/src_rst
    SLICE_X59Y220        FDRE                                         r  pccx_v002_system_i/u_npu/inst/u_wrap/u_pccx_npu_top/u_HP_buffer/u_hp2_weight_fifo/xpm_fifo_base_inst/xpm_fifo_rst_inst/gen_rst_ic.wrst_rd_inst/syncstages_ff_reg[0]/D
  -------------------------------------------------------------------    -------------------

                         (clock clk_pl_0 rise edge)
                                                      0.000     0.000 r  
    PS8_X0Y0             PS8                          0.000     0.000 r  pccx_v002_system_i/zynq_ps/inst/PS8_i/PLCLK[0]
                         net (fo=1, routed)           0.164     0.164    pccx_v002_system_i/zynq_ps/inst/pl_clk_unbuffered[0]
    BUFG_PS_X0Y90        BUFG_PS (Prop_BUFG_PS_I_O)
                                                      0.023     0.187 r  pccx_v002_system_i/zynq_ps/inst/buffer_pl_clk_0.PL_CLK_0_BUFG/O
    X1Y1 (CLOCK_ROOT)    net (fo=82277, routed)       1.965     2.152    pccx_v002_system_i/u_npu/inst/u_wrap/u_pccx_npu_top/u_HP_buffer/u_hp2_weight_fifo/xpm_fifo_base_inst/xpm_fifo_rst_inst/gen_rst_ic.wrst_rd_inst/dest_clk
    SLICE_X59Y220        FDRE                                         r  pccx_v002_system_i/u_npu/inst/u_wrap/u_pccx_npu_top/u_HP_buffer/u_hp2_weight_fifo/xpm_fifo_base_inst/xpm_fifo_rst_inst/gen_rst_ic.wrst_rd_inst/syncstages_ff_reg[0]/C

Slack:                    inf
  Source:                 pccx_v002_system_i/u_npu/inst/u_wrap/u_pccx_npu_top/u_HP_buffer/u_hp0_weight_fifo/xpm_fifo_base_inst/xpm_fifo_rst_inst/gen_rst_ic.fifo_wr_rst_ic_reg/C
                            (rising edge-triggered cell FDRE clocked by clk_pl_0  {rise@0.000ns fall@5.000ns period=10.000ns})
  Destination:            pccx_v002_system_i/u_npu/inst/u_wrap/u_pccx_npu_top/u_HP_buffer/u_hp0_weight_fifo/xpm_fifo_base_inst/xpm_fifo_rst_inst/gen_rst_ic.wrst_rd_inst/syncstages_ff_reg[0]/D
                            (rising edge-triggered cell FDRE clocked by clk_pl_0  {rise@0.000ns fall@5.000ns period=10.000ns})
  Path Group:             (none)
  Path Type:              Hold (Min at Fast Process Corner)
  Data Path Delay:        0.196ns  (logic 0.084ns (42.827%)  route 0.112ns (57.173%))
  Logic Levels:           0  
  Clock Path Skew:        0.189ns (DCD - SCD - CPR)
    Destination Clock Delay (DCD):    2.112ns
    Source Clock Delay      (SCD):    1.924ns
    Clock Pessimism Removal (CPR):    -0.000ns
  Clock Uncertainty:      0.160ns  ((TSJ^2 + DJ^2)^1/2) / 2 + PE
    Total System Jitter     (TSJ):    0.071ns
    Discrete Jitter          (DJ):    0.312ns
    Phase Error              (PE):    0.000ns
  Clock Net Delay (Source):      1.773ns (routing 0.940ns, distribution 0.833ns)
  Clock Net Delay (Destination): 1.925ns (routing 1.033ns, distribution 0.892ns)
  Timing Exception:       False Path

    Location             Delay type                Incr(ns)  Path(ns)    Netlist Resource(s)
  -------------------------------------------------------------------    -------------------
                         (clock clk_pl_0 rise edge)
                                                      0.000     0.000 r  
    PS8_X0Y0             PS8                          0.000     0.000 r  pccx_v002_system_i/zynq_ps/inst/PS8_i/PLCLK[0]
                         net (fo=1, routed)           0.129     0.129    pccx_v002_system_i/zynq_ps/inst/pl_clk_unbuffered[0]
    BUFG_PS_X0Y90        BUFG_PS (Prop_BUFG_PS_I_O)
                                                      0.022     0.151 r  pccx_v002_system_i/zynq_ps/inst/buffer_pl_clk_0.PL_CLK_0_BUFG/O
    X1Y1 (CLOCK_ROOT)    net (fo=82277, routed)       1.773     1.924    pccx_v002_system_i/u_npu/inst/u_wrap/u_pccx_npu_top/u_HP_buffer/u_hp0_weight_fifo/xpm_fifo_base_inst/xpm_fifo_rst_inst/wr_clk
    SLICE_X59Y13         FDRE                                         r  pccx_v002_system_i/u_npu/inst/u_wrap/u_pccx_npu_top/u_HP_buffer/u_hp0_weight_fifo/xpm_fifo_base_inst/xpm_fifo_rst_inst/gen_rst_ic.fifo_wr_rst_ic_reg/C
  -------------------------------------------------------------------    -------------------
    SLICE_X59Y13         FDRE (Prop_CFF_SLICEL_C_Q)
                                                      0.084     2.008 r  pccx_v002_system_i/u_npu/inst/u_wrap/u_pccx_npu_top/u_HP_buffer/u_hp0_weight_fifo/xpm_fifo_base_inst/xpm_fifo_rst_inst/gen_rst_ic.fifo_wr_rst_ic_reg/Q
                         net (fo=2, routed)           0.112     2.120    pccx_v002_system_i/u_npu/inst/u_wrap/u_pccx_npu_top/u_HP_buffer/u_hp0_weight_fifo/xpm_fifo_base_inst/xpm_fifo_rst_inst/gen_rst_ic.wrst_rd_inst/src_rst
    SLICE_X58Y12         FDRE                                         r  pccx_v002_system_i/u_npu/inst/u_wrap/u_pccx_npu_top/u_HP_buffer/u_hp0_weight_fifo/xpm_fifo_base_inst/xpm_fifo_rst_inst/gen_rst_ic.wrst_rd_inst/syncstages_ff_reg[0]/D
  -------------------------------------------------------------------    -------------------

                         (clock clk_pl_0 rise edge)
                                                      0.000     0.000 r  
    PS8_X0Y0             PS8                          0.000     0.000 r  pccx_v002_system_i/zynq_ps/inst/PS8_i/PLCLK[0]
                         net (fo=1, routed)           0.164     0.164    pccx_v002_system_i/zynq_ps/inst/pl_clk_unbuffered[0]
    BUFG_PS_X0Y90        BUFG_PS (Prop_BUFG_PS_I_O)
                                                      0.023     0.187 r  pccx_v002_system_i/zynq_ps/inst/buffer_pl_clk_0.PL_CLK_0_BUFG/O
    X1Y1 (CLOCK_ROOT)    net (fo=82277, routed)       1.925     2.112    pccx_v002_system_i/u_npu/inst/u_wrap/u_pccx_npu_top/u_HP_buffer/u_hp0_weight_fifo/xpm_fifo_base_inst/xpm_fifo_rst_inst/gen_rst_ic.wrst_rd_inst/dest_clk
    SLICE_X58Y12         FDRE                                         r  pccx_v002_system_i/u_npu/inst/u_wrap/u_pccx_npu_top/u_HP_buffer/u_hp0_weight_fifo/xpm_fifo_base_inst/xpm_fifo_rst_inst/gen_rst_ic.wrst_rd_inst/syncstages_ff_reg[0]/C

Slack:                    inf
  Source:                 pccx_v002_system_i/u_npu/inst/u_wrap/u_pccx_npu_top/u_HP_buffer/u_hp2_weight_fifo/xpm_fifo_base_inst/xpm_fifo_rst_inst/gen_rst_ic.fifo_rd_rst_ic_reg/C
                            (rising edge-triggered cell FDRE clocked by clk_pl_0  {rise@0.000ns fall@5.000ns period=10.000ns})
  Destination:            pccx_v002_system_i/u_npu/inst/u_wrap/u_pccx_npu_top/u_HP_buffer/u_hp2_weight_fifo/xpm_fifo_base_inst/xpm_fifo_rst_inst/gen_rst_ic.rrst_wr_inst/syncstages_ff_reg[0]/D
                            (rising edge-triggered cell FDRE clocked by clk_pl_0  {rise@0.000ns fall@5.000ns period=10.000ns})
  Path Group:             (none)
  Path Type:              Hold (Min at Fast Process Corner)
  Data Path Delay:        0.194ns  (logic 0.082ns (42.347%)  route 0.112ns (57.652%))
  Logic Levels:           0  
  Clock Path Skew:        0.195ns (DCD - SCD - CPR)
    Destination Clock Delay (DCD):    2.147ns
    Source Clock Delay      (SCD):    1.952ns
    Clock Pessimism Removal (CPR):    -0.000ns
  Clock Uncertainty:      0.160ns  ((TSJ^2 + DJ^2)^1/2) / 2 + PE
    Total System Jitter     (TSJ):    0.071ns
    Discrete Jitter          (DJ):    0.312ns
    Phase Error              (PE):    0.000ns
  Clock Net Delay (Source):      1.801ns (routing 0.940ns, distribution 0.861ns)
  Clock Net Delay (Destination): 1.960ns (routing 1.033ns, distribution 0.927ns)
  Timing Exception:       False Path

    Location             Delay type                Incr(ns)  Path(ns)    Netlist Resource(s)
  -------------------------------------------------------------------    -------------------
                         (clock clk_pl_0 rise edge)
                                                      0.000     0.000 r  
    PS8_X0Y0             PS8                          0.000     0.000 r  pccx_v002_system_i/zynq_ps/inst/PS8_i/PLCLK[0]
                         net (fo=1, routed)           0.129     0.129    pccx_v002_system_i/zynq_ps/inst/pl_clk_unbuffered[0]
    BUFG_PS_X0Y90        BUFG_PS (Prop_BUFG_PS_I_O)
                                                      0.022     0.151 r  pccx_v002_system_i/zynq_ps/inst/buffer_pl_clk_0.PL_CLK_0_BUFG/O
    X1Y1 (CLOCK_ROOT)    net (fo=82277, routed)       1.801     1.952    pccx_v002_system_i/u_npu/inst/u_wrap/u_pccx_npu_top/u_HP_buffer/u_hp2_weight_fifo/xpm_fifo_base_inst/xpm_fifo_rst_inst/rd_clk
    SLICE_X58Y219        FDRE                                         r  pccx_v002_system_i/u_npu/inst/u_wrap/u_pccx_npu_top/u_HP_buffer/u_hp2_weight_fifo/xpm_fifo_base_inst/xpm_fifo_rst_inst/gen_rst_ic.fifo_rd_rst_ic_reg/C
  -------------------------------------------------------------------    -------------------
    SLICE_X58Y219        FDRE (Prop_BFF_SLICEM_C_Q)
                                                      0.082     2.034 r  pccx_v002_system_i/u_npu/inst/u_wrap/u_pccx_npu_top/u_HP_buffer/u_hp2_weight_fifo/xpm_fifo_base_inst/xpm_fifo_rst_inst/gen_rst_ic.fifo_rd_rst_ic_reg/Q
                         net (fo=49, routed)          0.112     2.145    pccx_v002_system_i/u_npu/inst/u_wrap/u_pccx_npu_top/u_HP_buffer/u_hp2_weight_fifo/xpm_fifo_base_inst/xpm_fifo_rst_inst/gen_rst_ic.rrst_wr_inst/src_rst
    SLICE_X59Y219        FDRE                                         r  pccx_v002_system_i/u_npu/inst/u_wrap/u_pccx_npu_top/u_HP_buffer/u_hp2_weight_fifo/xpm_fifo_base_inst/xpm_fifo_rst_inst/gen_rst_ic.rrst_wr_inst/syncstages_ff_reg[0]/D
  -------------------------------------------------------------------    -------------------

                         (clock clk_pl_0 rise edge)
                                                      0.000     0.000 r  
    PS8_X0Y0             PS8                          0.000     0.000 r  pccx_v002_system_i/zynq_ps/inst/PS8_i/PLCLK[0]
                         net (fo=1, routed)           0.164     0.164    pccx_v002_system_i/zynq_ps/inst/pl_clk_unbuffered[0]
    BUFG_PS_X0Y90        BUFG_PS (Prop_BUFG_PS_I_O)
                                                      0.023     0.187 r  pccx_v002_system_i/zynq_ps/inst/buffer_pl_clk_0.PL_CLK_0_BUFG/O
    X1Y1 (CLOCK_ROOT)    net (fo=82277, routed)       1.960     2.147    pccx_v002_system_i/u_npu/inst/u_wrap/u_pccx_npu_top/u_HP_buffer/u_hp2_weight_fifo/xpm_fifo_base_inst/xpm_fifo_rst_inst/gen_rst_ic.rrst_wr_inst/dest_clk
    SLICE_X59Y219        FDRE                                         r  pccx_v002_system_i/u_npu/inst/u_wrap/u_pccx_npu_top/u_HP_buffer/u_hp2_weight_fifo/xpm_fifo_base_inst/xpm_fifo_rst_inst/gen_rst_ic.rrst_wr_inst/syncstages_ff_reg[0]/C

Slack:                    inf
  Source:                 pccx_v002_system_i/sc_axil/inst/clk_map/psr_aclk/U0/ACTIVE_LOW_BSR_OUT_DFF[0].FDRE_BSR_N/C
                            (rising edge-triggered cell FDRE clocked by clk_pl_0  {rise@0.000ns fall@5.000ns period=10.000ns})
  Destination:            pccx_v002_system_i/sc_axil/inst/m00_exit_pipeline/m00_exit/inst/xpm_cdc_async_rst_inst/arststages_ff_reg[0]/CLR
                            (removal check against rising-edge clock clk_pl_0  {rise@0.000ns fall@5.000ns period=10.000ns})
  Path Group:             (none)
  Path Type:              Removal (Min at Fast Process Corner)
  Data Path Delay:        0.334ns  (logic 0.082ns (24.515%)  route 0.252ns (75.485%))
  Logic Levels:           0  
  Clock Path Skew:        0.173ns (DCD - SCD - CPR)
    Destination Clock Delay (DCD):    1.988ns
    Source Clock Delay      (SCD):    1.816ns
    Clock Pessimism Removal (CPR):    -0.000ns
  Clock Uncertainty:      0.160ns  ((TSJ^2 + DJ^2)^1/2) / 2 + PE
    Total System Jitter     (TSJ):    0.071ns
    Discrete Jitter          (DJ):    0.312ns
    Phase Error              (PE):    0.000ns
  Clock Net Delay (Source):      1.665ns (routing 0.940ns, distribution 0.725ns)
  Clock Net Delay (Destination): 1.801ns (routing 1.033ns, distribution 0.768ns)
  Timing Exception:       False Path

    Location             Delay type                Incr(ns)  Path(ns)    Netlist Resource(s)
  -------------------------------------------------------------------    -------------------
                         (clock clk_pl_0 rise edge)
                                                      0.000     0.000 r  
    PS8_X0Y0             PS8                          0.000     0.000 r  pccx_v002_system_i/zynq_ps/inst/PS8_i/PLCLK[0]
                         net (fo=1, routed)           0.129     0.129    pccx_v002_system_i/zynq_ps/inst/pl_clk_unbuffered[0]
    BUFG_PS_X0Y90        BUFG_PS (Prop_BUFG_PS_I_O)
                                                      0.022     0.151 r  pccx_v002_system_i/zynq_ps/inst/buffer_pl_clk_0.PL_CLK_0_BUFG/O
    X1Y1 (CLOCK_ROOT)    net (fo=82277, routed)       1.665     1.816    pccx_v002_system_i/sc_axil/inst/clk_map/psr_aclk/U0/aclk
    SLICE_X38Y1          FDRE                                         r  pccx_v002_system_i/sc_axil/inst/clk_map/psr_aclk/U0/ACTIVE_LOW_BSR_OUT_DFF[0].FDRE_BSR_N/C
  -------------------------------------------------------------------    -------------------
    SLICE_X38Y1          FDRE (Prop_EFF_SLICEM_C_Q)
                                                      0.082     1.898 r  pccx_v002_system_i/sc_axil/inst/clk_map/psr_aclk/U0/ACTIVE_LOW_BSR_OUT_DFF[0].FDRE_BSR_N/Q
                         net (fo=150, routed)         0.252     2.150    pccx_v002_system_i/sc_axil/inst/m00_exit_pipeline/m00_exit/inst/xpm_cdc_async_rst_inst/src_arst
    SLICE_X36Y31         FDCE                                         f  pccx_v002_system_i/sc_axil/inst/m00_exit_pipeline/m00_exit/inst/xpm_cdc_async_rst_inst/arststages_ff_reg[0]/CLR  (IS_INVERTED)
  -------------------------------------------------------------------    -------------------

                         (clock clk_pl_0 rise edge)
                                                      0.000     0.000 r  
    PS8_X0Y0             PS8                          0.000     0.000 r  pccx_v002_system_i/zynq_ps/inst/PS8_i/PLCLK[0]
                         net (fo=1, routed)           0.164     0.164    pccx_v002_system_i/zynq_ps/inst/pl_clk_unbuffered[0]
    BUFG_PS_X0Y90        BUFG_PS (Prop_BUFG_PS_I_O)
                                                      0.023     0.187 r  pccx_v002_system_i/zynq_ps/inst/buffer_pl_clk_0.PL_CLK_0_BUFG/O
    X1Y1 (CLOCK_ROOT)    net (fo=82277, routed)       1.801     1.988    pccx_v002_system_i/sc_axil/inst/m00_exit_pipeline/m00_exit/inst/xpm_cdc_async_rst_inst/dest_clk
    SLICE_X36Y31         FDCE                                         r  pccx_v002_system_i/sc_axil/inst/m00_exit_pipeline/m00_exit/inst/xpm_cdc_async_rst_inst/arststages_ff_reg[0]/C

Slack:                    inf
  Source:                 pccx_v002_system_i/sc_axil/inst/clk_map/psr_aclk/U0/ACTIVE_LOW_BSR_OUT_DFF[0].FDRE_BSR_N/C
                            (rising edge-triggered cell FDRE clocked by clk_pl_0  {rise@0.000ns fall@5.000ns period=10.000ns})
  Destination:            pccx_v002_system_i/sc_axil/inst/m00_exit_pipeline/m00_exit/inst/xpm_cdc_async_rst_inst/arststages_ff_reg[1]/CLR
                            (removal check against rising-edge clock clk_pl_0  {rise@0.000ns fall@5.000ns period=10.000ns})
  Path Group:             (none)
  Path Type:              Removal (Min at Fast Process Corner)
  Data Path Delay:        0.334ns  (logic 0.082ns (24.515%)  route 0.252ns (75.485%))
  Logic Levels:           0  
  Clock Path Skew:        0.173ns (DCD - SCD - CPR)
    Destination Clock Delay (DCD):    1.988ns
    Source Clock Delay      (SCD):    1.816ns
    Clock Pessimism Removal (CPR):    -0.000ns
  Clock Uncertainty:      0.160ns  ((TSJ^2 + DJ^2)^1/2) / 2 + PE
    Total System Jitter     (TSJ):    0.071ns
    Discrete Jitter          (DJ):    0.312ns
    Phase Error              (PE):    0.000ns
  Clock Net Delay (Source):      1.665ns (routing 0.940ns, distribution 0.725ns)
  Clock Net Delay (Destination): 1.801ns (routing 1.033ns, distribution 0.768ns)
  Timing Exception:       False Path

    Location             Delay type                Incr(ns)  Path(ns)    Netlist Resource(s)
  -------------------------------------------------------------------    -------------------
                         (clock clk_pl_0 rise edge)
                                                      0.000     0.000 r  
    PS8_X0Y0             PS8                          0.000     0.000 r  pccx_v002_system_i/zynq_ps/inst/PS8_i/PLCLK[0]
                         net (fo=1, routed)           0.129     0.129    pccx_v002_system_i/zynq_ps/inst/pl_clk_unbuffered[0]
    BUFG_PS_X0Y90        BUFG_PS (Prop_BUFG_PS_I_O)
                                                      0.022     0.151 r  pccx_v002_system_i/zynq_ps/inst/buffer_pl_clk_0.PL_CLK_0_BUFG/O
    X1Y1 (CLOCK_ROOT)    net (fo=82277, routed)       1.665     1.816    pccx_v002_system_i/sc_axil/inst/clk_map/psr_aclk/U0/aclk
    SLICE_X38Y1          FDRE                                         r  pccx_v002_system_i/sc_axil/inst/clk_map/psr_aclk/U0/ACTIVE_LOW_BSR_OUT_DFF[0].FDRE_BSR_N/C
  -------------------------------------------------------------------    -------------------
    SLICE_X38Y1          FDRE (Prop_EFF_SLICEM_C_Q)
                                                      0.082     1.898 r  pccx_v002_system_i/sc_axil/inst/clk_map/psr_aclk/U0/ACTIVE_LOW_BSR_OUT_DFF[0].FDRE_BSR_N/Q
                         net (fo=150, routed)         0.252     2.150    pccx_v002_system_i/sc_axil/inst/m00_exit_pipeline/m00_exit/inst/xpm_cdc_async_rst_inst/src_arst
    SLICE_X36Y31         FDCE                                         f  pccx_v002_system_i/sc_axil/inst/m00_exit_pipeline/m00_exit/inst/xpm_cdc_async_rst_inst/arststages_ff_reg[1]/CLR  (IS_INVERTED)
  -------------------------------------------------------------------    -------------------

                         (clock clk_pl_0 rise edge)
                                                      0.000     0.000 r  
    PS8_X0Y0             PS8                          0.000     0.000 r  pccx_v002_system_i/zynq_ps/inst/PS8_i/PLCLK[0]
                         net (fo=1, routed)           0.164     0.164    pccx_v002_system_i/zynq_ps/inst/pl_clk_unbuffered[0]
    BUFG_PS_X0Y90        BUFG_PS (Prop_BUFG_PS_I_O)
                                                      0.023     0.187 r  pccx_v002_system_i/zynq_ps/inst/buffer_pl_clk_0.PL_CLK_0_BUFG/O
    X1Y1 (CLOCK_ROOT)    net (fo=82277, routed)       1.801     1.988    pccx_v002_system_i/sc_axil/inst/m00_exit_pipeline/m00_exit/inst/xpm_cdc_async_rst_inst/dest_clk
    SLICE_X36Y31         FDCE                                         r  pccx_v002_system_i/sc_axil/inst/m00_exit_pipeline/m00_exit/inst/xpm_cdc_async_rst_inst/arststages_ff_reg[1]/C

Slack:                    inf
  Source:                 pccx_v002_system_i/sc_axil/inst/clk_map/psr_aclk/U0/ACTIVE_LOW_BSR_OUT_DFF[0].FDRE_BSR_N/C
                            (rising edge-triggered cell FDRE clocked by clk_pl_0  {rise@0.000ns fall@5.000ns period=10.000ns})
  Destination:            pccx_v002_system_i/sc_axil/inst/m00_exit_pipeline/m00_exit/inst/xpm_cdc_async_rst_inst/arststages_ff_reg[2]/CLR
                            (removal check against rising-edge clock clk_pl_0  {rise@0.000ns fall@5.000ns period=10.000ns})
  Path Group:             (none)
  Path Type:              Removal (Min at Fast Process Corner)
  Data Path Delay:        0.334ns  (logic 0.082ns (24.515%)  route 0.252ns (75.485%))
  Logic Levels:           0  
  Clock Path Skew:        0.173ns (DCD - SCD - CPR)
    Destination Clock Delay (DCD):    1.988ns
    Source Clock Delay      (SCD):    1.816ns
    Clock Pessimism Removal (CPR):    -0.000ns
  Clock Uncertainty:      0.160ns  ((TSJ^2 + DJ^2)^1/2) / 2 + PE
    Total System Jitter     (TSJ):    0.071ns
    Discrete Jitter          (DJ):    0.312ns
    Phase Error              (PE):    0.000ns
  Clock Net Delay (Source):      1.665ns (routing 0.940ns, distribution 0.725ns)
  Clock Net Delay (Destination): 1.801ns (routing 1.033ns, distribution 0.768ns)
  Timing Exception:       False Path

    Location             Delay type                Incr(ns)  Path(ns)    Netlist Resource(s)
  -------------------------------------------------------------------    -------------------
                         (clock clk_pl_0 rise edge)
                                                      0.000     0.000 r  
    PS8_X0Y0             PS8                          0.000     0.000 r  pccx_v002_system_i/zynq_ps/inst/PS8_i/PLCLK[0]
                         net (fo=1, routed)           0.129     0.129    pccx_v002_system_i/zynq_ps/inst/pl_clk_unbuffered[0]
    BUFG_PS_X0Y90        BUFG_PS (Prop_BUFG_PS_I_O)
                                                      0.022     0.151 r  pccx_v002_system_i/zynq_ps/inst/buffer_pl_clk_0.PL_CLK_0_BUFG/O
    X1Y1 (CLOCK_ROOT)    net (fo=82277, routed)       1.665     1.816    pccx_v002_system_i/sc_axil/inst/clk_map/psr_aclk/U0/aclk
    SLICE_X38Y1          FDRE                                         r  pccx_v002_system_i/sc_axil/inst/clk_map/psr_aclk/U0/ACTIVE_LOW_BSR_OUT_DFF[0].FDRE_BSR_N/C
  -------------------------------------------------------------------    -------------------
    SLICE_X38Y1          FDRE (Prop_EFF_SLICEM_C_Q)
                                                      0.082     1.898 r  pccx_v002_system_i/sc_axil/inst/clk_map/psr_aclk/U0/ACTIVE_LOW_BSR_OUT_DFF[0].FDRE_BSR_N/Q
                         net (fo=150, routed)         0.252     2.150    pccx_v002_system_i/sc_axil/inst/m00_exit_pipeline/m00_exit/inst/xpm_cdc_async_rst_inst/src_arst
    SLICE_X36Y31         FDCE                                         f  pccx_v002_system_i/sc_axil/inst/m00_exit_pipeline/m00_exit/inst/xpm_cdc_async_rst_inst/arststages_ff_reg[2]/CLR  (IS_INVERTED)
  -------------------------------------------------------------------    -------------------

                         (clock clk_pl_0 rise edge)
                                                      0.000     0.000 r  
    PS8_X0Y0             PS8                          0.000     0.000 r  pccx_v002_system_i/zynq_ps/inst/PS8_i/PLCLK[0]
                         net (fo=1, routed)           0.164     0.164    pccx_v002_system_i/zynq_ps/inst/pl_clk_unbuffered[0]
    BUFG_PS_X0Y90        BUFG_PS (Prop_BUFG_PS_I_O)
                                                      0.023     0.187 r  pccx_v002_system_i/zynq_ps/inst/buffer_pl_clk_0.PL_CLK_0_BUFG/O
    X1Y1 (CLOCK_ROOT)    net (fo=82277, routed)       1.801     1.988    pccx_v002_system_i/sc_axil/inst/m00_exit_pipeline/m00_exit/inst/xpm_cdc_async_rst_inst/dest_clk
    SLICE_X36Y31         FDCE                                         r  pccx_v002_system_i/sc_axil/inst/m00_exit_pipeline/m00_exit/inst/xpm_cdc_async_rst_inst/arststages_ff_reg[2]/C

Slack:                    inf
  Source:                 pccx_v002_system_i/sc_hp0_stage0/inst/clk_map/psr_aclk/U0/ACTIVE_LOW_BSR_OUT_DFF[0].FDRE_BSR_N/C
                            (rising edge-triggered cell FDRE clocked by clk_pl_0  {rise@0.000ns fall@5.000ns period=10.000ns})
  Destination:            pccx_v002_system_i/sc_hp0_stage0/inst/m00_exit_pipeline/m00_exit/inst/xpm_cdc_async_rst_inst/arststages_ff_reg[0]/CLR
                            (removal check against rising-edge clock clk_pl_0  {rise@0.000ns fall@5.000ns period=10.000ns})
  Path Group:             (none)
  Path Type:              Removal (Min at Fast Process Corner)
  Data Path Delay:        0.319ns  (logic 0.083ns (26.047%)  route 0.236ns (73.953%))
  Logic Levels:           0  
  Clock Path Skew:        0.167ns (DCD - SCD - CPR)
    Destination Clock Delay (DCD):    2.025ns
    Source Clock Delay      (SCD):    1.858ns
    Clock Pessimism Removal (CPR):    -0.000ns
  Clock Uncertainty:      0.160ns  ((TSJ^2 + DJ^2)^1/2) / 2 + PE
    Total System Jitter     (TSJ):    0.071ns
    Discrete Jitter          (DJ):    0.312ns
    Phase Error              (PE):    0.000ns
  Clock Net Delay (Source):      1.707ns (routing 0.940ns, distribution 0.767ns)
  Clock Net Delay (Destination): 1.838ns (routing 1.033ns, distribution 0.805ns)
  Timing Exception:       False Path

    Location             Delay type                Incr(ns)  Path(ns)    Netlist Resource(s)
  -------------------------------------------------------------------    -------------------
                         (clock clk_pl_0 rise edge)
                                                      0.000     0.000 r  
    PS8_X0Y0             PS8                          0.000     0.000 r  pccx_v002_system_i/zynq_ps/inst/PS8_i/PLCLK[0]
                         net (fo=1, routed)           0.129     0.129    pccx_v002_system_i/zynq_ps/inst/pl_clk_unbuffered[0]
    BUFG_PS_X0Y90        BUFG_PS (Prop_BUFG_PS_I_O)
                                                      0.022     0.151 r  pccx_v002_system_i/zynq_ps/inst/buffer_pl_clk_0.PL_CLK_0_BUFG/O
    X1Y1 (CLOCK_ROOT)    net (fo=82277, routed)       1.707     1.858    pccx_v002_system_i/sc_hp0_stage0/inst/clk_map/psr_aclk/U0/aclk
    SLICE_X41Y3          FDRE                                         r  pccx_v002_system_i/sc_hp0_stage0/inst/clk_map/psr_aclk/U0/ACTIVE_LOW_BSR_OUT_DFF[0].FDRE_BSR_N/C
  -------------------------------------------------------------------    -------------------
    SLICE_X41Y3          FDRE (Prop_DFF_SLICEM_C_Q)
                                                      0.083     1.941 r  pccx_v002_system_i/sc_hp0_stage0/inst/clk_map/psr_aclk/U0/ACTIVE_LOW_BSR_OUT_DFF[0].FDRE_BSR_N/Q
                         net (fo=66, routed)          0.236     2.177    pccx_v002_system_i/sc_hp0_stage0/inst/m00_exit_pipeline/m00_exit/inst/xpm_cdc_async_rst_inst/src_arst
    SLICE_X29Y11         FDCE                                         f  pccx_v002_system_i/sc_hp0_stage0/inst/m00_exit_pipeline/m00_exit/inst/xpm_cdc_async_rst_inst/arststages_ff_reg[0]/CLR  (IS_INVERTED)
  -------------------------------------------------------------------    -------------------

                         (clock clk_pl_0 rise edge)
                                                      0.000     0.000 r  
    PS8_X0Y0             PS8                          0.000     0.000 r  pccx_v002_system_i/zynq_ps/inst/PS8_i/PLCLK[0]
                         net (fo=1, routed)           0.164     0.164    pccx_v002_system_i/zynq_ps/inst/pl_clk_unbuffered[0]
    BUFG_PS_X0Y90        BUFG_PS (Prop_BUFG_PS_I_O)
                                                      0.023     0.187 r  pccx_v002_system_i/zynq_ps/inst/buffer_pl_clk_0.PL_CLK_0_BUFG/O
    X1Y1 (CLOCK_ROOT)    net (fo=82277, routed)       1.838     2.025    pccx_v002_system_i/sc_hp0_stage0/inst/m00_exit_pipeline/m00_exit/inst/xpm_cdc_async_rst_inst/dest_clk
    SLICE_X29Y11         FDCE                                         r  pccx_v002_system_i/sc_hp0_stage0/inst/m00_exit_pipeline/m00_exit/inst/xpm_cdc_async_rst_inst/arststages_ff_reg[0]/C

Slack:                    inf
  Source:                 pccx_v002_system_i/sc_hp0_stage0/inst/clk_map/psr_aclk/U0/ACTIVE_LOW_BSR_OUT_DFF[0].FDRE_BSR_N/C
                            (rising edge-triggered cell FDRE clocked by clk_pl_0  {rise@0.000ns fall@5.000ns period=10.000ns})
  Destination:            pccx_v002_system_i/sc_hp0_stage0/inst/m00_exit_pipeline/m00_exit/inst/xpm_cdc_async_rst_inst/arststages_ff_reg[1]/CLR
                            (removal check against rising-edge clock clk_pl_0  {rise@0.000ns fall@5.000ns period=10.000ns})
  Path Group:             (none)
  Path Type:              Removal (Min at Fast Process Corner)
  Data Path Delay:        0.319ns  (logic 0.083ns (26.047%)  route 0.236ns (73.953%))
  Logic Levels:           0  
  Clock Path Skew:        0.167ns (DCD - SCD - CPR)
    Destination Clock Delay (DCD):    2.025ns
    Source Clock Delay      (SCD):    1.858ns
    Clock Pessimism Removal (CPR):    -0.000ns
  Clock Uncertainty:      0.160ns  ((TSJ^2 + DJ^2)^1/2) / 2 + PE
    Total System Jitter     (TSJ):    0.071ns
    Discrete Jitter          (DJ):    0.312ns
    Phase Error              (PE):    0.000ns
  Clock Net Delay (Source):      1.707ns (routing 0.940ns, distribution 0.767ns)
  Clock Net Delay (Destination): 1.838ns (routing 1.033ns, distribution 0.805ns)
  Timing Exception:       False Path

    Location             Delay type                Incr(ns)  Path(ns)    Netlist Resource(s)
  -------------------------------------------------------------------    -------------------
                         (clock clk_pl_0 rise edge)
                                                      0.000     0.000 r  
    PS8_X0Y0             PS8                          0.000     0.000 r  pccx_v002_system_i/zynq_ps/inst/PS8_i/PLCLK[0]
                         net (fo=1, routed)           0.129     0.129    pccx_v002_system_i/zynq_ps/inst/pl_clk_unbuffered[0]
    BUFG_PS_X0Y90        BUFG_PS (Prop_BUFG_PS_I_O)
                                                      0.022     0.151 r  pccx_v002_system_i/zynq_ps/inst/buffer_pl_clk_0.PL_CLK_0_BUFG/O
    X1Y1 (CLOCK_ROOT)    net (fo=82277, routed)       1.707     1.858    pccx_v002_system_i/sc_hp0_stage0/inst/clk_map/psr_aclk/U0/aclk
    SLICE_X41Y3          FDRE                                         r  pccx_v002_system_i/sc_hp0_stage0/inst/clk_map/psr_aclk/U0/ACTIVE_LOW_BSR_OUT_DFF[0].FDRE_BSR_N/C
  -------------------------------------------------------------------    -------------------
    SLICE_X41Y3          FDRE (Prop_DFF_SLICEM_C_Q)
                                                      0.083     1.941 r  pccx_v002_system_i/sc_hp0_stage0/inst/clk_map/psr_aclk/U0/ACTIVE_LOW_BSR_OUT_DFF[0].FDRE_BSR_N/Q
                         net (fo=66, routed)          0.236     2.177    pccx_v002_system_i/sc_hp0_stage0/inst/m00_exit_pipeline/m00_exit/inst/xpm_cdc_async_rst_inst/src_arst
    SLICE_X29Y11         FDCE                                         f  pccx_v002_system_i/sc_hp0_stage0/inst/m00_exit_pipeline/m00_exit/inst/xpm_cdc_async_rst_inst/arststages_ff_reg[1]/CLR  (IS_INVERTED)
  -------------------------------------------------------------------    -------------------

                         (clock clk_pl_0 rise edge)
                                                      0.000     0.000 r  
    PS8_X0Y0             PS8                          0.000     0.000 r  pccx_v002_system_i/zynq_ps/inst/PS8_i/PLCLK[0]
                         net (fo=1, routed)           0.164     0.164    pccx_v002_system_i/zynq_ps/inst/pl_clk_unbuffered[0]
    BUFG_PS_X0Y90        BUFG_PS (Prop_BUFG_PS_I_O)
                                                      0.023     0.187 r  pccx_v002_system_i/zynq_ps/inst/buffer_pl_clk_0.PL_CLK_0_BUFG/O
    X1Y1 (CLOCK_ROOT)    net (fo=82277, routed)       1.838     2.025    pccx_v002_system_i/sc_hp0_stage0/inst/m00_exit_pipeline/m00_exit/inst/xpm_cdc_async_rst_inst/dest_clk
    SLICE_X29Y11         FDCE                                         r  pccx_v002_system_i/sc_hp0_stage0/inst/m00_exit_pipeline/m00_exit/inst/xpm_cdc_async_rst_inst/arststages_ff_reg[1]/C

Slack:                    inf
  Source:                 pccx_v002_system_i/sc_hp0_stage0/inst/clk_map/psr_aclk/U0/ACTIVE_LOW_BSR_OUT_DFF[0].FDRE_BSR_N/C
                            (rising edge-triggered cell FDRE clocked by clk_pl_0  {rise@0.000ns fall@5.000ns period=10.000ns})
  Destination:            pccx_v002_system_i/sc_hp0_stage0/inst/m00_exit_pipeline/m00_exit/inst/xpm_cdc_async_rst_inst/arststages_ff_reg[2]/CLR
                            (removal check against rising-edge clock clk_pl_0  {rise@0.000ns fall@5.000ns period=10.000ns})
  Path Group:             (none)
  Path Type:              Removal (Min at Fast Process Corner)
  Data Path Delay:        0.319ns  (logic 0.083ns (26.047%)  route 0.236ns (73.953%))
  Logic Levels:           0  
  Clock Path Skew:        0.167ns (DCD - SCD - CPR)
    Destination Clock Delay (DCD):    2.025ns
    Source Clock Delay      (SCD):    1.858ns
    Clock Pessimism Removal (CPR):    -0.000ns
  Clock Uncertainty:      0.160ns  ((TSJ^2 + DJ^2)^1/2) / 2 + PE
    Total System Jitter     (TSJ):    0.071ns
    Discrete Jitter          (DJ):    0.312ns
    Phase Error              (PE):    0.000ns
  Clock Net Delay (Source):      1.707ns (routing 0.940ns, distribution 0.767ns)
  Clock Net Delay (Destination): 1.838ns (routing 1.033ns, distribution 0.805ns)
  Timing Exception:       False Path

    Location             Delay type                Incr(ns)  Path(ns)    Netlist Resource(s)
  -------------------------------------------------------------------    -------------------
                         (clock clk_pl_0 rise edge)
                                                      0.000     0.000 r  
    PS8_X0Y0             PS8                          0.000     0.000 r  pccx_v002_system_i/zynq_ps/inst/PS8_i/PLCLK[0]
                         net (fo=1, routed)           0.129     0.129    pccx_v002_system_i/zynq_ps/inst/pl_clk_unbuffered[0]
    BUFG_PS_X0Y90        BUFG_PS (Prop_BUFG_PS_I_O)
                                                      0.022     0.151 r  pccx_v002_system_i/zynq_ps/inst/buffer_pl_clk_0.PL_CLK_0_BUFG/O
    X1Y1 (CLOCK_ROOT)    net (fo=82277, routed)       1.707     1.858    pccx_v002_system_i/sc_hp0_stage0/inst/clk_map/psr_aclk/U0/aclk
    SLICE_X41Y3          FDRE                                         r  pccx_v002_system_i/sc_hp0_stage0/inst/clk_map/psr_aclk/U0/ACTIVE_LOW_BSR_OUT_DFF[0].FDRE_BSR_N/C
  -------------------------------------------------------------------    -------------------
    SLICE_X41Y3          FDRE (Prop_DFF_SLICEM_C_Q)
                                                      0.083     1.941 r  pccx_v002_system_i/sc_hp0_stage0/inst/clk_map/psr_aclk/U0/ACTIVE_LOW_BSR_OUT_DFF[0].FDRE_BSR_N/Q
                         net (fo=66, routed)          0.236     2.177    pccx_v002_system_i/sc_hp0_stage0/inst/m00_exit_pipeline/m00_exit/inst/xpm_cdc_async_rst_inst/src_arst
    SLICE_X29Y11         FDCE                                         f  pccx_v002_system_i/sc_hp0_stage0/inst/m00_exit_pipeline/m00_exit/inst/xpm_cdc_async_rst_inst/arststages_ff_reg[2]/CLR  (IS_INVERTED)
  -------------------------------------------------------------------    -------------------

                         (clock clk_pl_0 rise edge)
                                                      0.000     0.000 r  
    PS8_X0Y0             PS8                          0.000     0.000 r  pccx_v002_system_i/zynq_ps/inst/PS8_i/PLCLK[0]
                         net (fo=1, routed)           0.164     0.164    pccx_v002_system_i/zynq_ps/inst/pl_clk_unbuffered[0]
    BUFG_PS_X0Y90        BUFG_PS (Prop_BUFG_PS_I_O)
                                                      0.023     0.187 r  pccx_v002_system_i/zynq_ps/inst/buffer_pl_clk_0.PL_CLK_0_BUFG/O
    X1Y1 (CLOCK_ROOT)    net (fo=82277, routed)       1.838     2.025    pccx_v002_system_i/sc_hp0_stage0/inst/m00_exit_pipeline/m00_exit/inst/xpm_cdc_async_rst_inst/dest_clk
    SLICE_X29Y11         FDCE                                         r  pccx_v002_system_i/sc_hp0_stage0/inst/m00_exit_pipeline/m00_exit/inst/xpm_cdc_async_rst_inst/arststages_ff_reg[2]/C

Slack:                    inf
  Source:                 pccx_v002_system_i/sc_hp0_stage0/inst/clk_map/psr_aclk/U0/ACTIVE_LOW_BSR_OUT_DFF[0].FDRE_BSR_N/C
                            (rising edge-triggered cell FDRE clocked by clk_pl_0  {rise@0.000ns fall@5.000ns period=10.000ns})
  Destination:            pccx_v002_system_i/sc_hp0_stage0/inst/m00_nodes/m00_ar_node/inst/s_sc_xpm_cdc_async_rst_inst/arststages_ff_reg[0]/CLR
                            (removal check against rising-edge clock clk_pl_0  {rise@0.000ns fall@5.000ns period=10.000ns})
  Path Group:             (none)
  Path Type:              Removal (Min at Fast Process Corner)
  Data Path Delay:        0.463ns  (logic 0.083ns (17.919%)  route 0.380ns (82.081%))
  Logic Levels:           0  
  Clock Path Skew:        0.154ns (DCD - SCD - CPR)
    Destination Clock Delay (DCD):    2.012ns
    Source Clock Delay      (SCD):    1.858ns
    Clock Pessimism Removal (CPR):    -0.000ns
  Clock Uncertainty:      0.160ns  ((TSJ^2 + DJ^2)^1/2) / 2 + PE
    Total System Jitter     (TSJ):    0.071ns
    Discrete Jitter          (DJ):    0.312ns
    Phase Error              (PE):    0.000ns
  Clock Net Delay (Source):      1.707ns (routing 0.940ns, distribution 0.767ns)
  Clock Net Delay (Destination): 1.825ns (routing 1.033ns, distribution 0.792ns)
  Timing Exception:       False Path

    Location             Delay type                Incr(ns)  Path(ns)    Netlist Resource(s)
  -------------------------------------------------------------------    -------------------
                         (clock clk_pl_0 rise edge)
                                                      0.000     0.000 r  
    PS8_X0Y0             PS8                          0.000     0.000 r  pccx_v002_system_i/zynq_ps/inst/PS8_i/PLCLK[0]
                         net (fo=1, routed)           0.129     0.129    pccx_v002_system_i/zynq_ps/inst/pl_clk_unbuffered[0]
    BUFG_PS_X0Y90        BUFG_PS (Prop_BUFG_PS_I_O)
                                                      0.022     0.151 r  pccx_v002_system_i/zynq_ps/inst/buffer_pl_clk_0.PL_CLK_0_BUFG/O
    X1Y1 (CLOCK_ROOT)    net (fo=82277, routed)       1.707     1.858    pccx_v002_system_i/sc_hp0_stage0/inst/clk_map/psr_aclk/U0/aclk
    SLICE_X41Y3          FDRE                                         r  pccx_v002_system_i/sc_hp0_stage0/inst/clk_map/psr_aclk/U0/ACTIVE_LOW_BSR_OUT_DFF[0].FDRE_BSR_N/C
  -------------------------------------------------------------------    -------------------
    SLICE_X41Y3          FDRE (Prop_DFF_SLICEM_C_Q)
                                                      0.083     1.941 r  pccx_v002_system_i/sc_hp0_stage0/inst/clk_map/psr_aclk/U0/ACTIVE_LOW_BSR_OUT_DFF[0].FDRE_BSR_N/Q
                         net (fo=66, routed)          0.380     2.321    pccx_v002_system_i/sc_hp0_stage0/inst/m00_nodes/m00_ar_node/inst/s_sc_xpm_cdc_async_rst_inst/src_arst
    SLICE_X31Y51         FDCE                                         f  pccx_v002_system_i/sc_hp0_stage0/inst/m00_nodes/m00_ar_node/inst/s_sc_xpm_cdc_async_rst_inst/arststages_ff_reg[0]/CLR  (IS_INVERTED)
  -------------------------------------------------------------------    -------------------

                         (clock clk_pl_0 rise edge)
                                                      0.000     0.000 r  
    PS8_X0Y0             PS8                          0.000     0.000 r  pccx_v002_system_i/zynq_ps/inst/PS8_i/PLCLK[0]
                         net (fo=1, routed)           0.164     0.164    pccx_v002_system_i/zynq_ps/inst/pl_clk_unbuffered[0]
    BUFG_PS_X0Y90        BUFG_PS (Prop_BUFG_PS_I_O)
                                                      0.023     0.187 r  pccx_v002_system_i/zynq_ps/inst/buffer_pl_clk_0.PL_CLK_0_BUFG/O
    X1Y1 (CLOCK_ROOT)    net (fo=82277, routed)       1.825     2.012    pccx_v002_system_i/sc_hp0_stage0/inst/m00_nodes/m00_ar_node/inst/s_sc_xpm_cdc_async_rst_inst/dest_clk
    SLICE_X31Y51         FDCE                                         r  pccx_v002_system_i/sc_hp0_stage0/inst/m00_nodes/m00_ar_node/inst/s_sc_xpm_cdc_async_rst_inst/arststages_ff_reg[0]/C

Slack:                    inf
  Source:                 pccx_v002_system_i/sc_hp0_stage0/inst/clk_map/psr_aclk/U0/ACTIVE_LOW_BSR_OUT_DFF[0].FDRE_BSR_N/C
                            (rising edge-triggered cell FDRE clocked by clk_pl_0  {rise@0.000ns fall@5.000ns period=10.000ns})
  Destination:            pccx_v002_system_i/sc_hp0_stage0/inst/m00_nodes/m00_ar_node/inst/s_sc_xpm_cdc_async_rst_inst/arststages_ff_reg[1]/CLR
                            (removal check against rising-edge clock clk_pl_0  {rise@0.000ns fall@5.000ns period=10.000ns})
  Path Group:             (none)
  Path Type:              Removal (Min at Fast Process Corner)
  Data Path Delay:        0.463ns  (logic 0.083ns (17.919%)  route 0.380ns (82.081%))
  Logic Levels:           0  
  Clock Path Skew:        0.154ns (DCD - SCD - CPR)
    Destination Clock Delay (DCD):    2.012ns
    Source Clock Delay      (SCD):    1.858ns
    Clock Pessimism Removal (CPR):    -0.000ns
  Clock Uncertainty:      0.160ns  ((TSJ^2 + DJ^2)^1/2) / 2 + PE
    Total System Jitter     (TSJ):    0.071ns
    Discrete Jitter          (DJ):    0.312ns
    Phase Error              (PE):    0.000ns
  Clock Net Delay (Source):      1.707ns (routing 0.940ns, distribution 0.767ns)
  Clock Net Delay (Destination): 1.825ns (routing 1.033ns, distribution 0.792ns)
  Timing Exception:       False Path

    Location             Delay type                Incr(ns)  Path(ns)    Netlist Resource(s)
  -------------------------------------------------------------------    -------------------
                         (clock clk_pl_0 rise edge)
                                                      0.000     0.000 r  
    PS8_X0Y0             PS8                          0.000     0.000 r  pccx_v002_system_i/zynq_ps/inst/PS8_i/PLCLK[0]
                         net (fo=1, routed)           0.129     0.129    pccx_v002_system_i/zynq_ps/inst/pl_clk_unbuffered[0]
    BUFG_PS_X0Y90        BUFG_PS (Prop_BUFG_PS_I_O)
                                                      0.022     0.151 r  pccx_v002_system_i/zynq_ps/inst/buffer_pl_clk_0.PL_CLK_0_BUFG/O
    X1Y1 (CLOCK_ROOT)    net (fo=82277, routed)       1.707     1.858    pccx_v002_system_i/sc_hp0_stage0/inst/clk_map/psr_aclk/U0/aclk
    SLICE_X41Y3          FDRE                                         r  pccx_v002_system_i/sc_hp0_stage0/inst/clk_map/psr_aclk/U0/ACTIVE_LOW_BSR_OUT_DFF[0].FDRE_BSR_N/C
  -------------------------------------------------------------------    -------------------
    SLICE_X41Y3          FDRE (Prop_DFF_SLICEM_C_Q)
                                                      0.083     1.941 r  pccx_v002_system_i/sc_hp0_stage0/inst/clk_map/psr_aclk/U0/ACTIVE_LOW_BSR_OUT_DFF[0].FDRE_BSR_N/Q
                         net (fo=66, routed)          0.380     2.321    pccx_v002_system_i/sc_hp0_stage0/inst/m00_nodes/m00_ar_node/inst/s_sc_xpm_cdc_async_rst_inst/src_arst
    SLICE_X31Y51         FDCE                                         f  pccx_v002_system_i/sc_hp0_stage0/inst/m00_nodes/m00_ar_node/inst/s_sc_xpm_cdc_async_rst_inst/arststages_ff_reg[1]/CLR  (IS_INVERTED)
  -------------------------------------------------------------------    -------------------

                         (clock clk_pl_0 rise edge)
                                                      0.000     0.000 r  
    PS8_X0Y0             PS8                          0.000     0.000 r  pccx_v002_system_i/zynq_ps/inst/PS8_i/PLCLK[0]
                         net (fo=1, routed)           0.164     0.164    pccx_v002_system_i/zynq_ps/inst/pl_clk_unbuffered[0]
    BUFG_PS_X0Y90        BUFG_PS (Prop_BUFG_PS_I_O)
                                                      0.023     0.187 r  pccx_v002_system_i/zynq_ps/inst/buffer_pl_clk_0.PL_CLK_0_BUFG/O
    X1Y1 (CLOCK_ROOT)    net (fo=82277, routed)       1.825     2.012    pccx_v002_system_i/sc_hp0_stage0/inst/m00_nodes/m00_ar_node/inst/s_sc_xpm_cdc_async_rst_inst/dest_clk
    SLICE_X31Y51         FDCE                                         r  pccx_v002_system_i/sc_hp0_stage0/inst/m00_nodes/m00_ar_node/inst/s_sc_xpm_cdc_async_rst_inst/arststages_ff_reg[1]/C





--------------------------------------------------------------------------------------
Path Group:  (none)
From Clock:  
  To Clock:  clk_pl_0

Max Delay           324 Endpoints
Min Delay           324 Endpoints
--------------------------------------------------------------------------------------


Max Delay Paths
--------------------------------------------------------------------------------------
Slack:                    inf
  Source:                 pccx_v002_system_i/u_npu/inst/u_wrap/u_pccx_npu_top/u_mem_dispatcher/u_l2_cache/u_l2_uram/u_l2_uram/xpm_memory_base_inst/gen_wr_a.gen_word_narrow.mem_reg_uram_0/CAS_OUT_ADDR_A[18]
                            (internal pin)
  Destination:            pccx_v002_system_i/u_npu/inst/u_wrap/u_pccx_npu_top/u_mem_dispatcher/u_l2_cache/u_l2_uram/u_l2_uram/xpm_memory_base_inst/gen_wr_a.gen_word_narrow.mem_reg_uram_1/CAS_IN_ADDR_A[18]
                            (rising edge-triggered cell URAM288 clocked by clk_pl_0  {rise@0.000ns fall@5.000ns period=10.000ns})
  Path Group:             (none)
  Path Type:              Setup (Max at Slow Process Corner)
  Data Path Delay:        0.003ns  (logic 0.000ns (0.000%)  route 0.003ns (100.000%))
  Logic Levels:           0  
  Clock Uncertainty:      0.158ns  ((TSJ^2 + DJ^2)^1/2) / 2 + PE
    Total System Jitter     (TSJ):    0.050ns
    Discrete Jitter          (DJ):    0.312ns
    Phase Error              (PE):    0.000ns
  Clock Net Delay (Destination): 2.856ns (routing 1.538ns, distribution 1.318ns)

    Location             Delay type                Incr(ns)  Path(ns)    Netlist Resource(s)
  -------------------------------------------------------------------    -------------------
    URAM288_X0Y20        URAM288                      0.000     0.000 r  pccx_v002_system_i/u_npu/inst/u_wrap/u_pccx_npu_top/u_mem_dispatcher/u_l2_cache/u_l2_uram/u_l2_uram/xpm_memory_base_inst/gen_wr_a.gen_word_narrow.mem_reg_uram_0/CAS_OUT_ADDR_A[18]
                         net (fo=1, routed)           0.003     0.003    pccx_v002_system_i/u_npu/inst/u_wrap/u_pccx_npu_top/u_mem_dispatcher/u_l2_cache/u_l2_uram/u_l2_uram/xpm_memory_base_inst/gen_wr_a.gen_word_narrow.mem_reg_uram_1_Cas_AddrA_1[18]
    URAM288_X0Y21        URAM288                                      r  pccx_v002_system_i/u_npu/inst/u_wrap/u_pccx_npu_top/u_mem_dispatcher/u_l2_cache/u_l2_uram/u_l2_uram/xpm_memory_base_inst/gen_wr_a.gen_word_narrow.mem_reg_uram_1/CAS_IN_ADDR_A[18]
  -------------------------------------------------------------------    -------------------

                         (clock clk_pl_0 rise edge)
                                                      0.000     0.000 r  
    PS8_X0Y0             PS8                          0.000     0.000 r  pccx_v002_system_i/zynq_ps/inst/PS8_i/PLCLK[0]
                         net (fo=1, routed)           0.181     0.181    pccx_v002_system_i/zynq_ps/inst/pl_clk_unbuffered[0]
    BUFG_PS_X0Y90        BUFG_PS (Prop_BUFG_PS_I_O)
                                                      0.035     0.216 r  pccx_v002_system_i/zynq_ps/inst/buffer_pl_clk_0.PL_CLK_0_BUFG/O
    X1Y1 (CLOCK_ROOT)    net (fo=82277, routed)       2.856     3.072    pccx_v002_system_i/u_npu/inst/u_wrap/u_pccx_npu_top/u_mem_dispatcher/u_l2_cache/u_l2_uram/u_l2_uram/xpm_memory_base_inst/clka
    URAM288_X0Y21        URAM288                                      r  pccx_v002_system_i/u_npu/inst/u_wrap/u_pccx_npu_top/u_mem_dispatcher/u_l2_cache/u_l2_uram/u_l2_uram/xpm_memory_base_inst/gen_wr_a.gen_word_narrow.mem_reg_uram_1/CLK

Slack:                    inf
  Source:                 pccx_v002_system_i/u_npu/inst/u_wrap/u_pccx_npu_top/u_mem_dispatcher/u_l2_cache/u_l2_uram/u_l2_uram/xpm_memory_base_inst/gen_wr_a.gen_word_narrow.mem_reg_uram_28/CAS_OUT_ADDR_A[18]
                            (internal pin)
  Destination:            pccx_v002_system_i/u_npu/inst/u_wrap/u_pccx_npu_top/u_mem_dispatcher/u_l2_cache/u_l2_uram/u_l2_uram/xpm_memory_base_inst/gen_wr_a.gen_word_narrow.mem_reg_uram_29/CAS_IN_ADDR_A[18]
                            (rising edge-triggered cell URAM288 clocked by clk_pl_0  {rise@0.000ns fall@5.000ns period=10.000ns})
  Path Group:             (none)
  Path Type:              Setup (Max at Slow Process Corner)
  Data Path Delay:        0.003ns  (logic 0.000ns (0.000%)  route 0.003ns (100.000%))
  Logic Levels:           0  
  Clock Uncertainty:      0.158ns  ((TSJ^2 + DJ^2)^1/2) / 2 + PE
    Total System Jitter     (TSJ):    0.050ns
    Discrete Jitter          (DJ):    0.312ns
    Phase Error              (PE):    0.000ns
  Clock Net Delay (Destination): 2.904ns (routing 1.538ns, distribution 1.366ns)

    Location             Delay type                Incr(ns)  Path(ns)    Netlist Resource(s)
  -------------------------------------------------------------------    -------------------
    URAM288_X0Y56        URAM288                      0.000     0.000 r  pccx_v002_system_i/u_npu/inst/u_wrap/u_pccx_npu_top/u_mem_dispatcher/u_l2_cache/u_l2_uram/u_l2_uram/xpm_memory_base_inst/gen_wr_a.gen_word_narrow.mem_reg_uram_28/CAS_OUT_ADDR_A[18]
                         net (fo=1, routed)           0.003     0.003    pccx_v002_system_i/u_npu/inst/u_wrap/u_pccx_npu_top/u_mem_dispatcher/u_l2_cache/u_l2_uram/u_l2_uram/xpm_memory_base_inst/gen_wr_a.gen_word_narrow.mem_reg_uram_29_Cas_AddrA_1[18]
    URAM288_X0Y57        URAM288                                      r  pccx_v002_system_i/u_npu/inst/u_wrap/u_pccx_npu_top/u_mem_dispatcher/u_l2_cache/u_l2_uram/u_l2_uram/xpm_memory_base_inst/gen_wr_a.gen_word_narrow.mem_reg_uram_29/CAS_IN_ADDR_A[18]
  -------------------------------------------------------------------    -------------------

                         (clock clk_pl_0 rise edge)
                                                      0.000     0.000 r  
    PS8_X0Y0             PS8                          0.000     0.000 r  pccx_v002_system_i/zynq_ps/inst/PS8_i/PLCLK[0]
                         net (fo=1, routed)           0.181     0.181    pccx_v002_system_i/zynq_ps/inst/pl_clk_unbuffered[0]
    BUFG_PS_X0Y90        BUFG_PS (Prop_BUFG_PS_I_O)
                                                      0.035     0.216 r  pccx_v002_system_i/zynq_ps/inst/buffer_pl_clk_0.PL_CLK_0_BUFG/O
    X1Y1 (CLOCK_ROOT)    net (fo=82277, routed)       2.904     3.120    pccx_v002_system_i/u_npu/inst/u_wrap/u_pccx_npu_top/u_mem_dispatcher/u_l2_cache/u_l2_uram/u_l2_uram/xpm_memory_base_inst/clka
    URAM288_X0Y57        URAM288                                      r  pccx_v002_system_i/u_npu/inst/u_wrap/u_pccx_npu_top/u_mem_dispatcher/u_l2_cache/u_l2_uram/u_l2_uram/xpm_memory_base_inst/gen_wr_a.gen_word_narrow.mem_reg_uram_29/CLK

Slack:                    inf
  Source:                 pccx_v002_system_i/u_npu/inst/u_wrap/u_pccx_npu_top/u_mem_dispatcher/u_l2_cache/u_l2_uram/u_l2_uram/xpm_memory_base_inst/gen_wr_a.gen_word_narrow.mem_reg_uram_2/CAS_OUT_ADDR_A[18]
                            (internal pin)
  Destination:            pccx_v002_system_i/u_npu/inst/u_wrap/u_pccx_npu_top/u_mem_dispatcher/u_l2_cache/u_l2_uram/u_l2_uram/xpm_memory_base_inst/gen_wr_a.gen_word_narrow.mem_reg_uram_3/CAS_IN_ADDR_A[18]
                            (rising edge-triggered cell URAM288 clocked by clk_pl_0  {rise@0.000ns fall@5.000ns period=10.000ns})
  Path Group:             (none)
  Path Type:              Setup (Max at Slow Process Corner)
  Data Path Delay:        0.003ns  (logic 0.000ns (0.000%)  route 0.003ns (100.000%))
  Logic Levels:           0  
  Clock Uncertainty:      0.158ns  ((TSJ^2 + DJ^2)^1/2) / 2 + PE
    Total System Jitter     (TSJ):    0.050ns
    Discrete Jitter          (DJ):    0.312ns
    Phase Error              (PE):    0.000ns
  Clock Net Delay (Destination): 2.854ns (routing 1.538ns, distribution 1.316ns)

    Location             Delay type                Incr(ns)  Path(ns)    Netlist Resource(s)
  -------------------------------------------------------------------    -------------------
    URAM288_X0Y16        URAM288                      0.000     0.000 r  pccx_v002_system_i/u_npu/inst/u_wrap/u_pccx_npu_top/u_mem_dispatcher/u_l2_cache/u_l2_uram/u_l2_uram/xpm_memory_base_inst/gen_wr_a.gen_word_narrow.mem_reg_uram_2/CAS_OUT_ADDR_A[18]
                         net (fo=1, routed)           0.003     0.003    pccx_v002_system_i/u_npu/inst/u_wrap/u_pccx_npu_top/u_mem_dispatcher/u_l2_cache/u_l2_uram/u_l2_uram/xpm_memory_base_inst/gen_wr_a.gen_word_narrow.mem_reg_uram_3_Cas_AddrA_1[18]
    URAM288_X0Y17        URAM288                                      r  pccx_v002_system_i/u_npu/inst/u_wrap/u_pccx_npu_top/u_mem_dispatcher/u_l2_cache/u_l2_uram/u_l2_uram/xpm_memory_base_inst/gen_wr_a.gen_word_narrow.mem_reg_uram_3/CAS_IN_ADDR_A[18]
  -------------------------------------------------------------------    -------------------

                         (clock clk_pl_0 rise edge)
                                                      0.000     0.000 r  
    PS8_X0Y0             PS8                          0.000     0.000 r  pccx_v002_system_i/zynq_ps/inst/PS8_i/PLCLK[0]
                         net (fo=1, routed)           0.181     0.181    pccx_v002_system_i/zynq_ps/inst/pl_clk_unbuffered[0]
    BUFG_PS_X0Y90        BUFG_PS (Prop_BUFG_PS_I_O)
                                                      0.035     0.216 r  pccx_v002_system_i/zynq_ps/inst/buffer_pl_clk_0.PL_CLK_0_BUFG/O
    X1Y1 (CLOCK_ROOT)    net (fo=82277, routed)       2.854     3.070    pccx_v002_system_i/u_npu/inst/u_wrap/u_pccx_npu_top/u_mem_dispatcher/u_l2_cache/u_l2_uram/u_l2_uram/xpm_memory_base_inst/clka
    URAM288_X0Y17        URAM288                                      r  pccx_v002_system_i/u_npu/inst/u_wrap/u_pccx_npu_top/u_mem_dispatcher/u_l2_cache/u_l2_uram/u_l2_uram/xpm_memory_base_inst/gen_wr_a.gen_word_narrow.mem_reg_uram_3/CLK

Slack:                    inf
  Source:                 pccx_v002_system_i/u_npu/inst/u_wrap/u_pccx_npu_top/u_mem_dispatcher/u_l2_cache/u_l2_uram/u_l2_uram/xpm_memory_base_inst/gen_wr_a.gen_word_narrow.mem_reg_uram_30/CAS_OUT_ADDR_A[18]
                            (internal pin)
  Destination:            pccx_v002_system_i/u_npu/inst/u_wrap/u_pccx_npu_top/u_mem_dispatcher/u_l2_cache/u_l2_uram/u_l2_uram/xpm_memory_base_inst/gen_wr_a.gen_word_narrow.mem_reg_uram_31/CAS_IN_ADDR_A[18]
                            (rising edge-triggered cell URAM288 clocked by clk_pl_0  {rise@0.000ns fall@5.000ns period=10.000ns})
  Path Group:             (none)
  Path Type:              Setup (Max at Slow Process Corner)
  Data Path Delay:        0.003ns  (logic 0.000ns (0.000%)  route 0.003ns (100.000%))
  Logic Levels:           0  
  Clock Uncertainty:      0.158ns  ((TSJ^2 + DJ^2)^1/2) / 2 + PE
    Total System Jitter     (TSJ):    0.050ns
    Discrete Jitter          (DJ):    0.312ns
    Phase Error              (PE):    0.000ns
  Clock Net Delay (Destination): 2.900ns (routing 1.538ns, distribution 1.362ns)

    Location             Delay type                Incr(ns)  Path(ns)    Netlist Resource(s)
  -------------------------------------------------------------------    -------------------
    URAM288_X0Y58        URAM288                      0.000     0.000 r  pccx_v002_system_i/u_npu/inst/u_wrap/u_pccx_npu_top/u_mem_dispatcher/u_l2_cache/u_l2_uram/u_l2_uram/xpm_memory_base_inst/gen_wr_a.gen_word_narrow.mem_reg_uram_30/CAS_OUT_ADDR_A[18]
                         net (fo=1, routed)           0.003     0.003    pccx_v002_system_i/u_npu/inst/u_wrap/u_pccx_npu_top/u_mem_dispatcher/u_l2_cache/u_l2_uram/u_l2_uram/xpm_memory_base_inst/gen_wr_a.gen_word_narrow.mem_reg_uram_31_Cas_AddrA_1[18]
    URAM288_X0Y59        URAM288                                      r  pccx_v002_system_i/u_npu/inst/u_wrap/u_pccx_npu_top/u_mem_dispatcher/u_l2_cache/u_l2_uram/u_l2_uram/xpm_memory_base_inst/gen_wr_a.gen_word_narrow.mem_reg_uram_31/CAS_IN_ADDR_A[18]
  -------------------------------------------------------------------    -------------------

                         (clock clk_pl_0 rise edge)
                                                      0.000     0.000 r  
    PS8_X0Y0             PS8                          0.000     0.000 r  pccx_v002_system_i/zynq_ps/inst/PS8_i/PLCLK[0]
                         net (fo=1, routed)           0.181     0.181    pccx_v002_system_i/zynq_ps/inst/pl_clk_unbuffered[0]
    BUFG_PS_X0Y90        BUFG_PS (Prop_BUFG_PS_I_O)
                                                      0.035     0.216 r  pccx_v002_system_i/zynq_ps/inst/buffer_pl_clk_0.PL_CLK_0_BUFG/O
    X1Y1 (CLOCK_ROOT)    net (fo=82277, routed)       2.900     3.116    pccx_v002_system_i/u_npu/inst/u_wrap/u_pccx_npu_top/u_mem_dispatcher/u_l2_cache/u_l2_uram/u_l2_uram/xpm_memory_base_inst/clka
    URAM288_X0Y59        URAM288                                      r  pccx_v002_system_i/u_npu/inst/u_wrap/u_pccx_npu_top/u_mem_dispatcher/u_l2_cache/u_l2_uram/u_l2_uram/xpm_memory_base_inst/gen_wr_a.gen_word_narrow.mem_reg_uram_31/CLK

Slack:                    inf
  Source:                 pccx_v002_system_i/u_npu/inst/u_wrap/u_pccx_npu_top/u_mem_dispatcher/u_l2_cache/u_l2_uram/u_l2_uram/xpm_memory_base_inst/gen_wr_a.gen_word_narrow.mem_reg_uram_32/CAS_OUT_ADDR_A[18]
                            (internal pin)
  Destination:            pccx_v002_system_i/u_npu/inst/u_wrap/u_pccx_npu_top/u_mem_dispatcher/u_l2_cache/u_l2_uram/u_l2_uram/xpm_memory_base_inst/gen_wr_a.gen_word_narrow.mem_reg_uram_33/CAS_IN_ADDR_A[18]
                            (rising edge-triggered cell URAM288 clocked by clk_pl_0  {rise@0.000ns fall@5.000ns period=10.000ns})
  Path Group:             (none)
  Path Type:              Setup (Max at Slow Process Corner)
  Data Path Delay:        0.003ns  (logic 0.000ns (0.000%)  route 0.003ns (100.000%))
  Logic Levels:           0  
  Clock Uncertainty:      0.158ns  ((TSJ^2 + DJ^2)^1/2) / 2 + PE
    Total System Jitter     (TSJ):    0.050ns
    Discrete Jitter          (DJ):    0.312ns
    Phase Error              (PE):    0.000ns
  Clock Net Delay (Destination): 2.905ns (routing 1.538ns, distribution 1.367ns)

    Location             Delay type                Incr(ns)  Path(ns)    Netlist Resource(s)
  -------------------------------------------------------------------    -------------------
    URAM288_X0Y52        URAM288                      0.000     0.000 r  pccx_v002_system_i/u_npu/inst/u_wrap/u_pccx_npu_top/u_mem_dispatcher/u_l2_cache/u_l2_uram/u_l2_uram/xpm_memory_base_inst/gen_wr_a.gen_word_narrow.mem_reg_uram_32/CAS_OUT_ADDR_A[18]
                         net (fo=1, routed)           0.003     0.003    pccx_v002_system_i/u_npu/inst/u_wrap/u_pccx_npu_top/u_mem_dispatcher/u_l2_cache/u_l2_uram/u_l2_uram/xpm_memory_base_inst/gen_wr_a.gen_word_narrow.mem_reg_uram_33_Cas_AddrA_1[18]
    URAM288_X0Y53        URAM288                                      r  pccx_v002_system_i/u_npu/inst/u_wrap/u_pccx_npu_top/u_mem_dispatcher/u_l2_cache/u_l2_uram/u_l2_uram/xpm_memory_base_inst/gen_wr_a.gen_word_narrow.mem_reg_uram_33/CAS_IN_ADDR_A[18]
  -------------------------------------------------------------------    -------------------

                         (clock clk_pl_0 rise edge)
                                                      0.000     0.000 r  
    PS8_X0Y0             PS8                          0.000     0.000 r  pccx_v002_system_i/zynq_ps/inst/PS8_i/PLCLK[0]
                         net (fo=1, routed)           0.181     0.181    pccx_v002_system_i/zynq_ps/inst/pl_clk_unbuffered[0]
    BUFG_PS_X0Y90        BUFG_PS (Prop_BUFG_PS_I_O)
                                                      0.035     0.216 r  pccx_v002_system_i/zynq_ps/inst/buffer_pl_clk_0.PL_CLK_0_BUFG/O
    X1Y1 (CLOCK_ROOT)    net (fo=82277, routed)       2.905     3.121    pccx_v002_system_i/u_npu/inst/u_wrap/u_pccx_npu_top/u_mem_dispatcher/u_l2_cache/u_l2_uram/u_l2_uram/xpm_memory_base_inst/clka
    URAM288_X0Y53        URAM288                                      r  pccx_v002_system_i/u_npu/inst/u_wrap/u_pccx_npu_top/u_mem_dispatcher/u_l2_cache/u_l2_uram/u_l2_uram/xpm_memory_base_inst/gen_wr_a.gen_word_narrow.mem_reg_uram_33/CLK

Slack:                    inf
  Source:                 pccx_v002_system_i/u_npu/inst/u_wrap/u_pccx_npu_top/u_mem_dispatcher/u_l2_cache/u_l2_uram/u_l2_uram/xpm_memory_base_inst/gen_wr_a.gen_word_narrow.mem_reg_uram_34/CAS_OUT_ADDR_A[18]
                            (internal pin)
  Destination:            pccx_v002_system_i/u_npu/inst/u_wrap/u_pccx_npu_top/u_mem_dispatcher/u_l2_cache/u_l2_uram/u_l2_uram/xpm_memory_base_inst/gen_wr_a.gen_word_narrow.mem_reg_uram_35/CAS_IN_ADDR_A[18]
                            (rising edge-triggered cell URAM288 clocked by clk_pl_0  {rise@0.000ns fall@5.000ns period=10.000ns})
  Path Group:             (none)
  Path Type:              Setup (Max at Slow Process Corner)
  Data Path Delay:        0.003ns  (logic 0.000ns (0.000%)  route 0.003ns (100.000%))
  Logic Levels:           0  
  Clock Uncertainty:      0.158ns  ((TSJ^2 + DJ^2)^1/2) / 2 + PE
    Total System Jitter     (TSJ):    0.050ns
    Discrete Jitter          (DJ):    0.312ns
    Phase Error              (PE):    0.000ns
  Clock Net Delay (Destination): 2.890ns (routing 1.538ns, distribution 1.352ns)

    Location             Delay type                Incr(ns)  Path(ns)    Netlist Resource(s)
  -------------------------------------------------------------------    -------------------
    URAM288_X0Y54        URAM288                      0.000     0.000 r  pccx_v002_system_i/u_npu/inst/u_wrap/u_pccx_npu_top/u_mem_dispatcher/u_l2_cache/u_l2_uram/u_l2_uram/xpm_memory_base_inst/gen_wr_a.gen_word_narrow.mem_reg_uram_34/CAS_OUT_ADDR_A[18]
                         net (fo=1, routed)           0.003     0.003    pccx_v002_system_i/u_npu/inst/u_wrap/u_pccx_npu_top/u_mem_dispatcher/u_l2_cache/u_l2_uram/u_l2_uram/xpm_memory_base_inst/gen_wr_a.gen_word_narrow.mem_reg_uram_35_Cas_AddrA_1[18]
    URAM288_X0Y55        URAM288                                      r  pccx_v002_system_i/u_npu/inst/u_wrap/u_pccx_npu_top/u_mem_dispatcher/u_l2_cache/u_l2_uram/u_l2_uram/xpm_memory_base_inst/gen_wr_a.gen_word_narrow.mem_reg_uram_35/CAS_IN_ADDR_A[18]
  -------------------------------------------------------------------    -------------------

                         (clock clk_pl_0 rise edge)
                                                      0.000     0.000 r  
    PS8_X0Y0             PS8                          0.000     0.000 r  pccx_v002_system_i/zynq_ps/inst/PS8_i/PLCLK[0]
                         net (fo=1, routed)           0.181     0.181    pccx_v002_system_i/zynq_ps/inst/pl_clk_unbuffered[0]
    BUFG_PS_X0Y90        BUFG_PS (Prop_BUFG_PS_I_O)
                                                      0.035     0.216 r  pccx_v002_system_i/zynq_ps/inst/buffer_pl_clk_0.PL_CLK_0_BUFG/O
    X1Y1 (CLOCK_ROOT)    net (fo=82277, routed)       2.890     3.106    pccx_v002_system_i/u_npu/inst/u_wrap/u_pccx_npu_top/u_mem_dispatcher/u_l2_cache/u_l2_uram/u_l2_uram/xpm_memory_base_inst/clka
    URAM288_X0Y55        URAM288                                      r  pccx_v002_system_i/u_npu/inst/u_wrap/u_pccx_npu_top/u_mem_dispatcher/u_l2_cache/u_l2_uram/u_l2_uram/xpm_memory_base_inst/gen_wr_a.gen_word_narrow.mem_reg_uram_35/CLK

Slack:                    inf
  Source:                 pccx_v002_system_i/u_npu/inst/u_wrap/u_pccx_npu_top/u_mem_dispatcher/u_l2_cache/u_l2_uram/u_l2_uram/xpm_memory_base_inst/gen_wr_a.gen_word_narrow.mem_reg_uram_36/CAS_OUT_ADDR_A[18]
                            (internal pin)
  Destination:            pccx_v002_system_i/u_npu/inst/u_wrap/u_pccx_npu_top/u_mem_dispatcher/u_l2_cache/u_l2_uram/u_l2_uram/xpm_memory_base_inst/gen_wr_a.gen_word_narrow.mem_reg_uram_37/CAS_IN_ADDR_A[18]
                            (rising edge-triggered cell URAM288 clocked by clk_pl_0  {rise@0.000ns fall@5.000ns period=10.000ns})
  Path Group:             (none)
  Path Type:              Setup (Max at Slow Process Corner)
  Data Path Delay:        0.003ns  (logic 0.000ns (0.000%)  route 0.003ns (100.000%))
  Logic Levels:           0  
  Clock Uncertainty:      0.158ns  ((TSJ^2 + DJ^2)^1/2) / 2 + PE
    Total System Jitter     (TSJ):    0.050ns
    Discrete Jitter          (DJ):    0.312ns
    Phase Error              (PE):    0.000ns
  Clock Net Delay (Destination): 2.899ns (routing 1.538ns, distribution 1.361ns)

    Location             Delay type                Incr(ns)  Path(ns)    Netlist Resource(s)
  -------------------------------------------------------------------    -------------------
    URAM288_X0Y44        URAM288                      0.000     0.000 r  pccx_v002_system_i/u_npu/inst/u_wrap/u_pccx_npu_top/u_mem_dispatcher/u_l2_cache/u_l2_uram/u_l2_uram/xpm_memory_base_inst/gen_wr_a.gen_word_narrow.mem_reg_uram_36/CAS_OUT_ADDR_A[18]
                         net (fo=1, routed)           0.003     0.003    pccx_v002_system_i/u_npu/inst/u_wrap/u_pccx_npu_top/u_mem_dispatcher/u_l2_cache/u_l2_uram/u_l2_uram/xpm_memory_base_inst/gen_wr_a.gen_word_narrow.mem_reg_uram_37_Cas_AddrA_1[18]
    URAM288_X0Y45        URAM288                                      r  pccx_v002_system_i/u_npu/inst/u_wrap/u_pccx_npu_top/u_mem_dispatcher/u_l2_cache/u_l2_uram/u_l2_uram/xpm_memory_base_inst/gen_wr_a.gen_word_narrow.mem_reg_uram_37/CAS_IN_ADDR_A[18]
  -------------------------------------------------------------------    -------------------

                         (clock clk_pl_0 rise edge)
                                                      0.000     0.000 r  
    PS8_X0Y0             PS8                          0.000     0.000 r  pccx_v002_system_i/zynq_ps/inst/PS8_i/PLCLK[0]
                         net (fo=1, routed)           0.181     0.181    pccx_v002_system_i/zynq_ps/inst/pl_clk_unbuffered[0]
    BUFG_PS_X0Y90        BUFG_PS (Prop_BUFG_PS_I_O)
                                                      0.035     0.216 r  pccx_v002_system_i/zynq_ps/inst/buffer_pl_clk_0.PL_CLK_0_BUFG/O
    X1Y1 (CLOCK_ROOT)    net (fo=82277, routed)       2.899     3.115    pccx_v002_system_i/u_npu/inst/u_wrap/u_pccx_npu_top/u_mem_dispatcher/u_l2_cache/u_l2_uram/u_l2_uram/xpm_memory_base_inst/clka
    URAM288_X0Y45        URAM288                                      r  pccx_v002_system_i/u_npu/inst/u_wrap/u_pccx_npu_top/u_mem_dispatcher/u_l2_cache/u_l2_uram/u_l2_uram/xpm_memory_base_inst/gen_wr_a.gen_word_narrow.mem_reg_uram_37/CLK

Slack:                    inf
  Source:                 pccx_v002_system_i/u_npu/inst/u_wrap/u_pccx_npu_top/u_mem_dispatcher/u_l2_cache/u_l2_uram/u_l2_uram/xpm_memory_base_inst/gen_wr_a.gen_word_narrow.mem_reg_uram_4/CAS_OUT_ADDR_A[18]
                            (internal pin)
  Destination:            pccx_v002_system_i/u_npu/inst/u_wrap/u_pccx_npu_top/u_mem_dispatcher/u_l2_cache/u_l2_uram/u_l2_uram/xpm_memory_base_inst/gen_wr_a.gen_word_narrow.mem_reg_uram_5/CAS_IN_ADDR_A[18]
                            (rising edge-triggered cell URAM288 clocked by clk_pl_0  {rise@0.000ns fall@5.000ns period=10.000ns})
  Path Group:             (none)
  Path Type:              Setup (Max at Slow Process Corner)
  Data Path Delay:        0.003ns  (logic 0.000ns (0.000%)  route 0.003ns (100.000%))
  Logic Levels:           0  
  Clock Uncertainty:      0.158ns  ((TSJ^2 + DJ^2)^1/2) / 2 + PE
    Total System Jitter     (TSJ):    0.050ns
    Discrete Jitter          (DJ):    0.312ns
    Phase Error              (PE):    0.000ns
  Clock Net Delay (Destination): 2.841ns (routing 1.538ns, distribution 1.303ns)

    Location             Delay type                Incr(ns)  Path(ns)    Netlist Resource(s)
  -------------------------------------------------------------------    -------------------
    URAM288_X0Y22        URAM288                      0.000     0.000 r  pccx_v002_system_i/u_npu/inst/u_wrap/u_pccx_npu_top/u_mem_dispatcher/u_l2_cache/u_l2_uram/u_l2_uram/xpm_memory_base_inst/gen_wr_a.gen_word_narrow.mem_reg_uram_4/CAS_OUT_ADDR_A[18]
                         net (fo=1, routed)           0.003     0.003    pccx_v002_system_i/u_npu/inst/u_wrap/u_pccx_npu_top/u_mem_dispatcher/u_l2_cache/u_l2_uram/u_l2_uram/xpm_memory_base_inst/gen_wr_a.gen_word_narrow.mem_reg_uram_5_Cas_AddrA_1[18]
    URAM288_X0Y23        URAM288                                      r  pccx_v002_system_i/u_npu/inst/u_wrap/u_pccx_npu_top/u_mem_dispatcher/u_l2_cache/u_l2_uram/u_l2_uram/xpm_memory_base_inst/gen_wr_a.gen_word_narrow.mem_reg_uram_5/CAS_IN_ADDR_A[18]
  -------------------------------------------------------------------    -------------------

                         (clock clk_pl_0 rise edge)
                                                      0.000     0.000 r  
    PS8_X0Y0             PS8                          0.000     0.000 r  pccx_v002_system_i/zynq_ps/inst/PS8_i/PLCLK[0]
                         net (fo=1, routed)           0.181     0.181    pccx_v002_system_i/zynq_ps/inst/pl_clk_unbuffered[0]
    BUFG_PS_X0Y90        BUFG_PS (Prop_BUFG_PS_I_O)
                                                      0.035     0.216 r  pccx_v002_system_i/zynq_ps/inst/buffer_pl_clk_0.PL_CLK_0_BUFG/O
    X1Y1 (CLOCK_ROOT)    net (fo=82277, routed)       2.841     3.057    pccx_v002_system_i/u_npu/inst/u_wrap/u_pccx_npu_top/u_mem_dispatcher/u_l2_cache/u_l2_uram/u_l2_uram/xpm_memory_base_inst/clka
    URAM288_X0Y23        URAM288                                      r  pccx_v002_system_i/u_npu/inst/u_wrap/u_pccx_npu_top/u_mem_dispatcher/u_l2_cache/u_l2_uram/u_l2_uram/xpm_memory_base_inst/gen_wr_a.gen_word_narrow.mem_reg_uram_5/CLK

Slack:                    inf
  Source:                 pccx_v002_system_i/u_npu/inst/u_wrap/u_pccx_npu_top/u_mem_dispatcher/u_l2_cache/u_l2_uram/u_l2_uram/xpm_memory_base_inst/gen_wr_a.gen_word_narrow.mem_reg_uram_6/CAS_OUT_ADDR_A[18]
                            (internal pin)
  Destination:            pccx_v002_system_i/u_npu/inst/u_wrap/u_pccx_npu_top/u_mem_dispatcher/u_l2_cache/u_l2_uram/u_l2_uram/xpm_memory_base_inst/gen_wr_a.gen_word_narrow.mem_reg_uram_7/CAS_IN_ADDR_A[18]
                            (rising edge-triggered cell URAM288 clocked by clk_pl_0  {rise@0.000ns fall@5.000ns period=10.000ns})
  Path Group:             (none)
  Path Type:              Setup (Max at Slow Process Corner)
  Data Path Delay:        0.003ns  (logic 0.000ns (0.000%)  route 0.003ns (100.000%))
  Logic Levels:           0  
  Clock Uncertainty:      0.158ns  ((TSJ^2 + DJ^2)^1/2) / 2 + PE
    Total System Jitter     (TSJ):    0.050ns
    Discrete Jitter          (DJ):    0.312ns
    Phase Error              (PE):    0.000ns
  Clock Net Delay (Destination): 2.861ns (routing 1.538ns, distribution 1.323ns)

    Location             Delay type                Incr(ns)  Path(ns)    Netlist Resource(s)
  -------------------------------------------------------------------    -------------------
    URAM288_X0Y28        URAM288                      0.000     0.000 r  pccx_v002_system_i/u_npu/inst/u_wrap/u_pccx_npu_top/u_mem_dispatcher/u_l2_cache/u_l2_uram/u_l2_uram/xpm_memory_base_inst/gen_wr_a.gen_word_narrow.mem_reg_uram_6/CAS_OUT_ADDR_A[18]
                         net (fo=1, routed)           0.003     0.003    pccx_v002_system_i/u_npu/inst/u_wrap/u_pccx_npu_top/u_mem_dispatcher/u_l2_cache/u_l2_uram/u_l2_uram/xpm_memory_base_inst/gen_wr_a.gen_word_narrow.mem_reg_uram_7_Cas_AddrA_1[18]
    URAM288_X0Y29        URAM288                                      r  pccx_v002_system_i/u_npu/inst/u_wrap/u_pccx_npu_top/u_mem_dispatcher/u_l2_cache/u_l2_uram/u_l2_uram/xpm_memory_base_inst/gen_wr_a.gen_word_narrow.mem_reg_uram_7/CAS_IN_ADDR_A[18]
  -------------------------------------------------------------------    -------------------

                         (clock clk_pl_0 rise edge)
                                                      0.000     0.000 r  
    PS8_X0Y0             PS8                          0.000     0.000 r  pccx_v002_system_i/zynq_ps/inst/PS8_i/PLCLK[0]
                         net (fo=1, routed)           0.181     0.181    pccx_v002_system_i/zynq_ps/inst/pl_clk_unbuffered[0]
    BUFG_PS_X0Y90        BUFG_PS (Prop_BUFG_PS_I_O)
                                                      0.035     0.216 r  pccx_v002_system_i/zynq_ps/inst/buffer_pl_clk_0.PL_CLK_0_BUFG/O
    X1Y1 (CLOCK_ROOT)    net (fo=82277, routed)       2.861     3.077    pccx_v002_system_i/u_npu/inst/u_wrap/u_pccx_npu_top/u_mem_dispatcher/u_l2_cache/u_l2_uram/u_l2_uram/xpm_memory_base_inst/clka
    URAM288_X0Y29        URAM288                                      r  pccx_v002_system_i/u_npu/inst/u_wrap/u_pccx_npu_top/u_mem_dispatcher/u_l2_cache/u_l2_uram/u_l2_uram/xpm_memory_base_inst/gen_wr_a.gen_word_narrow.mem_reg_uram_7/CLK

Slack:                    inf
  Source:                 pccx_v002_system_i/u_npu/inst/u_wrap/u_pccx_npu_top/u_mem_dispatcher/u_l2_cache/u_l2_uram/u_l2_uram/xpm_memory_base_inst/gen_wr_a.gen_word_narrow.mem_reg_uram_8/CAS_OUT_ADDR_A[18]
                            (internal pin)
  Destination:            pccx_v002_system_i/u_npu/inst/u_wrap/u_pccx_npu_top/u_mem_dispatcher/u_l2_cache/u_l2_uram/u_l2_uram/xpm_memory_base_inst/gen_wr_a.gen_word_narrow.mem_reg_uram_9/CAS_IN_ADDR_A[18]
                            (rising edge-triggered cell URAM288 clocked by clk_pl_0  {rise@0.000ns fall@5.000ns period=10.000ns})
  Path Group:             (none)
  Path Type:              Setup (Max at Slow Process Corner)
  Data Path Delay:        0.003ns  (logic 0.000ns (0.000%)  route 0.003ns (100.000%))
  Logic Levels:           0  
  Clock Uncertainty:      0.158ns  ((TSJ^2 + DJ^2)^1/2) / 2 + PE
    Total System Jitter     (TSJ):    0.050ns
    Discrete Jitter          (DJ):    0.312ns
    Phase Error              (PE):    0.000ns
  Clock Net Delay (Destination): 2.849ns (routing 1.538ns, distribution 1.311ns)

    Location             Delay type                Incr(ns)  Path(ns)    Netlist Resource(s)
  -------------------------------------------------------------------    -------------------
    URAM288_X0Y24        URAM288                      0.000     0.000 r  pccx_v002_system_i/u_npu/inst/u_wrap/u_pccx_npu_top/u_mem_dispatcher/u_l2_cache/u_l2_uram/u_l2_uram/xpm_memory_base_inst/gen_wr_a.gen_word_narrow.mem_reg_uram_8/CAS_OUT_ADDR_A[18]
                         net (fo=1, routed)           0.003     0.003    pccx_v002_system_i/u_npu/inst/u_wrap/u_pccx_npu_top/u_mem_dispatcher/u_l2_cache/u_l2_uram/u_l2_uram/xpm_memory_base_inst/gen_wr_a.gen_word_narrow.mem_reg_uram_9_Cas_AddrA_1[18]
    URAM288_X0Y25        URAM288                                      r  pccx_v002_system_i/u_npu/inst/u_wrap/u_pccx_npu_top/u_mem_dispatcher/u_l2_cache/u_l2_uram/u_l2_uram/xpm_memory_base_inst/gen_wr_a.gen_word_narrow.mem_reg_uram_9/CAS_IN_ADDR_A[18]
  -------------------------------------------------------------------    -------------------

                         (clock clk_pl_0 rise edge)
                                                      0.000     0.000 r  
    PS8_X0Y0             PS8                          0.000     0.000 r  pccx_v002_system_i/zynq_ps/inst/PS8_i/PLCLK[0]
                         net (fo=1, routed)           0.181     0.181    pccx_v002_system_i/zynq_ps/inst/pl_clk_unbuffered[0]
    BUFG_PS_X0Y90        BUFG_PS (Prop_BUFG_PS_I_O)
                                                      0.035     0.216 r  pccx_v002_system_i/zynq_ps/inst/buffer_pl_clk_0.PL_CLK_0_BUFG/O
    X1Y1 (CLOCK_ROOT)    net (fo=82277, routed)       2.849     3.065    pccx_v002_system_i/u_npu/inst/u_wrap/u_pccx_npu_top/u_mem_dispatcher/u_l2_cache/u_l2_uram/u_l2_uram/xpm_memory_base_inst/clka
    URAM288_X0Y25        URAM288                                      r  pccx_v002_system_i/u_npu/inst/u_wrap/u_pccx_npu_top/u_mem_dispatcher/u_l2_cache/u_l2_uram/u_l2_uram/xpm_memory_base_inst/gen_wr_a.gen_word_narrow.mem_reg_uram_9/CLK

Slack:                    inf
  Source:                 pccx_v002_system_i/u_npu/inst/u_wrap/u_pccx_npu_top/u_mem_dispatcher/u_l2_cache/u_l2_uram/u_l2_uram/xpm_memory_base_inst/gen_wr_a.gen_word_narrow.mem_reg_uram_0/CAS_OUT_ADDR_A[20]
                            (internal pin)
  Destination:            pccx_v002_system_i/u_npu/inst/u_wrap/u_pccx_npu_top/u_mem_dispatcher/u_l2_cache/u_l2_uram/u_l2_uram/xpm_memory_base_inst/gen_wr_a.gen_word_narrow.mem_reg_uram_1/CAS_IN_ADDR_A[20]
                            (rising edge-triggered cell URAM288 clocked by clk_pl_0  {rise@0.000ns fall@5.000ns period=10.000ns})
  Path Group:             (none)
  Path Type:              Setup (Max at Slow Process Corner)
  Data Path Delay:        0.002ns  (logic 0.000ns (0.000%)  route 0.002ns (100.000%))
  Logic Levels:           0  
  Clock Uncertainty:      0.158ns  ((TSJ^2 + DJ^2)^1/2) / 2 + PE
    Total System Jitter     (TSJ):    0.050ns
    Discrete Jitter          (DJ):    0.312ns
    Phase Error              (PE):    0.000ns
  Clock Net Delay (Destination): 2.856ns (routing 1.538ns, distribution 1.318ns)

    Location             Delay type                Incr(ns)  Path(ns)    Netlist Resource(s)
  -------------------------------------------------------------------    -------------------
    URAM288_X0Y20        URAM288                      0.000     0.000 r  pccx_v002_system_i/u_npu/inst/u_wrap/u_pccx_npu_top/u_mem_dispatcher/u_l2_cache/u_l2_uram/u_l2_uram/xpm_memory_base_inst/gen_wr_a.gen_word_narrow.mem_reg_uram_0/CAS_OUT_ADDR_A[20]
                         net (fo=1, routed)           0.002     0.002    pccx_v002_system_i/u_npu/inst/u_wrap/u_pccx_npu_top/u_mem_dispatcher/u_l2_cache/u_l2_uram/u_l2_uram/xpm_memory_base_inst/gen_wr_a.gen_word_narrow.mem_reg_uram_1_Cas_AddrA_1[20]
    URAM288_X0Y21        URAM288                                      r  pccx_v002_system_i/u_npu/inst/u_wrap/u_pccx_npu_top/u_mem_dispatcher/u_l2_cache/u_l2_uram/u_l2_uram/xpm_memory_base_inst/gen_wr_a.gen_word_narrow.mem_reg_uram_1/CAS_IN_ADDR_A[20]
  -------------------------------------------------------------------    -------------------

                         (clock clk_pl_0 rise edge)
                                                      0.000     0.000 r  
    PS8_X0Y0             PS8                          0.000     0.000 r  pccx_v002_system_i/zynq_ps/inst/PS8_i/PLCLK[0]
                         net (fo=1, routed)           0.181     0.181    pccx_v002_system_i/zynq_ps/inst/pl_clk_unbuffered[0]
    BUFG_PS_X0Y90        BUFG_PS (Prop_BUFG_PS_I_O)
                                                      0.035     0.216 r  pccx_v002_system_i/zynq_ps/inst/buffer_pl_clk_0.PL_CLK_0_BUFG/O
    X1Y1 (CLOCK_ROOT)    net (fo=82277, routed)       2.856     3.072    pccx_v002_system_i/u_npu/inst/u_wrap/u_pccx_npu_top/u_mem_dispatcher/u_l2_cache/u_l2_uram/u_l2_uram/xpm_memory_base_inst/clka
    URAM288_X0Y21        URAM288                                      r  pccx_v002_system_i/u_npu/inst/u_wrap/u_pccx_npu_top/u_mem_dispatcher/u_l2_cache/u_l2_uram/u_l2_uram/xpm_memory_base_inst/gen_wr_a.gen_word_narrow.mem_reg_uram_1/CLK

Slack:                    inf
  Source:                 pccx_v002_system_i/u_npu/inst/u_wrap/u_pccx_npu_top/u_mem_dispatcher/u_l2_cache/u_l2_uram/u_l2_uram/xpm_memory_base_inst/gen_wr_a.gen_word_narrow.mem_reg_uram_0/CAS_OUT_ADDR_A[22]
                            (internal pin)
  Destination:            pccx_v002_system_i/u_npu/inst/u_wrap/u_pccx_npu_top/u_mem_dispatcher/u_l2_cache/u_l2_uram/u_l2_uram/xpm_memory_base_inst/gen_wr_a.gen_word_narrow.mem_reg_uram_1/CAS_IN_ADDR_A[22]
                            (rising edge-triggered cell URAM288 clocked by clk_pl_0  {rise@0.000ns fall@5.000ns period=10.000ns})
  Path Group:             (none)
  Path Type:              Setup (Max at Slow Process Corner)
  Data Path Delay:        0.002ns  (logic 0.000ns (0.000%)  route 0.002ns (100.000%))
  Logic Levels:           0  
  Clock Uncertainty:      0.158ns  ((TSJ^2 + DJ^2)^1/2) / 2 + PE
    Total System Jitter     (TSJ):    0.050ns
    Discrete Jitter          (DJ):    0.312ns
    Phase Error              (PE):    0.000ns
  Clock Net Delay (Destination): 2.856ns (routing 1.538ns, distribution 1.318ns)

    Location             Delay type                Incr(ns)  Path(ns)    Netlist Resource(s)
  -------------------------------------------------------------------    -------------------
    URAM288_X0Y20        URAM288                      0.000     0.000 r  pccx_v002_system_i/u_npu/inst/u_wrap/u_pccx_npu_top/u_mem_dispatcher/u_l2_cache/u_l2_uram/u_l2_uram/xpm_memory_base_inst/gen_wr_a.gen_word_narrow.mem_reg_uram_0/CAS_OUT_ADDR_A[22]
                         net (fo=1, routed)           0.002     0.002    pccx_v002_system_i/u_npu/inst/u_wrap/u_pccx_npu_top/u_mem_dispatcher/u_l2_cache/u_l2_uram/u_l2_uram/xpm_memory_base_inst/gen_wr_a.gen_word_narrow.mem_reg_uram_1_Cas_AddrA_1[22]
    URAM288_X0Y21        URAM288                                      r  pccx_v002_system_i/u_npu/inst/u_wrap/u_pccx_npu_top/u_mem_dispatcher/u_l2_cache/u_l2_uram/u_l2_uram/xpm_memory_base_inst/gen_wr_a.gen_word_narrow.mem_reg_uram_1/CAS_IN_ADDR_A[22]
  -------------------------------------------------------------------    -------------------

                         (clock clk_pl_0 rise edge)
                                                      0.000     0.000 r  
    PS8_X0Y0             PS8                          0.000     0.000 r  pccx_v002_system_i/zynq_ps/inst/PS8_i/PLCLK[0]
                         net (fo=1, routed)           0.181     0.181    pccx_v002_system_i/zynq_ps/inst/pl_clk_unbuffered[0]
    BUFG_PS_X0Y90        BUFG_PS (Prop_BUFG_PS_I_O)
                                                      0.035     0.216 r  pccx_v002_system_i/zynq_ps/inst/buffer_pl_clk_0.PL_CLK_0_BUFG/O
    X1Y1 (CLOCK_ROOT)    net (fo=82277, routed)       2.856     3.072    pccx_v002_system_i/u_npu/inst/u_wrap/u_pccx_npu_top/u_mem_dispatcher/u_l2_cache/u_l2_uram/u_l2_uram/xpm_memory_base_inst/clka
    URAM288_X0Y21        URAM288                                      r  pccx_v002_system_i/u_npu/inst/u_wrap/u_pccx_npu_top/u_mem_dispatcher/u_l2_cache/u_l2_uram/u_l2_uram/xpm_memory_base_inst/gen_wr_a.gen_word_narrow.mem_reg_uram_1/CLK

Slack:                    inf
  Source:                 pccx_v002_system_i/u_npu/inst/u_wrap/u_pccx_npu_top/u_mem_dispatcher/u_l2_cache/u_l2_uram/u_l2_uram/xpm_memory_base_inst/gen_wr_a.gen_word_narrow.mem_reg_uram_0/CAS_OUT_ADDR_B[18]
                            (internal pin)
  Destination:            pccx_v002_system_i/u_npu/inst/u_wrap/u_pccx_npu_top/u_mem_dispatcher/u_l2_cache/u_l2_uram/u_l2_uram/xpm_memory_base_inst/gen_wr_a.gen_word_narrow.mem_reg_uram_1/CAS_IN_ADDR_B[18]
                            (rising edge-triggered cell URAM288 clocked by clk_pl_0  {rise@0.000ns fall@5.000ns period=10.000ns})
  Path Group:             (none)
  Path Type:              Setup (Max at Slow Process Corner)
  Data Path Delay:        0.002ns  (logic 0.000ns (0.000%)  route 0.002ns (100.000%))
  Logic Levels:           0  
  Clock Uncertainty:      0.158ns  ((TSJ^2 + DJ^2)^1/2) / 2 + PE
    Total System Jitter     (TSJ):    0.050ns
    Discrete Jitter          (DJ):    0.312ns
    Phase Error              (PE):    0.000ns
  Clock Net Delay (Destination): 2.856ns (routing 1.538ns, distribution 1.318ns)

    Location             Delay type                Incr(ns)  Path(ns)    Netlist Resource(s)
  -------------------------------------------------------------------    -------------------
    URAM288_X0Y20        URAM288                      0.000     0.000 r  pccx_v002_system_i/u_npu/inst/u_wrap/u_pccx_npu_top/u_mem_dispatcher/u_l2_cache/u_l2_uram/u_l2_uram/xpm_memory_base_inst/gen_wr_a.gen_word_narrow.mem_reg_uram_0/CAS_OUT_ADDR_B[18]
                         net (fo=1, routed)           0.002     0.002    pccx_v002_system_i/u_npu/inst/u_wrap/u_pccx_npu_top/u_mem_dispatcher/u_l2_cache/u_l2_uram/u_l2_uram/xpm_memory_base_inst/gen_wr_a.gen_word_narrow.mem_reg_uram_1_Cas_AddrB_1[18]
    URAM288_X0Y21        URAM288                                      r  pccx_v002_system_i/u_npu/inst/u_wrap/u_pccx_npu_top/u_mem_dispatcher/u_l2_cache/u_l2_uram/u_l2_uram/xpm_memory_base_inst/gen_wr_a.gen_word_narrow.mem_reg_uram_1/CAS_IN_ADDR_B[18]
  -------------------------------------------------------------------    -------------------

                         (clock clk_pl_0 rise edge)
                                                      0.000     0.000 r  
    PS8_X0Y0             PS8                          0.000     0.000 r  pccx_v002_system_i/zynq_ps/inst/PS8_i/PLCLK[0]
                         net (fo=1, routed)           0.181     0.181    pccx_v002_system_i/zynq_ps/inst/pl_clk_unbuffered[0]
    BUFG_PS_X0Y90        BUFG_PS (Prop_BUFG_PS_I_O)
                                                      0.035     0.216 r  pccx_v002_system_i/zynq_ps/inst/buffer_pl_clk_0.PL_CLK_0_BUFG/O
    X1Y1 (CLOCK_ROOT)    net (fo=82277, routed)       2.856     3.072    pccx_v002_system_i/u_npu/inst/u_wrap/u_pccx_npu_top/u_mem_dispatcher/u_l2_cache/u_l2_uram/u_l2_uram/xpm_memory_base_inst/clka
    URAM288_X0Y21        URAM288                                      r  pccx_v002_system_i/u_npu/inst/u_wrap/u_pccx_npu_top/u_mem_dispatcher/u_l2_cache/u_l2_uram/u_l2_uram/xpm_memory_base_inst/gen_wr_a.gen_word_narrow.mem_reg_uram_1/CLK

Slack:                    inf
  Source:                 pccx_v002_system_i/u_npu/inst/u_wrap/u_pccx_npu_top/u_mem_dispatcher/u_l2_cache/u_l2_uram/u_l2_uram/xpm_memory_base_inst/gen_wr_a.gen_word_narrow.mem_reg_uram_0/CAS_OUT_ADDR_B[20]
                            (internal pin)
  Destination:            pccx_v002_system_i/u_npu/inst/u_wrap/u_pccx_npu_top/u_mem_dispatcher/u_l2_cache/u_l2_uram/u_l2_uram/xpm_memory_base_inst/gen_wr_a.gen_word_narrow.mem_reg_uram_1/CAS_IN_ADDR_B[20]
                            (rising edge-triggered cell URAM288 clocked by clk_pl_0  {rise@0.000ns fall@5.000ns period=10.000ns})
  Path Group:             (none)
  Path Type:              Setup (Max at Slow Process Corner)
  Data Path Delay:        0.002ns  (logic 0.000ns (0.000%)  route 0.002ns (100.000%))
  Logic Levels:           0  
  Clock Uncertainty:      0.158ns  ((TSJ^2 + DJ^2)^1/2) / 2 + PE
    Total System Jitter     (TSJ):    0.050ns
    Discrete Jitter          (DJ):    0.312ns
    Phase Error              (PE):    0.000ns
  Clock Net Delay (Destination): 2.856ns (routing 1.538ns, distribution 1.318ns)

    Location             Delay type                Incr(ns)  Path(ns)    Netlist Resource(s)
  -------------------------------------------------------------------    -------------------
    URAM288_X0Y20        URAM288                      0.000     0.000 r  pccx_v002_system_i/u_npu/inst/u_wrap/u_pccx_npu_top/u_mem_dispatcher/u_l2_cache/u_l2_uram/u_l2_uram/xpm_memory_base_inst/gen_wr_a.gen_word_narrow.mem_reg_uram_0/CAS_OUT_ADDR_B[20]
                         net (fo=1, routed)           0.002     0.002    pccx_v002_system_i/u_npu/inst/u_wrap/u_pccx_npu_top/u_mem_dispatcher/u_l2_cache/u_l2_uram/u_l2_uram/xpm_memory_base_inst/gen_wr_a.gen_word_narrow.mem_reg_uram_1_Cas_AddrB_1[20]
    URAM288_X0Y21        URAM288                                      r  pccx_v002_system_i/u_npu/inst/u_wrap/u_pccx_npu_top/u_mem_dispatcher/u_l2_cache/u_l2_uram/u_l2_uram/xpm_memory_base_inst/gen_wr_a.gen_word_narrow.mem_reg_uram_1/CAS_IN_ADDR_B[20]
  -------------------------------------------------------------------    -------------------

                         (clock clk_pl_0 rise edge)
                                                      0.000     0.000 r  
    PS8_X0Y0             PS8                          0.000     0.000 r  pccx_v002_system_i/zynq_ps/inst/PS8_i/PLCLK[0]
                         net (fo=1, routed)           0.181     0.181    pccx_v002_system_i/zynq_ps/inst/pl_clk_unbuffered[0]
    BUFG_PS_X0Y90        BUFG_PS (Prop_BUFG_PS_I_O)
                                                      0.035     0.216 r  pccx_v002_system_i/zynq_ps/inst/buffer_pl_clk_0.PL_CLK_0_BUFG/O
    X1Y1 (CLOCK_ROOT)    net (fo=82277, routed)       2.856     3.072    pccx_v002_system_i/u_npu/inst/u_wrap/u_pccx_npu_top/u_mem_dispatcher/u_l2_cache/u_l2_uram/u_l2_uram/xpm_memory_base_inst/clka
    URAM288_X0Y21        URAM288                                      r  pccx_v002_system_i/u_npu/inst/u_wrap/u_pccx_npu_top/u_mem_dispatcher/u_l2_cache/u_l2_uram/u_l2_uram/xpm_memory_base_inst/gen_wr_a.gen_word_narrow.mem_reg_uram_1/CLK

Slack:                    inf
  Source:                 pccx_v002_system_i/u_npu/inst/u_wrap/u_pccx_npu_top/u_mem_dispatcher/u_l2_cache/u_l2_uram/u_l2_uram/xpm_memory_base_inst/gen_wr_a.gen_word_narrow.mem_reg_uram_0/CAS_OUT_ADDR_B[22]
                            (internal pin)
  Destination:            pccx_v002_system_i/u_npu/inst/u_wrap/u_pccx_npu_top/u_mem_dispatcher/u_l2_cache/u_l2_uram/u_l2_uram/xpm_memory_base_inst/gen_wr_a.gen_word_narrow.mem_reg_uram_1/CAS_IN_ADDR_B[22]
                            (rising edge-triggered cell URAM288 clocked by clk_pl_0  {rise@0.000ns fall@5.000ns period=10.000ns})
  Path Group:             (none)
  Path Type:              Setup (Max at Slow Process Corner)
  Data Path Delay:        0.002ns  (logic 0.000ns (0.000%)  route 0.002ns (100.000%))
  Logic Levels:           0  
  Clock Uncertainty:      0.158ns  ((TSJ^2 + DJ^2)^1/2) / 2 + PE
    Total System Jitter     (TSJ):    0.050ns
    Discrete Jitter          (DJ):    0.312ns
    Phase Error              (PE):    0.000ns
  Clock Net Delay (Destination): 2.856ns (routing 1.538ns, distribution 1.318ns)

    Location             Delay type                Incr(ns)  Path(ns)    Netlist Resource(s)
  -------------------------------------------------------------------    -------------------
    URAM288_X0Y20        URAM288                      0.000     0.000 r  pccx_v002_system_i/u_npu/inst/u_wrap/u_pccx_npu_top/u_mem_dispatcher/u_l2_cache/u_l2_uram/u_l2_uram/xpm_memory_base_inst/gen_wr_a.gen_word_narrow.mem_reg_uram_0/CAS_OUT_ADDR_B[22]
                         net (fo=1, routed)           0.002     0.002    pccx_v002_system_i/u_npu/inst/u_wrap/u_pccx_npu_top/u_mem_dispatcher/u_l2_cache/u_l2_uram/u_l2_uram/xpm_memory_base_inst/gen_wr_a.gen_word_narrow.mem_reg_uram_1_Cas_AddrB_1[22]
    URAM288_X0Y21        URAM288                                      r  pccx_v002_system_i/u_npu/inst/u_wrap/u_pccx_npu_top/u_mem_dispatcher/u_l2_cache/u_l2_uram/u_l2_uram/xpm_memory_base_inst/gen_wr_a.gen_word_narrow.mem_reg_uram_1/CAS_IN_ADDR_B[22]
  -------------------------------------------------------------------    -------------------

                         (clock clk_pl_0 rise edge)
                                                      0.000     0.000 r  
    PS8_X0Y0             PS8                          0.000     0.000 r  pccx_v002_system_i/zynq_ps/inst/PS8_i/PLCLK[0]
                         net (fo=1, routed)           0.181     0.181    pccx_v002_system_i/zynq_ps/inst/pl_clk_unbuffered[0]
    BUFG_PS_X0Y90        BUFG_PS (Prop_BUFG_PS_I_O)
                                                      0.035     0.216 r  pccx_v002_system_i/zynq_ps/inst/buffer_pl_clk_0.PL_CLK_0_BUFG/O
    X1Y1 (CLOCK_ROOT)    net (fo=82277, routed)       2.856     3.072    pccx_v002_system_i/u_npu/inst/u_wrap/u_pccx_npu_top/u_mem_dispatcher/u_l2_cache/u_l2_uram/u_l2_uram/xpm_memory_base_inst/clka
    URAM288_X0Y21        URAM288                                      r  pccx_v002_system_i/u_npu/inst/u_wrap/u_pccx_npu_top/u_mem_dispatcher/u_l2_cache/u_l2_uram/u_l2_uram/xpm_memory_base_inst/gen_wr_a.gen_word_narrow.mem_reg_uram_1/CLK

Slack:                    inf
  Source:                 pccx_v002_system_i/u_npu/inst/u_wrap/u_pccx_npu_top/u_mem_dispatcher/u_l2_cache/u_l2_uram/u_l2_uram/xpm_memory_base_inst/gen_wr_a.gen_word_narrow.mem_reg_uram_28/CAS_OUT_ADDR_A[20]
                            (internal pin)
  Destination:            pccx_v002_system_i/u_npu/inst/u_wrap/u_pccx_npu_top/u_mem_dispatcher/u_l2_cache/u_l2_uram/u_l2_uram/xpm_memory_base_inst/gen_wr_a.gen_word_narrow.mem_reg_uram_29/CAS_IN_ADDR_A[20]
                            (rising edge-triggered cell URAM288 clocked by clk_pl_0  {rise@0.000ns fall@5.000ns period=10.000ns})
  Path Group:             (none)
  Path Type:              Setup (Max at Slow Process Corner)
  Data Path Delay:        0.002ns  (logic 0.000ns (0.000%)  route 0.002ns (100.000%))
  Logic Levels:           0  
  Clock Uncertainty:      0.158ns  ((TSJ^2 + DJ^2)^1/2) / 2 + PE
    Total System Jitter     (TSJ):    0.050ns
    Discrete Jitter          (DJ):    0.312ns
    Phase Error              (PE):    0.000ns
  Clock Net Delay (Destination): 2.904ns (routing 1.538ns, distribution 1.366ns)

    Location             Delay type                Incr(ns)  Path(ns)    Netlist Resource(s)
  -------------------------------------------------------------------    -------------------
    URAM288_X0Y56        URAM288                      0.000     0.000 r  pccx_v002_system_i/u_npu/inst/u_wrap/u_pccx_npu_top/u_mem_dispatcher/u_l2_cache/u_l2_uram/u_l2_uram/xpm_memory_base_inst/gen_wr_a.gen_word_narrow.mem_reg_uram_28/CAS_OUT_ADDR_A[20]
                         net (fo=1, routed)           0.002     0.002    pccx_v002_system_i/u_npu/inst/u_wrap/u_pccx_npu_top/u_mem_dispatcher/u_l2_cache/u_l2_uram/u_l2_uram/xpm_memory_base_inst/gen_wr_a.gen_word_narrow.mem_reg_uram_29_Cas_AddrA_1[20]
    URAM288_X0Y57        URAM288                                      r  pccx_v002_system_i/u_npu/inst/u_wrap/u_pccx_npu_top/u_mem_dispatcher/u_l2_cache/u_l2_uram/u_l2_uram/xpm_memory_base_inst/gen_wr_a.gen_word_narrow.mem_reg_uram_29/CAS_IN_ADDR_A[20]
  -------------------------------------------------------------------    -------------------

                         (clock clk_pl_0 rise edge)
                                                      0.000     0.000 r  
    PS8_X0Y0             PS8                          0.000     0.000 r  pccx_v002_system_i/zynq_ps/inst/PS8_i/PLCLK[0]
                         net (fo=1, routed)           0.181     0.181    pccx_v002_system_i/zynq_ps/inst/pl_clk_unbuffered[0]
    BUFG_PS_X0Y90        BUFG_PS (Prop_BUFG_PS_I_O)
                                                      0.035     0.216 r  pccx_v002_system_i/zynq_ps/inst/buffer_pl_clk_0.PL_CLK_0_BUFG/O
    X1Y1 (CLOCK_ROOT)    net (fo=82277, routed)       2.904     3.120    pccx_v002_system_i/u_npu/inst/u_wrap/u_pccx_npu_top/u_mem_dispatcher/u_l2_cache/u_l2_uram/u_l2_uram/xpm_memory_base_inst/clka
    URAM288_X0Y57        URAM288                                      r  pccx_v002_system_i/u_npu/inst/u_wrap/u_pccx_npu_top/u_mem_dispatcher/u_l2_cache/u_l2_uram/u_l2_uram/xpm_memory_base_inst/gen_wr_a.gen_word_narrow.mem_reg_uram_29/CLK

Slack:                    inf
  Source:                 pccx_v002_system_i/u_npu/inst/u_wrap/u_pccx_npu_top/u_mem_dispatcher/u_l2_cache/u_l2_uram/u_l2_uram/xpm_memory_base_inst/gen_wr_a.gen_word_narrow.mem_reg_uram_28/CAS_OUT_ADDR_A[22]
                            (internal pin)
  Destination:            pccx_v002_system_i/u_npu/inst/u_wrap/u_pccx_npu_top/u_mem_dispatcher/u_l2_cache/u_l2_uram/u_l2_uram/xpm_memory_base_inst/gen_wr_a.gen_word_narrow.mem_reg_uram_29/CAS_IN_ADDR_A[22]
                            (rising edge-triggered cell URAM288 clocked by clk_pl_0  {rise@0.000ns fall@5.000ns period=10.000ns})
  Path Group:             (none)
  Path Type:              Setup (Max at Slow Process Corner)
  Data Path Delay:        0.002ns  (logic 0.000ns (0.000%)  route 0.002ns (100.000%))
  Logic Levels:           0  
  Clock Uncertainty:      0.158ns  ((TSJ^2 + DJ^2)^1/2) / 2 + PE
    Total System Jitter     (TSJ):    0.050ns
    Discrete Jitter          (DJ):    0.312ns
    Phase Error              (PE):    0.000ns
  Clock Net Delay (Destination): 2.904ns (routing 1.538ns, distribution 1.366ns)

    Location             Delay type                Incr(ns)  Path(ns)    Netlist Resource(s)
  -------------------------------------------------------------------    -------------------
    URAM288_X0Y56        URAM288                      0.000     0.000 r  pccx_v002_system_i/u_npu/inst/u_wrap/u_pccx_npu_top/u_mem_dispatcher/u_l2_cache/u_l2_uram/u_l2_uram/xpm_memory_base_inst/gen_wr_a.gen_word_narrow.mem_reg_uram_28/CAS_OUT_ADDR_A[22]
                         net (fo=1, routed)           0.002     0.002    pccx_v002_system_i/u_npu/inst/u_wrap/u_pccx_npu_top/u_mem_dispatcher/u_l2_cache/u_l2_uram/u_l2_uram/xpm_memory_base_inst/gen_wr_a.gen_word_narrow.mem_reg_uram_29_Cas_AddrA_1[22]
    URAM288_X0Y57        URAM288                                      r  pccx_v002_system_i/u_npu/inst/u_wrap/u_pccx_npu_top/u_mem_dispatcher/u_l2_cache/u_l2_uram/u_l2_uram/xpm_memory_base_inst/gen_wr_a.gen_word_narrow.mem_reg_uram_29/CAS_IN_ADDR_A[22]
  -------------------------------------------------------------------    -------------------

                         (clock clk_pl_0 rise edge)
                                                      0.000     0.000 r  
    PS8_X0Y0             PS8                          0.000     0.000 r  pccx_v002_system_i/zynq_ps/inst/PS8_i/PLCLK[0]
                         net (fo=1, routed)           0.181     0.181    pccx_v002_system_i/zynq_ps/inst/pl_clk_unbuffered[0]
    BUFG_PS_X0Y90        BUFG_PS (Prop_BUFG_PS_I_O)
                                                      0.035     0.216 r  pccx_v002_system_i/zynq_ps/inst/buffer_pl_clk_0.PL_CLK_0_BUFG/O
    X1Y1 (CLOCK_ROOT)    net (fo=82277, routed)       2.904     3.120    pccx_v002_system_i/u_npu/inst/u_wrap/u_pccx_npu_top/u_mem_dispatcher/u_l2_cache/u_l2_uram/u_l2_uram/xpm_memory_base_inst/clka
    URAM288_X0Y57        URAM288                                      r  pccx_v002_system_i/u_npu/inst/u_wrap/u_pccx_npu_top/u_mem_dispatcher/u_l2_cache/u_l2_uram/u_l2_uram/xpm_memory_base_inst/gen_wr_a.gen_word_narrow.mem_reg_uram_29/CLK

Slack:                    inf
  Source:                 pccx_v002_system_i/u_npu/inst/u_wrap/u_pccx_npu_top/u_mem_dispatcher/u_l2_cache/u_l2_uram/u_l2_uram/xpm_memory_base_inst/gen_wr_a.gen_word_narrow.mem_reg_uram_28/CAS_OUT_ADDR_B[18]
                            (internal pin)
  Destination:            pccx_v002_system_i/u_npu/inst/u_wrap/u_pccx_npu_top/u_mem_dispatcher/u_l2_cache/u_l2_uram/u_l2_uram/xpm_memory_base_inst/gen_wr_a.gen_word_narrow.mem_reg_uram_29/CAS_IN_ADDR_B[18]
                            (rising edge-triggered cell URAM288 clocked by clk_pl_0  {rise@0.000ns fall@5.000ns period=10.000ns})
  Path Group:             (none)
  Path Type:              Setup (Max at Slow Process Corner)
  Data Path Delay:        0.002ns  (logic 0.000ns (0.000%)  route 0.002ns (100.000%))
  Logic Levels:           0  
  Clock Uncertainty:      0.158ns  ((TSJ^2 + DJ^2)^1/2) / 2 + PE
    Total System Jitter     (TSJ):    0.050ns
    Discrete Jitter          (DJ):    0.312ns
    Phase Error              (PE):    0.000ns
  Clock Net Delay (Destination): 2.904ns (routing 1.538ns, distribution 1.366ns)

    Location             Delay type                Incr(ns)  Path(ns)    Netlist Resource(s)
  -------------------------------------------------------------------    -------------------
    URAM288_X0Y56        URAM288                      0.000     0.000 r  pccx_v002_system_i/u_npu/inst/u_wrap/u_pccx_npu_top/u_mem_dispatcher/u_l2_cache/u_l2_uram/u_l2_uram/xpm_memory_base_inst/gen_wr_a.gen_word_narrow.mem_reg_uram_28/CAS_OUT_ADDR_B[18]
                         net (fo=1, routed)           0.002     0.002    pccx_v002_system_i/u_npu/inst/u_wrap/u_pccx_npu_top/u_mem_dispatcher/u_l2_cache/u_l2_uram/u_l2_uram/xpm_memory_base_inst/gen_wr_a.gen_word_narrow.mem_reg_uram_29_Cas_AddrB_1[18]
    URAM288_X0Y57        URAM288                                      r  pccx_v002_system_i/u_npu/inst/u_wrap/u_pccx_npu_top/u_mem_dispatcher/u_l2_cache/u_l2_uram/u_l2_uram/xpm_memory_base_inst/gen_wr_a.gen_word_narrow.mem_reg_uram_29/CAS_IN_ADDR_B[18]
  -------------------------------------------------------------------    -------------------

                         (clock clk_pl_0 rise edge)
                                                      0.000     0.000 r  
    PS8_X0Y0             PS8                          0.000     0.000 r  pccx_v002_system_i/zynq_ps/inst/PS8_i/PLCLK[0]
                         net (fo=1, routed)           0.181     0.181    pccx_v002_system_i/zynq_ps/inst/pl_clk_unbuffered[0]
    BUFG_PS_X0Y90        BUFG_PS (Prop_BUFG_PS_I_O)
                                                      0.035     0.216 r  pccx_v002_system_i/zynq_ps/inst/buffer_pl_clk_0.PL_CLK_0_BUFG/O
    X1Y1 (CLOCK_ROOT)    net (fo=82277, routed)       2.904     3.120    pccx_v002_system_i/u_npu/inst/u_wrap/u_pccx_npu_top/u_mem_dispatcher/u_l2_cache/u_l2_uram/u_l2_uram/xpm_memory_base_inst/clka
    URAM288_X0Y57        URAM288                                      r  pccx_v002_system_i/u_npu/inst/u_wrap/u_pccx_npu_top/u_mem_dispatcher/u_l2_cache/u_l2_uram/u_l2_uram/xpm_memory_base_inst/gen_wr_a.gen_word_narrow.mem_reg_uram_29/CLK

Slack:                    inf
  Source:                 pccx_v002_system_i/u_npu/inst/u_wrap/u_pccx_npu_top/u_mem_dispatcher/u_l2_cache/u_l2_uram/u_l2_uram/xpm_memory_base_inst/gen_wr_a.gen_word_narrow.mem_reg_uram_28/CAS_OUT_ADDR_B[20]
                            (internal pin)
  Destination:            pccx_v002_system_i/u_npu/inst/u_wrap/u_pccx_npu_top/u_mem_dispatcher/u_l2_cache/u_l2_uram/u_l2_uram/xpm_memory_base_inst/gen_wr_a.gen_word_narrow.mem_reg_uram_29/CAS_IN_ADDR_B[20]
                            (rising edge-triggered cell URAM288 clocked by clk_pl_0  {rise@0.000ns fall@5.000ns period=10.000ns})
  Path Group:             (none)
  Path Type:              Setup (Max at Slow Process Corner)
  Data Path Delay:        0.002ns  (logic 0.000ns (0.000%)  route 0.002ns (100.000%))
  Logic Levels:           0  
  Clock Uncertainty:      0.158ns  ((TSJ^2 + DJ^2)^1/2) / 2 + PE
    Total System Jitter     (TSJ):    0.050ns
    Discrete Jitter          (DJ):    0.312ns
    Phase Error              (PE):    0.000ns
  Clock Net Delay (Destination): 2.904ns (routing 1.538ns, distribution 1.366ns)

    Location             Delay type                Incr(ns)  Path(ns)    Netlist Resource(s)
  -------------------------------------------------------------------    -------------------
    URAM288_X0Y56        URAM288                      0.000     0.000 r  pccx_v002_system_i/u_npu/inst/u_wrap/u_pccx_npu_top/u_mem_dispatcher/u_l2_cache/u_l2_uram/u_l2_uram/xpm_memory_base_inst/gen_wr_a.gen_word_narrow.mem_reg_uram_28/CAS_OUT_ADDR_B[20]
                         net (fo=1, routed)           0.002     0.002    pccx_v002_system_i/u_npu/inst/u_wrap/u_pccx_npu_top/u_mem_dispatcher/u_l2_cache/u_l2_uram/u_l2_uram/xpm_memory_base_inst/gen_wr_a.gen_word_narrow.mem_reg_uram_29_Cas_AddrB_1[20]
    URAM288_X0Y57        URAM288                                      r  pccx_v002_system_i/u_npu/inst/u_wrap/u_pccx_npu_top/u_mem_dispatcher/u_l2_cache/u_l2_uram/u_l2_uram/xpm_memory_base_inst/gen_wr_a.gen_word_narrow.mem_reg_uram_29/CAS_IN_ADDR_B[20]
  -------------------------------------------------------------------    -------------------

                         (clock clk_pl_0 rise edge)
                                                      0.000     0.000 r  
    PS8_X0Y0             PS8                          0.000     0.000 r  pccx_v002_system_i/zynq_ps/inst/PS8_i/PLCLK[0]
                         net (fo=1, routed)           0.181     0.181    pccx_v002_system_i/zynq_ps/inst/pl_clk_unbuffered[0]
    BUFG_PS_X0Y90        BUFG_PS (Prop_BUFG_PS_I_O)
                                                      0.035     0.216 r  pccx_v002_system_i/zynq_ps/inst/buffer_pl_clk_0.PL_CLK_0_BUFG/O
    X1Y1 (CLOCK_ROOT)    net (fo=82277, routed)       2.904     3.120    pccx_v002_system_i/u_npu/inst/u_wrap/u_pccx_npu_top/u_mem_dispatcher/u_l2_cache/u_l2_uram/u_l2_uram/xpm_memory_base_inst/clka
    URAM288_X0Y57        URAM288                                      r  pccx_v002_system_i/u_npu/inst/u_wrap/u_pccx_npu_top/u_mem_dispatcher/u_l2_cache/u_l2_uram/u_l2_uram/xpm_memory_base_inst/gen_wr_a.gen_word_narrow.mem_reg_uram_29/CLK

Slack:                    inf
  Source:                 pccx_v002_system_i/u_npu/inst/u_wrap/u_pccx_npu_top/u_mem_dispatcher/u_l2_cache/u_l2_uram/u_l2_uram/xpm_memory_base_inst/gen_wr_a.gen_word_narrow.mem_reg_uram_28/CAS_OUT_ADDR_B[22]
                            (internal pin)
  Destination:            pccx_v002_system_i/u_npu/inst/u_wrap/u_pccx_npu_top/u_mem_dispatcher/u_l2_cache/u_l2_uram/u_l2_uram/xpm_memory_base_inst/gen_wr_a.gen_word_narrow.mem_reg_uram_29/CAS_IN_ADDR_B[22]
                            (rising edge-triggered cell URAM288 clocked by clk_pl_0  {rise@0.000ns fall@5.000ns period=10.000ns})
  Path Group:             (none)
  Path Type:              Setup (Max at Slow Process Corner)
  Data Path Delay:        0.002ns  (logic 0.000ns (0.000%)  route 0.002ns (100.000%))
  Logic Levels:           0  
  Clock Uncertainty:      0.158ns  ((TSJ^2 + DJ^2)^1/2) / 2 + PE
    Total System Jitter     (TSJ):    0.050ns
    Discrete Jitter          (DJ):    0.312ns
    Phase Error              (PE):    0.000ns
  Clock Net Delay (Destination): 2.904ns (routing 1.538ns, distribution 1.366ns)

    Location             Delay type                Incr(ns)  Path(ns)    Netlist Resource(s)
  -------------------------------------------------------------------    -------------------
    URAM288_X0Y56        URAM288                      0.000     0.000 r  pccx_v002_system_i/u_npu/inst/u_wrap/u_pccx_npu_top/u_mem_dispatcher/u_l2_cache/u_l2_uram/u_l2_uram/xpm_memory_base_inst/gen_wr_a.gen_word_narrow.mem_reg_uram_28/CAS_OUT_ADDR_B[22]
                         net (fo=1, routed)           0.002     0.002    pccx_v002_system_i/u_npu/inst/u_wrap/u_pccx_npu_top/u_mem_dispatcher/u_l2_cache/u_l2_uram/u_l2_uram/xpm_memory_base_inst/gen_wr_a.gen_word_narrow.mem_reg_uram_29_Cas_AddrB_1[22]
    URAM288_X0Y57        URAM288                                      r  pccx_v002_system_i/u_npu/inst/u_wrap/u_pccx_npu_top/u_mem_dispatcher/u_l2_cache/u_l2_uram/u_l2_uram/xpm_memory_base_inst/gen_wr_a.gen_word_narrow.mem_reg_uram_29/CAS_IN_ADDR_B[22]
  -------------------------------------------------------------------    -------------------

                         (clock clk_pl_0 rise edge)
                                                      0.000     0.000 r  
    PS8_X0Y0             PS8                          0.000     0.000 r  pccx_v002_system_i/zynq_ps/inst/PS8_i/PLCLK[0]
                         net (fo=1, routed)           0.181     0.181    pccx_v002_system_i/zynq_ps/inst/pl_clk_unbuffered[0]
    BUFG_PS_X0Y90        BUFG_PS (Prop_BUFG_PS_I_O)
                                                      0.035     0.216 r  pccx_v002_system_i/zynq_ps/inst/buffer_pl_clk_0.PL_CLK_0_BUFG/O
    X1Y1 (CLOCK_ROOT)    net (fo=82277, routed)       2.904     3.120    pccx_v002_system_i/u_npu/inst/u_wrap/u_pccx_npu_top/u_mem_dispatcher/u_l2_cache/u_l2_uram/u_l2_uram/xpm_memory_base_inst/clka
    URAM288_X0Y57        URAM288                                      r  pccx_v002_system_i/u_npu/inst/u_wrap/u_pccx_npu_top/u_mem_dispatcher/u_l2_cache/u_l2_uram/u_l2_uram/xpm_memory_base_inst/gen_wr_a.gen_word_narrow.mem_reg_uram_29/CLK





Min Delay Paths
--------------------------------------------------------------------------------------
Slack:                    inf
  Source:                 pccx_v002_system_i/u_npu/inst/u_wrap/u_pccx_npu_top/u_mem_dispatcher/u_l2_cache/u_l2_uram/u_l2_uram/xpm_memory_base_inst/gen_wr_a.gen_word_narrow.mem_reg_uram_0/CAS_OUT_ADDR_B[19]
                            (internal pin)
  Destination:            pccx_v002_system_i/u_npu/inst/u_wrap/u_pccx_npu_top/u_mem_dispatcher/u_l2_cache/u_l2_uram/u_l2_uram/xpm_memory_base_inst/gen_wr_a.gen_word_narrow.mem_reg_uram_1/CAS_IN_ADDR_B[19]
                            (rising edge-triggered cell URAM288 clocked by clk_pl_0  {rise@0.000ns fall@5.000ns period=10.000ns})
  Path Group:             (none)
  Path Type:              Hold (Min at Slow Process Corner)
  Data Path Delay:        0.000ns  (logic 0.000ns (0.000%)  route 0.000ns (0.000%))
  Logic Levels:           0  
  Clock Uncertainty:      0.158ns  ((TSJ^2 + DJ^2)^1/2) / 2 + PE
    Total System Jitter     (TSJ):    0.050ns
    Discrete Jitter          (DJ):    0.312ns
    Phase Error              (PE):    0.000ns
  Clock Net Delay (Destination): 3.181ns (routing 1.681ns, distribution 1.500ns)

    Location             Delay type                Incr(ns)  Path(ns)    Netlist Resource(s)
  -------------------------------------------------------------------    -------------------
    URAM288_X0Y20        URAM288                      0.000     0.000 r  pccx_v002_system_i/u_npu/inst/u_wrap/u_pccx_npu_top/u_mem_dispatcher/u_l2_cache/u_l2_uram/u_l2_uram/xpm_memory_base_inst/gen_wr_a.gen_word_narrow.mem_reg_uram_0/CAS_OUT_ADDR_B[19]
                         net (fo=1, routed)           0.000     0.000    pccx_v002_system_i/u_npu/inst/u_wrap/u_pccx_npu_top/u_mem_dispatcher/u_l2_cache/u_l2_uram/u_l2_uram/xpm_memory_base_inst/gen_wr_a.gen_word_narrow.mem_reg_uram_1_Cas_AddrB_1[19]
    URAM288_X0Y21        URAM288                                      r  pccx_v002_system_i/u_npu/inst/u_wrap/u_pccx_npu_top/u_mem_dispatcher/u_l2_cache/u_l2_uram/u_l2_uram/xpm_memory_base_inst/gen_wr_a.gen_word_narrow.mem_reg_uram_1/CAS_IN_ADDR_B[19]
  -------------------------------------------------------------------    -------------------

                         (clock clk_pl_0 rise edge)
                                                      0.000     0.000 r  
    PS8_X0Y0             PS8                          0.000     0.000 r  pccx_v002_system_i/zynq_ps/inst/PS8_i/PLCLK[0]
                         net (fo=1, routed)           0.229     0.229    pccx_v002_system_i/zynq_ps/inst/pl_clk_unbuffered[0]
    BUFG_PS_X0Y90        BUFG_PS (Prop_BUFG_PS_I_O)
                                                      0.038     0.267 r  pccx_v002_system_i/zynq_ps/inst/buffer_pl_clk_0.PL_CLK_0_BUFG/O
    X1Y1 (CLOCK_ROOT)    net (fo=82277, routed)       3.181     3.448    pccx_v002_system_i/u_npu/inst/u_wrap/u_pccx_npu_top/u_mem_dispatcher/u_l2_cache/u_l2_uram/u_l2_uram/xpm_memory_base_inst/clka
    URAM288_X0Y21        URAM288                                      r  pccx_v002_system_i/u_npu/inst/u_wrap/u_pccx_npu_top/u_mem_dispatcher/u_l2_cache/u_l2_uram/u_l2_uram/xpm_memory_base_inst/gen_wr_a.gen_word_narrow.mem_reg_uram_1/CLK

Slack:                    inf
  Source:                 pccx_v002_system_i/u_npu/inst/u_wrap/u_pccx_npu_top/u_mem_dispatcher/u_l2_cache/u_l2_uram/u_l2_uram/xpm_memory_base_inst/gen_wr_a.gen_word_narrow.mem_reg_uram_16/CAS_OUT_DBITERR_A
                            (internal pin)
  Destination:            pccx_v002_system_i/u_npu/inst/u_wrap/u_pccx_npu_top/u_mem_dispatcher/u_l2_cache/u_l2_uram/u_l2_uram/xpm_memory_base_inst/gen_wr_a.gen_word_narrow.mem_reg_uram_17/CAS_IN_DBITERR_A
                            (rising edge-triggered cell URAM288 clocked by clk_pl_0  {rise@0.000ns fall@5.000ns period=10.000ns})
  Path Group:             (none)
  Path Type:              Hold (Min at Slow Process Corner)
  Data Path Delay:        0.000ns  (logic 0.000ns (0.000%)  route 0.000ns (0.000%))
  Logic Levels:           0  
  Clock Uncertainty:      0.158ns  ((TSJ^2 + DJ^2)^1/2) / 2 + PE
    Total System Jitter     (TSJ):    0.050ns
    Discrete Jitter          (DJ):    0.312ns
    Phase Error              (PE):    0.000ns
  Clock Net Delay (Destination): 3.190ns (routing 1.681ns, distribution 1.509ns)

    Location             Delay type                Incr(ns)  Path(ns)    Netlist Resource(s)
  -------------------------------------------------------------------    -------------------
    URAM288_X0Y12        URAM288                      0.000     0.000 r  pccx_v002_system_i/u_npu/inst/u_wrap/u_pccx_npu_top/u_mem_dispatcher/u_l2_cache/u_l2_uram/u_l2_uram/xpm_memory_base_inst/gen_wr_a.gen_word_narrow.mem_reg_uram_16/CAS_OUT_DBITERR_A
                         net (fo=1, routed)           0.000     0.000    pccx_v002_system_i/u_npu/inst/u_wrap/u_pccx_npu_top/u_mem_dispatcher/u_l2_cache/u_l2_uram/u_l2_uram/xpm_memory_base_inst/gen_wr_a.gen_word_narrow.mem_reg_uram_16_n_0
    URAM288_X0Y13        URAM288                                      r  pccx_v002_system_i/u_npu/inst/u_wrap/u_pccx_npu_top/u_mem_dispatcher/u_l2_cache/u_l2_uram/u_l2_uram/xpm_memory_base_inst/gen_wr_a.gen_word_narrow.mem_reg_uram_17/CAS_IN_DBITERR_A
  -------------------------------------------------------------------    -------------------

                         (clock clk_pl_0 rise edge)
                                                      0.000     0.000 r  
    PS8_X0Y0             PS8                          0.000     0.000 r  pccx_v002_system_i/zynq_ps/inst/PS8_i/PLCLK[0]
                         net (fo=1, routed)           0.229     0.229    pccx_v002_system_i/zynq_ps/inst/pl_clk_unbuffered[0]
    BUFG_PS_X0Y90        BUFG_PS (Prop_BUFG_PS_I_O)
                                                      0.038     0.267 r  pccx_v002_system_i/zynq_ps/inst/buffer_pl_clk_0.PL_CLK_0_BUFG/O
    X1Y1 (CLOCK_ROOT)    net (fo=82277, routed)       3.190     3.457    pccx_v002_system_i/u_npu/inst/u_wrap/u_pccx_npu_top/u_mem_dispatcher/u_l2_cache/u_l2_uram/u_l2_uram/xpm_memory_base_inst/clka
    URAM288_X0Y13        URAM288                                      r  pccx_v002_system_i/u_npu/inst/u_wrap/u_pccx_npu_top/u_mem_dispatcher/u_l2_cache/u_l2_uram/u_l2_uram/xpm_memory_base_inst/gen_wr_a.gen_word_narrow.mem_reg_uram_17/CLK

Slack:                    inf
  Source:                 pccx_v002_system_i/u_npu/inst/u_wrap/u_pccx_npu_top/u_mem_dispatcher/u_l2_cache/u_l2_uram/u_l2_uram/xpm_memory_base_inst/gen_wr_a.gen_word_narrow.mem_reg_uram_16/CAS_OUT_SBITERR_A
                            (internal pin)
  Destination:            pccx_v002_system_i/u_npu/inst/u_wrap/u_pccx_npu_top/u_mem_dispatcher/u_l2_cache/u_l2_uram/u_l2_uram/xpm_memory_base_inst/gen_wr_a.gen_word_narrow.mem_reg_uram_17/CAS_IN_SBITERR_A
                            (rising edge-triggered cell URAM288 clocked by clk_pl_0  {rise@0.000ns fall@5.000ns period=10.000ns})
  Path Group:             (none)
  Path Type:              Hold (Min at Slow Process Corner)
  Data Path Delay:        0.000ns  (logic 0.000ns (0.000%)  route 0.000ns (0.000%))
  Logic Levels:           0  
  Clock Uncertainty:      0.158ns  ((TSJ^2 + DJ^2)^1/2) / 2 + PE
    Total System Jitter     (TSJ):    0.050ns
    Discrete Jitter          (DJ):    0.312ns
    Phase Error              (PE):    0.000ns
  Clock Net Delay (Destination): 3.190ns (routing 1.681ns, distribution 1.509ns)

    Location             Delay type                Incr(ns)  Path(ns)    Netlist Resource(s)
  -------------------------------------------------------------------    -------------------
    URAM288_X0Y12        URAM288                      0.000     0.000 r  pccx_v002_system_i/u_npu/inst/u_wrap/u_pccx_npu_top/u_mem_dispatcher/u_l2_cache/u_l2_uram/u_l2_uram/xpm_memory_base_inst/gen_wr_a.gen_word_narrow.mem_reg_uram_16/CAS_OUT_SBITERR_A
                         net (fo=1, routed)           0.000     0.000    pccx_v002_system_i/u_npu/inst/u_wrap/u_pccx_npu_top/u_mem_dispatcher/u_l2_cache/u_l2_uram/u_l2_uram/xpm_memory_base_inst/gen_wr_a.gen_word_narrow.mem_reg_uram_16_n_8
    URAM288_X0Y13        URAM288                                      r  pccx_v002_system_i/u_npu/inst/u_wrap/u_pccx_npu_top/u_mem_dispatcher/u_l2_cache/u_l2_uram/u_l2_uram/xpm_memory_base_inst/gen_wr_a.gen_word_narrow.mem_reg_uram_17/CAS_IN_SBITERR_A
  -------------------------------------------------------------------    -------------------

                         (clock clk_pl_0 rise edge)
                                                      0.000     0.000 r  
    PS8_X0Y0             PS8                          0.000     0.000 r  pccx_v002_system_i/zynq_ps/inst/PS8_i/PLCLK[0]
                         net (fo=1, routed)           0.229     0.229    pccx_v002_system_i/zynq_ps/inst/pl_clk_unbuffered[0]
    BUFG_PS_X0Y90        BUFG_PS (Prop_BUFG_PS_I_O)
                                                      0.038     0.267 r  pccx_v002_system_i/zynq_ps/inst/buffer_pl_clk_0.PL_CLK_0_BUFG/O
    X1Y1 (CLOCK_ROOT)    net (fo=82277, routed)       3.190     3.457    pccx_v002_system_i/u_npu/inst/u_wrap/u_pccx_npu_top/u_mem_dispatcher/u_l2_cache/u_l2_uram/u_l2_uram/xpm_memory_base_inst/clka
    URAM288_X0Y13        URAM288                                      r  pccx_v002_system_i/u_npu/inst/u_wrap/u_pccx_npu_top/u_mem_dispatcher/u_l2_cache/u_l2_uram/u_l2_uram/xpm_memory_base_inst/gen_wr_a.gen_word_narrow.mem_reg_uram_17/CLK

Slack:                    inf
  Source:                 pccx_v002_system_i/u_npu/inst/u_wrap/u_pccx_npu_top/u_mem_dispatcher/u_l2_cache/u_l2_uram/u_l2_uram/xpm_memory_base_inst/gen_wr_a.gen_word_narrow.mem_reg_uram_16/CAS_OUT_SBITERR_B
                            (internal pin)
  Destination:            pccx_v002_system_i/u_npu/inst/u_wrap/u_pccx_npu_top/u_mem_dispatcher/u_l2_cache/u_l2_uram/u_l2_uram/xpm_memory_base_inst/gen_wr_a.gen_word_narrow.mem_reg_uram_17/CAS_IN_SBITERR_B
                            (rising edge-triggered cell URAM288 clocked by clk_pl_0  {rise@0.000ns fall@5.000ns period=10.000ns})
  Path Group:             (none)
  Path Type:              Hold (Min at Slow Process Corner)
  Data Path Delay:        0.000ns  (logic 0.000ns (0.000%)  route 0.000ns (0.000%))
  Logic Levels:           0  
  Clock Uncertainty:      0.158ns  ((TSJ^2 + DJ^2)^1/2) / 2 + PE
    Total System Jitter     (TSJ):    0.050ns
    Discrete Jitter          (DJ):    0.312ns
    Phase Error              (PE):    0.000ns
  Clock Net Delay (Destination): 3.190ns (routing 1.681ns, distribution 1.509ns)

    Location             Delay type                Incr(ns)  Path(ns)    Netlist Resource(s)
  -------------------------------------------------------------------    -------------------
    URAM288_X0Y12        URAM288                      0.000     0.000 r  pccx_v002_system_i/u_npu/inst/u_wrap/u_pccx_npu_top/u_mem_dispatcher/u_l2_cache/u_l2_uram/u_l2_uram/xpm_memory_base_inst/gen_wr_a.gen_word_narrow.mem_reg_uram_16/CAS_OUT_SBITERR_B
                         net (fo=1, routed)           0.000     0.000    pccx_v002_system_i/u_npu/inst/u_wrap/u_pccx_npu_top/u_mem_dispatcher/u_l2_cache/u_l2_uram/u_l2_uram/xpm_memory_base_inst/gen_wr_a.gen_word_narrow.mem_reg_uram_16_n_9
    URAM288_X0Y13        URAM288                                      r  pccx_v002_system_i/u_npu/inst/u_wrap/u_pccx_npu_top/u_mem_dispatcher/u_l2_cache/u_l2_uram/u_l2_uram/xpm_memory_base_inst/gen_wr_a.gen_word_narrow.mem_reg_uram_17/CAS_IN_SBITERR_B
  -------------------------------------------------------------------    -------------------

                         (clock clk_pl_0 rise edge)
                                                      0.000     0.000 r  
    PS8_X0Y0             PS8                          0.000     0.000 r  pccx_v002_system_i/zynq_ps/inst/PS8_i/PLCLK[0]
                         net (fo=1, routed)           0.229     0.229    pccx_v002_system_i/zynq_ps/inst/pl_clk_unbuffered[0]
    BUFG_PS_X0Y90        BUFG_PS (Prop_BUFG_PS_I_O)
                                                      0.038     0.267 r  pccx_v002_system_i/zynq_ps/inst/buffer_pl_clk_0.PL_CLK_0_BUFG/O
    X1Y1 (CLOCK_ROOT)    net (fo=82277, routed)       3.190     3.457    pccx_v002_system_i/u_npu/inst/u_wrap/u_pccx_npu_top/u_mem_dispatcher/u_l2_cache/u_l2_uram/u_l2_uram/xpm_memory_base_inst/clka
    URAM288_X0Y13        URAM288                                      r  pccx_v002_system_i/u_npu/inst/u_wrap/u_pccx_npu_top/u_mem_dispatcher/u_l2_cache/u_l2_uram/u_l2_uram/xpm_memory_base_inst/gen_wr_a.gen_word_narrow.mem_reg_uram_17/CLK

Slack:                    inf
  Source:                 pccx_v002_system_i/u_npu/inst/u_wrap/u_pccx_npu_top/u_mem_dispatcher/u_l2_cache/u_l2_uram/u_l2_uram/xpm_memory_base_inst/gen_wr_a.gen_word_narrow.mem_reg_uram_24/CAS_OUT_DBITERR_A
                            (internal pin)
  Destination:            pccx_v002_system_i/u_npu/inst/u_wrap/u_pccx_npu_top/u_mem_dispatcher/u_l2_cache/u_l2_uram/u_l2_uram/xpm_memory_base_inst/gen_wr_a.gen_word_narrow.mem_reg_uram_25/CAS_IN_DBITERR_A
                            (rising edge-triggered cell URAM288 clocked by clk_pl_0  {rise@0.000ns fall@5.000ns period=10.000ns})
  Path Group:             (none)
  Path Type:              Hold (Min at Slow Process Corner)
  Data Path Delay:        0.000ns  (logic 0.000ns (0.000%)  route 0.000ns (0.000%))
  Logic Levels:           0  
  Clock Uncertainty:      0.158ns  ((TSJ^2 + DJ^2)^1/2) / 2 + PE
    Total System Jitter     (TSJ):    0.050ns
    Discrete Jitter          (DJ):    0.312ns
    Phase Error              (PE):    0.000ns
  Clock Net Delay (Destination): 3.175ns (routing 1.681ns, distribution 1.494ns)

    Location             Delay type                Incr(ns)  Path(ns)    Netlist Resource(s)
  -------------------------------------------------------------------    -------------------
    URAM288_X0Y6         URAM288                      0.000     0.000 r  pccx_v002_system_i/u_npu/inst/u_wrap/u_pccx_npu_top/u_mem_dispatcher/u_l2_cache/u_l2_uram/u_l2_uram/xpm_memory_base_inst/gen_wr_a.gen_word_narrow.mem_reg_uram_24/CAS_OUT_DBITERR_A
                         net (fo=1, routed)           0.000     0.000    pccx_v002_system_i/u_npu/inst/u_wrap/u_pccx_npu_top/u_mem_dispatcher/u_l2_cache/u_l2_uram/u_l2_uram/xpm_memory_base_inst/gen_wr_a.gen_word_narrow.mem_reg_uram_24_n_0
    URAM288_X0Y7         URAM288                                      r  pccx_v002_system_i/u_npu/inst/u_wrap/u_pccx_npu_top/u_mem_dispatcher/u_l2_cache/u_l2_uram/u_l2_uram/xpm_memory_base_inst/gen_wr_a.gen_word_narrow.mem_reg_uram_25/CAS_IN_DBITERR_A
  -------------------------------------------------------------------    -------------------

                         (clock clk_pl_0 rise edge)
                                                      0.000     0.000 r  
    PS8_X0Y0             PS8                          0.000     0.000 r  pccx_v002_system_i/zynq_ps/inst/PS8_i/PLCLK[0]
                         net (fo=1, routed)           0.229     0.229    pccx_v002_system_i/zynq_ps/inst/pl_clk_unbuffered[0]
    BUFG_PS_X0Y90        BUFG_PS (Prop_BUFG_PS_I_O)
                                                      0.038     0.267 r  pccx_v002_system_i/zynq_ps/inst/buffer_pl_clk_0.PL_CLK_0_BUFG/O
    X1Y1 (CLOCK_ROOT)    net (fo=82277, routed)       3.175     3.442    pccx_v002_system_i/u_npu/inst/u_wrap/u_pccx_npu_top/u_mem_dispatcher/u_l2_cache/u_l2_uram/u_l2_uram/xpm_memory_base_inst/clka
    URAM288_X0Y7         URAM288                                      r  pccx_v002_system_i/u_npu/inst/u_wrap/u_pccx_npu_top/u_mem_dispatcher/u_l2_cache/u_l2_uram/u_l2_uram/xpm_memory_base_inst/gen_wr_a.gen_word_narrow.mem_reg_uram_25/CLK

Slack:                    inf
  Source:                 pccx_v002_system_i/u_npu/inst/u_wrap/u_pccx_npu_top/u_mem_dispatcher/u_l2_cache/u_l2_uram/u_l2_uram/xpm_memory_base_inst/gen_wr_a.gen_word_narrow.mem_reg_uram_24/CAS_OUT_SBITERR_A
                            (internal pin)
  Destination:            pccx_v002_system_i/u_npu/inst/u_wrap/u_pccx_npu_top/u_mem_dispatcher/u_l2_cache/u_l2_uram/u_l2_uram/xpm_memory_base_inst/gen_wr_a.gen_word_narrow.mem_reg_uram_25/CAS_IN_SBITERR_A
                            (rising edge-triggered cell URAM288 clocked by clk_pl_0  {rise@0.000ns fall@5.000ns period=10.000ns})
  Path Group:             (none)
  Path Type:              Hold (Min at Slow Process Corner)
  Data Path Delay:        0.000ns  (logic 0.000ns (0.000%)  route 0.000ns (0.000%))
  Logic Levels:           0  
  Clock Uncertainty:      0.158ns  ((TSJ^2 + DJ^2)^1/2) / 2 + PE
    Total System Jitter     (TSJ):    0.050ns
    Discrete Jitter          (DJ):    0.312ns
    Phase Error              (PE):    0.000ns
  Clock Net Delay (Destination): 3.175ns (routing 1.681ns, distribution 1.494ns)

    Location             Delay type                Incr(ns)  Path(ns)    Netlist Resource(s)
  -------------------------------------------------------------------    -------------------
    URAM288_X0Y6         URAM288                      0.000     0.000 r  pccx_v002_system_i/u_npu/inst/u_wrap/u_pccx_npu_top/u_mem_dispatcher/u_l2_cache/u_l2_uram/u_l2_uram/xpm_memory_base_inst/gen_wr_a.gen_word_narrow.mem_reg_uram_24/CAS_OUT_SBITERR_A
                         net (fo=1, routed)           0.000     0.000    pccx_v002_system_i/u_npu/inst/u_wrap/u_pccx_npu_top/u_mem_dispatcher/u_l2_cache/u_l2_uram/u_l2_uram/xpm_memory_base_inst/gen_wr_a.gen_word_narrow.mem_reg_uram_24_n_8
    URAM288_X0Y7         URAM288                                      r  pccx_v002_system_i/u_npu/inst/u_wrap/u_pccx_npu_top/u_mem_dispatcher/u_l2_cache/u_l2_uram/u_l2_uram/xpm_memory_base_inst/gen_wr_a.gen_word_narrow.mem_reg_uram_25/CAS_IN_SBITERR_A
  -------------------------------------------------------------------    -------------------

                         (clock clk_pl_0 rise edge)
                                                      0.000     0.000 r  
    PS8_X0Y0             PS8                          0.000     0.000 r  pccx_v002_system_i/zynq_ps/inst/PS8_i/PLCLK[0]
                         net (fo=1, routed)           0.229     0.229    pccx_v002_system_i/zynq_ps/inst/pl_clk_unbuffered[0]
    BUFG_PS_X0Y90        BUFG_PS (Prop_BUFG_PS_I_O)
                                                      0.038     0.267 r  pccx_v002_system_i/zynq_ps/inst/buffer_pl_clk_0.PL_CLK_0_BUFG/O
    X1Y1 (CLOCK_ROOT)    net (fo=82277, routed)       3.175     3.442    pccx_v002_system_i/u_npu/inst/u_wrap/u_pccx_npu_top/u_mem_dispatcher/u_l2_cache/u_l2_uram/u_l2_uram/xpm_memory_base_inst/clka
    URAM288_X0Y7         URAM288                                      r  pccx_v002_system_i/u_npu/inst/u_wrap/u_pccx_npu_top/u_mem_dispatcher/u_l2_cache/u_l2_uram/u_l2_uram/xpm_memory_base_inst/gen_wr_a.gen_word_narrow.mem_reg_uram_25/CLK

Slack:                    inf
  Source:                 pccx_v002_system_i/u_npu/inst/u_wrap/u_pccx_npu_top/u_mem_dispatcher/u_l2_cache/u_l2_uram/u_l2_uram/xpm_memory_base_inst/gen_wr_a.gen_word_narrow.mem_reg_uram_24/CAS_OUT_SBITERR_B
                            (internal pin)
  Destination:            pccx_v002_system_i/u_npu/inst/u_wrap/u_pccx_npu_top/u_mem_dispatcher/u_l2_cache/u_l2_uram/u_l2_uram/xpm_memory_base_inst/gen_wr_a.gen_word_narrow.mem_reg_uram_25/CAS_IN_SBITERR_B
                            (rising edge-triggered cell URAM288 clocked by clk_pl_0  {rise@0.000ns fall@5.000ns period=10.000ns})
  Path Group:             (none)
  Path Type:              Hold (Min at Slow Process Corner)
  Data Path Delay:        0.000ns  (logic 0.000ns (0.000%)  route 0.000ns (0.000%))
  Logic Levels:           0  
  Clock Uncertainty:      0.158ns  ((TSJ^2 + DJ^2)^1/2) / 2 + PE
    Total System Jitter     (TSJ):    0.050ns
    Discrete Jitter          (DJ):    0.312ns
    Phase Error              (PE):    0.000ns
  Clock Net Delay (Destination): 3.175ns (routing 1.681ns, distribution 1.494ns)

    Location             Delay type                Incr(ns)  Path(ns)    Netlist Resource(s)
  -------------------------------------------------------------------    -------------------
    URAM288_X0Y6         URAM288                      0.000     0.000 r  pccx_v002_system_i/u_npu/inst/u_wrap/u_pccx_npu_top/u_mem_dispatcher/u_l2_cache/u_l2_uram/u_l2_uram/xpm_memory_base_inst/gen_wr_a.gen_word_narrow.mem_reg_uram_24/CAS_OUT_SBITERR_B
                         net (fo=1, routed)           0.000     0.000    pccx_v002_system_i/u_npu/inst/u_wrap/u_pccx_npu_top/u_mem_dispatcher/u_l2_cache/u_l2_uram/u_l2_uram/xpm_memory_base_inst/gen_wr_a.gen_word_narrow.mem_reg_uram_24_n_9
    URAM288_X0Y7         URAM288                                      r  pccx_v002_system_i/u_npu/inst/u_wrap/u_pccx_npu_top/u_mem_dispatcher/u_l2_cache/u_l2_uram/u_l2_uram/xpm_memory_base_inst/gen_wr_a.gen_word_narrow.mem_reg_uram_25/CAS_IN_SBITERR_B
  -------------------------------------------------------------------    -------------------

                         (clock clk_pl_0 rise edge)
                                                      0.000     0.000 r  
    PS8_X0Y0             PS8                          0.000     0.000 r  pccx_v002_system_i/zynq_ps/inst/PS8_i/PLCLK[0]
                         net (fo=1, routed)           0.229     0.229    pccx_v002_system_i/zynq_ps/inst/pl_clk_unbuffered[0]
    BUFG_PS_X0Y90        BUFG_PS (Prop_BUFG_PS_I_O)
                                                      0.038     0.267 r  pccx_v002_system_i/zynq_ps/inst/buffer_pl_clk_0.PL_CLK_0_BUFG/O
    X1Y1 (CLOCK_ROOT)    net (fo=82277, routed)       3.175     3.442    pccx_v002_system_i/u_npu/inst/u_wrap/u_pccx_npu_top/u_mem_dispatcher/u_l2_cache/u_l2_uram/u_l2_uram/xpm_memory_base_inst/clka
    URAM288_X0Y7         URAM288                                      r  pccx_v002_system_i/u_npu/inst/u_wrap/u_pccx_npu_top/u_mem_dispatcher/u_l2_cache/u_l2_uram/u_l2_uram/xpm_memory_base_inst/gen_wr_a.gen_word_narrow.mem_reg_uram_25/CLK

Slack:                    inf
  Source:                 pccx_v002_system_i/u_npu/inst/u_wrap/u_pccx_npu_top/u_mem_dispatcher/u_l2_cache/u_l2_uram/u_l2_uram/xpm_memory_base_inst/gen_wr_a.gen_word_narrow.mem_reg_uram_28/CAS_OUT_ADDR_B[19]
                            (internal pin)
  Destination:            pccx_v002_system_i/u_npu/inst/u_wrap/u_pccx_npu_top/u_mem_dispatcher/u_l2_cache/u_l2_uram/u_l2_uram/xpm_memory_base_inst/gen_wr_a.gen_word_narrow.mem_reg_uram_29/CAS_IN_ADDR_B[19]
                            (rising edge-triggered cell URAM288 clocked by clk_pl_0  {rise@0.000ns fall@5.000ns period=10.000ns})
  Path Group:             (none)
  Path Type:              Hold (Min at Slow Process Corner)
  Data Path Delay:        0.000ns  (logic 0.000ns (0.000%)  route 0.000ns (0.000%))
  Logic Levels:           0  
  Clock Uncertainty:      0.158ns  ((TSJ^2 + DJ^2)^1/2) / 2 + PE
    Total System Jitter     (TSJ):    0.050ns
    Discrete Jitter          (DJ):    0.312ns
    Phase Error              (PE):    0.000ns
  Clock Net Delay (Destination): 3.226ns (routing 1.681ns, distribution 1.545ns)

    Location             Delay type                Incr(ns)  Path(ns)    Netlist Resource(s)
  -------------------------------------------------------------------    -------------------
    URAM288_X0Y56        URAM288                      0.000     0.000 r  pccx_v002_system_i/u_npu/inst/u_wrap/u_pccx_npu_top/u_mem_dispatcher/u_l2_cache/u_l2_uram/u_l2_uram/xpm_memory_base_inst/gen_wr_a.gen_word_narrow.mem_reg_uram_28/CAS_OUT_ADDR_B[19]
                         net (fo=1, routed)           0.000     0.000    pccx_v002_system_i/u_npu/inst/u_wrap/u_pccx_npu_top/u_mem_dispatcher/u_l2_cache/u_l2_uram/u_l2_uram/xpm_memory_base_inst/gen_wr_a.gen_word_narrow.mem_reg_uram_29_Cas_AddrB_1[19]
    URAM288_X0Y57        URAM288                                      r  pccx_v002_system_i/u_npu/inst/u_wrap/u_pccx_npu_top/u_mem_dispatcher/u_l2_cache/u_l2_uram/u_l2_uram/xpm_memory_base_inst/gen_wr_a.gen_word_narrow.mem_reg_uram_29/CAS_IN_ADDR_B[19]
  -------------------------------------------------------------------    -------------------

                         (clock clk_pl_0 rise edge)
                                                      0.000     0.000 r  
    PS8_X0Y0             PS8                          0.000     0.000 r  pccx_v002_system_i/zynq_ps/inst/PS8_i/PLCLK[0]
                         net (fo=1, routed)           0.229     0.229    pccx_v002_system_i/zynq_ps/inst/pl_clk_unbuffered[0]
    BUFG_PS_X0Y90        BUFG_PS (Prop_BUFG_PS_I_O)
                                                      0.038     0.267 r  pccx_v002_system_i/zynq_ps/inst/buffer_pl_clk_0.PL_CLK_0_BUFG/O
    X1Y1 (CLOCK_ROOT)    net (fo=82277, routed)       3.226     3.493    pccx_v002_system_i/u_npu/inst/u_wrap/u_pccx_npu_top/u_mem_dispatcher/u_l2_cache/u_l2_uram/u_l2_uram/xpm_memory_base_inst/clka
    URAM288_X0Y57        URAM288                                      r  pccx_v002_system_i/u_npu/inst/u_wrap/u_pccx_npu_top/u_mem_dispatcher/u_l2_cache/u_l2_uram/u_l2_uram/xpm_memory_base_inst/gen_wr_a.gen_word_narrow.mem_reg_uram_29/CLK

Slack:                    inf
  Source:                 pccx_v002_system_i/u_npu/inst/u_wrap/u_pccx_npu_top/u_mem_dispatcher/u_l2_cache/u_l2_uram/u_l2_uram/xpm_memory_base_inst/gen_wr_a.gen_word_narrow.mem_reg_uram_28/CAS_OUT_DIN_A[64]
                            (internal pin)
  Destination:            pccx_v002_system_i/u_npu/inst/u_wrap/u_pccx_npu_top/u_mem_dispatcher/u_l2_cache/u_l2_uram/u_l2_uram/xpm_memory_base_inst/gen_wr_a.gen_word_narrow.mem_reg_uram_29/CAS_IN_DIN_A[64]
                            (rising edge-triggered cell URAM288 clocked by clk_pl_0  {rise@0.000ns fall@5.000ns period=10.000ns})
  Path Group:             (none)
  Path Type:              Hold (Min at Slow Process Corner)
  Data Path Delay:        0.000ns  (logic 0.000ns (0.000%)  route 0.000ns (0.000%))
  Logic Levels:           0  
  Clock Uncertainty:      0.158ns  ((TSJ^2 + DJ^2)^1/2) / 2 + PE
    Total System Jitter     (TSJ):    0.050ns
    Discrete Jitter          (DJ):    0.312ns
    Phase Error              (PE):    0.000ns
  Clock Net Delay (Destination): 3.226ns (routing 1.681ns, distribution 1.545ns)

    Location             Delay type                Incr(ns)  Path(ns)    Netlist Resource(s)
  -------------------------------------------------------------------    -------------------
    URAM288_X0Y56        URAM288                      0.000     0.000 r  pccx_v002_system_i/u_npu/inst/u_wrap/u_pccx_npu_top/u_mem_dispatcher/u_l2_cache/u_l2_uram/u_l2_uram/xpm_memory_base_inst/gen_wr_a.gen_word_narrow.mem_reg_uram_28/CAS_OUT_DIN_A[64]
                         net (fo=1, routed)           0.000     0.000    pccx_v002_system_i/u_npu/inst/u_wrap/u_pccx_npu_top/u_mem_dispatcher/u_l2_cache/u_l2_uram/u_l2_uram/xpm_memory_base_inst/gen_wr_a.gen_word_narrow.mem_reg_uram_29_Cas_DinA_1[64]
    URAM288_X0Y57        URAM288                                      r  pccx_v002_system_i/u_npu/inst/u_wrap/u_pccx_npu_top/u_mem_dispatcher/u_l2_cache/u_l2_uram/u_l2_uram/xpm_memory_base_inst/gen_wr_a.gen_word_narrow.mem_reg_uram_29/CAS_IN_DIN_A[64]
  -------------------------------------------------------------------    -------------------

                         (clock clk_pl_0 rise edge)
                                                      0.000     0.000 r  
    PS8_X0Y0             PS8                          0.000     0.000 r  pccx_v002_system_i/zynq_ps/inst/PS8_i/PLCLK[0]
                         net (fo=1, routed)           0.229     0.229    pccx_v002_system_i/zynq_ps/inst/pl_clk_unbuffered[0]
    BUFG_PS_X0Y90        BUFG_PS (Prop_BUFG_PS_I_O)
                                                      0.038     0.267 r  pccx_v002_system_i/zynq_ps/inst/buffer_pl_clk_0.PL_CLK_0_BUFG/O
    X1Y1 (CLOCK_ROOT)    net (fo=82277, routed)       3.226     3.493    pccx_v002_system_i/u_npu/inst/u_wrap/u_pccx_npu_top/u_mem_dispatcher/u_l2_cache/u_l2_uram/u_l2_uram/xpm_memory_base_inst/clka
    URAM288_X0Y57        URAM288                                      r  pccx_v002_system_i/u_npu/inst/u_wrap/u_pccx_npu_top/u_mem_dispatcher/u_l2_cache/u_l2_uram/u_l2_uram/xpm_memory_base_inst/gen_wr_a.gen_word_narrow.mem_reg_uram_29/CLK

Slack:                    inf
  Source:                 pccx_v002_system_i/u_npu/inst/u_wrap/u_pccx_npu_top/u_mem_dispatcher/u_l2_cache/u_l2_uram/u_l2_uram/xpm_memory_base_inst/gen_wr_a.gen_word_narrow.mem_reg_uram_28/CAS_OUT_DIN_A[68]
                            (internal pin)
  Destination:            pccx_v002_system_i/u_npu/inst/u_wrap/u_pccx_npu_top/u_mem_dispatcher/u_l2_cache/u_l2_uram/u_l2_uram/xpm_memory_base_inst/gen_wr_a.gen_word_narrow.mem_reg_uram_29/CAS_IN_DIN_A[68]
                            (rising edge-triggered cell URAM288 clocked by clk_pl_0  {rise@0.000ns fall@5.000ns period=10.000ns})
  Path Group:             (none)
  Path Type:              Hold (Min at Slow Process Corner)
  Data Path Delay:        0.000ns  (logic 0.000ns (0.000%)  route 0.000ns (0.000%))
  Logic Levels:           0  
  Clock Uncertainty:      0.158ns  ((TSJ^2 + DJ^2)^1/2) / 2 + PE
    Total System Jitter     (TSJ):    0.050ns
    Discrete Jitter          (DJ):    0.312ns
    Phase Error              (PE):    0.000ns
  Clock Net Delay (Destination): 3.226ns (routing 1.681ns, distribution 1.545ns)

    Location             Delay type                Incr(ns)  Path(ns)    Netlist Resource(s)
  -------------------------------------------------------------------    -------------------
    URAM288_X0Y56        URAM288                      0.000     0.000 r  pccx_v002_system_i/u_npu/inst/u_wrap/u_pccx_npu_top/u_mem_dispatcher/u_l2_cache/u_l2_uram/u_l2_uram/xpm_memory_base_inst/gen_wr_a.gen_word_narrow.mem_reg_uram_28/CAS_OUT_DIN_A[68]
                         net (fo=1, routed)           0.000     0.000    pccx_v002_system_i/u_npu/inst/u_wrap/u_pccx_npu_top/u_mem_dispatcher/u_l2_cache/u_l2_uram/u_l2_uram/xpm_memory_base_inst/gen_wr_a.gen_word_narrow.mem_reg_uram_29_Cas_DinA_1[68]
    URAM288_X0Y57        URAM288                                      r  pccx_v002_system_i/u_npu/inst/u_wrap/u_pccx_npu_top/u_mem_dispatcher/u_l2_cache/u_l2_uram/u_l2_uram/xpm_memory_base_inst/gen_wr_a.gen_word_narrow.mem_reg_uram_29/CAS_IN_DIN_A[68]
  -------------------------------------------------------------------    -------------------

                         (clock clk_pl_0 rise edge)
                                                      0.000     0.000 r  
    PS8_X0Y0             PS8                          0.000     0.000 r  pccx_v002_system_i/zynq_ps/inst/PS8_i/PLCLK[0]
                         net (fo=1, routed)           0.229     0.229    pccx_v002_system_i/zynq_ps/inst/pl_clk_unbuffered[0]
    BUFG_PS_X0Y90        BUFG_PS (Prop_BUFG_PS_I_O)
                                                      0.038     0.267 r  pccx_v002_system_i/zynq_ps/inst/buffer_pl_clk_0.PL_CLK_0_BUFG/O
    X1Y1 (CLOCK_ROOT)    net (fo=82277, routed)       3.226     3.493    pccx_v002_system_i/u_npu/inst/u_wrap/u_pccx_npu_top/u_mem_dispatcher/u_l2_cache/u_l2_uram/u_l2_uram/xpm_memory_base_inst/clka
    URAM288_X0Y57        URAM288                                      r  pccx_v002_system_i/u_npu/inst/u_wrap/u_pccx_npu_top/u_mem_dispatcher/u_l2_cache/u_l2_uram/u_l2_uram/xpm_memory_base_inst/gen_wr_a.gen_word_narrow.mem_reg_uram_29/CLK

Slack:                    inf
  Source:                 pccx_v002_system_i/u_npu/inst/u_wrap/u_pccx_npu_top/u_mem_dispatcher/u_l2_cache/u_l2_uram/u_l2_uram/xpm_memory_base_inst/gen_wr_a.gen_word_narrow.mem_reg_uram_2/CAS_OUT_ADDR_B[19]
                            (internal pin)
  Destination:            pccx_v002_system_i/u_npu/inst/u_wrap/u_pccx_npu_top/u_mem_dispatcher/u_l2_cache/u_l2_uram/u_l2_uram/xpm_memory_base_inst/gen_wr_a.gen_word_narrow.mem_reg_uram_3/CAS_IN_ADDR_B[19]
                            (rising edge-triggered cell URAM288 clocked by clk_pl_0  {rise@0.000ns fall@5.000ns period=10.000ns})
  Path Group:             (none)
  Path Type:              Hold (Min at Slow Process Corner)
  Data Path Delay:        0.000ns  (logic 0.000ns (0.000%)  route 0.000ns (0.000%))
  Logic Levels:           0  
  Clock Uncertainty:      0.158ns  ((TSJ^2 + DJ^2)^1/2) / 2 + PE
    Total System Jitter     (TSJ):    0.050ns
    Discrete Jitter          (DJ):    0.312ns
    Phase Error              (PE):    0.000ns
  Clock Net Delay (Destination): 3.162ns (routing 1.681ns, distribution 1.481ns)

    Location             Delay type                Incr(ns)  Path(ns)    Netlist Resource(s)
  -------------------------------------------------------------------    -------------------
    URAM288_X0Y16        URAM288                      0.000     0.000 r  pccx_v002_system_i/u_npu/inst/u_wrap/u_pccx_npu_top/u_mem_dispatcher/u_l2_cache/u_l2_uram/u_l2_uram/xpm_memory_base_inst/gen_wr_a.gen_word_narrow.mem_reg_uram_2/CAS_OUT_ADDR_B[19]
                         net (fo=1, routed)           0.000     0.000    pccx_v002_system_i/u_npu/inst/u_wrap/u_pccx_npu_top/u_mem_dispatcher/u_l2_cache/u_l2_uram/u_l2_uram/xpm_memory_base_inst/gen_wr_a.gen_word_narrow.mem_reg_uram_3_Cas_AddrB_1[19]
    URAM288_X0Y17        URAM288                                      r  pccx_v002_system_i/u_npu/inst/u_wrap/u_pccx_npu_top/u_mem_dispatcher/u_l2_cache/u_l2_uram/u_l2_uram/xpm_memory_base_inst/gen_wr_a.gen_word_narrow.mem_reg_uram_3/CAS_IN_ADDR_B[19]
  -------------------------------------------------------------------    -------------------

                         (clock clk_pl_0 rise edge)
                                                      0.000     0.000 r  
    PS8_X0Y0             PS8                          0.000     0.000 r  pccx_v002_system_i/zynq_ps/inst/PS8_i/PLCLK[0]
                         net (fo=1, routed)           0.229     0.229    pccx_v002_system_i/zynq_ps/inst/pl_clk_unbuffered[0]
    BUFG_PS_X0Y90        BUFG_PS (Prop_BUFG_PS_I_O)
                                                      0.038     0.267 r  pccx_v002_system_i/zynq_ps/inst/buffer_pl_clk_0.PL_CLK_0_BUFG/O
    X1Y1 (CLOCK_ROOT)    net (fo=82277, routed)       3.162     3.429    pccx_v002_system_i/u_npu/inst/u_wrap/u_pccx_npu_top/u_mem_dispatcher/u_l2_cache/u_l2_uram/u_l2_uram/xpm_memory_base_inst/clka
    URAM288_X0Y17        URAM288                                      r  pccx_v002_system_i/u_npu/inst/u_wrap/u_pccx_npu_top/u_mem_dispatcher/u_l2_cache/u_l2_uram/u_l2_uram/xpm_memory_base_inst/gen_wr_a.gen_word_narrow.mem_reg_uram_3/CLK

Slack:                    inf
  Source:                 pccx_v002_system_i/u_npu/inst/u_wrap/u_pccx_npu_top/u_mem_dispatcher/u_l2_cache/u_l2_uram/u_l2_uram/xpm_memory_base_inst/gen_wr_a.gen_word_narrow.mem_reg_uram_30/CAS_OUT_ADDR_B[19]
                            (internal pin)
  Destination:            pccx_v002_system_i/u_npu/inst/u_wrap/u_pccx_npu_top/u_mem_dispatcher/u_l2_cache/u_l2_uram/u_l2_uram/xpm_memory_base_inst/gen_wr_a.gen_word_narrow.mem_reg_uram_31/CAS_IN_ADDR_B[19]
                            (rising edge-triggered cell URAM288 clocked by clk_pl_0  {rise@0.000ns fall@5.000ns period=10.000ns})
  Path Group:             (none)
  Path Type:              Hold (Min at Slow Process Corner)
  Data Path Delay:        0.000ns  (logic 0.000ns (0.000%)  route 0.000ns (0.000%))
  Logic Levels:           0  
  Clock Uncertainty:      0.158ns  ((TSJ^2 + DJ^2)^1/2) / 2 + PE
    Total System Jitter     (TSJ):    0.050ns
    Discrete Jitter          (DJ):    0.312ns
    Phase Error              (PE):    0.000ns
  Clock Net Delay (Destination): 3.205ns (routing 1.681ns, distribution 1.524ns)

    Location             Delay type                Incr(ns)  Path(ns)    Netlist Resource(s)
  -------------------------------------------------------------------    -------------------
    URAM288_X0Y58        URAM288                      0.000     0.000 r  pccx_v002_system_i/u_npu/inst/u_wrap/u_pccx_npu_top/u_mem_dispatcher/u_l2_cache/u_l2_uram/u_l2_uram/xpm_memory_base_inst/gen_wr_a.gen_word_narrow.mem_reg_uram_30/CAS_OUT_ADDR_B[19]
                         net (fo=1, routed)           0.000     0.000    pccx_v002_system_i/u_npu/inst/u_wrap/u_pccx_npu_top/u_mem_dispatcher/u_l2_cache/u_l2_uram/u_l2_uram/xpm_memory_base_inst/gen_wr_a.gen_word_narrow.mem_reg_uram_31_Cas_AddrB_1[19]
    URAM288_X0Y59        URAM288                                      r  pccx_v002_system_i/u_npu/inst/u_wrap/u_pccx_npu_top/u_mem_dispatcher/u_l2_cache/u_l2_uram/u_l2_uram/xpm_memory_base_inst/gen_wr_a.gen_word_narrow.mem_reg_uram_31/CAS_IN_ADDR_B[19]
  -------------------------------------------------------------------    -------------------

                         (clock clk_pl_0 rise edge)
                                                      0.000     0.000 r  
    PS8_X0Y0             PS8                          0.000     0.000 r  pccx_v002_system_i/zynq_ps/inst/PS8_i/PLCLK[0]
                         net (fo=1, routed)           0.229     0.229    pccx_v002_system_i/zynq_ps/inst/pl_clk_unbuffered[0]
    BUFG_PS_X0Y90        BUFG_PS (Prop_BUFG_PS_I_O)
                                                      0.038     0.267 r  pccx_v002_system_i/zynq_ps/inst/buffer_pl_clk_0.PL_CLK_0_BUFG/O
    X1Y1 (CLOCK_ROOT)    net (fo=82277, routed)       3.205     3.472    pccx_v002_system_i/u_npu/inst/u_wrap/u_pccx_npu_top/u_mem_dispatcher/u_l2_cache/u_l2_uram/u_l2_uram/xpm_memory_base_inst/clka
    URAM288_X0Y59        URAM288                                      r  pccx_v002_system_i/u_npu/inst/u_wrap/u_pccx_npu_top/u_mem_dispatcher/u_l2_cache/u_l2_uram/u_l2_uram/xpm_memory_base_inst/gen_wr_a.gen_word_narrow.mem_reg_uram_31/CLK

Slack:                    inf
  Source:                 pccx_v002_system_i/u_npu/inst/u_wrap/u_pccx_npu_top/u_mem_dispatcher/u_l2_cache/u_l2_uram/u_l2_uram/xpm_memory_base_inst/gen_wr_a.gen_word_narrow.mem_reg_uram_30/CAS_OUT_DIN_A[64]
                            (internal pin)
  Destination:            pccx_v002_system_i/u_npu/inst/u_wrap/u_pccx_npu_top/u_mem_dispatcher/u_l2_cache/u_l2_uram/u_l2_uram/xpm_memory_base_inst/gen_wr_a.gen_word_narrow.mem_reg_uram_31/CAS_IN_DIN_A[64]
                            (rising edge-triggered cell URAM288 clocked by clk_pl_0  {rise@0.000ns fall@5.000ns period=10.000ns})
  Path Group:             (none)
  Path Type:              Hold (Min at Slow Process Corner)
  Data Path Delay:        0.000ns  (logic 0.000ns (0.000%)  route 0.000ns (0.000%))
  Logic Levels:           0  
  Clock Uncertainty:      0.158ns  ((TSJ^2 + DJ^2)^1/2) / 2 + PE
    Total System Jitter     (TSJ):    0.050ns
    Discrete Jitter          (DJ):    0.312ns
    Phase Error              (PE):    0.000ns
  Clock Net Delay (Destination): 3.205ns (routing 1.681ns, distribution 1.524ns)

    Location             Delay type                Incr(ns)  Path(ns)    Netlist Resource(s)
  -------------------------------------------------------------------    -------------------
    URAM288_X0Y58        URAM288                      0.000     0.000 r  pccx_v002_system_i/u_npu/inst/u_wrap/u_pccx_npu_top/u_mem_dispatcher/u_l2_cache/u_l2_uram/u_l2_uram/xpm_memory_base_inst/gen_wr_a.gen_word_narrow.mem_reg_uram_30/CAS_OUT_DIN_A[64]
                         net (fo=1, routed)           0.000     0.000    pccx_v002_system_i/u_npu/inst/u_wrap/u_pccx_npu_top/u_mem_dispatcher/u_l2_cache/u_l2_uram/u_l2_uram/xpm_memory_base_inst/gen_wr_a.gen_word_narrow.mem_reg_uram_31_Cas_DinA_1[64]
    URAM288_X0Y59        URAM288                                      r  pccx_v002_system_i/u_npu/inst/u_wrap/u_pccx_npu_top/u_mem_dispatcher/u_l2_cache/u_l2_uram/u_l2_uram/xpm_memory_base_inst/gen_wr_a.gen_word_narrow.mem_reg_uram_31/CAS_IN_DIN_A[64]
  -------------------------------------------------------------------    -------------------

                         (clock clk_pl_0 rise edge)
                                                      0.000     0.000 r  
    PS8_X0Y0             PS8                          0.000     0.000 r  pccx_v002_system_i/zynq_ps/inst/PS8_i/PLCLK[0]
                         net (fo=1, routed)           0.229     0.229    pccx_v002_system_i/zynq_ps/inst/pl_clk_unbuffered[0]
    BUFG_PS_X0Y90        BUFG_PS (Prop_BUFG_PS_I_O)
                                                      0.038     0.267 r  pccx_v002_system_i/zynq_ps/inst/buffer_pl_clk_0.PL_CLK_0_BUFG/O
    X1Y1 (CLOCK_ROOT)    net (fo=82277, routed)       3.205     3.472    pccx_v002_system_i/u_npu/inst/u_wrap/u_pccx_npu_top/u_mem_dispatcher/u_l2_cache/u_l2_uram/u_l2_uram/xpm_memory_base_inst/clka
    URAM288_X0Y59        URAM288                                      r  pccx_v002_system_i/u_npu/inst/u_wrap/u_pccx_npu_top/u_mem_dispatcher/u_l2_cache/u_l2_uram/u_l2_uram/xpm_memory_base_inst/gen_wr_a.gen_word_narrow.mem_reg_uram_31/CLK

Slack:                    inf
  Source:                 pccx_v002_system_i/u_npu/inst/u_wrap/u_pccx_npu_top/u_mem_dispatcher/u_l2_cache/u_l2_uram/u_l2_uram/xpm_memory_base_inst/gen_wr_a.gen_word_narrow.mem_reg_uram_30/CAS_OUT_DIN_A[68]
                            (internal pin)
  Destination:            pccx_v002_system_i/u_npu/inst/u_wrap/u_pccx_npu_top/u_mem_dispatcher/u_l2_cache/u_l2_uram/u_l2_uram/xpm_memory_base_inst/gen_wr_a.gen_word_narrow.mem_reg_uram_31/CAS_IN_DIN_A[68]
                            (rising edge-triggered cell URAM288 clocked by clk_pl_0  {rise@0.000ns fall@5.000ns period=10.000ns})
  Path Group:             (none)
  Path Type:              Hold (Min at Slow Process Corner)
  Data Path Delay:        0.000ns  (logic 0.000ns (0.000%)  route 0.000ns (0.000%))
  Logic Levels:           0  
  Clock Uncertainty:      0.158ns  ((TSJ^2 + DJ^2)^1/2) / 2 + PE
    Total System Jitter     (TSJ):    0.050ns
    Discrete Jitter          (DJ):    0.312ns
    Phase Error              (PE):    0.000ns
  Clock Net Delay (Destination): 3.205ns (routing 1.681ns, distribution 1.524ns)

    Location             Delay type                Incr(ns)  Path(ns)    Netlist Resource(s)
  -------------------------------------------------------------------    -------------------
    URAM288_X0Y58        URAM288                      0.000     0.000 r  pccx_v002_system_i/u_npu/inst/u_wrap/u_pccx_npu_top/u_mem_dispatcher/u_l2_cache/u_l2_uram/u_l2_uram/xpm_memory_base_inst/gen_wr_a.gen_word_narrow.mem_reg_uram_30/CAS_OUT_DIN_A[68]
                         net (fo=1, routed)           0.000     0.000    pccx_v002_system_i/u_npu/inst/u_wrap/u_pccx_npu_top/u_mem_dispatcher/u_l2_cache/u_l2_uram/u_l2_uram/xpm_memory_base_inst/gen_wr_a.gen_word_narrow.mem_reg_uram_31_Cas_DinA_1[68]
    URAM288_X0Y59        URAM288                                      r  pccx_v002_system_i/u_npu/inst/u_wrap/u_pccx_npu_top/u_mem_dispatcher/u_l2_cache/u_l2_uram/u_l2_uram/xpm_memory_base_inst/gen_wr_a.gen_word_narrow.mem_reg_uram_31/CAS_IN_DIN_A[68]
  -------------------------------------------------------------------    -------------------

                         (clock clk_pl_0 rise edge)
                                                      0.000     0.000 r  
    PS8_X0Y0             PS8                          0.000     0.000 r  pccx_v002_system_i/zynq_ps/inst/PS8_i/PLCLK[0]
                         net (fo=1, routed)           0.229     0.229    pccx_v002_system_i/zynq_ps/inst/pl_clk_unbuffered[0]
    BUFG_PS_X0Y90        BUFG_PS (Prop_BUFG_PS_I_O)
                                                      0.038     0.267 r  pccx_v002_system_i/zynq_ps/inst/buffer_pl_clk_0.PL_CLK_0_BUFG/O
    X1Y1 (CLOCK_ROOT)    net (fo=82277, routed)       3.205     3.472    pccx_v002_system_i/u_npu/inst/u_wrap/u_pccx_npu_top/u_mem_dispatcher/u_l2_cache/u_l2_uram/u_l2_uram/xpm_memory_base_inst/clka
    URAM288_X0Y59        URAM288                                      r  pccx_v002_system_i/u_npu/inst/u_wrap/u_pccx_npu_top/u_mem_dispatcher/u_l2_cache/u_l2_uram/u_l2_uram/xpm_memory_base_inst/gen_wr_a.gen_word_narrow.mem_reg_uram_31/CLK

Slack:                    inf
  Source:                 pccx_v002_system_i/u_npu/inst/u_wrap/u_pccx_npu_top/u_mem_dispatcher/u_l2_cache/u_l2_uram/u_l2_uram/xpm_memory_base_inst/gen_wr_a.gen_word_narrow.mem_reg_uram_32/CAS_OUT_ADDR_B[19]
                            (internal pin)
  Destination:            pccx_v002_system_i/u_npu/inst/u_wrap/u_pccx_npu_top/u_mem_dispatcher/u_l2_cache/u_l2_uram/u_l2_uram/xpm_memory_base_inst/gen_wr_a.gen_word_narrow.mem_reg_uram_33/CAS_IN_ADDR_B[19]
                            (rising edge-triggered cell URAM288 clocked by clk_pl_0  {rise@0.000ns fall@5.000ns period=10.000ns})
  Path Group:             (none)
  Path Type:              Hold (Min at Slow Process Corner)
  Data Path Delay:        0.000ns  (logic 0.000ns (0.000%)  route 0.000ns (0.000%))
  Logic Levels:           0  
  Clock Uncertainty:      0.158ns  ((TSJ^2 + DJ^2)^1/2) / 2 + PE
    Total System Jitter     (TSJ):    0.050ns
    Discrete Jitter          (DJ):    0.312ns
    Phase Error              (PE):    0.000ns
  Clock Net Delay (Destination): 3.219ns (routing 1.681ns, distribution 1.538ns)

    Location             Delay type                Incr(ns)  Path(ns)    Netlist Resource(s)
  -------------------------------------------------------------------    -------------------
    URAM288_X0Y52        URAM288                      0.000     0.000 r  pccx_v002_system_i/u_npu/inst/u_wrap/u_pccx_npu_top/u_mem_dispatcher/u_l2_cache/u_l2_uram/u_l2_uram/xpm_memory_base_inst/gen_wr_a.gen_word_narrow.mem_reg_uram_32/CAS_OUT_ADDR_B[19]
                         net (fo=1, routed)           0.000     0.000    pccx_v002_system_i/u_npu/inst/u_wrap/u_pccx_npu_top/u_mem_dispatcher/u_l2_cache/u_l2_uram/u_l2_uram/xpm_memory_base_inst/gen_wr_a.gen_word_narrow.mem_reg_uram_33_Cas_AddrB_1[19]
    URAM288_X0Y53        URAM288                                      r  pccx_v002_system_i/u_npu/inst/u_wrap/u_pccx_npu_top/u_mem_dispatcher/u_l2_cache/u_l2_uram/u_l2_uram/xpm_memory_base_inst/gen_wr_a.gen_word_narrow.mem_reg_uram_33/CAS_IN_ADDR_B[19]
  -------------------------------------------------------------------    -------------------

                         (clock clk_pl_0 rise edge)
                                                      0.000     0.000 r  
    PS8_X0Y0             PS8                          0.000     0.000 r  pccx_v002_system_i/zynq_ps/inst/PS8_i/PLCLK[0]
                         net (fo=1, routed)           0.229     0.229    pccx_v002_system_i/zynq_ps/inst/pl_clk_unbuffered[0]
    BUFG_PS_X0Y90        BUFG_PS (Prop_BUFG_PS_I_O)
                                                      0.038     0.267 r  pccx_v002_system_i/zynq_ps/inst/buffer_pl_clk_0.PL_CLK_0_BUFG/O
    X1Y1 (CLOCK_ROOT)    net (fo=82277, routed)       3.219     3.486    pccx_v002_system_i/u_npu/inst/u_wrap/u_pccx_npu_top/u_mem_dispatcher/u_l2_cache/u_l2_uram/u_l2_uram/xpm_memory_base_inst/clka
    URAM288_X0Y53        URAM288                                      r  pccx_v002_system_i/u_npu/inst/u_wrap/u_pccx_npu_top/u_mem_dispatcher/u_l2_cache/u_l2_uram/u_l2_uram/xpm_memory_base_inst/gen_wr_a.gen_word_narrow.mem_reg_uram_33/CLK

Slack:                    inf
  Source:                 pccx_v002_system_i/u_npu/inst/u_wrap/u_pccx_npu_top/u_mem_dispatcher/u_l2_cache/u_l2_uram/u_l2_uram/xpm_memory_base_inst/gen_wr_a.gen_word_narrow.mem_reg_uram_32/CAS_OUT_DIN_A[64]
                            (internal pin)
  Destination:            pccx_v002_system_i/u_npu/inst/u_wrap/u_pccx_npu_top/u_mem_dispatcher/u_l2_cache/u_l2_uram/u_l2_uram/xpm_memory_base_inst/gen_wr_a.gen_word_narrow.mem_reg_uram_33/CAS_IN_DIN_A[64]
                            (rising edge-triggered cell URAM288 clocked by clk_pl_0  {rise@0.000ns fall@5.000ns period=10.000ns})
  Path Group:             (none)
  Path Type:              Hold (Min at Slow Process Corner)
  Data Path Delay:        0.000ns  (logic 0.000ns (0.000%)  route 0.000ns (0.000%))
  Logic Levels:           0  
  Clock Uncertainty:      0.158ns  ((TSJ^2 + DJ^2)^1/2) / 2 + PE
    Total System Jitter     (TSJ):    0.050ns
    Discrete Jitter          (DJ):    0.312ns
    Phase Error              (PE):    0.000ns
  Clock Net Delay (Destination): 3.219ns (routing 1.681ns, distribution 1.538ns)

    Location             Delay type                Incr(ns)  Path(ns)    Netlist Resource(s)
  -------------------------------------------------------------------    -------------------
    URAM288_X0Y52        URAM288                      0.000     0.000 r  pccx_v002_system_i/u_npu/inst/u_wrap/u_pccx_npu_top/u_mem_dispatcher/u_l2_cache/u_l2_uram/u_l2_uram/xpm_memory_base_inst/gen_wr_a.gen_word_narrow.mem_reg_uram_32/CAS_OUT_DIN_A[64]
                         net (fo=1, routed)           0.000     0.000    pccx_v002_system_i/u_npu/inst/u_wrap/u_pccx_npu_top/u_mem_dispatcher/u_l2_cache/u_l2_uram/u_l2_uram/xpm_memory_base_inst/gen_wr_a.gen_word_narrow.mem_reg_uram_33_Cas_DinA_1[64]
    URAM288_X0Y53        URAM288                                      r  pccx_v002_system_i/u_npu/inst/u_wrap/u_pccx_npu_top/u_mem_dispatcher/u_l2_cache/u_l2_uram/u_l2_uram/xpm_memory_base_inst/gen_wr_a.gen_word_narrow.mem_reg_uram_33/CAS_IN_DIN_A[64]
  -------------------------------------------------------------------    -------------------

                         (clock clk_pl_0 rise edge)
                                                      0.000     0.000 r  
    PS8_X0Y0             PS8                          0.000     0.000 r  pccx_v002_system_i/zynq_ps/inst/PS8_i/PLCLK[0]
                         net (fo=1, routed)           0.229     0.229    pccx_v002_system_i/zynq_ps/inst/pl_clk_unbuffered[0]
    BUFG_PS_X0Y90        BUFG_PS (Prop_BUFG_PS_I_O)
                                                      0.038     0.267 r  pccx_v002_system_i/zynq_ps/inst/buffer_pl_clk_0.PL_CLK_0_BUFG/O
    X1Y1 (CLOCK_ROOT)    net (fo=82277, routed)       3.219     3.486    pccx_v002_system_i/u_npu/inst/u_wrap/u_pccx_npu_top/u_mem_dispatcher/u_l2_cache/u_l2_uram/u_l2_uram/xpm_memory_base_inst/clka
    URAM288_X0Y53        URAM288                                      r  pccx_v002_system_i/u_npu/inst/u_wrap/u_pccx_npu_top/u_mem_dispatcher/u_l2_cache/u_l2_uram/u_l2_uram/xpm_memory_base_inst/gen_wr_a.gen_word_narrow.mem_reg_uram_33/CLK

Slack:                    inf
  Source:                 pccx_v002_system_i/u_npu/inst/u_wrap/u_pccx_npu_top/u_mem_dispatcher/u_l2_cache/u_l2_uram/u_l2_uram/xpm_memory_base_inst/gen_wr_a.gen_word_narrow.mem_reg_uram_32/CAS_OUT_DIN_A[68]
                            (internal pin)
  Destination:            pccx_v002_system_i/u_npu/inst/u_wrap/u_pccx_npu_top/u_mem_dispatcher/u_l2_cache/u_l2_uram/u_l2_uram/xpm_memory_base_inst/gen_wr_a.gen_word_narrow.mem_reg_uram_33/CAS_IN_DIN_A[68]
                            (rising edge-triggered cell URAM288 clocked by clk_pl_0  {rise@0.000ns fall@5.000ns period=10.000ns})
  Path Group:             (none)
  Path Type:              Hold (Min at Slow Process Corner)
  Data Path Delay:        0.000ns  (logic 0.000ns (0.000%)  route 0.000ns (0.000%))
  Logic Levels:           0  
  Clock Uncertainty:      0.158ns  ((TSJ^2 + DJ^2)^1/2) / 2 + PE
    Total System Jitter     (TSJ):    0.050ns
    Discrete Jitter          (DJ):    0.312ns
    Phase Error              (PE):    0.000ns
  Clock Net Delay (Destination): 3.219ns (routing 1.681ns, distribution 1.538ns)

    Location             Delay type                Incr(ns)  Path(ns)    Netlist Resource(s)
  -------------------------------------------------------------------    -------------------
    URAM288_X0Y52        URAM288                      0.000     0.000 r  pccx_v002_system_i/u_npu/inst/u_wrap/u_pccx_npu_top/u_mem_dispatcher/u_l2_cache/u_l2_uram/u_l2_uram/xpm_memory_base_inst/gen_wr_a.gen_word_narrow.mem_reg_uram_32/CAS_OUT_DIN_A[68]
                         net (fo=1, routed)           0.000     0.000    pccx_v002_system_i/u_npu/inst/u_wrap/u_pccx_npu_top/u_mem_dispatcher/u_l2_cache/u_l2_uram/u_l2_uram/xpm_memory_base_inst/gen_wr_a.gen_word_narrow.mem_reg_uram_33_Cas_DinA_1[68]
    URAM288_X0Y53        URAM288                                      r  pccx_v002_system_i/u_npu/inst/u_wrap/u_pccx_npu_top/u_mem_dispatcher/u_l2_cache/u_l2_uram/u_l2_uram/xpm_memory_base_inst/gen_wr_a.gen_word_narrow.mem_reg_uram_33/CAS_IN_DIN_A[68]
  -------------------------------------------------------------------    -------------------

                         (clock clk_pl_0 rise edge)
                                                      0.000     0.000 r  
    PS8_X0Y0             PS8                          0.000     0.000 r  pccx_v002_system_i/zynq_ps/inst/PS8_i/PLCLK[0]
                         net (fo=1, routed)           0.229     0.229    pccx_v002_system_i/zynq_ps/inst/pl_clk_unbuffered[0]
    BUFG_PS_X0Y90        BUFG_PS (Prop_BUFG_PS_I_O)
                                                      0.038     0.267 r  pccx_v002_system_i/zynq_ps/inst/buffer_pl_clk_0.PL_CLK_0_BUFG/O
    X1Y1 (CLOCK_ROOT)    net (fo=82277, routed)       3.219     3.486    pccx_v002_system_i/u_npu/inst/u_wrap/u_pccx_npu_top/u_mem_dispatcher/u_l2_cache/u_l2_uram/u_l2_uram/xpm_memory_base_inst/clka
    URAM288_X0Y53        URAM288                                      r  pccx_v002_system_i/u_npu/inst/u_wrap/u_pccx_npu_top/u_mem_dispatcher/u_l2_cache/u_l2_uram/u_l2_uram/xpm_memory_base_inst/gen_wr_a.gen_word_narrow.mem_reg_uram_33/CLK

Slack:                    inf
  Source:                 pccx_v002_system_i/u_npu/inst/u_wrap/u_pccx_npu_top/u_mem_dispatcher/u_l2_cache/u_l2_uram/u_l2_uram/xpm_memory_base_inst/gen_wr_a.gen_word_narrow.mem_reg_uram_34/CAS_OUT_ADDR_B[19]
                            (internal pin)
  Destination:            pccx_v002_system_i/u_npu/inst/u_wrap/u_pccx_npu_top/u_mem_dispatcher/u_l2_cache/u_l2_uram/u_l2_uram/xpm_memory_base_inst/gen_wr_a.gen_word_narrow.mem_reg_uram_35/CAS_IN_ADDR_B[19]
                            (rising edge-triggered cell URAM288 clocked by clk_pl_0  {rise@0.000ns fall@5.000ns period=10.000ns})
  Path Group:             (none)
  Path Type:              Hold (Min at Slow Process Corner)
  Data Path Delay:        0.000ns  (logic 0.000ns (0.000%)  route 0.000ns (0.000%))
  Logic Levels:           0  
  Clock Uncertainty:      0.158ns  ((TSJ^2 + DJ^2)^1/2) / 2 + PE
    Total System Jitter     (TSJ):    0.050ns
    Discrete Jitter          (DJ):    0.312ns
    Phase Error              (PE):    0.000ns
  Clock Net Delay (Destination): 3.194ns (routing 1.681ns, distribution 1.513ns)

    Location             Delay type                Incr(ns)  Path(ns)    Netlist Resource(s)
  -------------------------------------------------------------------    -------------------
    URAM288_X0Y54        URAM288                      0.000     0.000 r  pccx_v002_system_i/u_npu/inst/u_wrap/u_pccx_npu_top/u_mem_dispatcher/u_l2_cache/u_l2_uram/u_l2_uram/xpm_memory_base_inst/gen_wr_a.gen_word_narrow.mem_reg_uram_34/CAS_OUT_ADDR_B[19]
                         net (fo=1, routed)           0.000     0.000    pccx_v002_system_i/u_npu/inst/u_wrap/u_pccx_npu_top/u_mem_dispatcher/u_l2_cache/u_l2_uram/u_l2_uram/xpm_memory_base_inst/gen_wr_a.gen_word_narrow.mem_reg_uram_35_Cas_AddrB_1[19]
    URAM288_X0Y55        URAM288                                      r  pccx_v002_system_i/u_npu/inst/u_wrap/u_pccx_npu_top/u_mem_dispatcher/u_l2_cache/u_l2_uram/u_l2_uram/xpm_memory_base_inst/gen_wr_a.gen_word_narrow.mem_reg_uram_35/CAS_IN_ADDR_B[19]
  -------------------------------------------------------------------    -------------------

                         (clock clk_pl_0 rise edge)
                                                      0.000     0.000 r  
    PS8_X0Y0             PS8                          0.000     0.000 r  pccx_v002_system_i/zynq_ps/inst/PS8_i/PLCLK[0]
                         net (fo=1, routed)           0.229     0.229    pccx_v002_system_i/zynq_ps/inst/pl_clk_unbuffered[0]
    BUFG_PS_X0Y90        BUFG_PS (Prop_BUFG_PS_I_O)
                                                      0.038     0.267 r  pccx_v002_system_i/zynq_ps/inst/buffer_pl_clk_0.PL_CLK_0_BUFG/O
    X1Y1 (CLOCK_ROOT)    net (fo=82277, routed)       3.194     3.461    pccx_v002_system_i/u_npu/inst/u_wrap/u_pccx_npu_top/u_mem_dispatcher/u_l2_cache/u_l2_uram/u_l2_uram/xpm_memory_base_inst/clka
    URAM288_X0Y55        URAM288                                      r  pccx_v002_system_i/u_npu/inst/u_wrap/u_pccx_npu_top/u_mem_dispatcher/u_l2_cache/u_l2_uram/u_l2_uram/xpm_memory_base_inst/gen_wr_a.gen_word_narrow.mem_reg_uram_35/CLK

Slack:                    inf
  Source:                 pccx_v002_system_i/u_npu/inst/u_wrap/u_pccx_npu_top/u_mem_dispatcher/u_l2_cache/u_l2_uram/u_l2_uram/xpm_memory_base_inst/gen_wr_a.gen_word_narrow.mem_reg_uram_34/CAS_OUT_DIN_A[64]
                            (internal pin)
  Destination:            pccx_v002_system_i/u_npu/inst/u_wrap/u_pccx_npu_top/u_mem_dispatcher/u_l2_cache/u_l2_uram/u_l2_uram/xpm_memory_base_inst/gen_wr_a.gen_word_narrow.mem_reg_uram_35/CAS_IN_DIN_A[64]
                            (rising edge-triggered cell URAM288 clocked by clk_pl_0  {rise@0.000ns fall@5.000ns period=10.000ns})
  Path Group:             (none)
  Path Type:              Hold (Min at Slow Process Corner)
  Data Path Delay:        0.000ns  (logic 0.000ns (0.000%)  route 0.000ns (0.000%))
  Logic Levels:           0  
  Clock Uncertainty:      0.158ns  ((TSJ^2 + DJ^2)^1/2) / 2 + PE
    Total System Jitter     (TSJ):    0.050ns
    Discrete Jitter          (DJ):    0.312ns
    Phase Error              (PE):    0.000ns
  Clock Net Delay (Destination): 3.194ns (routing 1.681ns, distribution 1.513ns)

    Location             Delay type                Incr(ns)  Path(ns)    Netlist Resource(s)
  -------------------------------------------------------------------    -------------------
    URAM288_X0Y54        URAM288                      0.000     0.000 r  pccx_v002_system_i/u_npu/inst/u_wrap/u_pccx_npu_top/u_mem_dispatcher/u_l2_cache/u_l2_uram/u_l2_uram/xpm_memory_base_inst/gen_wr_a.gen_word_narrow.mem_reg_uram_34/CAS_OUT_DIN_A[64]
                         net (fo=1, routed)           0.000     0.000    pccx_v002_system_i/u_npu/inst/u_wrap/u_pccx_npu_top/u_mem_dispatcher/u_l2_cache/u_l2_uram/u_l2_uram/xpm_memory_base_inst/gen_wr_a.gen_word_narrow.mem_reg_uram_35_Cas_DinA_1[64]
    URAM288_X0Y55        URAM288                                      r  pccx_v002_system_i/u_npu/inst/u_wrap/u_pccx_npu_top/u_mem_dispatcher/u_l2_cache/u_l2_uram/u_l2_uram/xpm_memory_base_inst/gen_wr_a.gen_word_narrow.mem_reg_uram_35/CAS_IN_DIN_A[64]
  -------------------------------------------------------------------    -------------------

                         (clock clk_pl_0 rise edge)
                                                      0.000     0.000 r  
    PS8_X0Y0             PS8                          0.000     0.000 r  pccx_v002_system_i/zynq_ps/inst/PS8_i/PLCLK[0]
                         net (fo=1, routed)           0.229     0.229    pccx_v002_system_i/zynq_ps/inst/pl_clk_unbuffered[0]
    BUFG_PS_X0Y90        BUFG_PS (Prop_BUFG_PS_I_O)
                                                      0.038     0.267 r  pccx_v002_system_i/zynq_ps/inst/buffer_pl_clk_0.PL_CLK_0_BUFG/O
    X1Y1 (CLOCK_ROOT)    net (fo=82277, routed)       3.194     3.461    pccx_v002_system_i/u_npu/inst/u_wrap/u_pccx_npu_top/u_mem_dispatcher/u_l2_cache/u_l2_uram/u_l2_uram/xpm_memory_base_inst/clka
    URAM288_X0Y55        URAM288                                      r  pccx_v002_system_i/u_npu/inst/u_wrap/u_pccx_npu_top/u_mem_dispatcher/u_l2_cache/u_l2_uram/u_l2_uram/xpm_memory_base_inst/gen_wr_a.gen_word_narrow.mem_reg_uram_35/CLK

Slack:                    inf
  Source:                 pccx_v002_system_i/u_npu/inst/u_wrap/u_pccx_npu_top/u_mem_dispatcher/u_l2_cache/u_l2_uram/u_l2_uram/xpm_memory_base_inst/gen_wr_a.gen_word_narrow.mem_reg_uram_34/CAS_OUT_DIN_A[68]
                            (internal pin)
  Destination:            pccx_v002_system_i/u_npu/inst/u_wrap/u_pccx_npu_top/u_mem_dispatcher/u_l2_cache/u_l2_uram/u_l2_uram/xpm_memory_base_inst/gen_wr_a.gen_word_narrow.mem_reg_uram_35/CAS_IN_DIN_A[68]
                            (rising edge-triggered cell URAM288 clocked by clk_pl_0  {rise@0.000ns fall@5.000ns period=10.000ns})
  Path Group:             (none)
  Path Type:              Hold (Min at Slow Process Corner)
  Data Path Delay:        0.000ns  (logic 0.000ns (0.000%)  route 0.000ns (0.000%))
  Logic Levels:           0  
  Clock Uncertainty:      0.158ns  ((TSJ^2 + DJ^2)^1/2) / 2 + PE
    Total System Jitter     (TSJ):    0.050ns
    Discrete Jitter          (DJ):    0.312ns
    Phase Error              (PE):    0.000ns
  Clock Net Delay (Destination): 3.194ns (routing 1.681ns, distribution 1.513ns)

    Location             Delay type                Incr(ns)  Path(ns)    Netlist Resource(s)
  -------------------------------------------------------------------    -------------------
    URAM288_X0Y54        URAM288                      0.000     0.000 r  pccx_v002_system_i/u_npu/inst/u_wrap/u_pccx_npu_top/u_mem_dispatcher/u_l2_cache/u_l2_uram/u_l2_uram/xpm_memory_base_inst/gen_wr_a.gen_word_narrow.mem_reg_uram_34/CAS_OUT_DIN_A[68]
                         net (fo=1, routed)           0.000     0.000    pccx_v002_system_i/u_npu/inst/u_wrap/u_pccx_npu_top/u_mem_dispatcher/u_l2_cache/u_l2_uram/u_l2_uram/xpm_memory_base_inst/gen_wr_a.gen_word_narrow.mem_reg_uram_35_Cas_DinA_1[68]
    URAM288_X0Y55        URAM288                                      r  pccx_v002_system_i/u_npu/inst/u_wrap/u_pccx_npu_top/u_mem_dispatcher/u_l2_cache/u_l2_uram/u_l2_uram/xpm_memory_base_inst/gen_wr_a.gen_word_narrow.mem_reg_uram_35/CAS_IN_DIN_A[68]
  -------------------------------------------------------------------    -------------------

                         (clock clk_pl_0 rise edge)
                                                      0.000     0.000 r  
    PS8_X0Y0             PS8                          0.000     0.000 r  pccx_v002_system_i/zynq_ps/inst/PS8_i/PLCLK[0]
                         net (fo=1, routed)           0.229     0.229    pccx_v002_system_i/zynq_ps/inst/pl_clk_unbuffered[0]
    BUFG_PS_X0Y90        BUFG_PS (Prop_BUFG_PS_I_O)
                                                      0.038     0.267 r  pccx_v002_system_i/zynq_ps/inst/buffer_pl_clk_0.PL_CLK_0_BUFG/O
    X1Y1 (CLOCK_ROOT)    net (fo=82277, routed)       3.194     3.461    pccx_v002_system_i/u_npu/inst/u_wrap/u_pccx_npu_top/u_mem_dispatcher/u_l2_cache/u_l2_uram/u_l2_uram/xpm_memory_base_inst/clka
    URAM288_X0Y55        URAM288                                      r  pccx_v002_system_i/u_npu/inst/u_wrap/u_pccx_npu_top/u_mem_dispatcher/u_l2_cache/u_l2_uram/u_l2_uram/xpm_memory_base_inst/gen_wr_a.gen_word_narrow.mem_reg_uram_35/CLK





