Copyright 1986-2022 Xilinx, Inc. All Rights Reserved. Copyright 2022-2025 Advanced Micro Devices, Inc. All Rights Reserved.
-------------------------------------------------------------------------------------------------------------------------------------------------------------------------------------------------------
| Tool Version      : Vivado v.2025.2 (lin64) Build 6299465 Fri Nov 14 12:34:56 MST 2025
| Date              : Wed Jun  3 14:17:51 2026
| Host              : pccx-vivado running 64-bit Ubuntu 22.04.5 LTS
| Command           : report_timing_summary -delay_type min_max -report_unconstrained -check_timing_verbose -max_paths 20 -file /home/hwkim/v002-rtl/hw/build/reports/timing_summary_post_impl_top.rpt
| Design            : pccx_v002_system_wrapper
| Device            : xck26-sfvc784
| Speed File        : -2LV  PRODUCTION 1.30 05-15-2022
| Design State      : Physopt postRoute
| Temperature Grade : C
-------------------------------------------------------------------------------------------------------------------------------------------------------------------------------------------------------

Timing Summary Report

------------------------------------------------------------------------------------------------
| Timer Settings
| --------------
------------------------------------------------------------------------------------------------

  Enable Multi Corner Analysis               :  Yes
  Enable Pessimism Removal                   :  Yes
  Pessimism Removal Resolution               :  Nearest Common Node
  Enable Input Delay Default Clock           :  No
  Enable Preset / Clear Arcs                 :  No
  Disable Flight Delays                      :  No
  Ignore I/O Paths                           :  No
  Timing Early Launch at Borrowing Latches   :  No
  Borrow Time for Max Delay Exceptions       :  Yes
  Merge Timing Exceptions                    :  Yes
  Inter-SLR Compensation                     :  Conservative

  Corner  Analyze    Analyze    
  Name    Max Paths  Min Paths  
  ------  ---------  ---------  
  Slow    Yes        Yes        
  Fast    Yes        Yes        


------------------------------------------------------------------------------------------------
| Report Methodology
| ------------------
------------------------------------------------------------------------------------------------

No report available as report_methodology has not been run prior. Run report_methodology on the current design for the summary of methodology violations.



check_timing report

Table of Contents
-----------------
1. checking no_clock (0)
2. checking constant_clock (0)
3. checking pulse_width_clock (0)
4. checking unconstrained_internal_endpoints (0)
5. checking no_input_delay (0)
6. checking no_output_delay (0)
7. checking multiple_clock (0)
8. checking generated_clocks (0)
9. checking loops (0)
10. checking partial_input_delay (0)
11. checking partial_output_delay (0)
12. checking latch_loops (0)

1. checking no_clock (0)
------------------------
 There are 0 register/latch pins with no clock.


2. checking constant_clock (0)
------------------------------
 There are 0 register/latch pins with constant_clock.


3. checking pulse_width_clock (0)
---------------------------------
 There are 0 register/latch pins which need pulse_width check


4. checking unconstrained_internal_endpoints (0)
------------------------------------------------
 There are 0 pins that are not constrained for maximum delay.

 There are 0 pins that are not constrained for maximum delay due to constant clock.


5. checking no_input_delay (0)
------------------------------
 There are 0 input ports with no input delay specified.

 There are 0 input ports with no input delay but user has a false path constraint.


6. checking no_output_delay (0)
-------------------------------
 There are 0 ports with no output delay specified.

 There are 0 ports with no output delay but user has a false path constraint

 There are 0 ports with no output delay but with a timing clock defined on it or propagating through it


7. checking multiple_clock (0)
------------------------------
 There are 0 register/latch pins with multiple clocks.


8. checking generated_clocks (0)
--------------------------------
 There are 0 generated clocks that are not connected to a clock source.


9. checking loops (0)
---------------------
 There are 0 combinational loops in the design.


10. checking partial_input_delay (0)
------------------------------------
 There are 0 input ports with partial input delay specified.


11. checking partial_output_delay (0)
-------------------------------------
 There are 0 ports with partial output delay specified.


12. checking latch_loops (0)
----------------------------
 There are 0 combinational latch loops in the design through latch input



------------------------------------------------------------------------------------------------
| Design Timing Summary
| ---------------------
------------------------------------------------------------------------------------------------

    WNS(ns)      TNS(ns)  TNS Failing Endpoints  TNS Total Endpoints      WHS(ns)      THS(ns)  THS Failing Endpoints  THS Total Endpoints     WPWS(ns)     TPWS(ns)  TPWS Failing Endpoints  TPWS Total Endpoints  
    -------      -------  ---------------------  -------------------      -------      -------  ---------------------  -------------------     --------     --------  ----------------------  --------------------  
      2.234        0.000                      0               414440        0.010        0.000                      0               414440        3.500        0.000                       0                 77755  


All user specified timing constraints are met.


------------------------------------------------------------------------------------------------
| Clock Summary
| -------------
------------------------------------------------------------------------------------------------

Clock     Waveform(ns)       Period(ns)      Frequency(MHz)
-----     ------------       ----------      --------------
clk_pl_0  {0.000 5.000}      10.000          100.000         
clk_pl_1  {0.000 5.000}      10.000          100.000         


------------------------------------------------------------------------------------------------
| Intra Clock Table
| -----------------
------------------------------------------------------------------------------------------------

Clock             WNS(ns)      TNS(ns)  TNS Failing Endpoints  TNS Total Endpoints      WHS(ns)      THS(ns)  THS Failing Endpoints  THS Total Endpoints     WPWS(ns)     TPWS(ns)  TPWS Failing Endpoints  TPWS Total Endpoints  
-----             -------      -------  ---------------------  -------------------      -------      -------  ---------------------  -------------------     --------     --------  ----------------------  --------------------  
clk_pl_0            2.234        0.000                      0               414440        0.010        0.000                      0               414440        3.500        0.000                       0                 77755  


------------------------------------------------------------------------------------------------
| Inter Clock Table
| -----------------
------------------------------------------------------------------------------------------------

From Clock    To Clock          WNS(ns)      TNS(ns)  TNS Failing Endpoints  TNS Total Endpoints      WHS(ns)      THS(ns)  THS Failing Endpoints  THS Total Endpoints  
----------    --------          -------      -------  ---------------------  -------------------      -------      -------  ---------------------  -------------------  


------------------------------------------------------------------------------------------------
| Other Path Groups Table
| -----------------------
------------------------------------------------------------------------------------------------

Path Group    From Clock    To Clock          WNS(ns)      TNS(ns)  TNS Failing Endpoints  TNS Total Endpoints      WHS(ns)      THS(ns)  THS Failing Endpoints  THS Total Endpoints  
----------    ----------    --------          -------      -------  ---------------------  -------------------      -------      -------  ---------------------  -------------------  


------------------------------------------------------------------------------------------------
| User Ignored Path Table
| -----------------------
------------------------------------------------------------------------------------------------

Path Group    From Clock    To Clock    
----------    ----------    --------    
(none)                      clk_pl_0      
(none)        clk_pl_0      clk_pl_0      


------------------------------------------------------------------------------------------------
| Unconstrained Path Table
| ------------------------
------------------------------------------------------------------------------------------------

Path Group    From Clock    To Clock    
----------    ----------    --------    
(none)                      clk_pl_0      


------------------------------------------------------------------------------------------------
| Timing Details
| --------------
------------------------------------------------------------------------------------------------


---------------------------------------------------------------------------------------------------
From Clock:  clk_pl_0
  To Clock:  clk_pl_0

Setup :            0  Failing Endpoints,  Worst Slack        2.234ns,  Total Violation        0.000ns
Hold  :            0  Failing Endpoints,  Worst Slack        0.010ns,  Total Violation        0.000ns
PW    :            0  Failing Endpoints,  Worst Slack        3.500ns,  Total Violation        0.000ns
---------------------------------------------------------------------------------------------------


Max Delay Paths
--------------------------------------------------------------------------------------
Slack (MET) :             2.234ns  (required time - arrival time)
  Source:                 pccx_v002_system_i/rst_axi/U0/ACTIVE_LOW_PR_OUT_DFF[0].FDRE_PER_N/C
                            (rising edge-triggered cell FDRE clocked by clk_pl_0  {rise@0.000ns fall@5.000ns period=10.000ns})
  Destination:            pccx_v002_system_i/u_npu/inst/u_wrap/u_pccx_npu_top/u_npu_controller_top/u_npu_frontend/u_cmd_in/u_cmd_q/q\\.mem_reg[0][2]/CE
                            (rising edge-triggered cell FDRE clocked by clk_pl_0  {rise@0.000ns fall@5.000ns period=10.000ns})
  Path Group:             clk_pl_0
  Path Type:              Setup (Max at Slow Process Corner)
  Requirement:            10.000ns  (clk_pl_0 rise@10.000ns - clk_pl_0 rise@0.000ns)
  Data Path Delay:        7.501ns  (logic 0.246ns (3.280%)  route 7.255ns (96.720%))
  Logic Levels:           1  (LUT5=1)
  Clock Path Skew:        -0.025ns (DCD - SCD + CPR)
    Destination Clock Delay (DCD):    3.053ns = ( 13.053 - 10.000 ) 
    Source Clock Delay      (SCD):    3.273ns
    Clock Pessimism Removal (CPR):    0.194ns
  Clock Uncertainty:      0.160ns  ((TSJ^2 + DJ^2)^1/2) / 2 + PE
    Total System Jitter     (TSJ):    0.071ns
    Discrete Jitter          (DJ):    0.312ns
    Phase Error              (PE):    0.000ns
  Clock Net Delay (Source):      3.006ns (routing 1.681ns, distribution 1.325ns)
  Clock Net Delay (Destination): 2.837ns (routing 1.538ns, distribution 1.299ns)

    Location             Delay type                Incr(ns)  Path(ns)    Netlist Resource(s)
  -------------------------------------------------------------------    -------------------
                         (clock clk_pl_0 rise edge)
                                                      0.000     0.000 r  
    PS8_X0Y0             PS8                          0.000     0.000 r  pccx_v002_system_i/zynq_ps/inst/PS8_i/PLCLK[0]
                         net (fo=1, routed)           0.229     0.229    pccx_v002_system_i/zynq_ps/inst/pl_clk_unbuffered[0]
    BUFG_PS_X0Y90        BUFG_PS (Prop_BUFG_PS_I_O)
                                                      0.038     0.267 r  pccx_v002_system_i/zynq_ps/inst/buffer_pl_clk_0.PL_CLK_0_BUFG/O
    X1Y1 (CLOCK_ROOT)    net (fo=82020, routed)       3.006     3.273    pccx_v002_system_i/rst_axi/U0/slowest_sync_clk
    SLICE_X29Y89         FDRE                                         r  pccx_v002_system_i/rst_axi/U0/ACTIVE_LOW_PR_OUT_DFF[0].FDRE_PER_N/C
  -------------------------------------------------------------------    -------------------
    SLICE_X29Y89         FDRE (Prop_BFF_SLICEM_C_Q)
                                                      0.112     3.385 r  pccx_v002_system_i/rst_axi/U0/ACTIVE_LOW_PR_OUT_DFF[0].FDRE_PER_N/Q
                         net (fo=380, routed)         4.802     8.186    pccx_v002_system_i/u_npu/inst/u_wrap/u_pccx_npu_top/u_npu_controller_top/u_npu_frontend/u_cmd_in/u_cmd_q/lopt
    SLICE_X34Y186        LUT5 (Prop_D6LUT_SLICEM_I0_O)
                                                      0.134     8.320 r  pccx_v002_system_i/u_npu/inst/u_wrap/u_pccx_npu_top/u_npu_controller_top/u_npu_frontend/u_cmd_in/u_cmd_q/q\\.mem[0][63]_i_1/O
                         net (fo=63, routed)          2.453    10.774    pccx_v002_system_i/u_npu/inst/u_wrap/u_pccx_npu_top/u_npu_controller_top/u_npu_frontend/u_cmd_in/u_cmd_q/q\\.mem[0]
    SLICE_X42Y170        FDRE                                         r  pccx_v002_system_i/u_npu/inst/u_wrap/u_pccx_npu_top/u_npu_controller_top/u_npu_frontend/u_cmd_in/u_cmd_q/q\\.mem_reg[0][2]/CE
  -------------------------------------------------------------------    -------------------

                         (clock clk_pl_0 rise edge)
                                                     10.000    10.000 r  
    PS8_X0Y0             PS8                          0.000    10.000 r  pccx_v002_system_i/zynq_ps/inst/PS8_i/PLCLK[0]
                         net (fo=1, routed)           0.181    10.181    pccx_v002_system_i/zynq_ps/inst/pl_clk_unbuffered[0]
    BUFG_PS_X0Y90        BUFG_PS (Prop_BUFG_PS_I_O)
                                                      0.035    10.216 r  pccx_v002_system_i/zynq_ps/inst/buffer_pl_clk_0.PL_CLK_0_BUFG/O
    X1Y1 (CLOCK_ROOT)    net (fo=82020, routed)       2.837    13.053    pccx_v002_system_i/u_npu/inst/u_wrap/u_pccx_npu_top/u_npu_controller_top/u_npu_frontend/u_cmd_in/u_cmd_q/clk_core
    SLICE_X42Y170        FDRE                                         r  pccx_v002_system_i/u_npu/inst/u_wrap/u_pccx_npu_top/u_npu_controller_top/u_npu_frontend/u_cmd_in/u_cmd_q/q\\.mem_reg[0][2]/C
                         clock pessimism              0.194    13.247    
                         clock uncertainty           -0.160    13.087    
    SLICE_X42Y170        FDRE (Setup_DFF_SLICEL_C_CE)
                                                     -0.079    13.008    pccx_v002_system_i/u_npu/inst/u_wrap/u_pccx_npu_top/u_npu_controller_top/u_npu_frontend/u_cmd_in/u_cmd_q/q\\.mem_reg[0][2]
  -------------------------------------------------------------------
                         required time                         13.008    
                         arrival time                         -10.774    
  -------------------------------------------------------------------
                         slack                                  2.234    

Slack (MET) :             2.234ns  (required time - arrival time)
  Source:                 pccx_v002_system_i/rst_axi/U0/ACTIVE_LOW_PR_OUT_DFF[0].FDRE_PER_N/C
                            (rising edge-triggered cell FDRE clocked by clk_pl_0  {rise@0.000ns fall@5.000ns period=10.000ns})
  Destination:            pccx_v002_system_i/u_npu/inst/u_wrap/u_pccx_npu_top/u_npu_controller_top/u_npu_frontend/u_cmd_in/u_cmd_q/q\\.mem_reg[0][8]/CE
                            (rising edge-triggered cell FDRE clocked by clk_pl_0  {rise@0.000ns fall@5.000ns period=10.000ns})
  Path Group:             clk_pl_0
  Path Type:              Setup (Max at Slow Process Corner)
  Requirement:            10.000ns  (clk_pl_0 rise@10.000ns - clk_pl_0 rise@0.000ns)
  Data Path Delay:        7.501ns  (logic 0.246ns (3.280%)  route 7.255ns (96.720%))
  Logic Levels:           1  (LUT5=1)
  Clock Path Skew:        -0.025ns (DCD - SCD + CPR)
    Destination Clock Delay (DCD):    3.053ns = ( 13.053 - 10.000 ) 
    Source Clock Delay      (SCD):    3.273ns
    Clock Pessimism Removal (CPR):    0.194ns
  Clock Uncertainty:      0.160ns  ((TSJ^2 + DJ^2)^1/2) / 2 + PE
    Total System Jitter     (TSJ):    0.071ns
    Discrete Jitter          (DJ):    0.312ns
    Phase Error              (PE):    0.000ns
  Clock Net Delay (Source):      3.006ns (routing 1.681ns, distribution 1.325ns)
  Clock Net Delay (Destination): 2.837ns (routing 1.538ns, distribution 1.299ns)

    Location             Delay type                Incr(ns)  Path(ns)    Netlist Resource(s)
  -------------------------------------------------------------------    -------------------
                         (clock clk_pl_0 rise edge)
                                                      0.000     0.000 r  
    PS8_X0Y0             PS8                          0.000     0.000 r  pccx_v002_system_i/zynq_ps/inst/PS8_i/PLCLK[0]
                         net (fo=1, routed)           0.229     0.229    pccx_v002_system_i/zynq_ps/inst/pl_clk_unbuffered[0]
    BUFG_PS_X0Y90        BUFG_PS (Prop_BUFG_PS_I_O)
                                                      0.038     0.267 r  pccx_v002_system_i/zynq_ps/inst/buffer_pl_clk_0.PL_CLK_0_BUFG/O
    X1Y1 (CLOCK_ROOT)    net (fo=82020, routed)       3.006     3.273    pccx_v002_system_i/rst_axi/U0/slowest_sync_clk
    SLICE_X29Y89         FDRE                                         r  pccx_v002_system_i/rst_axi/U0/ACTIVE_LOW_PR_OUT_DFF[0].FDRE_PER_N/C
  -------------------------------------------------------------------    -------------------
    SLICE_X29Y89         FDRE (Prop_BFF_SLICEM_C_Q)
                                                      0.112     3.385 r  pccx_v002_system_i/rst_axi/U0/ACTIVE_LOW_PR_OUT_DFF[0].FDRE_PER_N/Q
                         net (fo=380, routed)         4.802     8.186    pccx_v002_system_i/u_npu/inst/u_wrap/u_pccx_npu_top/u_npu_controller_top/u_npu_frontend/u_cmd_in/u_cmd_q/lopt
    SLICE_X34Y186        LUT5 (Prop_D6LUT_SLICEM_I0_O)
                                                      0.134     8.320 r  pccx_v002_system_i/u_npu/inst/u_wrap/u_pccx_npu_top/u_npu_controller_top/u_npu_frontend/u_cmd_in/u_cmd_q/q\\.mem[0][63]_i_1/O
                         net (fo=63, routed)          2.453    10.774    pccx_v002_system_i/u_npu/inst/u_wrap/u_pccx_npu_top/u_npu_controller_top/u_npu_frontend/u_cmd_in/u_cmd_q/q\\.mem[0]
    SLICE_X42Y170        FDRE                                         r  pccx_v002_system_i/u_npu/inst/u_wrap/u_pccx_npu_top/u_npu_controller_top/u_npu_frontend/u_cmd_in/u_cmd_q/q\\.mem_reg[0][8]/CE
  -------------------------------------------------------------------    -------------------

                         (clock clk_pl_0 rise edge)
                                                     10.000    10.000 r  
    PS8_X0Y0             PS8                          0.000    10.000 r  pccx_v002_system_i/zynq_ps/inst/PS8_i/PLCLK[0]
                         net (fo=1, routed)           0.181    10.181    pccx_v002_system_i/zynq_ps/inst/pl_clk_unbuffered[0]
    BUFG_PS_X0Y90        BUFG_PS (Prop_BUFG_PS_I_O)
                                                      0.035    10.216 r  pccx_v002_system_i/zynq_ps/inst/buffer_pl_clk_0.PL_CLK_0_BUFG/O
    X1Y1 (CLOCK_ROOT)    net (fo=82020, routed)       2.837    13.053    pccx_v002_system_i/u_npu/inst/u_wrap/u_pccx_npu_top/u_npu_controller_top/u_npu_frontend/u_cmd_in/u_cmd_q/clk_core
    SLICE_X42Y170        FDRE                                         r  pccx_v002_system_i/u_npu/inst/u_wrap/u_pccx_npu_top/u_npu_controller_top/u_npu_frontend/u_cmd_in/u_cmd_q/q\\.mem_reg[0][8]/C
                         clock pessimism              0.194    13.247    
                         clock uncertainty           -0.160    13.087    
    SLICE_X42Y170        FDRE (Setup_CFF_SLICEL_C_CE)
                                                     -0.079    13.008    pccx_v002_system_i/u_npu/inst/u_wrap/u_pccx_npu_top/u_npu_controller_top/u_npu_frontend/u_cmd_in/u_cmd_q/q\\.mem_reg[0][8]
  -------------------------------------------------------------------
                         required time                         13.008    
                         arrival time                         -10.774    
  -------------------------------------------------------------------
                         slack                                  2.234    

Slack (MET) :             2.479ns  (required time - arrival time)
  Source:                 pccx_v002_system_i/rst_axi/U0/ACTIVE_LOW_PR_OUT_DFF[0].FDRE_PER_N/C
                            (rising edge-triggered cell FDRE clocked by clk_pl_0  {rise@0.000ns fall@5.000ns period=10.000ns})
  Destination:            pccx_v002_system_i/u_npu/inst/u_wrap/u_pccx_npu_top/u_npu_controller_top/u_npu_frontend/u_cmd_in/u_cmd_q/q\\.mem_reg[3][54]/CE
                            (rising edge-triggered cell FDRE clocked by clk_pl_0  {rise@0.000ns fall@5.000ns period=10.000ns})
  Path Group:             clk_pl_0
  Path Type:              Setup (Max at Slow Process Corner)
  Requirement:            10.000ns  (clk_pl_0 rise@10.000ns - clk_pl_0 rise@0.000ns)
  Data Path Delay:        7.176ns  (logic 0.196ns (2.731%)  route 6.980ns (97.269%))
  Logic Levels:           1  (LUT5=1)
  Clock Path Skew:        -0.103ns (DCD - SCD + CPR)
    Destination Clock Delay (DCD):    2.975ns = ( 12.975 - 10.000 ) 
    Source Clock Delay      (SCD):    3.273ns
    Clock Pessimism Removal (CPR):    0.194ns
  Clock Uncertainty:      0.160ns  ((TSJ^2 + DJ^2)^1/2) / 2 + PE
    Total System Jitter     (TSJ):    0.071ns
    Discrete Jitter          (DJ):    0.312ns
    Phase Error              (PE):    0.000ns
  Clock Net Delay (Source):      3.006ns (routing 1.681ns, distribution 1.325ns)
  Clock Net Delay (Destination): 2.759ns (routing 1.538ns, distribution 1.221ns)

    Location             Delay type                Incr(ns)  Path(ns)    Netlist Resource(s)
  -------------------------------------------------------------------    -------------------
                         (clock clk_pl_0 rise edge)
                                                      0.000     0.000 r  
    PS8_X0Y0             PS8                          0.000     0.000 r  pccx_v002_system_i/zynq_ps/inst/PS8_i/PLCLK[0]
                         net (fo=1, routed)           0.229     0.229    pccx_v002_system_i/zynq_ps/inst/pl_clk_unbuffered[0]
    BUFG_PS_X0Y90        BUFG_PS (Prop_BUFG_PS_I_O)
                                                      0.038     0.267 r  pccx_v002_system_i/zynq_ps/inst/buffer_pl_clk_0.PL_CLK_0_BUFG/O
    X1Y1 (CLOCK_ROOT)    net (fo=82020, routed)       3.006     3.273    pccx_v002_system_i/rst_axi/U0/slowest_sync_clk
    SLICE_X29Y89         FDRE                                         r  pccx_v002_system_i/rst_axi/U0/ACTIVE_LOW_PR_OUT_DFF[0].FDRE_PER_N/C
  -------------------------------------------------------------------    -------------------
    SLICE_X29Y89         FDRE (Prop_BFF_SLICEM_C_Q)
                                                      0.112     3.385 r  pccx_v002_system_i/rst_axi/U0/ACTIVE_LOW_PR_OUT_DFF[0].FDRE_PER_N/Q
                         net (fo=380, routed)         4.753     8.138    pccx_v002_system_i/u_npu/inst/u_wrap/u_pccx_npu_top/u_npu_controller_top/u_npu_frontend/u_cmd_in/u_cmd_q/lopt
    SLICE_X34Y186        LUT5 (Prop_H6LUT_SLICEM_I0_O)
                                                      0.084     8.222 r  pccx_v002_system_i/u_npu/inst/u_wrap/u_pccx_npu_top/u_npu_controller_top/u_npu_frontend/u_cmd_in/u_cmd_q/q\\.mem[3][63]_i_1/O
                         net (fo=63, routed)          2.227    10.449    pccx_v002_system_i/u_npu/inst/u_wrap/u_pccx_npu_top/u_npu_controller_top/u_npu_frontend/u_cmd_in/u_cmd_q/q\\.mem[3][63]_i_1_n_0
    SLICE_X38Y170        FDRE                                         r  pccx_v002_system_i/u_npu/inst/u_wrap/u_pccx_npu_top/u_npu_controller_top/u_npu_frontend/u_cmd_in/u_cmd_q/q\\.mem_reg[3][54]/CE
  -------------------------------------------------------------------    -------------------

                         (clock clk_pl_0 rise edge)
                                                     10.000    10.000 r  
    PS8_X0Y0             PS8                          0.000    10.000 r  pccx_v002_system_i/zynq_ps/inst/PS8_i/PLCLK[0]
                         net (fo=1, routed)           0.181    10.181    pccx_v002_system_i/zynq_ps/inst/pl_clk_unbuffered[0]
    BUFG_PS_X0Y90        BUFG_PS (Prop_BUFG_PS_I_O)
                                                      0.035    10.216 r  pccx_v002_system_i/zynq_ps/inst/buffer_pl_clk_0.PL_CLK_0_BUFG/O
    X1Y1 (CLOCK_ROOT)    net (fo=82020, routed)       2.759    12.975    pccx_v002_system_i/u_npu/inst/u_wrap/u_pccx_npu_top/u_npu_controller_top/u_npu_frontend/u_cmd_in/u_cmd_q/clk_core
    SLICE_X38Y170        FDRE                                         r  pccx_v002_system_i/u_npu/inst/u_wrap/u_pccx_npu_top/u_npu_controller_top/u_npu_frontend/u_cmd_in/u_cmd_q/q\\.mem_reg[3][54]/C
                         clock pessimism              0.194    13.169    
                         clock uncertainty           -0.160    13.009    
    SLICE_X38Y170        FDRE (Setup_HFF_SLICEM_C_CE)
                                                     -0.081    12.928    pccx_v002_system_i/u_npu/inst/u_wrap/u_pccx_npu_top/u_npu_controller_top/u_npu_frontend/u_cmd_in/u_cmd_q/q\\.mem_reg[3][54]
  -------------------------------------------------------------------
                         required time                         12.928    
                         arrival time                         -10.449    
  -------------------------------------------------------------------
                         slack                                  2.479    

Slack (MET) :             2.479ns  (required time - arrival time)
  Source:                 pccx_v002_system_i/rst_axi/U0/ACTIVE_LOW_PR_OUT_DFF[0].FDRE_PER_N/C
                            (rising edge-triggered cell FDRE clocked by clk_pl_0  {rise@0.000ns fall@5.000ns period=10.000ns})
  Destination:            pccx_v002_system_i/u_npu/inst/u_wrap/u_pccx_npu_top/u_npu_controller_top/u_npu_frontend/u_cmd_in/u_cmd_q/q\\.mem_reg[3][55]/CE
                            (rising edge-triggered cell FDRE clocked by clk_pl_0  {rise@0.000ns fall@5.000ns period=10.000ns})
  Path Group:             clk_pl_0
  Path Type:              Setup (Max at Slow Process Corner)
  Requirement:            10.000ns  (clk_pl_0 rise@10.000ns - clk_pl_0 rise@0.000ns)
  Data Path Delay:        7.176ns  (logic 0.196ns (2.731%)  route 6.980ns (97.269%))
  Logic Levels:           1  (LUT5=1)
  Clock Path Skew:        -0.103ns (DCD - SCD + CPR)
    Destination Clock Delay (DCD):    2.975ns = ( 12.975 - 10.000 ) 
    Source Clock Delay      (SCD):    3.273ns
    Clock Pessimism Removal (CPR):    0.194ns
  Clock Uncertainty:      0.160ns  ((TSJ^2 + DJ^2)^1/2) / 2 + PE
    Total System Jitter     (TSJ):    0.071ns
    Discrete Jitter          (DJ):    0.312ns
    Phase Error              (PE):    0.000ns
  Clock Net Delay (Source):      3.006ns (routing 1.681ns, distribution 1.325ns)
  Clock Net Delay (Destination): 2.759ns (routing 1.538ns, distribution 1.221ns)

    Location             Delay type                Incr(ns)  Path(ns)    Netlist Resource(s)
  -------------------------------------------------------------------    -------------------
                         (clock clk_pl_0 rise edge)
                                                      0.000     0.000 r  
    PS8_X0Y0             PS8                          0.000     0.000 r  pccx_v002_system_i/zynq_ps/inst/PS8_i/PLCLK[0]
                         net (fo=1, routed)           0.229     0.229    pccx_v002_system_i/zynq_ps/inst/pl_clk_unbuffered[0]
    BUFG_PS_X0Y90        BUFG_PS (Prop_BUFG_PS_I_O)
                                                      0.038     0.267 r  pccx_v002_system_i/zynq_ps/inst/buffer_pl_clk_0.PL_CLK_0_BUFG/O
    X1Y1 (CLOCK_ROOT)    net (fo=82020, routed)       3.006     3.273    pccx_v002_system_i/rst_axi/U0/slowest_sync_clk
    SLICE_X29Y89         FDRE                                         r  pccx_v002_system_i/rst_axi/U0/ACTIVE_LOW_PR_OUT_DFF[0].FDRE_PER_N/C
  -------------------------------------------------------------------    -------------------
    SLICE_X29Y89         FDRE (Prop_BFF_SLICEM_C_Q)
                                                      0.112     3.385 r  pccx_v002_system_i/rst_axi/U0/ACTIVE_LOW_PR_OUT_DFF[0].FDRE_PER_N/Q
                         net (fo=380, routed)         4.753     8.138    pccx_v002_system_i/u_npu/inst/u_wrap/u_pccx_npu_top/u_npu_controller_top/u_npu_frontend/u_cmd_in/u_cmd_q/lopt
    SLICE_X34Y186        LUT5 (Prop_H6LUT_SLICEM_I0_O)
                                                      0.084     8.222 r  pccx_v002_system_i/u_npu/inst/u_wrap/u_pccx_npu_top/u_npu_controller_top/u_npu_frontend/u_cmd_in/u_cmd_q/q\\.mem[3][63]_i_1/O
                         net (fo=63, routed)          2.227    10.449    pccx_v002_system_i/u_npu/inst/u_wrap/u_pccx_npu_top/u_npu_controller_top/u_npu_frontend/u_cmd_in/u_cmd_q/q\\.mem[3][63]_i_1_n_0
    SLICE_X38Y170        FDRE                                         r  pccx_v002_system_i/u_npu/inst/u_wrap/u_pccx_npu_top/u_npu_controller_top/u_npu_frontend/u_cmd_in/u_cmd_q/q\\.mem_reg[3][55]/CE
  -------------------------------------------------------------------    -------------------

                         (clock clk_pl_0 rise edge)
                                                     10.000    10.000 r  
    PS8_X0Y0             PS8                          0.000    10.000 r  pccx_v002_system_i/zynq_ps/inst/PS8_i/PLCLK[0]
                         net (fo=1, routed)           0.181    10.181    pccx_v002_system_i/zynq_ps/inst/pl_clk_unbuffered[0]
    BUFG_PS_X0Y90        BUFG_PS (Prop_BUFG_PS_I_O)
                                                      0.035    10.216 r  pccx_v002_system_i/zynq_ps/inst/buffer_pl_clk_0.PL_CLK_0_BUFG/O
    X1Y1 (CLOCK_ROOT)    net (fo=82020, routed)       2.759    12.975    pccx_v002_system_i/u_npu/inst/u_wrap/u_pccx_npu_top/u_npu_controller_top/u_npu_frontend/u_cmd_in/u_cmd_q/clk_core
    SLICE_X38Y170        FDRE                                         r  pccx_v002_system_i/u_npu/inst/u_wrap/u_pccx_npu_top/u_npu_controller_top/u_npu_frontend/u_cmd_in/u_cmd_q/q\\.mem_reg[3][55]/C
                         clock pessimism              0.194    13.169    
                         clock uncertainty           -0.160    13.009    
    SLICE_X38Y170        FDRE (Setup_GFF_SLICEM_C_CE)
                                                     -0.081    12.928    pccx_v002_system_i/u_npu/inst/u_wrap/u_pccx_npu_top/u_npu_controller_top/u_npu_frontend/u_cmd_in/u_cmd_q/q\\.mem_reg[3][55]
  -------------------------------------------------------------------
                         required time                         12.928    
                         arrival time                         -10.449    
  -------------------------------------------------------------------
                         slack                                  2.479    

Slack (MET) :             2.528ns  (required time - arrival time)
  Source:                 pccx_v002_system_i/rst_axi/U0/ACTIVE_LOW_PR_OUT_DFF[0].FDRE_PER_N/C
                            (rising edge-triggered cell FDRE clocked by clk_pl_0  {rise@0.000ns fall@5.000ns period=10.000ns})
  Destination:            pccx_v002_system_i/u_npu/inst/u_wrap/u_pccx_npu_top/u_npu_controller_top/u_npu_frontend/u_cmd_in/u_cmd_q/q\\.mem_reg[3][2]/CE
                            (rising edge-triggered cell FDRE clocked by clk_pl_0  {rise@0.000ns fall@5.000ns period=10.000ns})
  Path Group:             clk_pl_0
  Path Type:              Setup (Max at Slow Process Corner)
  Requirement:            10.000ns  (clk_pl_0 rise@10.000ns - clk_pl_0 rise@0.000ns)
  Data Path Delay:        7.115ns  (logic 0.196ns (2.755%)  route 6.919ns (97.245%))
  Logic Levels:           1  (LUT5=1)
  Clock Path Skew:        -0.116ns (DCD - SCD + CPR)
    Destination Clock Delay (DCD):    2.963ns = ( 12.963 - 10.000 ) 
    Source Clock Delay      (SCD):    3.273ns
    Clock Pessimism Removal (CPR):    0.194ns
  Clock Uncertainty:      0.160ns  ((TSJ^2 + DJ^2)^1/2) / 2 + PE
    Total System Jitter     (TSJ):    0.071ns
    Discrete Jitter          (DJ):    0.312ns
    Phase Error              (PE):    0.000ns
  Clock Net Delay (Source):      3.006ns (routing 1.681ns, distribution 1.325ns)
  Clock Net Delay (Destination): 2.747ns (routing 1.538ns, distribution 1.209ns)

    Location             Delay type                Incr(ns)  Path(ns)    Netlist Resource(s)
  -------------------------------------------------------------------    -------------------
                         (clock clk_pl_0 rise edge)
                                                      0.000     0.000 r  
    PS8_X0Y0             PS8                          0.000     0.000 r  pccx_v002_system_i/zynq_ps/inst/PS8_i/PLCLK[0]
                         net (fo=1, routed)           0.229     0.229    pccx_v002_system_i/zynq_ps/inst/pl_clk_unbuffered[0]
    BUFG_PS_X0Y90        BUFG_PS (Prop_BUFG_PS_I_O)
                                                      0.038     0.267 r  pccx_v002_system_i/zynq_ps/inst/buffer_pl_clk_0.PL_CLK_0_BUFG/O
    X1Y1 (CLOCK_ROOT)    net (fo=82020, routed)       3.006     3.273    pccx_v002_system_i/rst_axi/U0/slowest_sync_clk
    SLICE_X29Y89         FDRE                                         r  pccx_v002_system_i/rst_axi/U0/ACTIVE_LOW_PR_OUT_DFF[0].FDRE_PER_N/C
  -------------------------------------------------------------------    -------------------
    SLICE_X29Y89         FDRE (Prop_BFF_SLICEM_C_Q)
                                                      0.112     3.385 r  pccx_v002_system_i/rst_axi/U0/ACTIVE_LOW_PR_OUT_DFF[0].FDRE_PER_N/Q
                         net (fo=380, routed)         4.753     8.138    pccx_v002_system_i/u_npu/inst/u_wrap/u_pccx_npu_top/u_npu_controller_top/u_npu_frontend/u_cmd_in/u_cmd_q/lopt
    SLICE_X34Y186        LUT5 (Prop_H6LUT_SLICEM_I0_O)
                                                      0.084     8.222 r  pccx_v002_system_i/u_npu/inst/u_wrap/u_pccx_npu_top/u_npu_controller_top/u_npu_frontend/u_cmd_in/u_cmd_q/q\\.mem[3][63]_i_1/O
                         net (fo=63, routed)          2.166    10.388    pccx_v002_system_i/u_npu/inst/u_wrap/u_pccx_npu_top/u_npu_controller_top/u_npu_frontend/u_cmd_in/u_cmd_q/q\\.mem[3][63]_i_1_n_0
    SLICE_X40Y170        FDRE                                         r  pccx_v002_system_i/u_npu/inst/u_wrap/u_pccx_npu_top/u_npu_controller_top/u_npu_frontend/u_cmd_in/u_cmd_q/q\\.mem_reg[3][2]/CE
  -------------------------------------------------------------------    -------------------

                         (clock clk_pl_0 rise edge)
                                                     10.000    10.000 r  
    PS8_X0Y0             PS8                          0.000    10.000 r  pccx_v002_system_i/zynq_ps/inst/PS8_i/PLCLK[0]
                         net (fo=1, routed)           0.181    10.181    pccx_v002_system_i/zynq_ps/inst/pl_clk_unbuffered[0]
    BUFG_PS_X0Y90        BUFG_PS (Prop_BUFG_PS_I_O)
                                                      0.035    10.216 r  pccx_v002_system_i/zynq_ps/inst/buffer_pl_clk_0.PL_CLK_0_BUFG/O
    X1Y1 (CLOCK_ROOT)    net (fo=82020, routed)       2.747    12.963    pccx_v002_system_i/u_npu/inst/u_wrap/u_pccx_npu_top/u_npu_controller_top/u_npu_frontend/u_cmd_in/u_cmd_q/clk_core
    SLICE_X40Y170        FDRE                                         r  pccx_v002_system_i/u_npu/inst/u_wrap/u_pccx_npu_top/u_npu_controller_top/u_npu_frontend/u_cmd_in/u_cmd_q/q\\.mem_reg[3][2]/C
                         clock pessimism              0.194    13.157    
                         clock uncertainty           -0.160    12.997    
    SLICE_X40Y170        FDRE (Setup_HFF_SLICEM_C_CE)
                                                     -0.081    12.916    pccx_v002_system_i/u_npu/inst/u_wrap/u_pccx_npu_top/u_npu_controller_top/u_npu_frontend/u_cmd_in/u_cmd_q/q\\.mem_reg[3][2]
  -------------------------------------------------------------------
                         required time                         12.916    
                         arrival time                         -10.388    
  -------------------------------------------------------------------
                         slack                                  2.528    

Slack (MET) :             2.528ns  (required time - arrival time)
  Source:                 pccx_v002_system_i/rst_axi/U0/ACTIVE_LOW_PR_OUT_DFF[0].FDRE_PER_N/C
                            (rising edge-triggered cell FDRE clocked by clk_pl_0  {rise@0.000ns fall@5.000ns period=10.000ns})
  Destination:            pccx_v002_system_i/u_npu/inst/u_wrap/u_pccx_npu_top/u_npu_controller_top/u_npu_frontend/u_cmd_in/u_cmd_q/q\\.mem_reg[3][45]/CE
                            (rising edge-triggered cell FDRE clocked by clk_pl_0  {rise@0.000ns fall@5.000ns period=10.000ns})
  Path Group:             clk_pl_0
  Path Type:              Setup (Max at Slow Process Corner)
  Requirement:            10.000ns  (clk_pl_0 rise@10.000ns - clk_pl_0 rise@0.000ns)
  Data Path Delay:        7.115ns  (logic 0.196ns (2.755%)  route 6.919ns (97.245%))
  Logic Levels:           1  (LUT5=1)
  Clock Path Skew:        -0.116ns (DCD - SCD + CPR)
    Destination Clock Delay (DCD):    2.963ns = ( 12.963 - 10.000 ) 
    Source Clock Delay      (SCD):    3.273ns
    Clock Pessimism Removal (CPR):    0.194ns
  Clock Uncertainty:      0.160ns  ((TSJ^2 + DJ^2)^1/2) / 2 + PE
    Total System Jitter     (TSJ):    0.071ns
    Discrete Jitter          (DJ):    0.312ns
    Phase Error              (PE):    0.000ns
  Clock Net Delay (Source):      3.006ns (routing 1.681ns, distribution 1.325ns)
  Clock Net Delay (Destination): 2.747ns (routing 1.538ns, distribution 1.209ns)

    Location             Delay type                Incr(ns)  Path(ns)    Netlist Resource(s)
  -------------------------------------------------------------------    -------------------
                         (clock clk_pl_0 rise edge)
                                                      0.000     0.000 r  
    PS8_X0Y0             PS8                          0.000     0.000 r  pccx_v002_system_i/zynq_ps/inst/PS8_i/PLCLK[0]
                         net (fo=1, routed)           0.229     0.229    pccx_v002_system_i/zynq_ps/inst/pl_clk_unbuffered[0]
    BUFG_PS_X0Y90        BUFG_PS (Prop_BUFG_PS_I_O)
                                                      0.038     0.267 r  pccx_v002_system_i/zynq_ps/inst/buffer_pl_clk_0.PL_CLK_0_BUFG/O
    X1Y1 (CLOCK_ROOT)    net (fo=82020, routed)       3.006     3.273    pccx_v002_system_i/rst_axi/U0/slowest_sync_clk
    SLICE_X29Y89         FDRE                                         r  pccx_v002_system_i/rst_axi/U0/ACTIVE_LOW_PR_OUT_DFF[0].FDRE_PER_N/C
  -------------------------------------------------------------------    -------------------
    SLICE_X29Y89         FDRE (Prop_BFF_SLICEM_C_Q)
                                                      0.112     3.385 r  pccx_v002_system_i/rst_axi/U0/ACTIVE_LOW_PR_OUT_DFF[0].FDRE_PER_N/Q
                         net (fo=380, routed)         4.753     8.138    pccx_v002_system_i/u_npu/inst/u_wrap/u_pccx_npu_top/u_npu_controller_top/u_npu_frontend/u_cmd_in/u_cmd_q/lopt
    SLICE_X34Y186        LUT5 (Prop_H6LUT_SLICEM_I0_O)
                                                      0.084     8.222 r  pccx_v002_system_i/u_npu/inst/u_wrap/u_pccx_npu_top/u_npu_controller_top/u_npu_frontend/u_cmd_in/u_cmd_q/q\\.mem[3][63]_i_1/O
                         net (fo=63, routed)          2.166    10.388    pccx_v002_system_i/u_npu/inst/u_wrap/u_pccx_npu_top/u_npu_controller_top/u_npu_frontend/u_cmd_in/u_cmd_q/q\\.mem[3][63]_i_1_n_0
    SLICE_X40Y170        FDRE                                         r  pccx_v002_system_i/u_npu/inst/u_wrap/u_pccx_npu_top/u_npu_controller_top/u_npu_frontend/u_cmd_in/u_cmd_q/q\\.mem_reg[3][45]/CE
  -------------------------------------------------------------------    -------------------

                         (clock clk_pl_0 rise edge)
                                                     10.000    10.000 r  
    PS8_X0Y0             PS8                          0.000    10.000 r  pccx_v002_system_i/zynq_ps/inst/PS8_i/PLCLK[0]
                         net (fo=1, routed)           0.181    10.181    pccx_v002_system_i/zynq_ps/inst/pl_clk_unbuffered[0]
    BUFG_PS_X0Y90        BUFG_PS (Prop_BUFG_PS_I_O)
                                                      0.035    10.216 r  pccx_v002_system_i/zynq_ps/inst/buffer_pl_clk_0.PL_CLK_0_BUFG/O
    X1Y1 (CLOCK_ROOT)    net (fo=82020, routed)       2.747    12.963    pccx_v002_system_i/u_npu/inst/u_wrap/u_pccx_npu_top/u_npu_controller_top/u_npu_frontend/u_cmd_in/u_cmd_q/clk_core
    SLICE_X40Y170        FDRE                                         r  pccx_v002_system_i/u_npu/inst/u_wrap/u_pccx_npu_top/u_npu_controller_top/u_npu_frontend/u_cmd_in/u_cmd_q/q\\.mem_reg[3][45]/C
                         clock pessimism              0.194    13.157    
                         clock uncertainty           -0.160    12.997    
    SLICE_X40Y170        FDRE (Setup_GFF_SLICEM_C_CE)
                                                     -0.081    12.916    pccx_v002_system_i/u_npu/inst/u_wrap/u_pccx_npu_top/u_npu_controller_top/u_npu_frontend/u_cmd_in/u_cmd_q/q\\.mem_reg[3][45]
  -------------------------------------------------------------------
                         required time                         12.916    
                         arrival time                         -10.388    
  -------------------------------------------------------------------
                         slack                                  2.528    

Slack (MET) :             2.528ns  (required time - arrival time)
  Source:                 pccx_v002_system_i/rst_axi/U0/ACTIVE_LOW_PR_OUT_DFF[0].FDRE_PER_N/C
                            (rising edge-triggered cell FDRE clocked by clk_pl_0  {rise@0.000ns fall@5.000ns period=10.000ns})
  Destination:            pccx_v002_system_i/u_npu/inst/u_wrap/u_pccx_npu_top/u_npu_controller_top/u_npu_frontend/u_cmd_in/u_cmd_q/q\\.mem_reg[3][46]/CE
                            (rising edge-triggered cell FDRE clocked by clk_pl_0  {rise@0.000ns fall@5.000ns period=10.000ns})
  Path Group:             clk_pl_0
  Path Type:              Setup (Max at Slow Process Corner)
  Requirement:            10.000ns  (clk_pl_0 rise@10.000ns - clk_pl_0 rise@0.000ns)
  Data Path Delay:        7.115ns  (logic 0.196ns (2.755%)  route 6.919ns (97.245%))
  Logic Levels:           1  (LUT5=1)
  Clock Path Skew:        -0.116ns (DCD - SCD + CPR)
    Destination Clock Delay (DCD):    2.963ns = ( 12.963 - 10.000 ) 
    Source Clock Delay      (SCD):    3.273ns
    Clock Pessimism Removal (CPR):    0.194ns
  Clock Uncertainty:      0.160ns  ((TSJ^2 + DJ^2)^1/2) / 2 + PE
    Total System Jitter     (TSJ):    0.071ns
    Discrete Jitter          (DJ):    0.312ns
    Phase Error              (PE):    0.000ns
  Clock Net Delay (Source):      3.006ns (routing 1.681ns, distribution 1.325ns)
  Clock Net Delay (Destination): 2.747ns (routing 1.538ns, distribution 1.209ns)

    Location             Delay type                Incr(ns)  Path(ns)    Netlist Resource(s)
  -------------------------------------------------------------------    -------------------
                         (clock clk_pl_0 rise edge)
                                                      0.000     0.000 r  
    PS8_X0Y0             PS8                          0.000     0.000 r  pccx_v002_system_i/zynq_ps/inst/PS8_i/PLCLK[0]
                         net (fo=1, routed)           0.229     0.229    pccx_v002_system_i/zynq_ps/inst/pl_clk_unbuffered[0]
    BUFG_PS_X0Y90        BUFG_PS (Prop_BUFG_PS_I_O)
                                                      0.038     0.267 r  pccx_v002_system_i/zynq_ps/inst/buffer_pl_clk_0.PL_CLK_0_BUFG/O
    X1Y1 (CLOCK_ROOT)    net (fo=82020, routed)       3.006     3.273    pccx_v002_system_i/rst_axi/U0/slowest_sync_clk
    SLICE_X29Y89         FDRE                                         r  pccx_v002_system_i/rst_axi/U0/ACTIVE_LOW_PR_OUT_DFF[0].FDRE_PER_N/C
  -------------------------------------------------------------------    -------------------
    SLICE_X29Y89         FDRE (Prop_BFF_SLICEM_C_Q)
                                                      0.112     3.385 r  pccx_v002_system_i/rst_axi/U0/ACTIVE_LOW_PR_OUT_DFF[0].FDRE_PER_N/Q
                         net (fo=380, routed)         4.753     8.138    pccx_v002_system_i/u_npu/inst/u_wrap/u_pccx_npu_top/u_npu_controller_top/u_npu_frontend/u_cmd_in/u_cmd_q/lopt
    SLICE_X34Y186        LUT5 (Prop_H6LUT_SLICEM_I0_O)
                                                      0.084     8.222 r  pccx_v002_system_i/u_npu/inst/u_wrap/u_pccx_npu_top/u_npu_controller_top/u_npu_frontend/u_cmd_in/u_cmd_q/q\\.mem[3][63]_i_1/O
                         net (fo=63, routed)          2.166    10.388    pccx_v002_system_i/u_npu/inst/u_wrap/u_pccx_npu_top/u_npu_controller_top/u_npu_frontend/u_cmd_in/u_cmd_q/q\\.mem[3][63]_i_1_n_0
    SLICE_X40Y170        FDRE                                         r  pccx_v002_system_i/u_npu/inst/u_wrap/u_pccx_npu_top/u_npu_controller_top/u_npu_frontend/u_cmd_in/u_cmd_q/q\\.mem_reg[3][46]/CE
  -------------------------------------------------------------------    -------------------

                         (clock clk_pl_0 rise edge)
                                                     10.000    10.000 r  
    PS8_X0Y0             PS8                          0.000    10.000 r  pccx_v002_system_i/zynq_ps/inst/PS8_i/PLCLK[0]
                         net (fo=1, routed)           0.181    10.181    pccx_v002_system_i/zynq_ps/inst/pl_clk_unbuffered[0]
    BUFG_PS_X0Y90        BUFG_PS (Prop_BUFG_PS_I_O)
                                                      0.035    10.216 r  pccx_v002_system_i/zynq_ps/inst/buffer_pl_clk_0.PL_CLK_0_BUFG/O
    X1Y1 (CLOCK_ROOT)    net (fo=82020, routed)       2.747    12.963    pccx_v002_system_i/u_npu/inst/u_wrap/u_pccx_npu_top/u_npu_controller_top/u_npu_frontend/u_cmd_in/u_cmd_q/clk_core
    SLICE_X40Y170        FDRE                                         r  pccx_v002_system_i/u_npu/inst/u_wrap/u_pccx_npu_top/u_npu_controller_top/u_npu_frontend/u_cmd_in/u_cmd_q/q\\.mem_reg[3][46]/C
                         clock pessimism              0.194    13.157    
                         clock uncertainty           -0.160    12.997    
    SLICE_X40Y170        FDRE (Setup_FFF_SLICEM_C_CE)
                                                     -0.081    12.916    pccx_v002_system_i/u_npu/inst/u_wrap/u_pccx_npu_top/u_npu_controller_top/u_npu_frontend/u_cmd_in/u_cmd_q/q\\.mem_reg[3][46]
  -------------------------------------------------------------------
                         required time                         12.916    
                         arrival time                         -10.388    
  -------------------------------------------------------------------
                         slack                                  2.528    

Slack (MET) :             2.544ns  (required time - arrival time)
  Source:                 pccx_v002_system_i/rst_axi/U0/ACTIVE_LOW_PR_OUT_DFF[0].FDRE_PER_N/C
                            (rising edge-triggered cell FDRE clocked by clk_pl_0  {rise@0.000ns fall@5.000ns period=10.000ns})
  Destination:            pccx_v002_system_i/u_npu/inst/u_wrap/u_pccx_npu_top/u_npu_controller_top/u_npu_frontend/u_cmd_in/u_cmd_q/q\\.mem_reg[3][12]/CE
                            (rising edge-triggered cell FDRE clocked by clk_pl_0  {rise@0.000ns fall@5.000ns period=10.000ns})
  Path Group:             clk_pl_0
  Path Type:              Setup (Max at Slow Process Corner)
  Requirement:            10.000ns  (clk_pl_0 rise@10.000ns - clk_pl_0 rise@0.000ns)
  Data Path Delay:        7.101ns  (logic 0.196ns (2.760%)  route 6.905ns (97.240%))
  Logic Levels:           1  (LUT5=1)
  Clock Path Skew:        -0.115ns (DCD - SCD + CPR)
    Destination Clock Delay (DCD):    2.964ns = ( 12.964 - 10.000 ) 
    Source Clock Delay      (SCD):    3.273ns
    Clock Pessimism Removal (CPR):    0.194ns
  Clock Uncertainty:      0.160ns  ((TSJ^2 + DJ^2)^1/2) / 2 + PE
    Total System Jitter     (TSJ):    0.071ns
    Discrete Jitter          (DJ):    0.312ns
    Phase Error              (PE):    0.000ns
  Clock Net Delay (Source):      3.006ns (routing 1.681ns, distribution 1.325ns)
  Clock Net Delay (Destination): 2.748ns (routing 1.538ns, distribution 1.210ns)

    Location             Delay type                Incr(ns)  Path(ns)    Netlist Resource(s)
  -------------------------------------------------------------------    -------------------
                         (clock clk_pl_0 rise edge)
                                                      0.000     0.000 r  
    PS8_X0Y0             PS8                          0.000     0.000 r  pccx_v002_system_i/zynq_ps/inst/PS8_i/PLCLK[0]
                         net (fo=1, routed)           0.229     0.229    pccx_v002_system_i/zynq_ps/inst/pl_clk_unbuffered[0]
    BUFG_PS_X0Y90        BUFG_PS (Prop_BUFG_PS_I_O)
                                                      0.038     0.267 r  pccx_v002_system_i/zynq_ps/inst/buffer_pl_clk_0.PL_CLK_0_BUFG/O
    X1Y1 (CLOCK_ROOT)    net (fo=82020, routed)       3.006     3.273    pccx_v002_system_i/rst_axi/U0/slowest_sync_clk
    SLICE_X29Y89         FDRE                                         r  pccx_v002_system_i/rst_axi/U0/ACTIVE_LOW_PR_OUT_DFF[0].FDRE_PER_N/C
  -------------------------------------------------------------------    -------------------
    SLICE_X29Y89         FDRE (Prop_BFF_SLICEM_C_Q)
                                                      0.112     3.385 r  pccx_v002_system_i/rst_axi/U0/ACTIVE_LOW_PR_OUT_DFF[0].FDRE_PER_N/Q
                         net (fo=380, routed)         4.753     8.138    pccx_v002_system_i/u_npu/inst/u_wrap/u_pccx_npu_top/u_npu_controller_top/u_npu_frontend/u_cmd_in/u_cmd_q/lopt
    SLICE_X34Y186        LUT5 (Prop_H6LUT_SLICEM_I0_O)
                                                      0.084     8.222 r  pccx_v002_system_i/u_npu/inst/u_wrap/u_pccx_npu_top/u_npu_controller_top/u_npu_frontend/u_cmd_in/u_cmd_q/q\\.mem[3][63]_i_1/O
                         net (fo=63, routed)          2.151    10.373    pccx_v002_system_i/u_npu/inst/u_wrap/u_pccx_npu_top/u_npu_controller_top/u_npu_frontend/u_cmd_in/u_cmd_q/q\\.mem[3][63]_i_1_n_0
    SLICE_X40Y173        FDRE                                         r  pccx_v002_system_i/u_npu/inst/u_wrap/u_pccx_npu_top/u_npu_controller_top/u_npu_frontend/u_cmd_in/u_cmd_q/q\\.mem_reg[3][12]/CE
  -------------------------------------------------------------------    -------------------

                         (clock clk_pl_0 rise edge)
                                                     10.000    10.000 r  
    PS8_X0Y0             PS8                          0.000    10.000 r  pccx_v002_system_i/zynq_ps/inst/PS8_i/PLCLK[0]
                         net (fo=1, routed)           0.181    10.181    pccx_v002_system_i/zynq_ps/inst/pl_clk_unbuffered[0]
    BUFG_PS_X0Y90        BUFG_PS (Prop_BUFG_PS_I_O)
                                                      0.035    10.216 r  pccx_v002_system_i/zynq_ps/inst/buffer_pl_clk_0.PL_CLK_0_BUFG/O
    X1Y1 (CLOCK_ROOT)    net (fo=82020, routed)       2.748    12.964    pccx_v002_system_i/u_npu/inst/u_wrap/u_pccx_npu_top/u_npu_controller_top/u_npu_frontend/u_cmd_in/u_cmd_q/clk_core
    SLICE_X40Y173        FDRE                                         r  pccx_v002_system_i/u_npu/inst/u_wrap/u_pccx_npu_top/u_npu_controller_top/u_npu_frontend/u_cmd_in/u_cmd_q/q\\.mem_reg[3][12]/C
                         clock pessimism              0.194    13.158    
                         clock uncertainty           -0.160    12.998    
    SLICE_X40Y173        FDRE (Setup_HFF_SLICEM_C_CE)
                                                     -0.081    12.917    pccx_v002_system_i/u_npu/inst/u_wrap/u_pccx_npu_top/u_npu_controller_top/u_npu_frontend/u_cmd_in/u_cmd_q/q\\.mem_reg[3][12]
  -------------------------------------------------------------------
                         required time                         12.917    
                         arrival time                         -10.373    
  -------------------------------------------------------------------
                         slack                                  2.544    

Slack (MET) :             2.544ns  (required time - arrival time)
  Source:                 pccx_v002_system_i/rst_axi/U0/ACTIVE_LOW_PR_OUT_DFF[0].FDRE_PER_N/C
                            (rising edge-triggered cell FDRE clocked by clk_pl_0  {rise@0.000ns fall@5.000ns period=10.000ns})
  Destination:            pccx_v002_system_i/u_npu/inst/u_wrap/u_pccx_npu_top/u_npu_controller_top/u_npu_frontend/u_cmd_in/u_cmd_q/q\\.mem_reg[3][41]/CE
                            (rising edge-triggered cell FDRE clocked by clk_pl_0  {rise@0.000ns fall@5.000ns period=10.000ns})
  Path Group:             clk_pl_0
  Path Type:              Setup (Max at Slow Process Corner)
  Requirement:            10.000ns  (clk_pl_0 rise@10.000ns - clk_pl_0 rise@0.000ns)
  Data Path Delay:        7.101ns  (logic 0.196ns (2.760%)  route 6.905ns (97.240%))
  Logic Levels:           1  (LUT5=1)
  Clock Path Skew:        -0.115ns (DCD - SCD + CPR)
    Destination Clock Delay (DCD):    2.964ns = ( 12.964 - 10.000 ) 
    Source Clock Delay      (SCD):    3.273ns
    Clock Pessimism Removal (CPR):    0.194ns
  Clock Uncertainty:      0.160ns  ((TSJ^2 + DJ^2)^1/2) / 2 + PE
    Total System Jitter     (TSJ):    0.071ns
    Discrete Jitter          (DJ):    0.312ns
    Phase Error              (PE):    0.000ns
  Clock Net Delay (Source):      3.006ns (routing 1.681ns, distribution 1.325ns)
  Clock Net Delay (Destination): 2.748ns (routing 1.538ns, distribution 1.210ns)

    Location             Delay type                Incr(ns)  Path(ns)    Netlist Resource(s)
  -------------------------------------------------------------------    -------------------
                         (clock clk_pl_0 rise edge)
                                                      0.000     0.000 r  
    PS8_X0Y0             PS8                          0.000     0.000 r  pccx_v002_system_i/zynq_ps/inst/PS8_i/PLCLK[0]
                         net (fo=1, routed)           0.229     0.229    pccx_v002_system_i/zynq_ps/inst/pl_clk_unbuffered[0]
    BUFG_PS_X0Y90        BUFG_PS (Prop_BUFG_PS_I_O)
                                                      0.038     0.267 r  pccx_v002_system_i/zynq_ps/inst/buffer_pl_clk_0.PL_CLK_0_BUFG/O
    X1Y1 (CLOCK_ROOT)    net (fo=82020, routed)       3.006     3.273    pccx_v002_system_i/rst_axi/U0/slowest_sync_clk
    SLICE_X29Y89         FDRE                                         r  pccx_v002_system_i/rst_axi/U0/ACTIVE_LOW_PR_OUT_DFF[0].FDRE_PER_N/C
  -------------------------------------------------------------------    -------------------
    SLICE_X29Y89         FDRE (Prop_BFF_SLICEM_C_Q)
                                                      0.112     3.385 r  pccx_v002_system_i/rst_axi/U0/ACTIVE_LOW_PR_OUT_DFF[0].FDRE_PER_N/Q
                         net (fo=380, routed)         4.753     8.138    pccx_v002_system_i/u_npu/inst/u_wrap/u_pccx_npu_top/u_npu_controller_top/u_npu_frontend/u_cmd_in/u_cmd_q/lopt
    SLICE_X34Y186        LUT5 (Prop_H6LUT_SLICEM_I0_O)
                                                      0.084     8.222 r  pccx_v002_system_i/u_npu/inst/u_wrap/u_pccx_npu_top/u_npu_controller_top/u_npu_frontend/u_cmd_in/u_cmd_q/q\\.mem[3][63]_i_1/O
                         net (fo=63, routed)          2.151    10.373    pccx_v002_system_i/u_npu/inst/u_wrap/u_pccx_npu_top/u_npu_controller_top/u_npu_frontend/u_cmd_in/u_cmd_q/q\\.mem[3][63]_i_1_n_0
    SLICE_X40Y173        FDRE                                         r  pccx_v002_system_i/u_npu/inst/u_wrap/u_pccx_npu_top/u_npu_controller_top/u_npu_frontend/u_cmd_in/u_cmd_q/q\\.mem_reg[3][41]/CE
  -------------------------------------------------------------------    -------------------

                         (clock clk_pl_0 rise edge)
                                                     10.000    10.000 r  
    PS8_X0Y0             PS8                          0.000    10.000 r  pccx_v002_system_i/zynq_ps/inst/PS8_i/PLCLK[0]
                         net (fo=1, routed)           0.181    10.181    pccx_v002_system_i/zynq_ps/inst/pl_clk_unbuffered[0]
    BUFG_PS_X0Y90        BUFG_PS (Prop_BUFG_PS_I_O)
                                                      0.035    10.216 r  pccx_v002_system_i/zynq_ps/inst/buffer_pl_clk_0.PL_CLK_0_BUFG/O
    X1Y1 (CLOCK_ROOT)    net (fo=82020, routed)       2.748    12.964    pccx_v002_system_i/u_npu/inst/u_wrap/u_pccx_npu_top/u_npu_controller_top/u_npu_frontend/u_cmd_in/u_cmd_q/clk_core
    SLICE_X40Y173        FDRE                                         r  pccx_v002_system_i/u_npu/inst/u_wrap/u_pccx_npu_top/u_npu_controller_top/u_npu_frontend/u_cmd_in/u_cmd_q/q\\.mem_reg[3][41]/C
                         clock pessimism              0.194    13.158    
                         clock uncertainty           -0.160    12.998    
    SLICE_X40Y173        FDRE (Setup_GFF_SLICEM_C_CE)
                                                     -0.081    12.917    pccx_v002_system_i/u_npu/inst/u_wrap/u_pccx_npu_top/u_npu_controller_top/u_npu_frontend/u_cmd_in/u_cmd_q/q\\.mem_reg[3][41]
  -------------------------------------------------------------------
                         required time                         12.917    
                         arrival time                         -10.373    
  -------------------------------------------------------------------
                         slack                                  2.544    

Slack (MET) :             2.544ns  (required time - arrival time)
  Source:                 pccx_v002_system_i/rst_axi/U0/ACTIVE_LOW_PR_OUT_DFF[0].FDRE_PER_N/C
                            (rising edge-triggered cell FDRE clocked by clk_pl_0  {rise@0.000ns fall@5.000ns period=10.000ns})
  Destination:            pccx_v002_system_i/u_npu/inst/u_wrap/u_pccx_npu_top/u_npu_controller_top/u_npu_frontend/u_cmd_in/u_cmd_q/q\\.mem_reg[3][42]/CE
                            (rising edge-triggered cell FDRE clocked by clk_pl_0  {rise@0.000ns fall@5.000ns period=10.000ns})
  Path Group:             clk_pl_0
  Path Type:              Setup (Max at Slow Process Corner)
  Requirement:            10.000ns  (clk_pl_0 rise@10.000ns - clk_pl_0 rise@0.000ns)
  Data Path Delay:        7.101ns  (logic 0.196ns (2.760%)  route 6.905ns (97.240%))
  Logic Levels:           1  (LUT5=1)
  Clock Path Skew:        -0.115ns (DCD - SCD + CPR)
    Destination Clock Delay (DCD):    2.964ns = ( 12.964 - 10.000 ) 
    Source Clock Delay      (SCD):    3.273ns
    Clock Pessimism Removal (CPR):    0.194ns
  Clock Uncertainty:      0.160ns  ((TSJ^2 + DJ^2)^1/2) / 2 + PE
    Total System Jitter     (TSJ):    0.071ns
    Discrete Jitter          (DJ):    0.312ns
    Phase Error              (PE):    0.000ns
  Clock Net Delay (Source):      3.006ns (routing 1.681ns, distribution 1.325ns)
  Clock Net Delay (Destination): 2.748ns (routing 1.538ns, distribution 1.210ns)

    Location             Delay type                Incr(ns)  Path(ns)    Netlist Resource(s)
  -------------------------------------------------------------------    -------------------
                         (clock clk_pl_0 rise edge)
                                                      0.000     0.000 r  
    PS8_X0Y0             PS8                          0.000     0.000 r  pccx_v002_system_i/zynq_ps/inst/PS8_i/PLCLK[0]
                         net (fo=1, routed)           0.229     0.229    pccx_v002_system_i/zynq_ps/inst/pl_clk_unbuffered[0]
    BUFG_PS_X0Y90        BUFG_PS (Prop_BUFG_PS_I_O)
                                                      0.038     0.267 r  pccx_v002_system_i/zynq_ps/inst/buffer_pl_clk_0.PL_CLK_0_BUFG/O
    X1Y1 (CLOCK_ROOT)    net (fo=82020, routed)       3.006     3.273    pccx_v002_system_i/rst_axi/U0/slowest_sync_clk
    SLICE_X29Y89         FDRE                                         r  pccx_v002_system_i/rst_axi/U0/ACTIVE_LOW_PR_OUT_DFF[0].FDRE_PER_N/C
  -------------------------------------------------------------------    -------------------
    SLICE_X29Y89         FDRE (Prop_BFF_SLICEM_C_Q)
                                                      0.112     3.385 r  pccx_v002_system_i/rst_axi/U0/ACTIVE_LOW_PR_OUT_DFF[0].FDRE_PER_N/Q
                         net (fo=380, routed)         4.753     8.138    pccx_v002_system_i/u_npu/inst/u_wrap/u_pccx_npu_top/u_npu_controller_top/u_npu_frontend/u_cmd_in/u_cmd_q/lopt
    SLICE_X34Y186        LUT5 (Prop_H6LUT_SLICEM_I0_O)
                                                      0.084     8.222 r  pccx_v002_system_i/u_npu/inst/u_wrap/u_pccx_npu_top/u_npu_controller_top/u_npu_frontend/u_cmd_in/u_cmd_q/q\\.mem[3][63]_i_1/O
                         net (fo=63, routed)          2.151    10.373    pccx_v002_system_i/u_npu/inst/u_wrap/u_pccx_npu_top/u_npu_controller_top/u_npu_frontend/u_cmd_in/u_cmd_q/q\\.mem[3][63]_i_1_n_0
    SLICE_X40Y173        FDRE                                         r  pccx_v002_system_i/u_npu/inst/u_wrap/u_pccx_npu_top/u_npu_controller_top/u_npu_frontend/u_cmd_in/u_cmd_q/q\\.mem_reg[3][42]/CE
  -------------------------------------------------------------------    -------------------

                         (clock clk_pl_0 rise edge)
                                                     10.000    10.000 r  
    PS8_X0Y0             PS8                          0.000    10.000 r  pccx_v002_system_i/zynq_ps/inst/PS8_i/PLCLK[0]
                         net (fo=1, routed)           0.181    10.181    pccx_v002_system_i/zynq_ps/inst/pl_clk_unbuffered[0]
    BUFG_PS_X0Y90        BUFG_PS (Prop_BUFG_PS_I_O)
                                                      0.035    10.216 r  pccx_v002_system_i/zynq_ps/inst/buffer_pl_clk_0.PL_CLK_0_BUFG/O
    X1Y1 (CLOCK_ROOT)    net (fo=82020, routed)       2.748    12.964    pccx_v002_system_i/u_npu/inst/u_wrap/u_pccx_npu_top/u_npu_controller_top/u_npu_frontend/u_cmd_in/u_cmd_q/clk_core
    SLICE_X40Y173        FDRE                                         r  pccx_v002_system_i/u_npu/inst/u_wrap/u_pccx_npu_top/u_npu_controller_top/u_npu_frontend/u_cmd_in/u_cmd_q/q\\.mem_reg[3][42]/C
                         clock pessimism              0.194    13.158    
                         clock uncertainty           -0.160    12.998    
    SLICE_X40Y173        FDRE (Setup_FFF_SLICEM_C_CE)
                                                     -0.081    12.917    pccx_v002_system_i/u_npu/inst/u_wrap/u_pccx_npu_top/u_npu_controller_top/u_npu_frontend/u_cmd_in/u_cmd_q/q\\.mem_reg[3][42]
  -------------------------------------------------------------------
                         required time                         12.917    
                         arrival time                         -10.373    
  -------------------------------------------------------------------
                         slack                                  2.544    

Slack (MET) :             2.544ns  (required time - arrival time)
  Source:                 pccx_v002_system_i/rst_axi/U0/ACTIVE_LOW_PR_OUT_DFF[0].FDRE_PER_N/C
                            (rising edge-triggered cell FDRE clocked by clk_pl_0  {rise@0.000ns fall@5.000ns period=10.000ns})
  Destination:            pccx_v002_system_i/u_npu/inst/u_wrap/u_pccx_npu_top/u_npu_controller_top/u_npu_frontend/u_cmd_in/u_cmd_q/q\\.mem_reg[3][51]/CE
                            (rising edge-triggered cell FDRE clocked by clk_pl_0  {rise@0.000ns fall@5.000ns period=10.000ns})
  Path Group:             clk_pl_0
  Path Type:              Setup (Max at Slow Process Corner)
  Requirement:            10.000ns  (clk_pl_0 rise@10.000ns - clk_pl_0 rise@0.000ns)
  Data Path Delay:        7.101ns  (logic 0.196ns (2.760%)  route 6.905ns (97.240%))
  Logic Levels:           1  (LUT5=1)
  Clock Path Skew:        -0.115ns (DCD - SCD + CPR)
    Destination Clock Delay (DCD):    2.964ns = ( 12.964 - 10.000 ) 
    Source Clock Delay      (SCD):    3.273ns
    Clock Pessimism Removal (CPR):    0.194ns
  Clock Uncertainty:      0.160ns  ((TSJ^2 + DJ^2)^1/2) / 2 + PE
    Total System Jitter     (TSJ):    0.071ns
    Discrete Jitter          (DJ):    0.312ns
    Phase Error              (PE):    0.000ns
  Clock Net Delay (Source):      3.006ns (routing 1.681ns, distribution 1.325ns)
  Clock Net Delay (Destination): 2.748ns (routing 1.538ns, distribution 1.210ns)

    Location             Delay type                Incr(ns)  Path(ns)    Netlist Resource(s)
  -------------------------------------------------------------------    -------------------
                         (clock clk_pl_0 rise edge)
                                                      0.000     0.000 r  
    PS8_X0Y0             PS8                          0.000     0.000 r  pccx_v002_system_i/zynq_ps/inst/PS8_i/PLCLK[0]
                         net (fo=1, routed)           0.229     0.229    pccx_v002_system_i/zynq_ps/inst/pl_clk_unbuffered[0]
    BUFG_PS_X0Y90        BUFG_PS (Prop_BUFG_PS_I_O)
                                                      0.038     0.267 r  pccx_v002_system_i/zynq_ps/inst/buffer_pl_clk_0.PL_CLK_0_BUFG/O
    X1Y1 (CLOCK_ROOT)    net (fo=82020, routed)       3.006     3.273    pccx_v002_system_i/rst_axi/U0/slowest_sync_clk
    SLICE_X29Y89         FDRE                                         r  pccx_v002_system_i/rst_axi/U0/ACTIVE_LOW_PR_OUT_DFF[0].FDRE_PER_N/C
  -------------------------------------------------------------------    -------------------
    SLICE_X29Y89         FDRE (Prop_BFF_SLICEM_C_Q)
                                                      0.112     3.385 r  pccx_v002_system_i/rst_axi/U0/ACTIVE_LOW_PR_OUT_DFF[0].FDRE_PER_N/Q
                         net (fo=380, routed)         4.753     8.138    pccx_v002_system_i/u_npu/inst/u_wrap/u_pccx_npu_top/u_npu_controller_top/u_npu_frontend/u_cmd_in/u_cmd_q/lopt
    SLICE_X34Y186        LUT5 (Prop_H6LUT_SLICEM_I0_O)
                                                      0.084     8.222 r  pccx_v002_system_i/u_npu/inst/u_wrap/u_pccx_npu_top/u_npu_controller_top/u_npu_frontend/u_cmd_in/u_cmd_q/q\\.mem[3][63]_i_1/O
                         net (fo=63, routed)          2.151    10.373    pccx_v002_system_i/u_npu/inst/u_wrap/u_pccx_npu_top/u_npu_controller_top/u_npu_frontend/u_cmd_in/u_cmd_q/q\\.mem[3][63]_i_1_n_0
    SLICE_X40Y173        FDRE                                         r  pccx_v002_system_i/u_npu/inst/u_wrap/u_pccx_npu_top/u_npu_controller_top/u_npu_frontend/u_cmd_in/u_cmd_q/q\\.mem_reg[3][51]/CE
  -------------------------------------------------------------------    -------------------

                         (clock clk_pl_0 rise edge)
                                                     10.000    10.000 r  
    PS8_X0Y0             PS8                          0.000    10.000 r  pccx_v002_system_i/zynq_ps/inst/PS8_i/PLCLK[0]
                         net (fo=1, routed)           0.181    10.181    pccx_v002_system_i/zynq_ps/inst/pl_clk_unbuffered[0]
    BUFG_PS_X0Y90        BUFG_PS (Prop_BUFG_PS_I_O)
                                                      0.035    10.216 r  pccx_v002_system_i/zynq_ps/inst/buffer_pl_clk_0.PL_CLK_0_BUFG/O
    X1Y1 (CLOCK_ROOT)    net (fo=82020, routed)       2.748    12.964    pccx_v002_system_i/u_npu/inst/u_wrap/u_pccx_npu_top/u_npu_controller_top/u_npu_frontend/u_cmd_in/u_cmd_q/clk_core
    SLICE_X40Y173        FDRE                                         r  pccx_v002_system_i/u_npu/inst/u_wrap/u_pccx_npu_top/u_npu_controller_top/u_npu_frontend/u_cmd_in/u_cmd_q/q\\.mem_reg[3][51]/C
                         clock pessimism              0.194    13.158    
                         clock uncertainty           -0.160    12.998    
    SLICE_X40Y173        FDRE (Setup_EFF_SLICEM_C_CE)
                                                     -0.081    12.917    pccx_v002_system_i/u_npu/inst/u_wrap/u_pccx_npu_top/u_npu_controller_top/u_npu_frontend/u_cmd_in/u_cmd_q/q\\.mem_reg[3][51]
  -------------------------------------------------------------------
                         required time                         12.917    
                         arrival time                         -10.373    
  -------------------------------------------------------------------
                         slack                                  2.544    

Slack (MET) :             2.556ns  (required time - arrival time)
  Source:                 pccx_v002_system_i/rst_axi/U0/ACTIVE_LOW_PR_OUT_DFF[0].FDRE_PER_N/C
                            (rising edge-triggered cell FDRE clocked by clk_pl_0  {rise@0.000ns fall@5.000ns period=10.000ns})
  Destination:            pccx_v002_system_i/u_npu/inst/u_wrap/u_pccx_npu_top/u_npu_controller_top/u_npu_frontend/u_cmd_in/u_cmd_q/q\\.mem_reg[0][10]/CE
                            (rising edge-triggered cell FDRE clocked by clk_pl_0  {rise@0.000ns fall@5.000ns period=10.000ns})
  Path Group:             clk_pl_0
  Path Type:              Setup (Max at Slow Process Corner)
  Requirement:            10.000ns  (clk_pl_0 rise@10.000ns - clk_pl_0 rise@0.000ns)
  Data Path Delay:        7.101ns  (logic 0.246ns (3.464%)  route 6.855ns (96.536%))
  Logic Levels:           1  (LUT5=1)
  Clock Path Skew:        -0.103ns (DCD - SCD + CPR)
    Destination Clock Delay (DCD):    2.975ns = ( 12.975 - 10.000 ) 
    Source Clock Delay      (SCD):    3.273ns
    Clock Pessimism Removal (CPR):    0.194ns
  Clock Uncertainty:      0.160ns  ((TSJ^2 + DJ^2)^1/2) / 2 + PE
    Total System Jitter     (TSJ):    0.071ns
    Discrete Jitter          (DJ):    0.312ns
    Phase Error              (PE):    0.000ns
  Clock Net Delay (Source):      3.006ns (routing 1.681ns, distribution 1.325ns)
  Clock Net Delay (Destination): 2.759ns (routing 1.538ns, distribution 1.221ns)

    Location             Delay type                Incr(ns)  Path(ns)    Netlist Resource(s)
  -------------------------------------------------------------------    -------------------
                         (clock clk_pl_0 rise edge)
                                                      0.000     0.000 r  
    PS8_X0Y0             PS8                          0.000     0.000 r  pccx_v002_system_i/zynq_ps/inst/PS8_i/PLCLK[0]
                         net (fo=1, routed)           0.229     0.229    pccx_v002_system_i/zynq_ps/inst/pl_clk_unbuffered[0]
    BUFG_PS_X0Y90        BUFG_PS (Prop_BUFG_PS_I_O)
                                                      0.038     0.267 r  pccx_v002_system_i/zynq_ps/inst/buffer_pl_clk_0.PL_CLK_0_BUFG/O
    X1Y1 (CLOCK_ROOT)    net (fo=82020, routed)       3.006     3.273    pccx_v002_system_i/rst_axi/U0/slowest_sync_clk
    SLICE_X29Y89         FDRE                                         r  pccx_v002_system_i/rst_axi/U0/ACTIVE_LOW_PR_OUT_DFF[0].FDRE_PER_N/C
  -------------------------------------------------------------------    -------------------
    SLICE_X29Y89         FDRE (Prop_BFF_SLICEM_C_Q)
                                                      0.112     3.385 r  pccx_v002_system_i/rst_axi/U0/ACTIVE_LOW_PR_OUT_DFF[0].FDRE_PER_N/Q
                         net (fo=380, routed)         4.802     8.186    pccx_v002_system_i/u_npu/inst/u_wrap/u_pccx_npu_top/u_npu_controller_top/u_npu_frontend/u_cmd_in/u_cmd_q/lopt
    SLICE_X34Y186        LUT5 (Prop_D6LUT_SLICEM_I0_O)
                                                      0.134     8.320 r  pccx_v002_system_i/u_npu/inst/u_wrap/u_pccx_npu_top/u_npu_controller_top/u_npu_frontend/u_cmd_in/u_cmd_q/q\\.mem[0][63]_i_1/O
                         net (fo=63, routed)          2.053    10.374    pccx_v002_system_i/u_npu/inst/u_wrap/u_pccx_npu_top/u_npu_controller_top/u_npu_frontend/u_cmd_in/u_cmd_q/q\\.mem[0]
    SLICE_X39Y172        FDRE                                         r  pccx_v002_system_i/u_npu/inst/u_wrap/u_pccx_npu_top/u_npu_controller_top/u_npu_frontend/u_cmd_in/u_cmd_q/q\\.mem_reg[0][10]/CE
  -------------------------------------------------------------------    -------------------

                         (clock clk_pl_0 rise edge)
                                                     10.000    10.000 r  
    PS8_X0Y0             PS8                          0.000    10.000 r  pccx_v002_system_i/zynq_ps/inst/PS8_i/PLCLK[0]
                         net (fo=1, routed)           0.181    10.181    pccx_v002_system_i/zynq_ps/inst/pl_clk_unbuffered[0]
    BUFG_PS_X0Y90        BUFG_PS (Prop_BUFG_PS_I_O)
                                                      0.035    10.216 r  pccx_v002_system_i/zynq_ps/inst/buffer_pl_clk_0.PL_CLK_0_BUFG/O
    X1Y1 (CLOCK_ROOT)    net (fo=82020, routed)       2.759    12.975    pccx_v002_system_i/u_npu/inst/u_wrap/u_pccx_npu_top/u_npu_controller_top/u_npu_frontend/u_cmd_in/u_cmd_q/clk_core
    SLICE_X39Y172        FDRE                                         r  pccx_v002_system_i/u_npu/inst/u_wrap/u_pccx_npu_top/u_npu_controller_top/u_npu_frontend/u_cmd_in/u_cmd_q/q\\.mem_reg[0][10]/C
                         clock pessimism              0.194    13.169    
                         clock uncertainty           -0.160    13.009    
    SLICE_X39Y172        FDRE (Setup_HFF_SLICEL_C_CE)
                                                     -0.079    12.930    pccx_v002_system_i/u_npu/inst/u_wrap/u_pccx_npu_top/u_npu_controller_top/u_npu_frontend/u_cmd_in/u_cmd_q/q\\.mem_reg[0][10]
  -------------------------------------------------------------------
                         required time                         12.930    
                         arrival time                         -10.374    
  -------------------------------------------------------------------
                         slack                                  2.556    

Slack (MET) :             2.556ns  (required time - arrival time)
  Source:                 pccx_v002_system_i/rst_axi/U0/ACTIVE_LOW_PR_OUT_DFF[0].FDRE_PER_N/C
                            (rising edge-triggered cell FDRE clocked by clk_pl_0  {rise@0.000ns fall@5.000ns period=10.000ns})
  Destination:            pccx_v002_system_i/u_npu/inst/u_wrap/u_pccx_npu_top/u_npu_controller_top/u_npu_frontend/u_cmd_in/u_cmd_q/q\\.mem_reg[0][12]/CE
                            (rising edge-triggered cell FDRE clocked by clk_pl_0  {rise@0.000ns fall@5.000ns period=10.000ns})
  Path Group:             clk_pl_0
  Path Type:              Setup (Max at Slow Process Corner)
  Requirement:            10.000ns  (clk_pl_0 rise@10.000ns - clk_pl_0 rise@0.000ns)
  Data Path Delay:        7.101ns  (logic 0.246ns (3.464%)  route 6.855ns (96.536%))
  Logic Levels:           1  (LUT5=1)
  Clock Path Skew:        -0.103ns (DCD - SCD + CPR)
    Destination Clock Delay (DCD):    2.975ns = ( 12.975 - 10.000 ) 
    Source Clock Delay      (SCD):    3.273ns
    Clock Pessimism Removal (CPR):    0.194ns
  Clock Uncertainty:      0.160ns  ((TSJ^2 + DJ^2)^1/2) / 2 + PE
    Total System Jitter     (TSJ):    0.071ns
    Discrete Jitter          (DJ):    0.312ns
    Phase Error              (PE):    0.000ns
  Clock Net Delay (Source):      3.006ns (routing 1.681ns, distribution 1.325ns)
  Clock Net Delay (Destination): 2.759ns (routing 1.538ns, distribution 1.221ns)

    Location             Delay type                Incr(ns)  Path(ns)    Netlist Resource(s)
  -------------------------------------------------------------------    -------------------
                         (clock clk_pl_0 rise edge)
                                                      0.000     0.000 r  
    PS8_X0Y0             PS8                          0.000     0.000 r  pccx_v002_system_i/zynq_ps/inst/PS8_i/PLCLK[0]
                         net (fo=1, routed)           0.229     0.229    pccx_v002_system_i/zynq_ps/inst/pl_clk_unbuffered[0]
    BUFG_PS_X0Y90        BUFG_PS (Prop_BUFG_PS_I_O)
                                                      0.038     0.267 r  pccx_v002_system_i/zynq_ps/inst/buffer_pl_clk_0.PL_CLK_0_BUFG/O
    X1Y1 (CLOCK_ROOT)    net (fo=82020, routed)       3.006     3.273    pccx_v002_system_i/rst_axi/U0/slowest_sync_clk
    SLICE_X29Y89         FDRE                                         r  pccx_v002_system_i/rst_axi/U0/ACTIVE_LOW_PR_OUT_DFF[0].FDRE_PER_N/C
  -------------------------------------------------------------------    -------------------
    SLICE_X29Y89         FDRE (Prop_BFF_SLICEM_C_Q)
                                                      0.112     3.385 r  pccx_v002_system_i/rst_axi/U0/ACTIVE_LOW_PR_OUT_DFF[0].FDRE_PER_N/Q
                         net (fo=380, routed)         4.802     8.186    pccx_v002_system_i/u_npu/inst/u_wrap/u_pccx_npu_top/u_npu_controller_top/u_npu_frontend/u_cmd_in/u_cmd_q/lopt
    SLICE_X34Y186        LUT5 (Prop_D6LUT_SLICEM_I0_O)
                                                      0.134     8.320 r  pccx_v002_system_i/u_npu/inst/u_wrap/u_pccx_npu_top/u_npu_controller_top/u_npu_frontend/u_cmd_in/u_cmd_q/q\\.mem[0][63]_i_1/O
                         net (fo=63, routed)          2.053    10.374    pccx_v002_system_i/u_npu/inst/u_wrap/u_pccx_npu_top/u_npu_controller_top/u_npu_frontend/u_cmd_in/u_cmd_q/q\\.mem[0]
    SLICE_X39Y172        FDRE                                         r  pccx_v002_system_i/u_npu/inst/u_wrap/u_pccx_npu_top/u_npu_controller_top/u_npu_frontend/u_cmd_in/u_cmd_q/q\\.mem_reg[0][12]/CE
  -------------------------------------------------------------------    -------------------

                         (clock clk_pl_0 rise edge)
                                                     10.000    10.000 r  
    PS8_X0Y0             PS8                          0.000    10.000 r  pccx_v002_system_i/zynq_ps/inst/PS8_i/PLCLK[0]
                         net (fo=1, routed)           0.181    10.181    pccx_v002_system_i/zynq_ps/inst/pl_clk_unbuffered[0]
    BUFG_PS_X0Y90        BUFG_PS (Prop_BUFG_PS_I_O)
                                                      0.035    10.216 r  pccx_v002_system_i/zynq_ps/inst/buffer_pl_clk_0.PL_CLK_0_BUFG/O
    X1Y1 (CLOCK_ROOT)    net (fo=82020, routed)       2.759    12.975    pccx_v002_system_i/u_npu/inst/u_wrap/u_pccx_npu_top/u_npu_controller_top/u_npu_frontend/u_cmd_in/u_cmd_q/clk_core
    SLICE_X39Y172        FDRE                                         r  pccx_v002_system_i/u_npu/inst/u_wrap/u_pccx_npu_top/u_npu_controller_top/u_npu_frontend/u_cmd_in/u_cmd_q/q\\.mem_reg[0][12]/C
                         clock pessimism              0.194    13.169    
                         clock uncertainty           -0.160    13.009    
    SLICE_X39Y172        FDRE (Setup_GFF_SLICEL_C_CE)
                                                     -0.079    12.930    pccx_v002_system_i/u_npu/inst/u_wrap/u_pccx_npu_top/u_npu_controller_top/u_npu_frontend/u_cmd_in/u_cmd_q/q\\.mem_reg[0][12]
  -------------------------------------------------------------------
                         required time                         12.930    
                         arrival time                         -10.374    
  -------------------------------------------------------------------
                         slack                                  2.556    

Slack (MET) :             2.556ns  (required time - arrival time)
  Source:                 pccx_v002_system_i/rst_axi/U0/ACTIVE_LOW_PR_OUT_DFF[0].FDRE_PER_N/C
                            (rising edge-triggered cell FDRE clocked by clk_pl_0  {rise@0.000ns fall@5.000ns period=10.000ns})
  Destination:            pccx_v002_system_i/u_npu/inst/u_wrap/u_pccx_npu_top/u_npu_controller_top/u_npu_frontend/u_cmd_in/u_cmd_q/q\\.mem_reg[0][56]/CE
                            (rising edge-triggered cell FDRE clocked by clk_pl_0  {rise@0.000ns fall@5.000ns period=10.000ns})
  Path Group:             clk_pl_0
  Path Type:              Setup (Max at Slow Process Corner)
  Requirement:            10.000ns  (clk_pl_0 rise@10.000ns - clk_pl_0 rise@0.000ns)
  Data Path Delay:        7.101ns  (logic 0.246ns (3.464%)  route 6.855ns (96.536%))
  Logic Levels:           1  (LUT5=1)
  Clock Path Skew:        -0.103ns (DCD - SCD + CPR)
    Destination Clock Delay (DCD):    2.975ns = ( 12.975 - 10.000 ) 
    Source Clock Delay      (SCD):    3.273ns
    Clock Pessimism Removal (CPR):    0.194ns
  Clock Uncertainty:      0.160ns  ((TSJ^2 + DJ^2)^1/2) / 2 + PE
    Total System Jitter     (TSJ):    0.071ns
    Discrete Jitter          (DJ):    0.312ns
    Phase Error              (PE):    0.000ns
  Clock Net Delay (Source):      3.006ns (routing 1.681ns, distribution 1.325ns)
  Clock Net Delay (Destination): 2.759ns (routing 1.538ns, distribution 1.221ns)

    Location             Delay type                Incr(ns)  Path(ns)    Netlist Resource(s)
  -------------------------------------------------------------------    -------------------
                         (clock clk_pl_0 rise edge)
                                                      0.000     0.000 r  
    PS8_X0Y0             PS8                          0.000     0.000 r  pccx_v002_system_i/zynq_ps/inst/PS8_i/PLCLK[0]
                         net (fo=1, routed)           0.229     0.229    pccx_v002_system_i/zynq_ps/inst/pl_clk_unbuffered[0]
    BUFG_PS_X0Y90        BUFG_PS (Prop_BUFG_PS_I_O)
                                                      0.038     0.267 r  pccx_v002_system_i/zynq_ps/inst/buffer_pl_clk_0.PL_CLK_0_BUFG/O
    X1Y1 (CLOCK_ROOT)    net (fo=82020, routed)       3.006     3.273    pccx_v002_system_i/rst_axi/U0/slowest_sync_clk
    SLICE_X29Y89         FDRE                                         r  pccx_v002_system_i/rst_axi/U0/ACTIVE_LOW_PR_OUT_DFF[0].FDRE_PER_N/C
  -------------------------------------------------------------------    -------------------
    SLICE_X29Y89         FDRE (Prop_BFF_SLICEM_C_Q)
                                                      0.112     3.385 r  pccx_v002_system_i/rst_axi/U0/ACTIVE_LOW_PR_OUT_DFF[0].FDRE_PER_N/Q
                         net (fo=380, routed)         4.802     8.186    pccx_v002_system_i/u_npu/inst/u_wrap/u_pccx_npu_top/u_npu_controller_top/u_npu_frontend/u_cmd_in/u_cmd_q/lopt
    SLICE_X34Y186        LUT5 (Prop_D6LUT_SLICEM_I0_O)
                                                      0.134     8.320 r  pccx_v002_system_i/u_npu/inst/u_wrap/u_pccx_npu_top/u_npu_controller_top/u_npu_frontend/u_cmd_in/u_cmd_q/q\\.mem[0][63]_i_1/O
                         net (fo=63, routed)          2.053    10.374    pccx_v002_system_i/u_npu/inst/u_wrap/u_pccx_npu_top/u_npu_controller_top/u_npu_frontend/u_cmd_in/u_cmd_q/q\\.mem[0]
    SLICE_X39Y172        FDRE                                         r  pccx_v002_system_i/u_npu/inst/u_wrap/u_pccx_npu_top/u_npu_controller_top/u_npu_frontend/u_cmd_in/u_cmd_q/q\\.mem_reg[0][56]/CE
  -------------------------------------------------------------------    -------------------

                         (clock clk_pl_0 rise edge)
                                                     10.000    10.000 r  
    PS8_X0Y0             PS8                          0.000    10.000 r  pccx_v002_system_i/zynq_ps/inst/PS8_i/PLCLK[0]
                         net (fo=1, routed)           0.181    10.181    pccx_v002_system_i/zynq_ps/inst/pl_clk_unbuffered[0]
    BUFG_PS_X0Y90        BUFG_PS (Prop_BUFG_PS_I_O)
                                                      0.035    10.216 r  pccx_v002_system_i/zynq_ps/inst/buffer_pl_clk_0.PL_CLK_0_BUFG/O
    X1Y1 (CLOCK_ROOT)    net (fo=82020, routed)       2.759    12.975    pccx_v002_system_i/u_npu/inst/u_wrap/u_pccx_npu_top/u_npu_controller_top/u_npu_frontend/u_cmd_in/u_cmd_q/clk_core
    SLICE_X39Y172        FDRE                                         r  pccx_v002_system_i/u_npu/inst/u_wrap/u_pccx_npu_top/u_npu_controller_top/u_npu_frontend/u_cmd_in/u_cmd_q/q\\.mem_reg[0][56]/C
                         clock pessimism              0.194    13.169    
                         clock uncertainty           -0.160    13.009    
    SLICE_X39Y172        FDRE (Setup_FFF_SLICEL_C_CE)
                                                     -0.079    12.930    pccx_v002_system_i/u_npu/inst/u_wrap/u_pccx_npu_top/u_npu_controller_top/u_npu_frontend/u_cmd_in/u_cmd_q/q\\.mem_reg[0][56]
  -------------------------------------------------------------------
                         required time                         12.930    
                         arrival time                         -10.374    
  -------------------------------------------------------------------
                         slack                                  2.556    

Slack (MET) :             2.590ns  (required time - arrival time)
  Source:                 pccx_v002_system_i/rst_axi/U0/ACTIVE_LOW_PR_OUT_DFF[0].FDRE_PER_N/C
                            (rising edge-triggered cell FDRE clocked by clk_pl_0  {rise@0.000ns fall@5.000ns period=10.000ns})
  Destination:            pccx_v002_system_i/u_npu/inst/u_wrap/u_pccx_npu_top/u_npu_controller_top/u_npu_frontend/u_cmd_in/u_cmd_q/q\\.mem_reg[3][59]/CE
                            (rising edge-triggered cell FDRE clocked by clk_pl_0  {rise@0.000ns fall@5.000ns period=10.000ns})
  Path Group:             clk_pl_0
  Path Type:              Setup (Max at Slow Process Corner)
  Requirement:            10.000ns  (clk_pl_0 rise@10.000ns - clk_pl_0 rise@0.000ns)
  Data Path Delay:        7.065ns  (logic 0.196ns (2.774%)  route 6.869ns (97.226%))
  Logic Levels:           1  (LUT5=1)
  Clock Path Skew:        -0.105ns (DCD - SCD + CPR)
    Destination Clock Delay (DCD):    2.973ns = ( 12.973 - 10.000 ) 
    Source Clock Delay      (SCD):    3.273ns
    Clock Pessimism Removal (CPR):    0.194ns
  Clock Uncertainty:      0.160ns  ((TSJ^2 + DJ^2)^1/2) / 2 + PE
    Total System Jitter     (TSJ):    0.071ns
    Discrete Jitter          (DJ):    0.312ns
    Phase Error              (PE):    0.000ns
  Clock Net Delay (Source):      3.006ns (routing 1.681ns, distribution 1.325ns)
  Clock Net Delay (Destination): 2.757ns (routing 1.538ns, distribution 1.219ns)

    Location             Delay type                Incr(ns)  Path(ns)    Netlist Resource(s)
  -------------------------------------------------------------------    -------------------
                         (clock clk_pl_0 rise edge)
                                                      0.000     0.000 r  
    PS8_X0Y0             PS8                          0.000     0.000 r  pccx_v002_system_i/zynq_ps/inst/PS8_i/PLCLK[0]
                         net (fo=1, routed)           0.229     0.229    pccx_v002_system_i/zynq_ps/inst/pl_clk_unbuffered[0]
    BUFG_PS_X0Y90        BUFG_PS (Prop_BUFG_PS_I_O)
                                                      0.038     0.267 r  pccx_v002_system_i/zynq_ps/inst/buffer_pl_clk_0.PL_CLK_0_BUFG/O
    X1Y1 (CLOCK_ROOT)    net (fo=82020, routed)       3.006     3.273    pccx_v002_system_i/rst_axi/U0/slowest_sync_clk
    SLICE_X29Y89         FDRE                                         r  pccx_v002_system_i/rst_axi/U0/ACTIVE_LOW_PR_OUT_DFF[0].FDRE_PER_N/C
  -------------------------------------------------------------------    -------------------
    SLICE_X29Y89         FDRE (Prop_BFF_SLICEM_C_Q)
                                                      0.112     3.385 r  pccx_v002_system_i/rst_axi/U0/ACTIVE_LOW_PR_OUT_DFF[0].FDRE_PER_N/Q
                         net (fo=380, routed)         4.753     8.138    pccx_v002_system_i/u_npu/inst/u_wrap/u_pccx_npu_top/u_npu_controller_top/u_npu_frontend/u_cmd_in/u_cmd_q/lopt
    SLICE_X34Y186        LUT5 (Prop_H6LUT_SLICEM_I0_O)
                                                      0.084     8.222 r  pccx_v002_system_i/u_npu/inst/u_wrap/u_pccx_npu_top/u_npu_controller_top/u_npu_frontend/u_cmd_in/u_cmd_q/q\\.mem[3][63]_i_1/O
                         net (fo=63, routed)          2.116    10.338    pccx_v002_system_i/u_npu/inst/u_wrap/u_pccx_npu_top/u_npu_controller_top/u_npu_frontend/u_cmd_in/u_cmd_q/q\\.mem[3][63]_i_1_n_0
    SLICE_X36Y171        FDRE                                         r  pccx_v002_system_i/u_npu/inst/u_wrap/u_pccx_npu_top/u_npu_controller_top/u_npu_frontend/u_cmd_in/u_cmd_q/q\\.mem_reg[3][59]/CE
  -------------------------------------------------------------------    -------------------

                         (clock clk_pl_0 rise edge)
                                                     10.000    10.000 r  
    PS8_X0Y0             PS8                          0.000    10.000 r  pccx_v002_system_i/zynq_ps/inst/PS8_i/PLCLK[0]
                         net (fo=1, routed)           0.181    10.181    pccx_v002_system_i/zynq_ps/inst/pl_clk_unbuffered[0]
    BUFG_PS_X0Y90        BUFG_PS (Prop_BUFG_PS_I_O)
                                                      0.035    10.216 r  pccx_v002_system_i/zynq_ps/inst/buffer_pl_clk_0.PL_CLK_0_BUFG/O
    X1Y1 (CLOCK_ROOT)    net (fo=82020, routed)       2.757    12.973    pccx_v002_system_i/u_npu/inst/u_wrap/u_pccx_npu_top/u_npu_controller_top/u_npu_frontend/u_cmd_in/u_cmd_q/clk_core
    SLICE_X36Y171        FDRE                                         r  pccx_v002_system_i/u_npu/inst/u_wrap/u_pccx_npu_top/u_npu_controller_top/u_npu_frontend/u_cmd_in/u_cmd_q/q\\.mem_reg[3][59]/C
                         clock pessimism              0.194    13.167    
                         clock uncertainty           -0.160    13.007    
    SLICE_X36Y171        FDRE (Setup_HFF2_SLICEL_C_CE)
                                                     -0.079    12.928    pccx_v002_system_i/u_npu/inst/u_wrap/u_pccx_npu_top/u_npu_controller_top/u_npu_frontend/u_cmd_in/u_cmd_q/q\\.mem_reg[3][59]
  -------------------------------------------------------------------
                         required time                         12.928    
                         arrival time                         -10.338    
  -------------------------------------------------------------------
                         slack                                  2.590    

Slack (MET) :             2.601ns  (required time - arrival time)
  Source:                 pccx_v002_system_i/rst_axi/U0/ACTIVE_LOW_PR_OUT_DFF[0].FDRE_PER_N/C
                            (rising edge-triggered cell FDRE clocked by clk_pl_0  {rise@0.000ns fall@5.000ns period=10.000ns})
  Destination:            pccx_v002_system_i/u_npu/inst/u_wrap/u_pccx_npu_top/u_npu_controller_top/u_npu_frontend/u_cmd_in/u_cmd_q/q\\.mem_reg[3][52]/CE
                            (rising edge-triggered cell FDRE clocked by clk_pl_0  {rise@0.000ns fall@5.000ns period=10.000ns})
  Path Group:             clk_pl_0
  Path Type:              Setup (Max at Slow Process Corner)
  Requirement:            10.000ns  (clk_pl_0 rise@10.000ns - clk_pl_0 rise@0.000ns)
  Data Path Delay:        7.045ns  (logic 0.196ns (2.782%)  route 6.849ns (97.218%))
  Logic Levels:           1  (LUT5=1)
  Clock Path Skew:        -0.115ns (DCD - SCD + CPR)
    Destination Clock Delay (DCD):    2.964ns = ( 12.964 - 10.000 ) 
    Source Clock Delay      (SCD):    3.273ns
    Clock Pessimism Removal (CPR):    0.194ns
  Clock Uncertainty:      0.160ns  ((TSJ^2 + DJ^2)^1/2) / 2 + PE
    Total System Jitter     (TSJ):    0.071ns
    Discrete Jitter          (DJ):    0.312ns
    Phase Error              (PE):    0.000ns
  Clock Net Delay (Source):      3.006ns (routing 1.681ns, distribution 1.325ns)
  Clock Net Delay (Destination): 2.748ns (routing 1.538ns, distribution 1.210ns)

    Location             Delay type                Incr(ns)  Path(ns)    Netlist Resource(s)
  -------------------------------------------------------------------    -------------------
                         (clock clk_pl_0 rise edge)
                                                      0.000     0.000 r  
    PS8_X0Y0             PS8                          0.000     0.000 r  pccx_v002_system_i/zynq_ps/inst/PS8_i/PLCLK[0]
                         net (fo=1, routed)           0.229     0.229    pccx_v002_system_i/zynq_ps/inst/pl_clk_unbuffered[0]
    BUFG_PS_X0Y90        BUFG_PS (Prop_BUFG_PS_I_O)
                                                      0.038     0.267 r  pccx_v002_system_i/zynq_ps/inst/buffer_pl_clk_0.PL_CLK_0_BUFG/O
    X1Y1 (CLOCK_ROOT)    net (fo=82020, routed)       3.006     3.273    pccx_v002_system_i/rst_axi/U0/slowest_sync_clk
    SLICE_X29Y89         FDRE                                         r  pccx_v002_system_i/rst_axi/U0/ACTIVE_LOW_PR_OUT_DFF[0].FDRE_PER_N/C
  -------------------------------------------------------------------    -------------------
    SLICE_X29Y89         FDRE (Prop_BFF_SLICEM_C_Q)
                                                      0.112     3.385 r  pccx_v002_system_i/rst_axi/U0/ACTIVE_LOW_PR_OUT_DFF[0].FDRE_PER_N/Q
                         net (fo=380, routed)         4.753     8.138    pccx_v002_system_i/u_npu/inst/u_wrap/u_pccx_npu_top/u_npu_controller_top/u_npu_frontend/u_cmd_in/u_cmd_q/lopt
    SLICE_X34Y186        LUT5 (Prop_H6LUT_SLICEM_I0_O)
                                                      0.084     8.222 r  pccx_v002_system_i/u_npu/inst/u_wrap/u_pccx_npu_top/u_npu_controller_top/u_npu_frontend/u_cmd_in/u_cmd_q/q\\.mem[3][63]_i_1/O
                         net (fo=63, routed)          2.095    10.317    pccx_v002_system_i/u_npu/inst/u_wrap/u_pccx_npu_top/u_npu_controller_top/u_npu_frontend/u_cmd_in/u_cmd_q/q\\.mem[3][63]_i_1_n_0
    SLICE_X40Y172        FDRE                                         r  pccx_v002_system_i/u_npu/inst/u_wrap/u_pccx_npu_top/u_npu_controller_top/u_npu_frontend/u_cmd_in/u_cmd_q/q\\.mem_reg[3][52]/CE
  -------------------------------------------------------------------    -------------------

                         (clock clk_pl_0 rise edge)
                                                     10.000    10.000 r  
    PS8_X0Y0             PS8                          0.000    10.000 r  pccx_v002_system_i/zynq_ps/inst/PS8_i/PLCLK[0]
                         net (fo=1, routed)           0.181    10.181    pccx_v002_system_i/zynq_ps/inst/pl_clk_unbuffered[0]
    BUFG_PS_X0Y90        BUFG_PS (Prop_BUFG_PS_I_O)
                                                      0.035    10.216 r  pccx_v002_system_i/zynq_ps/inst/buffer_pl_clk_0.PL_CLK_0_BUFG/O
    X1Y1 (CLOCK_ROOT)    net (fo=82020, routed)       2.748    12.964    pccx_v002_system_i/u_npu/inst/u_wrap/u_pccx_npu_top/u_npu_controller_top/u_npu_frontend/u_cmd_in/u_cmd_q/clk_core
    SLICE_X40Y172        FDRE                                         r  pccx_v002_system_i/u_npu/inst/u_wrap/u_pccx_npu_top/u_npu_controller_top/u_npu_frontend/u_cmd_in/u_cmd_q/q\\.mem_reg[3][52]/C
                         clock pessimism              0.194    13.158    
                         clock uncertainty           -0.160    12.998    
    SLICE_X40Y172        FDRE (Setup_HFF2_SLICEM_C_CE)
                                                     -0.080    12.918    pccx_v002_system_i/u_npu/inst/u_wrap/u_pccx_npu_top/u_npu_controller_top/u_npu_frontend/u_cmd_in/u_cmd_q/q\\.mem_reg[3][52]
  -------------------------------------------------------------------
                         required time                         12.918    
                         arrival time                         -10.317    
  -------------------------------------------------------------------
                         slack                                  2.601    

Slack (MET) :             2.601ns  (required time - arrival time)
  Source:                 pccx_v002_system_i/rst_axi/U0/ACTIVE_LOW_PR_OUT_DFF[0].FDRE_PER_N/C
                            (rising edge-triggered cell FDRE clocked by clk_pl_0  {rise@0.000ns fall@5.000ns period=10.000ns})
  Destination:            pccx_v002_system_i/u_npu/inst/u_wrap/u_pccx_npu_top/u_npu_controller_top/u_npu_frontend/u_cmd_in/u_cmd_q/q\\.mem_reg[3][56]/CE
                            (rising edge-triggered cell FDRE clocked by clk_pl_0  {rise@0.000ns fall@5.000ns period=10.000ns})
  Path Group:             clk_pl_0
  Path Type:              Setup (Max at Slow Process Corner)
  Requirement:            10.000ns  (clk_pl_0 rise@10.000ns - clk_pl_0 rise@0.000ns)
  Data Path Delay:        7.045ns  (logic 0.196ns (2.782%)  route 6.849ns (97.218%))
  Logic Levels:           1  (LUT5=1)
  Clock Path Skew:        -0.115ns (DCD - SCD + CPR)
    Destination Clock Delay (DCD):    2.964ns = ( 12.964 - 10.000 ) 
    Source Clock Delay      (SCD):    3.273ns
    Clock Pessimism Removal (CPR):    0.194ns
  Clock Uncertainty:      0.160ns  ((TSJ^2 + DJ^2)^1/2) / 2 + PE
    Total System Jitter     (TSJ):    0.071ns
    Discrete Jitter          (DJ):    0.312ns
    Phase Error              (PE):    0.000ns
  Clock Net Delay (Source):      3.006ns (routing 1.681ns, distribution 1.325ns)
  Clock Net Delay (Destination): 2.748ns (routing 1.538ns, distribution 1.210ns)

    Location             Delay type                Incr(ns)  Path(ns)    Netlist Resource(s)
  -------------------------------------------------------------------    -------------------
                         (clock clk_pl_0 rise edge)
                                                      0.000     0.000 r  
    PS8_X0Y0             PS8                          0.000     0.000 r  pccx_v002_system_i/zynq_ps/inst/PS8_i/PLCLK[0]
                         net (fo=1, routed)           0.229     0.229    pccx_v002_system_i/zynq_ps/inst/pl_clk_unbuffered[0]
    BUFG_PS_X0Y90        BUFG_PS (Prop_BUFG_PS_I_O)
                                                      0.038     0.267 r  pccx_v002_system_i/zynq_ps/inst/buffer_pl_clk_0.PL_CLK_0_BUFG/O
    X1Y1 (CLOCK_ROOT)    net (fo=82020, routed)       3.006     3.273    pccx_v002_system_i/rst_axi/U0/slowest_sync_clk
    SLICE_X29Y89         FDRE                                         r  pccx_v002_system_i/rst_axi/U0/ACTIVE_LOW_PR_OUT_DFF[0].FDRE_PER_N/C
  -------------------------------------------------------------------    -------------------
    SLICE_X29Y89         FDRE (Prop_BFF_SLICEM_C_Q)
                                                      0.112     3.385 r  pccx_v002_system_i/rst_axi/U0/ACTIVE_LOW_PR_OUT_DFF[0].FDRE_PER_N/Q
                         net (fo=380, routed)         4.753     8.138    pccx_v002_system_i/u_npu/inst/u_wrap/u_pccx_npu_top/u_npu_controller_top/u_npu_frontend/u_cmd_in/u_cmd_q/lopt
    SLICE_X34Y186        LUT5 (Prop_H6LUT_SLICEM_I0_O)
                                                      0.084     8.222 r  pccx_v002_system_i/u_npu/inst/u_wrap/u_pccx_npu_top/u_npu_controller_top/u_npu_frontend/u_cmd_in/u_cmd_q/q\\.mem[3][63]_i_1/O
                         net (fo=63, routed)          2.095    10.317    pccx_v002_system_i/u_npu/inst/u_wrap/u_pccx_npu_top/u_npu_controller_top/u_npu_frontend/u_cmd_in/u_cmd_q/q\\.mem[3][63]_i_1_n_0
    SLICE_X40Y172        FDRE                                         r  pccx_v002_system_i/u_npu/inst/u_wrap/u_pccx_npu_top/u_npu_controller_top/u_npu_frontend/u_cmd_in/u_cmd_q/q\\.mem_reg[3][56]/CE
  -------------------------------------------------------------------    -------------------

                         (clock clk_pl_0 rise edge)
                                                     10.000    10.000 r  
    PS8_X0Y0             PS8                          0.000    10.000 r  pccx_v002_system_i/zynq_ps/inst/PS8_i/PLCLK[0]
                         net (fo=1, routed)           0.181    10.181    pccx_v002_system_i/zynq_ps/inst/pl_clk_unbuffered[0]
    BUFG_PS_X0Y90        BUFG_PS (Prop_BUFG_PS_I_O)
                                                      0.035    10.216 r  pccx_v002_system_i/zynq_ps/inst/buffer_pl_clk_0.PL_CLK_0_BUFG/O
    X1Y1 (CLOCK_ROOT)    net (fo=82020, routed)       2.748    12.964    pccx_v002_system_i/u_npu/inst/u_wrap/u_pccx_npu_top/u_npu_controller_top/u_npu_frontend/u_cmd_in/u_cmd_q/clk_core
    SLICE_X40Y172        FDRE                                         r  pccx_v002_system_i/u_npu/inst/u_wrap/u_pccx_npu_top/u_npu_controller_top/u_npu_frontend/u_cmd_in/u_cmd_q/q\\.mem_reg[3][56]/C
                         clock pessimism              0.194    13.158    
                         clock uncertainty           -0.160    12.998    
    SLICE_X40Y172        FDRE (Setup_GFF2_SLICEM_C_CE)
                                                     -0.080    12.918    pccx_v002_system_i/u_npu/inst/u_wrap/u_pccx_npu_top/u_npu_controller_top/u_npu_frontend/u_cmd_in/u_cmd_q/q\\.mem_reg[3][56]
  -------------------------------------------------------------------
                         required time                         12.918    
                         arrival time                         -10.317    
  -------------------------------------------------------------------
                         slack                                  2.601    

Slack (MET) :             2.618ns  (required time - arrival time)
  Source:                 pccx_v002_system_i/rst_axi/U0/ACTIVE_LOW_PR_OUT_DFF[0].FDRE_PER_N/C
                            (rising edge-triggered cell FDRE clocked by clk_pl_0  {rise@0.000ns fall@5.000ns period=10.000ns})
  Destination:            pccx_v002_system_i/u_npu/inst/u_wrap/u_pccx_npu_top/u_npu_controller_top/u_npu_frontend/u_cmd_in/u_cmd_q/q\\.mem_reg[0][53]/CE
                            (rising edge-triggered cell FDRE clocked by clk_pl_0  {rise@0.000ns fall@5.000ns period=10.000ns})
  Path Group:             clk_pl_0
  Path Type:              Setup (Max at Slow Process Corner)
  Requirement:            10.000ns  (clk_pl_0 rise@10.000ns - clk_pl_0 rise@0.000ns)
  Data Path Delay:        7.036ns  (logic 0.246ns (3.496%)  route 6.790ns (96.504%))
  Logic Levels:           1  (LUT5=1)
  Clock Path Skew:        -0.106ns (DCD - SCD + CPR)
    Destination Clock Delay (DCD):    2.972ns = ( 12.972 - 10.000 ) 
    Source Clock Delay      (SCD):    3.273ns
    Clock Pessimism Removal (CPR):    0.194ns
  Clock Uncertainty:      0.160ns  ((TSJ^2 + DJ^2)^1/2) / 2 + PE
    Total System Jitter     (TSJ):    0.071ns
    Discrete Jitter          (DJ):    0.312ns
    Phase Error              (PE):    0.000ns
  Clock Net Delay (Source):      3.006ns (routing 1.681ns, distribution 1.325ns)
  Clock Net Delay (Destination): 2.756ns (routing 1.538ns, distribution 1.218ns)

    Location             Delay type                Incr(ns)  Path(ns)    Netlist Resource(s)
  -------------------------------------------------------------------    -------------------
                         (clock clk_pl_0 rise edge)
                                                      0.000     0.000 r  
    PS8_X0Y0             PS8                          0.000     0.000 r  pccx_v002_system_i/zynq_ps/inst/PS8_i/PLCLK[0]
                         net (fo=1, routed)           0.229     0.229    pccx_v002_system_i/zynq_ps/inst/pl_clk_unbuffered[0]
    BUFG_PS_X0Y90        BUFG_PS (Prop_BUFG_PS_I_O)
                                                      0.038     0.267 r  pccx_v002_system_i/zynq_ps/inst/buffer_pl_clk_0.PL_CLK_0_BUFG/O
    X1Y1 (CLOCK_ROOT)    net (fo=82020, routed)       3.006     3.273    pccx_v002_system_i/rst_axi/U0/slowest_sync_clk
    SLICE_X29Y89         FDRE                                         r  pccx_v002_system_i/rst_axi/U0/ACTIVE_LOW_PR_OUT_DFF[0].FDRE_PER_N/C
  -------------------------------------------------------------------    -------------------
    SLICE_X29Y89         FDRE (Prop_BFF_SLICEM_C_Q)
                                                      0.112     3.385 r  pccx_v002_system_i/rst_axi/U0/ACTIVE_LOW_PR_OUT_DFF[0].FDRE_PER_N/Q
                         net (fo=380, routed)         4.802     8.186    pccx_v002_system_i/u_npu/inst/u_wrap/u_pccx_npu_top/u_npu_controller_top/u_npu_frontend/u_cmd_in/u_cmd_q/lopt
    SLICE_X34Y186        LUT5 (Prop_D6LUT_SLICEM_I0_O)
                                                      0.134     8.320 r  pccx_v002_system_i/u_npu/inst/u_wrap/u_pccx_npu_top/u_npu_controller_top/u_npu_frontend/u_cmd_in/u_cmd_q/q\\.mem[0][63]_i_1/O
                         net (fo=63, routed)          1.988    10.309    pccx_v002_system_i/u_npu/inst/u_wrap/u_pccx_npu_top/u_npu_controller_top/u_npu_frontend/u_cmd_in/u_cmd_q/q\\.mem[0]
    SLICE_X36Y170        FDRE                                         r  pccx_v002_system_i/u_npu/inst/u_wrap/u_pccx_npu_top/u_npu_controller_top/u_npu_frontend/u_cmd_in/u_cmd_q/q\\.mem_reg[0][53]/CE
  -------------------------------------------------------------------    -------------------

                         (clock clk_pl_0 rise edge)
                                                     10.000    10.000 r  
    PS8_X0Y0             PS8                          0.000    10.000 r  pccx_v002_system_i/zynq_ps/inst/PS8_i/PLCLK[0]
                         net (fo=1, routed)           0.181    10.181    pccx_v002_system_i/zynq_ps/inst/pl_clk_unbuffered[0]
    BUFG_PS_X0Y90        BUFG_PS (Prop_BUFG_PS_I_O)
                                                      0.035    10.216 r  pccx_v002_system_i/zynq_ps/inst/buffer_pl_clk_0.PL_CLK_0_BUFG/O
    X1Y1 (CLOCK_ROOT)    net (fo=82020, routed)       2.756    12.972    pccx_v002_system_i/u_npu/inst/u_wrap/u_pccx_npu_top/u_npu_controller_top/u_npu_frontend/u_cmd_in/u_cmd_q/clk_core
    SLICE_X36Y170        FDRE                                         r  pccx_v002_system_i/u_npu/inst/u_wrap/u_pccx_npu_top/u_npu_controller_top/u_npu_frontend/u_cmd_in/u_cmd_q/q\\.mem_reg[0][53]/C
                         clock pessimism              0.194    13.166    
                         clock uncertainty           -0.160    13.006    
    SLICE_X36Y170        FDRE (Setup_HFF2_SLICEL_C_CE)
                                                     -0.079    12.927    pccx_v002_system_i/u_npu/inst/u_wrap/u_pccx_npu_top/u_npu_controller_top/u_npu_frontend/u_cmd_in/u_cmd_q/q\\.mem_reg[0][53]
  -------------------------------------------------------------------
                         required time                         12.927    
                         arrival time                         -10.309    
  -------------------------------------------------------------------
                         slack                                  2.618    

Slack (MET) :             2.618ns  (required time - arrival time)
  Source:                 pccx_v002_system_i/rst_axi/U0/ACTIVE_LOW_PR_OUT_DFF[0].FDRE_PER_N/C
                            (rising edge-triggered cell FDRE clocked by clk_pl_0  {rise@0.000ns fall@5.000ns period=10.000ns})
  Destination:            pccx_v002_system_i/u_npu/inst/u_wrap/u_pccx_npu_top/u_npu_controller_top/u_npu_frontend/u_cmd_in/u_cmd_q/q\\.mem_reg[0][54]/CE
                            (rising edge-triggered cell FDRE clocked by clk_pl_0  {rise@0.000ns fall@5.000ns period=10.000ns})
  Path Group:             clk_pl_0
  Path Type:              Setup (Max at Slow Process Corner)
  Requirement:            10.000ns  (clk_pl_0 rise@10.000ns - clk_pl_0 rise@0.000ns)
  Data Path Delay:        7.036ns  (logic 0.246ns (3.496%)  route 6.790ns (96.504%))
  Logic Levels:           1  (LUT5=1)
  Clock Path Skew:        -0.106ns (DCD - SCD + CPR)
    Destination Clock Delay (DCD):    2.972ns = ( 12.972 - 10.000 ) 
    Source Clock Delay      (SCD):    3.273ns
    Clock Pessimism Removal (CPR):    0.194ns
  Clock Uncertainty:      0.160ns  ((TSJ^2 + DJ^2)^1/2) / 2 + PE
    Total System Jitter     (TSJ):    0.071ns
    Discrete Jitter          (DJ):    0.312ns
    Phase Error              (PE):    0.000ns
  Clock Net Delay (Source):      3.006ns (routing 1.681ns, distribution 1.325ns)
  Clock Net Delay (Destination): 2.756ns (routing 1.538ns, distribution 1.218ns)

    Location             Delay type                Incr(ns)  Path(ns)    Netlist Resource(s)
  -------------------------------------------------------------------    -------------------
                         (clock clk_pl_0 rise edge)
                                                      0.000     0.000 r  
    PS8_X0Y0             PS8                          0.000     0.000 r  pccx_v002_system_i/zynq_ps/inst/PS8_i/PLCLK[0]
                         net (fo=1, routed)           0.229     0.229    pccx_v002_system_i/zynq_ps/inst/pl_clk_unbuffered[0]
    BUFG_PS_X0Y90        BUFG_PS (Prop_BUFG_PS_I_O)
                                                      0.038     0.267 r  pccx_v002_system_i/zynq_ps/inst/buffer_pl_clk_0.PL_CLK_0_BUFG/O
    X1Y1 (CLOCK_ROOT)    net (fo=82020, routed)       3.006     3.273    pccx_v002_system_i/rst_axi/U0/slowest_sync_clk
    SLICE_X29Y89         FDRE                                         r  pccx_v002_system_i/rst_axi/U0/ACTIVE_LOW_PR_OUT_DFF[0].FDRE_PER_N/C
  -------------------------------------------------------------------    -------------------
    SLICE_X29Y89         FDRE (Prop_BFF_SLICEM_C_Q)
                                                      0.112     3.385 r  pccx_v002_system_i/rst_axi/U0/ACTIVE_LOW_PR_OUT_DFF[0].FDRE_PER_N/Q
                         net (fo=380, routed)         4.802     8.186    pccx_v002_system_i/u_npu/inst/u_wrap/u_pccx_npu_top/u_npu_controller_top/u_npu_frontend/u_cmd_in/u_cmd_q/lopt
    SLICE_X34Y186        LUT5 (Prop_D6LUT_SLICEM_I0_O)
                                                      0.134     8.320 r  pccx_v002_system_i/u_npu/inst/u_wrap/u_pccx_npu_top/u_npu_controller_top/u_npu_frontend/u_cmd_in/u_cmd_q/q\\.mem[0][63]_i_1/O
                         net (fo=63, routed)          1.988    10.309    pccx_v002_system_i/u_npu/inst/u_wrap/u_pccx_npu_top/u_npu_controller_top/u_npu_frontend/u_cmd_in/u_cmd_q/q\\.mem[0]
    SLICE_X36Y170        FDRE                                         r  pccx_v002_system_i/u_npu/inst/u_wrap/u_pccx_npu_top/u_npu_controller_top/u_npu_frontend/u_cmd_in/u_cmd_q/q\\.mem_reg[0][54]/CE
  -------------------------------------------------------------------    -------------------

                         (clock clk_pl_0 rise edge)
                                                     10.000    10.000 r  
    PS8_X0Y0             PS8                          0.000    10.000 r  pccx_v002_system_i/zynq_ps/inst/PS8_i/PLCLK[0]
                         net (fo=1, routed)           0.181    10.181    pccx_v002_system_i/zynq_ps/inst/pl_clk_unbuffered[0]
    BUFG_PS_X0Y90        BUFG_PS (Prop_BUFG_PS_I_O)
                                                      0.035    10.216 r  pccx_v002_system_i/zynq_ps/inst/buffer_pl_clk_0.PL_CLK_0_BUFG/O
    X1Y1 (CLOCK_ROOT)    net (fo=82020, routed)       2.756    12.972    pccx_v002_system_i/u_npu/inst/u_wrap/u_pccx_npu_top/u_npu_controller_top/u_npu_frontend/u_cmd_in/u_cmd_q/clk_core
    SLICE_X36Y170        FDRE                                         r  pccx_v002_system_i/u_npu/inst/u_wrap/u_pccx_npu_top/u_npu_controller_top/u_npu_frontend/u_cmd_in/u_cmd_q/q\\.mem_reg[0][54]/C
                         clock pessimism              0.194    13.166    
                         clock uncertainty           -0.160    13.006    
    SLICE_X36Y170        FDRE (Setup_GFF2_SLICEL_C_CE)
                                                     -0.079    12.927    pccx_v002_system_i/u_npu/inst/u_wrap/u_pccx_npu_top/u_npu_controller_top/u_npu_frontend/u_cmd_in/u_cmd_q/q\\.mem_reg[0][54]
  -------------------------------------------------------------------
                         required time                         12.927    
                         arrival time                         -10.309    
  -------------------------------------------------------------------
                         slack                                  2.618    

Slack (MET) :             2.618ns  (required time - arrival time)
  Source:                 pccx_v002_system_i/rst_axi/U0/ACTIVE_LOW_PR_OUT_DFF[0].FDRE_PER_N/C
                            (rising edge-triggered cell FDRE clocked by clk_pl_0  {rise@0.000ns fall@5.000ns period=10.000ns})
  Destination:            pccx_v002_system_i/u_npu/inst/u_wrap/u_pccx_npu_top/u_npu_controller_top/u_npu_frontend/u_cmd_in/u_cmd_q/q\\.mem_reg[0][5]/CE
                            (rising edge-triggered cell FDRE clocked by clk_pl_0  {rise@0.000ns fall@5.000ns period=10.000ns})
  Path Group:             clk_pl_0
  Path Type:              Setup (Max at Slow Process Corner)
  Requirement:            10.000ns  (clk_pl_0 rise@10.000ns - clk_pl_0 rise@0.000ns)
  Data Path Delay:        7.036ns  (logic 0.246ns (3.496%)  route 6.790ns (96.504%))
  Logic Levels:           1  (LUT5=1)
  Clock Path Skew:        -0.106ns (DCD - SCD + CPR)
    Destination Clock Delay (DCD):    2.972ns = ( 12.972 - 10.000 ) 
    Source Clock Delay      (SCD):    3.273ns
    Clock Pessimism Removal (CPR):    0.194ns
  Clock Uncertainty:      0.160ns  ((TSJ^2 + DJ^2)^1/2) / 2 + PE
    Total System Jitter     (TSJ):    0.071ns
    Discrete Jitter          (DJ):    0.312ns
    Phase Error              (PE):    0.000ns
  Clock Net Delay (Source):      3.006ns (routing 1.681ns, distribution 1.325ns)
  Clock Net Delay (Destination): 2.756ns (routing 1.538ns, distribution 1.218ns)

    Location             Delay type                Incr(ns)  Path(ns)    Netlist Resource(s)
  -------------------------------------------------------------------    -------------------
                         (clock clk_pl_0 rise edge)
                                                      0.000     0.000 r  
    PS8_X0Y0             PS8                          0.000     0.000 r  pccx_v002_system_i/zynq_ps/inst/PS8_i/PLCLK[0]
                         net (fo=1, routed)           0.229     0.229    pccx_v002_system_i/zynq_ps/inst/pl_clk_unbuffered[0]
    BUFG_PS_X0Y90        BUFG_PS (Prop_BUFG_PS_I_O)
                                                      0.038     0.267 r  pccx_v002_system_i/zynq_ps/inst/buffer_pl_clk_0.PL_CLK_0_BUFG/O
    X1Y1 (CLOCK_ROOT)    net (fo=82020, routed)       3.006     3.273    pccx_v002_system_i/rst_axi/U0/slowest_sync_clk
    SLICE_X29Y89         FDRE                                         r  pccx_v002_system_i/rst_axi/U0/ACTIVE_LOW_PR_OUT_DFF[0].FDRE_PER_N/C
  -------------------------------------------------------------------    -------------------
    SLICE_X29Y89         FDRE (Prop_BFF_SLICEM_C_Q)
                                                      0.112     3.385 r  pccx_v002_system_i/rst_axi/U0/ACTIVE_LOW_PR_OUT_DFF[0].FDRE_PER_N/Q
                         net (fo=380, routed)         4.802     8.186    pccx_v002_system_i/u_npu/inst/u_wrap/u_pccx_npu_top/u_npu_controller_top/u_npu_frontend/u_cmd_in/u_cmd_q/lopt
    SLICE_X34Y186        LUT5 (Prop_D6LUT_SLICEM_I0_O)
                                                      0.134     8.320 r  pccx_v002_system_i/u_npu/inst/u_wrap/u_pccx_npu_top/u_npu_controller_top/u_npu_frontend/u_cmd_in/u_cmd_q/q\\.mem[0][63]_i_1/O
                         net (fo=63, routed)          1.988    10.309    pccx_v002_system_i/u_npu/inst/u_wrap/u_pccx_npu_top/u_npu_controller_top/u_npu_frontend/u_cmd_in/u_cmd_q/q\\.mem[0]
    SLICE_X36Y170        FDRE                                         r  pccx_v002_system_i/u_npu/inst/u_wrap/u_pccx_npu_top/u_npu_controller_top/u_npu_frontend/u_cmd_in/u_cmd_q/q\\.mem_reg[0][5]/CE
  -------------------------------------------------------------------    -------------------

                         (clock clk_pl_0 rise edge)
                                                     10.000    10.000 r  
    PS8_X0Y0             PS8                          0.000    10.000 r  pccx_v002_system_i/zynq_ps/inst/PS8_i/PLCLK[0]
                         net (fo=1, routed)           0.181    10.181    pccx_v002_system_i/zynq_ps/inst/pl_clk_unbuffered[0]
    BUFG_PS_X0Y90        BUFG_PS (Prop_BUFG_PS_I_O)
                                                      0.035    10.216 r  pccx_v002_system_i/zynq_ps/inst/buffer_pl_clk_0.PL_CLK_0_BUFG/O
    X1Y1 (CLOCK_ROOT)    net (fo=82020, routed)       2.756    12.972    pccx_v002_system_i/u_npu/inst/u_wrap/u_pccx_npu_top/u_npu_controller_top/u_npu_frontend/u_cmd_in/u_cmd_q/clk_core
    SLICE_X36Y170        FDRE                                         r  pccx_v002_system_i/u_npu/inst/u_wrap/u_pccx_npu_top/u_npu_controller_top/u_npu_frontend/u_cmd_in/u_cmd_q/q\\.mem_reg[0][5]/C
                         clock pessimism              0.194    13.166    
                         clock uncertainty           -0.160    13.006    
    SLICE_X36Y170        FDRE (Setup_FFF2_SLICEL_C_CE)
                                                     -0.079    12.927    pccx_v002_system_i/u_npu/inst/u_wrap/u_pccx_npu_top/u_npu_controller_top/u_npu_frontend/u_cmd_in/u_cmd_q/q\\.mem_reg[0][5]
  -------------------------------------------------------------------
                         required time                         12.927    
                         arrival time                         -10.309    
  -------------------------------------------------------------------
                         slack                                  2.618    





Min Delay Paths
--------------------------------------------------------------------------------------
Slack (MET) :             0.010ns  (arrival time - required time)
  Source:                 pccx_v002_system_i/u_npu/inst/u_wrap/u_pccx_npu_top/u_systolic_engine/u_compute_core/gemm_row_loop[8].gemm_col_loop[13].normal_row.dsp_unit/w_lower_reg_reg[2]/C
                            (rising edge-triggered cell FDRE clocked by clk_pl_0  {rise@0.000ns fall@5.000ns period=10.000ns})
  Destination:            pccx_v002_system_i/u_npu/inst/u_wrap/u_pccx_npu_top/u_systolic_engine/u_compute_core/gemm_row_loop[8].gemm_col_loop[14].normal_row.dsp_unit/w_lower_reg_reg[2]/D
                            (rising edge-triggered cell FDRE clocked by clk_pl_0  {rise@0.000ns fall@5.000ns period=10.000ns})
  Path Group:             clk_pl_0
  Path Type:              Hold (Min at Slow Process Corner)
  Requirement:            0.000ns  (clk_pl_0 rise@0.000ns - clk_pl_0 rise@0.000ns)
  Data Path Delay:        0.227ns  (logic 0.111ns (48.833%)  route 0.116ns (51.166%))
  Logic Levels:           0  
  Clock Path Skew:        0.115ns (DCD - SCD - CPR)
    Destination Clock Delay (DCD):    3.326ns
    Source Clock Delay      (SCD):    2.967ns
    Clock Pessimism Removal (CPR):    0.243ns
  Clock Net Delay (Source):      2.751ns (routing 1.538ns, distribution 1.213ns)
  Clock Net Delay (Destination): 3.059ns (routing 1.681ns, distribution 1.378ns)

    Location             Delay type                Incr(ns)  Path(ns)    Netlist Resource(s)
  -------------------------------------------------------------------    -------------------
                         (clock clk_pl_0 rise edge)
                                                      0.000     0.000 r  
    PS8_X0Y0             PS8                          0.000     0.000 r  pccx_v002_system_i/zynq_ps/inst/PS8_i/PLCLK[0]
                         net (fo=1, routed)           0.181     0.181    pccx_v002_system_i/zynq_ps/inst/pl_clk_unbuffered[0]
    BUFG_PS_X0Y90        BUFG_PS (Prop_BUFG_PS_I_O)
                                                      0.035     0.216 r  pccx_v002_system_i/zynq_ps/inst/buffer_pl_clk_0.PL_CLK_0_BUFG/O
    X1Y1 (CLOCK_ROOT)    net (fo=82020, routed)       2.751     2.967    pccx_v002_system_i/u_npu/inst/u_wrap/u_pccx_npu_top/u_systolic_engine/u_compute_core/gemm_row_loop[8].gemm_col_loop[13].normal_row.dsp_unit/clk_core
    SLICE_X32Y206        FDRE                                         r  pccx_v002_system_i/u_npu/inst/u_wrap/u_pccx_npu_top/u_systolic_engine/u_compute_core/gemm_row_loop[8].gemm_col_loop[13].normal_row.dsp_unit/w_lower_reg_reg[2]/C
  -------------------------------------------------------------------    -------------------
    SLICE_X32Y206        FDRE (Prop_BFF_SLICEM_C_Q)
                                                      0.111     3.078 r  pccx_v002_system_i/u_npu/inst/u_wrap/u_pccx_npu_top/u_systolic_engine/u_compute_core/gemm_row_loop[8].gemm_col_loop[13].normal_row.dsp_unit/w_lower_reg_reg[2]/Q
                         net (fo=2, routed)           0.116     3.194    pccx_v002_system_i/u_npu/inst/u_wrap/u_pccx_npu_top/u_systolic_engine/u_compute_core/gemm_row_loop[8].gemm_col_loop[14].normal_row.dsp_unit/w_lower_reg_reg[3]_1[2]
    SLICE_X31Y206        FDRE                                         r  pccx_v002_system_i/u_npu/inst/u_wrap/u_pccx_npu_top/u_systolic_engine/u_compute_core/gemm_row_loop[8].gemm_col_loop[14].normal_row.dsp_unit/w_lower_reg_reg[2]/D
  -------------------------------------------------------------------    -------------------

                         (clock clk_pl_0 rise edge)
                                                      0.000     0.000 r  
    PS8_X0Y0             PS8                          0.000     0.000 r  pccx_v002_system_i/zynq_ps/inst/PS8_i/PLCLK[0]
                         net (fo=1, routed)           0.229     0.229    pccx_v002_system_i/zynq_ps/inst/pl_clk_unbuffered[0]
    BUFG_PS_X0Y90        BUFG_PS (Prop_BUFG_PS_I_O)
                                                      0.038     0.267 r  pccx_v002_system_i/zynq_ps/inst/buffer_pl_clk_0.PL_CLK_0_BUFG/O
    X1Y1 (CLOCK_ROOT)    net (fo=82020, routed)       3.059     3.326    pccx_v002_system_i/u_npu/inst/u_wrap/u_pccx_npu_top/u_systolic_engine/u_compute_core/gemm_row_loop[8].gemm_col_loop[14].normal_row.dsp_unit/clk_core
    SLICE_X31Y206        FDRE                                         r  pccx_v002_system_i/u_npu/inst/u_wrap/u_pccx_npu_top/u_systolic_engine/u_compute_core/gemm_row_loop[8].gemm_col_loop[14].normal_row.dsp_unit/w_lower_reg_reg[2]/C
                         clock pessimism             -0.243     3.083    
    SLICE_X31Y206        FDRE (Hold_BFF2_SLICEM_C_D)
                                                      0.102     3.185    pccx_v002_system_i/u_npu/inst/u_wrap/u_pccx_npu_top/u_systolic_engine/u_compute_core/gemm_row_loop[8].gemm_col_loop[14].normal_row.dsp_unit/w_lower_reg_reg[2]
  -------------------------------------------------------------------
                         required time                         -3.185    
                         arrival time                           3.194    
  -------------------------------------------------------------------
                         slack                                  0.010    

Slack (MET) :             0.010ns  (arrival time - required time)
  Source:                 pccx_v002_system_i/u_npu/inst/u_wrap/u_pccx_npu_top/gen_norm[24].u_norm_seq/s1_abs_data_reg[11]/C
                            (rising edge-triggered cell FDRE clocked by clk_pl_0  {rise@0.000ns fall@5.000ns period=10.000ns})
  Destination:            pccx_v002_system_i/u_npu/inst/u_wrap/u_pccx_npu_top/gen_norm[24].u_norm_seq/s2_abs_data_reg[11]/D
                            (rising edge-triggered cell FDRE clocked by clk_pl_0  {rise@0.000ns fall@5.000ns period=10.000ns})
  Path Group:             clk_pl_0
  Path Type:              Hold (Min at Slow Process Corner)
  Requirement:            0.000ns  (clk_pl_0 rise@0.000ns - clk_pl_0 rise@0.000ns)
  Data Path Delay:        0.245ns  (logic 0.112ns (45.653%)  route 0.133ns (54.347%))
  Logic Levels:           0  
  Clock Path Skew:        0.132ns (DCD - SCD - CPR)
    Destination Clock Delay (DCD):    3.503ns
    Source Clock Delay      (SCD):    3.119ns
    Clock Pessimism Removal (CPR):    0.251ns
  Clock Net Delay (Source):      2.903ns (routing 1.538ns, distribution 1.365ns)
  Clock Net Delay (Destination): 3.236ns (routing 1.681ns, distribution 1.555ns)

    Location             Delay type                Incr(ns)  Path(ns)    Netlist Resource(s)
  -------------------------------------------------------------------    -------------------
                         (clock clk_pl_0 rise edge)
                                                      0.000     0.000 r  
    PS8_X0Y0             PS8                          0.000     0.000 r  pccx_v002_system_i/zynq_ps/inst/PS8_i/PLCLK[0]
                         net (fo=1, routed)           0.181     0.181    pccx_v002_system_i/zynq_ps/inst/pl_clk_unbuffered[0]
    BUFG_PS_X0Y90        BUFG_PS (Prop_BUFG_PS_I_O)
                                                      0.035     0.216 r  pccx_v002_system_i/zynq_ps/inst/buffer_pl_clk_0.PL_CLK_0_BUFG/O
    X1Y1 (CLOCK_ROOT)    net (fo=82020, routed)       2.903     3.119    pccx_v002_system_i/u_npu/inst/u_wrap/u_pccx_npu_top/gen_norm[24].u_norm_seq/clk_core
    SLICE_X14Y108        FDRE                                         r  pccx_v002_system_i/u_npu/inst/u_wrap/u_pccx_npu_top/gen_norm[24].u_norm_seq/s1_abs_data_reg[11]/C
  -------------------------------------------------------------------    -------------------
    SLICE_X14Y108        FDRE (Prop_DFF_SLICEL_C_Q)
                                                      0.112     3.231 r  pccx_v002_system_i/u_npu/inst/u_wrap/u_pccx_npu_top/gen_norm[24].u_norm_seq/s1_abs_data_reg[11]/Q
                         net (fo=5, routed)           0.133     3.364    pccx_v002_system_i/u_npu/inst/u_wrap/u_pccx_npu_top/gen_norm[24].u_norm_seq/s1_abs_data_reg_n_0_[11]
    SLICE_X15Y108        FDRE                                         r  pccx_v002_system_i/u_npu/inst/u_wrap/u_pccx_npu_top/gen_norm[24].u_norm_seq/s2_abs_data_reg[11]/D
  -------------------------------------------------------------------    -------------------

                         (clock clk_pl_0 rise edge)
                                                      0.000     0.000 r  
    PS8_X0Y0             PS8                          0.000     0.000 r  pccx_v002_system_i/zynq_ps/inst/PS8_i/PLCLK[0]
                         net (fo=1, routed)           0.229     0.229    pccx_v002_system_i/zynq_ps/inst/pl_clk_unbuffered[0]
    BUFG_PS_X0Y90        BUFG_PS (Prop_BUFG_PS_I_O)
                                                      0.038     0.267 r  pccx_v002_system_i/zynq_ps/inst/buffer_pl_clk_0.PL_CLK_0_BUFG/O
    X1Y1 (CLOCK_ROOT)    net (fo=82020, routed)       3.236     3.503    pccx_v002_system_i/u_npu/inst/u_wrap/u_pccx_npu_top/gen_norm[24].u_norm_seq/clk_core
    SLICE_X15Y108        FDRE                                         r  pccx_v002_system_i/u_npu/inst/u_wrap/u_pccx_npu_top/gen_norm[24].u_norm_seq/s2_abs_data_reg[11]/C
                         clock pessimism             -0.251     3.251    
    SLICE_X15Y108        FDRE (Hold_GFF2_SLICEL_C_D)
                                                      0.103     3.354    pccx_v002_system_i/u_npu/inst/u_wrap/u_pccx_npu_top/gen_norm[24].u_norm_seq/s2_abs_data_reg[11]
  -------------------------------------------------------------------
                         required time                         -3.354    
                         arrival time                           3.364    
  -------------------------------------------------------------------
                         slack                                  0.010    

Slack (MET) :             0.010ns  (arrival time - required time)
  Source:                 pccx_v002_system_i/u_npu/inst/u_wrap/u_pccx_npu_top/gen_norm[24].u_norm_seq/s3_new_exp_reg[6]/C
                            (rising edge-triggered cell FDRE clocked by clk_pl_0  {rise@0.000ns fall@5.000ns period=10.000ns})
  Destination:            pccx_v002_system_i/u_npu/inst/u_wrap/u_pccx_npu_top/gen_norm[24].u_norm_seq/data_out_reg[13]/D
                            (rising edge-triggered cell FDRE clocked by clk_pl_0  {rise@0.000ns fall@5.000ns period=10.000ns})
  Path Group:             clk_pl_0
  Path Type:              Hold (Min at Slow Process Corner)
  Requirement:            0.000ns  (clk_pl_0 rise@0.000ns - clk_pl_0 rise@0.000ns)
  Data Path Delay:        0.239ns  (logic 0.112ns (46.862%)  route 0.127ns (53.138%))
  Logic Levels:           0  
  Clock Path Skew:        0.126ns (DCD - SCD - CPR)
    Destination Clock Delay (DCD):    3.454ns
    Source Clock Delay      (SCD):    3.075ns
    Clock Pessimism Removal (CPR):    0.253ns
  Clock Net Delay (Source):      2.859ns (routing 1.538ns, distribution 1.321ns)
  Clock Net Delay (Destination): 3.187ns (routing 1.681ns, distribution 1.506ns)

    Location             Delay type                Incr(ns)  Path(ns)    Netlist Resource(s)
  -------------------------------------------------------------------    -------------------
                         (clock clk_pl_0 rise edge)
                                                      0.000     0.000 r  
    PS8_X0Y0             PS8                          0.000     0.000 r  pccx_v002_system_i/zynq_ps/inst/PS8_i/PLCLK[0]
                         net (fo=1, routed)           0.181     0.181    pccx_v002_system_i/zynq_ps/inst/pl_clk_unbuffered[0]
    BUFG_PS_X0Y90        BUFG_PS (Prop_BUFG_PS_I_O)
                                                      0.035     0.216 r  pccx_v002_system_i/zynq_ps/inst/buffer_pl_clk_0.PL_CLK_0_BUFG/O
    X1Y1 (CLOCK_ROOT)    net (fo=82020, routed)       2.859     3.075    pccx_v002_system_i/u_npu/inst/u_wrap/u_pccx_npu_top/gen_norm[24].u_norm_seq/clk_core
    SLICE_X44Y122        FDRE                                         r  pccx_v002_system_i/u_npu/inst/u_wrap/u_pccx_npu_top/gen_norm[24].u_norm_seq/s3_new_exp_reg[6]/C
  -------------------------------------------------------------------    -------------------
    SLICE_X44Y122        FDRE (Prop_GFF_SLICEL_C_Q)
                                                      0.112     3.187 r  pccx_v002_system_i/u_npu/inst/u_wrap/u_pccx_npu_top/gen_norm[24].u_norm_seq/s3_new_exp_reg[6]/Q
                         net (fo=1, routed)           0.127     3.314    pccx_v002_system_i/u_npu/inst/u_wrap/u_pccx_npu_top/gen_norm[24].u_norm_seq/s3_new_exp[6]
    SLICE_X46Y121        FDRE                                         r  pccx_v002_system_i/u_npu/inst/u_wrap/u_pccx_npu_top/gen_norm[24].u_norm_seq/data_out_reg[13]/D
  -------------------------------------------------------------------    -------------------

                         (clock clk_pl_0 rise edge)
                                                      0.000     0.000 r  
    PS8_X0Y0             PS8                          0.000     0.000 r  pccx_v002_system_i/zynq_ps/inst/PS8_i/PLCLK[0]
                         net (fo=1, routed)           0.229     0.229    pccx_v002_system_i/zynq_ps/inst/pl_clk_unbuffered[0]
    BUFG_PS_X0Y90        BUFG_PS (Prop_BUFG_PS_I_O)
                                                      0.038     0.267 r  pccx_v002_system_i/zynq_ps/inst/buffer_pl_clk_0.PL_CLK_0_BUFG/O
    X1Y1 (CLOCK_ROOT)    net (fo=82020, routed)       3.187     3.454    pccx_v002_system_i/u_npu/inst/u_wrap/u_pccx_npu_top/gen_norm[24].u_norm_seq/clk_core
    SLICE_X46Y121        FDRE                                         r  pccx_v002_system_i/u_npu/inst/u_wrap/u_pccx_npu_top/gen_norm[24].u_norm_seq/data_out_reg[13]/C
                         clock pessimism             -0.253     3.201    
    SLICE_X46Y121        FDRE (Hold_CFF2_SLICEL_C_D)
                                                      0.103     3.304    pccx_v002_system_i/u_npu/inst/u_wrap/u_pccx_npu_top/gen_norm[24].u_norm_seq/data_out_reg[13]
  -------------------------------------------------------------------
                         required time                         -3.304    
                         arrival time                           3.314    
  -------------------------------------------------------------------
                         slack                                  0.010    

Slack (MET) :             0.011ns  (arrival time - required time)
  Source:                 pccx_v002_system_i/u_npu/inst/u_wrap/u_pccx_npu_top/u_systolic_engine/u_compute_core/gemm_row_loop[30].gemm_col_loop[12].normal_row.dsp_unit/flush_sequence_reg[0]/C
                            (rising edge-triggered cell FDRE clocked by clk_pl_0  {rise@0.000ns fall@5.000ns period=10.000ns})
  Destination:            pccx_v002_system_i/u_npu/inst/u_wrap/u_pccx_npu_top/u_systolic_engine/u_compute_core/gemm_row_loop[30].gemm_col_loop[12].normal_row.dsp_unit/flush_sequence_reg[1]/D
                            (rising edge-triggered cell FDRE clocked by clk_pl_0  {rise@0.000ns fall@5.000ns period=10.000ns})
  Path Group:             clk_pl_0
  Path Type:              Hold (Min at Slow Process Corner)
  Requirement:            0.000ns  (clk_pl_0 rise@0.000ns - clk_pl_0 rise@0.000ns)
  Data Path Delay:        0.234ns  (logic 0.115ns (49.145%)  route 0.119ns (50.855%))
  Logic Levels:           0  
  Clock Path Skew:        0.121ns (DCD - SCD - CPR)
    Destination Clock Delay (DCD):    3.344ns
    Source Clock Delay      (SCD):    2.979ns
    Clock Pessimism Removal (CPR):    0.243ns
  Clock Net Delay (Source):      2.763ns (routing 1.538ns, distribution 1.225ns)
  Clock Net Delay (Destination): 3.077ns (routing 1.681ns, distribution 1.396ns)

    Location             Delay type                Incr(ns)  Path(ns)    Netlist Resource(s)
  -------------------------------------------------------------------    -------------------
                         (clock clk_pl_0 rise edge)
                                                      0.000     0.000 r  
    PS8_X0Y0             PS8                          0.000     0.000 r  pccx_v002_system_i/zynq_ps/inst/PS8_i/PLCLK[0]
                         net (fo=1, routed)           0.181     0.181    pccx_v002_system_i/zynq_ps/inst/pl_clk_unbuffered[0]
    BUFG_PS_X0Y90        BUFG_PS (Prop_BUFG_PS_I_O)
                                                      0.035     0.216 r  pccx_v002_system_i/zynq_ps/inst/buffer_pl_clk_0.PL_CLK_0_BUFG/O
    X1Y1 (CLOCK_ROOT)    net (fo=82020, routed)       2.763     2.979    pccx_v002_system_i/u_npu/inst/u_wrap/u_pccx_npu_top/u_systolic_engine/u_compute_core/gemm_row_loop[30].gemm_col_loop[12].normal_row.dsp_unit/clk_core
    SLICE_X34Y185        FDRE                                         r  pccx_v002_system_i/u_npu/inst/u_wrap/u_pccx_npu_top/u_systolic_engine/u_compute_core/gemm_row_loop[30].gemm_col_loop[12].normal_row.dsp_unit/flush_sequence_reg[0]/C
  -------------------------------------------------------------------    -------------------
    SLICE_X34Y185        FDRE (Prop_DFF2_SLICEM_C_Q)
                                                      0.115     3.094 r  pccx_v002_system_i/u_npu/inst/u_wrap/u_pccx_npu_top/u_systolic_engine/u_compute_core/gemm_row_loop[30].gemm_col_loop[12].normal_row.dsp_unit/flush_sequence_reg[0]/Q
                         net (fo=1, routed)           0.119     3.213    pccx_v002_system_i/u_npu/inst/u_wrap/u_pccx_npu_top/u_systolic_engine/u_compute_core/gemm_row_loop[30].gemm_col_loop[12].normal_row.dsp_unit/flush_sequence[1]
    SLICE_X35Y185        FDRE                                         r  pccx_v002_system_i/u_npu/inst/u_wrap/u_pccx_npu_top/u_systolic_engine/u_compute_core/gemm_row_loop[30].gemm_col_loop[12].normal_row.dsp_unit/flush_sequence_reg[1]/D
  -------------------------------------------------------------------    -------------------

                         (clock clk_pl_0 rise edge)
                                                      0.000     0.000 r  
    PS8_X0Y0             PS8                          0.000     0.000 r  pccx_v002_system_i/zynq_ps/inst/PS8_i/PLCLK[0]
                         net (fo=1, routed)           0.229     0.229    pccx_v002_system_i/zynq_ps/inst/pl_clk_unbuffered[0]
    BUFG_PS_X0Y90        BUFG_PS (Prop_BUFG_PS_I_O)
                                                      0.038     0.267 r  pccx_v002_system_i/zynq_ps/inst/buffer_pl_clk_0.PL_CLK_0_BUFG/O
    X1Y1 (CLOCK_ROOT)    net (fo=82020, routed)       3.077     3.344    pccx_v002_system_i/u_npu/inst/u_wrap/u_pccx_npu_top/u_systolic_engine/u_compute_core/gemm_row_loop[30].gemm_col_loop[12].normal_row.dsp_unit/clk_core
    SLICE_X35Y185        FDRE                                         r  pccx_v002_system_i/u_npu/inst/u_wrap/u_pccx_npu_top/u_systolic_engine/u_compute_core/gemm_row_loop[30].gemm_col_loop[12].normal_row.dsp_unit/flush_sequence_reg[1]/C
                         clock pessimism             -0.243     3.101    
    SLICE_X35Y185        FDRE (Hold_FFF2_SLICEM_C_D)
                                                      0.102     3.203    pccx_v002_system_i/u_npu/inst/u_wrap/u_pccx_npu_top/u_systolic_engine/u_compute_core/gemm_row_loop[30].gemm_col_loop[12].normal_row.dsp_unit/flush_sequence_reg[1]
  -------------------------------------------------------------------
                         required time                         -3.203    
                         arrival time                           3.213    
  -------------------------------------------------------------------
                         slack                                  0.011    

Slack (MET) :             0.011ns  (arrival time - required time)
  Source:                 pccx_v002_system_i/u_npu/inst/u_wrap/u_pccx_npu_top/u_mem_dispatcher/u_l2_cache/u_acp_cdc/rx_slice_tdata_reg[102]/C
                            (rising edge-triggered cell FDRE clocked by clk_pl_0  {rise@0.000ns fall@5.000ns period=10.000ns})
  Destination:            pccx_v002_system_i/u_npu/inst/u_wrap/u_pccx_npu_top/u_mem_dispatcher/u_l2_cache/u_acp_cdc/u_acp_rx_fifo/gnuram_async_fifo.xpm_fifo_base_inst/gen_sdpram.xpm_memory_base_inst/gen_wr_a.gen_word_narrow.mem_reg_1/DINADIN[30]
                            (rising edge-triggered cell RAMB36E2 clocked by clk_pl_0  {rise@0.000ns fall@5.000ns period=10.000ns})
  Path Group:             clk_pl_0
  Path Type:              Hold (Min at Slow Process Corner)
  Requirement:            0.000ns  (clk_pl_0 rise@0.000ns - clk_pl_0 rise@0.000ns)
  Data Path Delay:        0.213ns  (logic 0.113ns (53.052%)  route 0.100ns (46.948%))
  Logic Levels:           0  
  Clock Path Skew:        0.250ns (DCD - SCD - CPR)
    Destination Clock Delay (DCD):    3.552ns
    Source Clock Delay      (SCD):    3.049ns
    Clock Pessimism Removal (CPR):    0.252ns
  Clock Net Delay (Source):      2.833ns (routing 1.538ns, distribution 1.295ns)
  Clock Net Delay (Destination): 3.285ns (routing 1.681ns, distribution 1.604ns)

    Location             Delay type                Incr(ns)  Path(ns)    Netlist Resource(s)
  -------------------------------------------------------------------    -------------------
                         (clock clk_pl_0 rise edge)
                                                      0.000     0.000 r  
    PS8_X0Y0             PS8                          0.000     0.000 r  pccx_v002_system_i/zynq_ps/inst/PS8_i/PLCLK[0]
                         net (fo=1, routed)           0.181     0.181    pccx_v002_system_i/zynq_ps/inst/pl_clk_unbuffered[0]
    BUFG_PS_X0Y90        BUFG_PS (Prop_BUFG_PS_I_O)
                                                      0.035     0.216 r  pccx_v002_system_i/zynq_ps/inst/buffer_pl_clk_0.PL_CLK_0_BUFG/O
    X1Y1 (CLOCK_ROOT)    net (fo=82020, routed)       2.833     3.049    pccx_v002_system_i/u_npu/inst/u_wrap/u_pccx_npu_top/u_mem_dispatcher/u_l2_cache/u_acp_cdc/clk_axi
    SLICE_X48Y116        FDRE                                         r  pccx_v002_system_i/u_npu/inst/u_wrap/u_pccx_npu_top/u_mem_dispatcher/u_l2_cache/u_acp_cdc/rx_slice_tdata_reg[102]/C
  -------------------------------------------------------------------    -------------------
    SLICE_X48Y116        FDRE (Prop_HFF2_SLICEL_C_Q)
                                                      0.113     3.162 r  pccx_v002_system_i/u_npu/inst/u_wrap/u_pccx_npu_top/u_mem_dispatcher/u_l2_cache/u_acp_cdc/rx_slice_tdata_reg[102]/Q
                         net (fo=1, routed)           0.100     3.262    pccx_v002_system_i/u_npu/inst/u_wrap/u_pccx_npu_top/u_mem_dispatcher/u_l2_cache/u_acp_cdc/u_acp_rx_fifo/gnuram_async_fifo.xpm_fifo_base_inst/gen_sdpram.xpm_memory_base_inst/dina[102]
    RAMB36_X1Y23         RAMB36E2                                     r  pccx_v002_system_i/u_npu/inst/u_wrap/u_pccx_npu_top/u_mem_dispatcher/u_l2_cache/u_acp_cdc/u_acp_rx_fifo/gnuram_async_fifo.xpm_fifo_base_inst/gen_sdpram.xpm_memory_base_inst/gen_wr_a.gen_word_narrow.mem_reg_1/DINADIN[30]
  -------------------------------------------------------------------    -------------------

                         (clock clk_pl_0 rise edge)
                                                      0.000     0.000 r  
    PS8_X0Y0             PS8                          0.000     0.000 r  pccx_v002_system_i/zynq_ps/inst/PS8_i/PLCLK[0]
                         net (fo=1, routed)           0.229     0.229    pccx_v002_system_i/zynq_ps/inst/pl_clk_unbuffered[0]
    BUFG_PS_X0Y90        BUFG_PS (Prop_BUFG_PS_I_O)
                                                      0.038     0.267 r  pccx_v002_system_i/zynq_ps/inst/buffer_pl_clk_0.PL_CLK_0_BUFG/O
    X1Y1 (CLOCK_ROOT)    net (fo=82020, routed)       3.285     3.552    pccx_v002_system_i/u_npu/inst/u_wrap/u_pccx_npu_top/u_mem_dispatcher/u_l2_cache/u_acp_cdc/u_acp_rx_fifo/gnuram_async_fifo.xpm_fifo_base_inst/gen_sdpram.xpm_memory_base_inst/clka
    RAMB36_X1Y23         RAMB36E2                                     r  pccx_v002_system_i/u_npu/inst/u_wrap/u_pccx_npu_top/u_mem_dispatcher/u_l2_cache/u_acp_cdc/u_acp_rx_fifo/gnuram_async_fifo.xpm_fifo_base_inst/gen_sdpram.xpm_memory_base_inst/gen_wr_a.gen_word_narrow.mem_reg_1/CLKBWRCLK
                         clock pessimism             -0.252     3.300    
    RAMB36_X1Y23         RAMB36E2 (Hold_RAMB36E2_RAMB36_CLKBWRCLK_DINADIN[30])
                                                     -0.048     3.252    pccx_v002_system_i/u_npu/inst/u_wrap/u_pccx_npu_top/u_mem_dispatcher/u_l2_cache/u_acp_cdc/u_acp_rx_fifo/gnuram_async_fifo.xpm_fifo_base_inst/gen_sdpram.xpm_memory_base_inst/gen_wr_a.gen_word_narrow.mem_reg_1
  -------------------------------------------------------------------
                         required time                         -3.252    
                         arrival time                           3.262    
  -------------------------------------------------------------------
                         slack                                  0.011    

Slack (MET) :             0.011ns  (arrival time - required time)
  Source:                 pccx_v002_system_i/u_npu/inst/u_wrap/u_pccx_npu_top/u_systolic_engine/u_compute_core/gemm_row_loop[26].gemm_col_loop[7].normal_row.dsp_unit/w_lower_reg_reg[2]/C
                            (rising edge-triggered cell FDRE clocked by clk_pl_0  {rise@0.000ns fall@5.000ns period=10.000ns})
  Destination:            pccx_v002_system_i/u_npu/inst/u_wrap/u_pccx_npu_top/u_systolic_engine/u_compute_core/gemm_row_loop[26].gemm_col_loop[8].normal_row.dsp_unit/w_lower_reg_reg[2]/D
                            (rising edge-triggered cell FDRE clocked by clk_pl_0  {rise@0.000ns fall@5.000ns period=10.000ns})
  Path Group:             clk_pl_0
  Path Type:              Hold (Min at Slow Process Corner)
  Requirement:            0.000ns  (clk_pl_0 rise@0.000ns - clk_pl_0 rise@0.000ns)
  Data Path Delay:        0.329ns  (logic 0.112ns (34.040%)  route 0.217ns (65.960%))
  Logic Levels:           0  
  Clock Path Skew:        0.217ns (DCD - SCD - CPR)
    Destination Clock Delay (DCD):    3.335ns
    Source Clock Delay      (SCD):    2.923ns
    Clock Pessimism Removal (CPR):    0.194ns
  Clock Net Delay (Source):      2.707ns (routing 1.538ns, distribution 1.169ns)
  Clock Net Delay (Destination): 3.068ns (routing 1.681ns, distribution 1.387ns)

    Location             Delay type                Incr(ns)  Path(ns)    Netlist Resource(s)
  -------------------------------------------------------------------    -------------------
                         (clock clk_pl_0 rise edge)
                                                      0.000     0.000 r  
    PS8_X0Y0             PS8                          0.000     0.000 r  pccx_v002_system_i/zynq_ps/inst/PS8_i/PLCLK[0]
                         net (fo=1, routed)           0.181     0.181    pccx_v002_system_i/zynq_ps/inst/pl_clk_unbuffered[0]
    BUFG_PS_X0Y90        BUFG_PS (Prop_BUFG_PS_I_O)
                                                      0.035     0.216 r  pccx_v002_system_i/zynq_ps/inst/buffer_pl_clk_0.PL_CLK_0_BUFG/O
    X1Y1 (CLOCK_ROOT)    net (fo=82020, routed)       2.707     2.923    pccx_v002_system_i/u_npu/inst/u_wrap/u_pccx_npu_top/u_systolic_engine/u_compute_core/gemm_row_loop[26].gemm_col_loop[7].normal_row.dsp_unit/clk_core
    SLICE_X36Y108        FDRE                                         r  pccx_v002_system_i/u_npu/inst/u_wrap/u_pccx_npu_top/u_systolic_engine/u_compute_core/gemm_row_loop[26].gemm_col_loop[7].normal_row.dsp_unit/w_lower_reg_reg[2]/C
  -------------------------------------------------------------------    -------------------
    SLICE_X36Y108        FDRE (Prop_AFF_SLICEL_C_Q)
                                                      0.112     3.035 r  pccx_v002_system_i/u_npu/inst/u_wrap/u_pccx_npu_top/u_systolic_engine/u_compute_core/gemm_row_loop[26].gemm_col_loop[7].normal_row.dsp_unit/w_lower_reg_reg[2]/Q
                         net (fo=2, routed)           0.217     3.252    pccx_v002_system_i/u_npu/inst/u_wrap/u_pccx_npu_top/u_systolic_engine/u_compute_core/gemm_row_loop[26].gemm_col_loop[8].normal_row.dsp_unit/w_lower_reg_reg[3]_1[2]
    SLICE_X36Y122        FDRE                                         r  pccx_v002_system_i/u_npu/inst/u_wrap/u_pccx_npu_top/u_systolic_engine/u_compute_core/gemm_row_loop[26].gemm_col_loop[8].normal_row.dsp_unit/w_lower_reg_reg[2]/D
  -------------------------------------------------------------------    -------------------

                         (clock clk_pl_0 rise edge)
                                                      0.000     0.000 r  
    PS8_X0Y0             PS8                          0.000     0.000 r  pccx_v002_system_i/zynq_ps/inst/PS8_i/PLCLK[0]
                         net (fo=1, routed)           0.229     0.229    pccx_v002_system_i/zynq_ps/inst/pl_clk_unbuffered[0]
    BUFG_PS_X0Y90        BUFG_PS (Prop_BUFG_PS_I_O)
                                                      0.038     0.267 r  pccx_v002_system_i/zynq_ps/inst/buffer_pl_clk_0.PL_CLK_0_BUFG/O
    X1Y1 (CLOCK_ROOT)    net (fo=82020, routed)       3.068     3.335    pccx_v002_system_i/u_npu/inst/u_wrap/u_pccx_npu_top/u_systolic_engine/u_compute_core/gemm_row_loop[26].gemm_col_loop[8].normal_row.dsp_unit/clk_core
    SLICE_X36Y122        FDRE                                         r  pccx_v002_system_i/u_npu/inst/u_wrap/u_pccx_npu_top/u_systolic_engine/u_compute_core/gemm_row_loop[26].gemm_col_loop[8].normal_row.dsp_unit/w_lower_reg_reg[2]/C
                         clock pessimism             -0.194     3.141    
    SLICE_X36Y122        FDRE (Hold_DFF_SLICEL_C_D)
                                                      0.101     3.242    pccx_v002_system_i/u_npu/inst/u_wrap/u_pccx_npu_top/u_systolic_engine/u_compute_core/gemm_row_loop[26].gemm_col_loop[8].normal_row.dsp_unit/w_lower_reg_reg[2]
  -------------------------------------------------------------------
                         required time                         -3.242    
                         arrival time                           3.252    
  -------------------------------------------------------------------
                         slack                                  0.011    

Slack (MET) :             0.011ns  (arrival time - required time)
  Source:                 pccx_v002_system_i/u_npu/inst/u_wrap/u_pccx_npu_top/u_systolic_engine/u_compute_core/gemm_row_loop[23].gemm_col_loop[11].normal_row.dsp_unit/w_lower_reg_reg[1]/C
                            (rising edge-triggered cell FDRE clocked by clk_pl_0  {rise@0.000ns fall@5.000ns period=10.000ns})
  Destination:            pccx_v002_system_i/u_npu/inst/u_wrap/u_pccx_npu_top/u_systolic_engine/u_compute_core/gemm_row_loop[23].gemm_col_loop[12].normal_row.dsp_unit/w_lower_reg_reg[1]/D
                            (rising edge-triggered cell FDRE clocked by clk_pl_0  {rise@0.000ns fall@5.000ns period=10.000ns})
  Path Group:             clk_pl_0
  Path Type:              Hold (Min at Slow Process Corner)
  Requirement:            0.000ns  (clk_pl_0 rise@0.000ns - clk_pl_0 rise@0.000ns)
  Data Path Delay:        0.219ns  (logic 0.114ns (51.983%)  route 0.105ns (48.017%))
  Logic Levels:           0  
  Clock Path Skew:        0.106ns (DCD - SCD - CPR)
    Destination Clock Delay (DCD):    3.315ns
    Source Clock Delay      (SCD):    2.959ns
    Clock Pessimism Removal (CPR):    0.249ns
  Clock Net Delay (Source):      2.743ns (routing 1.538ns, distribution 1.205ns)
  Clock Net Delay (Destination): 3.048ns (routing 1.681ns, distribution 1.367ns)

    Location             Delay type                Incr(ns)  Path(ns)    Netlist Resource(s)
  -------------------------------------------------------------------    -------------------
                         (clock clk_pl_0 rise edge)
                                                      0.000     0.000 r  
    PS8_X0Y0             PS8                          0.000     0.000 r  pccx_v002_system_i/zynq_ps/inst/PS8_i/PLCLK[0]
                         net (fo=1, routed)           0.181     0.181    pccx_v002_system_i/zynq_ps/inst/pl_clk_unbuffered[0]
    BUFG_PS_X0Y90        BUFG_PS (Prop_BUFG_PS_I_O)
                                                      0.035     0.216 r  pccx_v002_system_i/zynq_ps/inst/buffer_pl_clk_0.PL_CLK_0_BUFG/O
    X1Y1 (CLOCK_ROOT)    net (fo=82020, routed)       2.743     2.959    pccx_v002_system_i/u_npu/inst/u_wrap/u_pccx_npu_top/u_systolic_engine/u_compute_core/gemm_row_loop[23].gemm_col_loop[11].normal_row.dsp_unit/clk_core
    SLICE_X37Y164        FDRE                                         r  pccx_v002_system_i/u_npu/inst/u_wrap/u_pccx_npu_top/u_systolic_engine/u_compute_core/gemm_row_loop[23].gemm_col_loop[11].normal_row.dsp_unit/w_lower_reg_reg[1]/C
  -------------------------------------------------------------------    -------------------
    SLICE_X37Y164        FDRE (Prop_BFF2_SLICEM_C_Q)
                                                      0.114     3.073 r  pccx_v002_system_i/u_npu/inst/u_wrap/u_pccx_npu_top/u_systolic_engine/u_compute_core/gemm_row_loop[23].gemm_col_loop[11].normal_row.dsp_unit/w_lower_reg_reg[1]/Q
                         net (fo=2, routed)           0.105     3.178    pccx_v002_system_i/u_npu/inst/u_wrap/u_pccx_npu_top/u_systolic_engine/u_compute_core/gemm_row_loop[23].gemm_col_loop[12].normal_row.dsp_unit/w_lower_reg_reg[3]_1[1]
    SLICE_X36Y164        FDRE                                         r  pccx_v002_system_i/u_npu/inst/u_wrap/u_pccx_npu_top/u_systolic_engine/u_compute_core/gemm_row_loop[23].gemm_col_loop[12].normal_row.dsp_unit/w_lower_reg_reg[1]/D
  -------------------------------------------------------------------    -------------------

                         (clock clk_pl_0 rise edge)
                                                      0.000     0.000 r  
    PS8_X0Y0             PS8                          0.000     0.000 r  pccx_v002_system_i/zynq_ps/inst/PS8_i/PLCLK[0]
                         net (fo=1, routed)           0.229     0.229    pccx_v002_system_i/zynq_ps/inst/pl_clk_unbuffered[0]
    BUFG_PS_X0Y90        BUFG_PS (Prop_BUFG_PS_I_O)
                                                      0.038     0.267 r  pccx_v002_system_i/zynq_ps/inst/buffer_pl_clk_0.PL_CLK_0_BUFG/O
    X1Y1 (CLOCK_ROOT)    net (fo=82020, routed)       3.048     3.315    pccx_v002_system_i/u_npu/inst/u_wrap/u_pccx_npu_top/u_systolic_engine/u_compute_core/gemm_row_loop[23].gemm_col_loop[12].normal_row.dsp_unit/clk_core
    SLICE_X36Y164        FDRE                                         r  pccx_v002_system_i/u_npu/inst/u_wrap/u_pccx_npu_top/u_systolic_engine/u_compute_core/gemm_row_loop[23].gemm_col_loop[12].normal_row.dsp_unit/w_lower_reg_reg[1]/C
                         clock pessimism             -0.249     3.066    
    SLICE_X36Y164        FDRE (Hold_EFF2_SLICEL_C_D)
                                                      0.102     3.168    pccx_v002_system_i/u_npu/inst/u_wrap/u_pccx_npu_top/u_systolic_engine/u_compute_core/gemm_row_loop[23].gemm_col_loop[12].normal_row.dsp_unit/w_lower_reg_reg[1]
  -------------------------------------------------------------------
                         required time                         -3.168    
                         arrival time                           3.178    
  -------------------------------------------------------------------
                         slack                                  0.011    

Slack (MET) :             0.011ns  (arrival time - required time)
  Source:                 pccx_v002_system_i/u_npu/inst/u_wrap/u_pccx_npu_top/u_mem_dispatcher/u_l2_cache/u_acp_cdc/tx_axi_hold_tdata_reg[106]/C
                            (rising edge-triggered cell FDRE clocked by clk_pl_0  {rise@0.000ns fall@5.000ns period=10.000ns})
  Destination:            pccx_v002_system_i/result_dm_acp/U0/GEN_S2MM_FULL.I_S2MM_FULL_WRAPPER/ENABLE_AXIS_SKID.I_S2MM_STRM_SKID_BUF/sig_data_skid_reg_reg[106]/D
                            (rising edge-triggered cell FDRE clocked by clk_pl_0  {rise@0.000ns fall@5.000ns period=10.000ns})
  Path Group:             clk_pl_0
  Path Type:              Hold (Min at Slow Process Corner)
  Requirement:            0.000ns  (clk_pl_0 rise@0.000ns - clk_pl_0 rise@0.000ns)
  Data Path Delay:        0.231ns  (logic 0.112ns (48.571%)  route 0.119ns (51.429%))
  Logic Levels:           0  
  Clock Path Skew:        0.117ns (DCD - SCD - CPR)
    Destination Clock Delay (DCD):    3.319ns
    Source Clock Delay      (SCD):    2.957ns
    Clock Pessimism Removal (CPR):    0.245ns
  Clock Net Delay (Source):      2.741ns (routing 1.538ns, distribution 1.203ns)
  Clock Net Delay (Destination): 3.052ns (routing 1.681ns, distribution 1.371ns)

    Location             Delay type                Incr(ns)  Path(ns)    Netlist Resource(s)
  -------------------------------------------------------------------    -------------------
                         (clock clk_pl_0 rise edge)
                                                      0.000     0.000 r  
    PS8_X0Y0             PS8                          0.000     0.000 r  pccx_v002_system_i/zynq_ps/inst/PS8_i/PLCLK[0]
                         net (fo=1, routed)           0.181     0.181    pccx_v002_system_i/zynq_ps/inst/pl_clk_unbuffered[0]
    BUFG_PS_X0Y90        BUFG_PS (Prop_BUFG_PS_I_O)
                                                      0.035     0.216 r  pccx_v002_system_i/zynq_ps/inst/buffer_pl_clk_0.PL_CLK_0_BUFG/O
    X1Y1 (CLOCK_ROOT)    net (fo=82020, routed)       2.741     2.957    pccx_v002_system_i/u_npu/inst/u_wrap/u_pccx_npu_top/u_mem_dispatcher/u_l2_cache/u_acp_cdc/clk_axi
    SLICE_X24Y118        FDRE                                         r  pccx_v002_system_i/u_npu/inst/u_wrap/u_pccx_npu_top/u_mem_dispatcher/u_l2_cache/u_acp_cdc/tx_axi_hold_tdata_reg[106]/C
  -------------------------------------------------------------------    -------------------
    SLICE_X24Y118        FDRE (Prop_EFF_SLICEM_C_Q)
                                                      0.112     3.069 r  pccx_v002_system_i/u_npu/inst/u_wrap/u_pccx_npu_top/u_mem_dispatcher/u_l2_cache/u_acp_cdc/tx_axi_hold_tdata_reg[106]/Q
                         net (fo=2, routed)           0.119     3.188    pccx_v002_system_i/result_dm_acp/U0/GEN_S2MM_FULL.I_S2MM_FULL_WRAPPER/ENABLE_AXIS_SKID.I_S2MM_STRM_SKID_BUF/s_axis_s2mm_tdata[106]
    SLICE_X25Y118        FDRE                                         r  pccx_v002_system_i/result_dm_acp/U0/GEN_S2MM_FULL.I_S2MM_FULL_WRAPPER/ENABLE_AXIS_SKID.I_S2MM_STRM_SKID_BUF/sig_data_skid_reg_reg[106]/D
  -------------------------------------------------------------------    -------------------

                         (clock clk_pl_0 rise edge)
                                                      0.000     0.000 r  
    PS8_X0Y0             PS8                          0.000     0.000 r  pccx_v002_system_i/zynq_ps/inst/PS8_i/PLCLK[0]
                         net (fo=1, routed)           0.229     0.229    pccx_v002_system_i/zynq_ps/inst/pl_clk_unbuffered[0]
    BUFG_PS_X0Y90        BUFG_PS (Prop_BUFG_PS_I_O)
                                                      0.038     0.267 r  pccx_v002_system_i/zynq_ps/inst/buffer_pl_clk_0.PL_CLK_0_BUFG/O
    X1Y1 (CLOCK_ROOT)    net (fo=82020, routed)       3.052     3.319    pccx_v002_system_i/result_dm_acp/U0/GEN_S2MM_FULL.I_S2MM_FULL_WRAPPER/ENABLE_AXIS_SKID.I_S2MM_STRM_SKID_BUF/m_axi_s2mm_aclk
    SLICE_X25Y118        FDRE                                         r  pccx_v002_system_i/result_dm_acp/U0/GEN_S2MM_FULL.I_S2MM_FULL_WRAPPER/ENABLE_AXIS_SKID.I_S2MM_STRM_SKID_BUF/sig_data_skid_reg_reg[106]/C
                         clock pessimism             -0.245     3.074    
    SLICE_X25Y118        FDRE (Hold_HFF2_SLICEM_C_D)
                                                      0.103     3.177    pccx_v002_system_i/result_dm_acp/U0/GEN_S2MM_FULL.I_S2MM_FULL_WRAPPER/ENABLE_AXIS_SKID.I_S2MM_STRM_SKID_BUF/sig_data_skid_reg_reg[106]
  -------------------------------------------------------------------
                         required time                         -3.177    
                         arrival time                           3.188    
  -------------------------------------------------------------------
                         slack                                  0.011    

Slack (MET) :             0.011ns  (arrival time - required time)
  Source:                 pccx_v002_system_i/rst_axi/U0/EXT_LPF/ACTIVE_LOW_EXT.ACT_LO_EXT/syncstages_ff_reg[3]/C
                            (rising edge-triggered cell FDRE clocked by clk_pl_0  {rise@0.000ns fall@5.000ns period=10.000ns})
  Destination:            pccx_v002_system_i/rst_axi/U0/EXT_LPF/EXT_LPF[1].exr_lpf_reg[1]/D
                            (rising edge-triggered cell FDRE clocked by clk_pl_0  {rise@0.000ns fall@5.000ns period=10.000ns})
  Path Group:             clk_pl_0
  Path Type:              Hold (Min at Slow Process Corner)
  Requirement:            0.000ns  (clk_pl_0 rise@0.000ns - clk_pl_0 rise@0.000ns)
  Data Path Delay:        0.218ns  (logic 0.113ns (51.763%)  route 0.105ns (48.237%))
  Logic Levels:           0  
  Clock Path Skew:        0.104ns (DCD - SCD - CPR)
    Destination Clock Delay (DCD):    3.267ns
    Source Clock Delay      (SCD):    2.917ns
    Clock Pessimism Removal (CPR):    0.245ns
  Clock Net Delay (Source):      2.701ns (routing 1.538ns, distribution 1.163ns)
  Clock Net Delay (Destination): 3.000ns (routing 1.681ns, distribution 1.319ns)

    Location             Delay type                Incr(ns)  Path(ns)    Netlist Resource(s)
  -------------------------------------------------------------------    -------------------
                         (clock clk_pl_0 rise edge)
                                                      0.000     0.000 r  
    PS8_X0Y0             PS8                          0.000     0.000 r  pccx_v002_system_i/zynq_ps/inst/PS8_i/PLCLK[0]
                         net (fo=1, routed)           0.181     0.181    pccx_v002_system_i/zynq_ps/inst/pl_clk_unbuffered[0]
    BUFG_PS_X0Y90        BUFG_PS (Prop_BUFG_PS_I_O)
                                                      0.035     0.216 r  pccx_v002_system_i/zynq_ps/inst/buffer_pl_clk_0.PL_CLK_0_BUFG/O
    X1Y1 (CLOCK_ROOT)    net (fo=82020, routed)       2.701     2.917    pccx_v002_system_i/rst_axi/U0/EXT_LPF/ACTIVE_LOW_EXT.ACT_LO_EXT/dest_clk
    SLICE_X31Y91         FDRE                                         r  pccx_v002_system_i/rst_axi/U0/EXT_LPF/ACTIVE_LOW_EXT.ACT_LO_EXT/syncstages_ff_reg[3]/C
  -------------------------------------------------------------------    -------------------
    SLICE_X31Y91         FDRE (Prop_CFF2_SLICEM_C_Q)
                                                      0.113     3.030 r  pccx_v002_system_i/rst_axi/U0/EXT_LPF/ACTIVE_LOW_EXT.ACT_LO_EXT/syncstages_ff_reg[3]/Q
                         net (fo=2, routed)           0.105     3.135    pccx_v002_system_i/rst_axi/U0/EXT_LPF/dest_out
    SLICE_X30Y91         FDRE                                         r  pccx_v002_system_i/rst_axi/U0/EXT_LPF/EXT_LPF[1].exr_lpf_reg[1]/D
  -------------------------------------------------------------------    -------------------

                         (clock clk_pl_0 rise edge)
                                                      0.000     0.000 r  
    PS8_X0Y0             PS8                          0.000     0.000 r  pccx_v002_system_i/zynq_ps/inst/PS8_i/PLCLK[0]
                         net (fo=1, routed)           0.229     0.229    pccx_v002_system_i/zynq_ps/inst/pl_clk_unbuffered[0]
    BUFG_PS_X0Y90        BUFG_PS (Prop_BUFG_PS_I_O)
                                                      0.038     0.267 r  pccx_v002_system_i/zynq_ps/inst/buffer_pl_clk_0.PL_CLK_0_BUFG/O
    X1Y1 (CLOCK_ROOT)    net (fo=82020, routed)       3.000     3.267    pccx_v002_system_i/rst_axi/U0/EXT_LPF/slowest_sync_clk
    SLICE_X30Y91         FDRE                                         r  pccx_v002_system_i/rst_axi/U0/EXT_LPF/EXT_LPF[1].exr_lpf_reg[1]/C
                         clock pessimism             -0.245     3.022    
    SLICE_X30Y91         FDRE (Hold_FFF2_SLICEL_C_D)
                                                      0.103     3.125    pccx_v002_system_i/rst_axi/U0/EXT_LPF/EXT_LPF[1].exr_lpf_reg[1]
  -------------------------------------------------------------------
                         required time                         -3.125    
                         arrival time                           3.135    
  -------------------------------------------------------------------
                         slack                                  0.011    

Slack (MET) :             0.011ns  (arrival time - required time)
  Source:                 pccx_v002_system_i/cmdsts_hp3/inst/u_body/wdata_q_reg[30]/C
                            (rising edge-triggered cell FDRE clocked by clk_pl_0  {rise@0.000ns fall@5.000ns period=10.000ns})
  Destination:            pccx_v002_system_i/cmdsts_hp3/inst/u_body/cmd_stage_q_reg[30]/D
                            (rising edge-triggered cell FDRE clocked by clk_pl_0  {rise@0.000ns fall@5.000ns period=10.000ns})
  Path Group:             clk_pl_0
  Path Type:              Hold (Min at Slow Process Corner)
  Requirement:            0.000ns  (clk_pl_0 rise@0.000ns - clk_pl_0 rise@0.000ns)
  Data Path Delay:        0.241ns  (logic 0.114ns (47.235%)  route 0.127ns (52.765%))
  Logic Levels:           0  
  Clock Path Skew:        0.128ns (DCD - SCD - CPR)
    Destination Clock Delay (DCD):    3.561ns
    Source Clock Delay      (SCD):    3.183ns
    Clock Pessimism Removal (CPR):    0.249ns
  Clock Net Delay (Source):      2.967ns (routing 1.538ns, distribution 1.429ns)
  Clock Net Delay (Destination): 3.294ns (routing 1.681ns, distribution 1.613ns)

    Location             Delay type                Incr(ns)  Path(ns)    Netlist Resource(s)
  -------------------------------------------------------------------    -------------------
                         (clock clk_pl_0 rise edge)
                                                      0.000     0.000 r  
    PS8_X0Y0             PS8                          0.000     0.000 r  pccx_v002_system_i/zynq_ps/inst/PS8_i/PLCLK[0]
                         net (fo=1, routed)           0.181     0.181    pccx_v002_system_i/zynq_ps/inst/pl_clk_unbuffered[0]
    BUFG_PS_X0Y90        BUFG_PS (Prop_BUFG_PS_I_O)
                                                      0.035     0.216 r  pccx_v002_system_i/zynq_ps/inst/buffer_pl_clk_0.PL_CLK_0_BUFG/O
    X1Y1 (CLOCK_ROOT)    net (fo=82020, routed)       2.967     3.183    pccx_v002_system_i/cmdsts_hp3/inst/u_body/s_axil_aclk
    SLICE_X10Y212        FDRE                                         r  pccx_v002_system_i/cmdsts_hp3/inst/u_body/wdata_q_reg[30]/C
  -------------------------------------------------------------------    -------------------
    SLICE_X10Y212        FDRE (Prop_GFF2_SLICEM_C_Q)
                                                      0.114     3.297 r  pccx_v002_system_i/cmdsts_hp3/inst/u_body/wdata_q_reg[30]/Q
                         net (fo=2, routed)           0.127     3.424    pccx_v002_system_i/cmdsts_hp3/inst/u_body/wdata_q_reg_n_0_[30]
    SLICE_X9Y213         FDRE                                         r  pccx_v002_system_i/cmdsts_hp3/inst/u_body/cmd_stage_q_reg[30]/D
  -------------------------------------------------------------------    -------------------

                         (clock clk_pl_0 rise edge)
                                                      0.000     0.000 r  
    PS8_X0Y0             PS8                          0.000     0.000 r  pccx_v002_system_i/zynq_ps/inst/PS8_i/PLCLK[0]
                         net (fo=1, routed)           0.229     0.229    pccx_v002_system_i/zynq_ps/inst/pl_clk_unbuffered[0]
    BUFG_PS_X0Y90        BUFG_PS (Prop_BUFG_PS_I_O)
                                                      0.038     0.267 r  pccx_v002_system_i/zynq_ps/inst/buffer_pl_clk_0.PL_CLK_0_BUFG/O
    X1Y1 (CLOCK_ROOT)    net (fo=82020, routed)       3.294     3.561    pccx_v002_system_i/cmdsts_hp3/inst/u_body/s_axil_aclk
    SLICE_X9Y213         FDRE                                         r  pccx_v002_system_i/cmdsts_hp3/inst/u_body/cmd_stage_q_reg[30]/C
                         clock pessimism             -0.249     3.311    
    SLICE_X9Y213         FDRE (Hold_BFF2_SLICEL_C_D)
                                                      0.102     3.413    pccx_v002_system_i/cmdsts_hp3/inst/u_body/cmd_stage_q_reg[30]
  -------------------------------------------------------------------
                         required time                         -3.413    
                         arrival time                           3.424    
  -------------------------------------------------------------------
                         slack                                  0.011    

Slack (MET) :             0.011ns  (arrival time - required time)
  Source:                 pccx_v002_system_i/u_npu/inst/u_wrap/u_pccx_npu_top/u_systolic_engine/u_delay_line/col_gen[15].shift_delay.shift_data_reg[15][7]/C
                            (rising edge-triggered cell FDRE clocked by clk_pl_0  {rise@0.000ns fall@5.000ns period=10.000ns})
  Destination:            pccx_v002_system_i/u_npu/inst/u_wrap/u_pccx_npu_top/u_systolic_engine/u_compute_core/v_delay_row[0].v_delay_col[15].gemm_in_V_fabric_reg[1][15][7]/D
                            (rising edge-triggered cell FDRE clocked by clk_pl_0  {rise@0.000ns fall@5.000ns period=10.000ns})
  Path Group:             clk_pl_0
  Path Type:              Hold (Min at Slow Process Corner)
  Requirement:            0.000ns  (clk_pl_0 rise@0.000ns - clk_pl_0 rise@0.000ns)
  Data Path Delay:        0.247ns  (logic 0.112ns (45.409%)  route 0.135ns (54.591%))
  Logic Levels:           0  
  Clock Path Skew:        0.133ns (DCD - SCD - CPR)
    Destination Clock Delay (DCD):    3.359ns
    Source Clock Delay      (SCD):    2.983ns
    Clock Pessimism Removal (CPR):    0.243ns
  Clock Net Delay (Source):      2.767ns (routing 1.538ns, distribution 1.229ns)
  Clock Net Delay (Destination): 3.092ns (routing 1.681ns, distribution 1.411ns)

    Location             Delay type                Incr(ns)  Path(ns)    Netlist Resource(s)
  -------------------------------------------------------------------    -------------------
                         (clock clk_pl_0 rise edge)
                                                      0.000     0.000 r  
    PS8_X0Y0             PS8                          0.000     0.000 r  pccx_v002_system_i/zynq_ps/inst/PS8_i/PLCLK[0]
                         net (fo=1, routed)           0.181     0.181    pccx_v002_system_i/zynq_ps/inst/pl_clk_unbuffered[0]
    BUFG_PS_X0Y90        BUFG_PS (Prop_BUFG_PS_I_O)
                                                      0.035     0.216 r  pccx_v002_system_i/zynq_ps/inst/buffer_pl_clk_0.PL_CLK_0_BUFG/O
    X1Y1 (CLOCK_ROOT)    net (fo=82020, routed)       2.767     2.983    pccx_v002_system_i/u_npu/inst/u_wrap/u_pccx_npu_top/u_systolic_engine/u_delay_line/clk_core
    SLICE_X31Y187        FDRE                                         r  pccx_v002_system_i/u_npu/inst/u_wrap/u_pccx_npu_top/u_systolic_engine/u_delay_line/col_gen[15].shift_delay.shift_data_reg[15][7]/C
  -------------------------------------------------------------------    -------------------
    SLICE_X31Y187        FDRE (Prop_EFF_SLICEM_C_Q)
                                                      0.112     3.095 r  pccx_v002_system_i/u_npu/inst/u_wrap/u_pccx_npu_top/u_systolic_engine/u_delay_line/col_gen[15].shift_delay.shift_data_reg[15][7]/Q
                         net (fo=13, routed)          0.135     3.230    pccx_v002_system_i/u_npu/inst/u_wrap/u_pccx_npu_top/u_systolic_engine/u_compute_core/v_delay_row[0].v_delay_col[15].gemm_in_V_fabric_reg[1][15][7]_0[7]
    SLICE_X30Y187        FDRE                                         r  pccx_v002_system_i/u_npu/inst/u_wrap/u_pccx_npu_top/u_systolic_engine/u_compute_core/v_delay_row[0].v_delay_col[15].gemm_in_V_fabric_reg[1][15][7]/D
  -------------------------------------------------------------------    -------------------

                         (clock clk_pl_0 rise edge)
                                                      0.000     0.000 r  
    PS8_X0Y0             PS8                          0.000     0.000 r  pccx_v002_system_i/zynq_ps/inst/PS8_i/PLCLK[0]
                         net (fo=1, routed)           0.229     0.229    pccx_v002_system_i/zynq_ps/inst/pl_clk_unbuffered[0]
    BUFG_PS_X0Y90        BUFG_PS (Prop_BUFG_PS_I_O)
                                                      0.038     0.267 r  pccx_v002_system_i/zynq_ps/inst/buffer_pl_clk_0.PL_CLK_0_BUFG/O
    X1Y1 (CLOCK_ROOT)    net (fo=82020, routed)       3.092     3.359    pccx_v002_system_i/u_npu/inst/u_wrap/u_pccx_npu_top/u_systolic_engine/u_compute_core/clk_core
    SLICE_X30Y187        FDRE                                         r  pccx_v002_system_i/u_npu/inst/u_wrap/u_pccx_npu_top/u_systolic_engine/u_compute_core/v_delay_row[0].v_delay_col[15].gemm_in_V_fabric_reg[1][15][7]/C
                         clock pessimism             -0.243     3.116    
    SLICE_X30Y187        FDRE (Hold_GFF2_SLICEL_C_D)
                                                      0.103     3.219    pccx_v002_system_i/u_npu/inst/u_wrap/u_pccx_npu_top/u_systolic_engine/u_compute_core/v_delay_row[0].v_delay_col[15].gemm_in_V_fabric_reg[1][15][7]
  -------------------------------------------------------------------
                         required time                         -3.219    
                         arrival time                           3.230    
  -------------------------------------------------------------------
                         slack                                  0.011    

Slack (MET) :             0.011ns  (arrival time - required time)
  Source:                 pccx_v002_system_i/sc_hp0_stage0/inst/m00_nodes/m00_w_node/inst/inst_mi_handler/gen_normal_area.inst_fifo_node_payld/gen_xpm_memory_fifo.inst_fifo/gen_mem_rep[0].inst_xpm_memory/xpm_memory_base_inst/gen_rd_b.gen_rd_b_synth_template.gen_rf_narrow_reg.doutb_reg_reg[35]/C
                            (rising edge-triggered cell FDRE clocked by clk_pl_0  {rise@0.000ns fall@5.000ns period=10.000ns})
  Destination:            pccx_v002_system_i/sc_hp0_stage0/inst/m00_exit_pipeline/m00_exit/inst/w_reg/skid_buffer_reg[1041]/D
                            (rising edge-triggered cell FDRE clocked by clk_pl_0  {rise@0.000ns fall@5.000ns period=10.000ns})
  Path Group:             clk_pl_0
  Path Type:              Hold (Min at Slow Process Corner)
  Requirement:            0.000ns  (clk_pl_0 rise@0.000ns - clk_pl_0 rise@0.000ns)
  Data Path Delay:        0.249ns  (logic 0.112ns (45.052%)  route 0.137ns (54.948%))
  Logic Levels:           0  
  Clock Path Skew:        0.135ns (DCD - SCD - CPR)
    Destination Clock Delay (DCD):    3.527ns
    Source Clock Delay      (SCD):    3.141ns
    Clock Pessimism Removal (CPR):    0.251ns
  Clock Net Delay (Source):      2.925ns (routing 1.538ns, distribution 1.387ns)
  Clock Net Delay (Destination): 3.260ns (routing 1.681ns, distribution 1.579ns)

    Location             Delay type                Incr(ns)  Path(ns)    Netlist Resource(s)
  -------------------------------------------------------------------    -------------------
                         (clock clk_pl_0 rise edge)
                                                      0.000     0.000 r  
    PS8_X0Y0             PS8                          0.000     0.000 r  pccx_v002_system_i/zynq_ps/inst/PS8_i/PLCLK[0]
                         net (fo=1, routed)           0.181     0.181    pccx_v002_system_i/zynq_ps/inst/pl_clk_unbuffered[0]
    BUFG_PS_X0Y90        BUFG_PS (Prop_BUFG_PS_I_O)
                                                      0.035     0.216 r  pccx_v002_system_i/zynq_ps/inst/buffer_pl_clk_0.PL_CLK_0_BUFG/O
    X1Y1 (CLOCK_ROOT)    net (fo=82020, routed)       2.925     3.141    pccx_v002_system_i/sc_hp0_stage0/inst/m00_nodes/m00_w_node/inst/inst_mi_handler/gen_normal_area.inst_fifo_node_payld/gen_xpm_memory_fifo.inst_fifo/gen_mem_rep[0].inst_xpm_memory/xpm_memory_base_inst/clka
    SLICE_X10Y80         FDRE                                         r  pccx_v002_system_i/sc_hp0_stage0/inst/m00_nodes/m00_w_node/inst/inst_mi_handler/gen_normal_area.inst_fifo_node_payld/gen_xpm_memory_fifo.inst_fifo/gen_mem_rep[0].inst_xpm_memory/xpm_memory_base_inst/gen_rd_b.gen_rd_b_synth_template.gen_rf_narrow_reg.doutb_reg_reg[35]/C
  -------------------------------------------------------------------    -------------------
    SLICE_X10Y80         FDRE (Prop_DFF_SLICEM_C_Q)
                                                      0.112     3.253 r  pccx_v002_system_i/sc_hp0_stage0/inst/m00_nodes/m00_w_node/inst/inst_mi_handler/gen_normal_area.inst_fifo_node_payld/gen_xpm_memory_fifo.inst_fifo/gen_mem_rep[0].inst_xpm_memory/xpm_memory_base_inst/gen_rd_b.gen_rd_b_synth_template.gen_rf_narrow_reg.doutb_reg_reg[35]/Q
                         net (fo=2, routed)           0.137     3.390    pccx_v002_system_i/sc_hp0_stage0/inst/m00_exit_pipeline/m00_exit/inst/w_reg/D[17]
    SLICE_X9Y80          FDRE                                         r  pccx_v002_system_i/sc_hp0_stage0/inst/m00_exit_pipeline/m00_exit/inst/w_reg/skid_buffer_reg[1041]/D
  -------------------------------------------------------------------    -------------------

                         (clock clk_pl_0 rise edge)
                                                      0.000     0.000 r  
    PS8_X0Y0             PS8                          0.000     0.000 r  pccx_v002_system_i/zynq_ps/inst/PS8_i/PLCLK[0]
                         net (fo=1, routed)           0.229     0.229    pccx_v002_system_i/zynq_ps/inst/pl_clk_unbuffered[0]
    BUFG_PS_X0Y90        BUFG_PS (Prop_BUFG_PS_I_O)
                                                      0.038     0.267 r  pccx_v002_system_i/zynq_ps/inst/buffer_pl_clk_0.PL_CLK_0_BUFG/O
    X1Y1 (CLOCK_ROOT)    net (fo=82020, routed)       3.260     3.527    pccx_v002_system_i/sc_hp0_stage0/inst/m00_exit_pipeline/m00_exit/inst/w_reg/aclk
    SLICE_X9Y80          FDRE                                         r  pccx_v002_system_i/sc_hp0_stage0/inst/m00_exit_pipeline/m00_exit/inst/w_reg/skid_buffer_reg[1041]/C
                         clock pessimism             -0.251     3.276    
    SLICE_X9Y80          FDRE (Hold_FFF2_SLICEL_C_D)
                                                      0.103     3.379    pccx_v002_system_i/sc_hp0_stage0/inst/m00_exit_pipeline/m00_exit/inst/w_reg/skid_buffer_reg[1041]
  -------------------------------------------------------------------
                         required time                         -3.379    
                         arrival time                           3.390    
  -------------------------------------------------------------------
                         slack                                  0.011    

Slack (MET) :             0.011ns  (arrival time - required time)
  Source:                 pccx_v002_system_i/u_npu/inst/u_wrap/u_pccx_npu_top/u_systolic_engine/u_compute_core/gemm_row_loop[9].gemm_col_loop[0].normal_row.dsp_unit/instruction_out_V_reg[2]/C
                            (rising edge-triggered cell FDRE clocked by clk_pl_0  {rise@0.000ns fall@5.000ns period=10.000ns})
  Destination:            pccx_v002_system_i/u_npu/inst/u_wrap/u_pccx_npu_top/u_systolic_engine/u_compute_core/gemm_row_loop[10].gemm_col_loop[0].normal_row.dsp_unit/instruction_out_V_reg[2]/D
                            (rising edge-triggered cell FDRE clocked by clk_pl_0  {rise@0.000ns fall@5.000ns period=10.000ns})
  Path Group:             clk_pl_0
  Path Type:              Hold (Min at Slow Process Corner)
  Requirement:            0.000ns  (clk_pl_0 rise@0.000ns - clk_pl_0 rise@0.000ns)
  Data Path Delay:        0.235ns  (logic 0.115ns (48.843%)  route 0.120ns (51.157%))
  Logic Levels:           0  
  Clock Path Skew:        0.121ns (DCD - SCD - CPR)
    Destination Clock Delay (DCD):    3.277ns
    Source Clock Delay      (SCD):    2.916ns
    Clock Pessimism Removal (CPR):    0.239ns
  Clock Net Delay (Source):      2.700ns (routing 1.538ns, distribution 1.162ns)
  Clock Net Delay (Destination): 3.010ns (routing 1.681ns, distribution 1.329ns)

    Location             Delay type                Incr(ns)  Path(ns)    Netlist Resource(s)
  -------------------------------------------------------------------    -------------------
                         (clock clk_pl_0 rise edge)
                                                      0.000     0.000 r  
    PS8_X0Y0             PS8                          0.000     0.000 r  pccx_v002_system_i/zynq_ps/inst/PS8_i/PLCLK[0]
                         net (fo=1, routed)           0.181     0.181    pccx_v002_system_i/zynq_ps/inst/pl_clk_unbuffered[0]
    BUFG_PS_X0Y90        BUFG_PS (Prop_BUFG_PS_I_O)
                                                      0.035     0.216 r  pccx_v002_system_i/zynq_ps/inst/buffer_pl_clk_0.PL_CLK_0_BUFG/O
    X1Y1 (CLOCK_ROOT)    net (fo=82020, routed)       2.700     2.916    pccx_v002_system_i/u_npu/inst/u_wrap/u_pccx_npu_top/u_systolic_engine/u_compute_core/gemm_row_loop[9].gemm_col_loop[0].normal_row.dsp_unit/clk_core
    SLICE_X37Y27         FDRE                                         r  pccx_v002_system_i/u_npu/inst/u_wrap/u_pccx_npu_top/u_systolic_engine/u_compute_core/gemm_row_loop[9].gemm_col_loop[0].normal_row.dsp_unit/instruction_out_V_reg[2]/C
  -------------------------------------------------------------------    -------------------
    SLICE_X37Y27         FDRE (Prop_FFF2_SLICEM_C_Q)
                                                      0.115     3.031 r  pccx_v002_system_i/u_npu/inst/u_wrap/u_pccx_npu_top/u_systolic_engine/u_compute_core/gemm_row_loop[9].gemm_col_loop[0].normal_row.dsp_unit/instruction_out_V_reg[2]/Q
                         net (fo=2, routed)           0.120     3.152    pccx_v002_system_i/u_npu/inst/u_wrap/u_pccx_npu_top/u_systolic_engine/u_compute_core/gemm_row_loop[10].gemm_col_loop[0].normal_row.dsp_unit/instruction_out_V_reg[2]_1[1]
    SLICE_X36Y27         FDRE                                         r  pccx_v002_system_i/u_npu/inst/u_wrap/u_pccx_npu_top/u_systolic_engine/u_compute_core/gemm_row_loop[10].gemm_col_loop[0].normal_row.dsp_unit/instruction_out_V_reg[2]/D
  -------------------------------------------------------------------    -------------------

                         (clock clk_pl_0 rise edge)
                                                      0.000     0.000 r  
    PS8_X0Y0             PS8                          0.000     0.000 r  pccx_v002_system_i/zynq_ps/inst/PS8_i/PLCLK[0]
                         net (fo=1, routed)           0.229     0.229    pccx_v002_system_i/zynq_ps/inst/pl_clk_unbuffered[0]
    BUFG_PS_X0Y90        BUFG_PS (Prop_BUFG_PS_I_O)
                                                      0.038     0.267 r  pccx_v002_system_i/zynq_ps/inst/buffer_pl_clk_0.PL_CLK_0_BUFG/O
    X1Y1 (CLOCK_ROOT)    net (fo=82020, routed)       3.010     3.277    pccx_v002_system_i/u_npu/inst/u_wrap/u_pccx_npu_top/u_systolic_engine/u_compute_core/gemm_row_loop[10].gemm_col_loop[0].normal_row.dsp_unit/clk_core
    SLICE_X36Y27         FDRE                                         r  pccx_v002_system_i/u_npu/inst/u_wrap/u_pccx_npu_top/u_systolic_engine/u_compute_core/gemm_row_loop[10].gemm_col_loop[0].normal_row.dsp_unit/instruction_out_V_reg[2]/C
                         clock pessimism             -0.239     3.037    
    SLICE_X36Y27         FDRE (Hold_FFF2_SLICEL_C_D)
                                                      0.103     3.140    pccx_v002_system_i/u_npu/inst/u_wrap/u_pccx_npu_top/u_systolic_engine/u_compute_core/gemm_row_loop[10].gemm_col_loop[0].normal_row.dsp_unit/instruction_out_V_reg[2]
  -------------------------------------------------------------------
                         required time                         -3.140    
                         arrival time                           3.152    
  -------------------------------------------------------------------
                         slack                                  0.011    

Slack (MET) :             0.011ns  (arrival time - required time)
  Source:                 pccx_v002_system_i/fmap_dm_acp/U0/GEN_MM2S_FULL.I_MM2S_FULL_WRAPPER/ENABLE_AXIS_SKID.I_MM2S_SKID_BUF/sig_strb_reg_out_reg[3]/C
                            (rising edge-triggered cell FDRE clocked by clk_pl_0  {rise@0.000ns fall@5.000ns period=10.000ns})
  Destination:            pccx_v002_system_i/u_npu/inst/u_wrap/acp_fmap_rx_tkeep_reg[3]/D
                            (rising edge-triggered cell FDRE clocked by clk_pl_0  {rise@0.000ns fall@5.000ns period=10.000ns})
  Path Group:             clk_pl_0
  Path Type:              Hold (Min at Slow Process Corner)
  Requirement:            0.000ns  (clk_pl_0 rise@0.000ns - clk_pl_0 rise@0.000ns)
  Data Path Delay:        0.244ns  (logic 0.112ns (45.902%)  route 0.132ns (54.098%))
  Logic Levels:           0  
  Clock Path Skew:        0.131ns (DCD - SCD - CPR)
    Destination Clock Delay (DCD):    3.423ns
    Source Clock Delay      (SCD):    3.043ns
    Clock Pessimism Removal (CPR):    0.249ns
  Clock Net Delay (Source):      2.827ns (routing 1.538ns, distribution 1.289ns)
  Clock Net Delay (Destination): 3.156ns (routing 1.681ns, distribution 1.475ns)

    Location             Delay type                Incr(ns)  Path(ns)    Netlist Resource(s)
  -------------------------------------------------------------------    -------------------
                         (clock clk_pl_0 rise edge)
                                                      0.000     0.000 r  
    PS8_X0Y0             PS8                          0.000     0.000 r  pccx_v002_system_i/zynq_ps/inst/PS8_i/PLCLK[0]
                         net (fo=1, routed)           0.181     0.181    pccx_v002_system_i/zynq_ps/inst/pl_clk_unbuffered[0]
    BUFG_PS_X0Y90        BUFG_PS (Prop_BUFG_PS_I_O)
                                                      0.035     0.216 r  pccx_v002_system_i/zynq_ps/inst/buffer_pl_clk_0.PL_CLK_0_BUFG/O
    X1Y1 (CLOCK_ROOT)    net (fo=82020, routed)       2.827     3.043    pccx_v002_system_i/fmap_dm_acp/U0/GEN_MM2S_FULL.I_MM2S_FULL_WRAPPER/ENABLE_AXIS_SKID.I_MM2S_SKID_BUF/m_axi_mm2s_aclk
    SLICE_X46Y118        FDRE                                         r  pccx_v002_system_i/fmap_dm_acp/U0/GEN_MM2S_FULL.I_MM2S_FULL_WRAPPER/ENABLE_AXIS_SKID.I_MM2S_SKID_BUF/sig_strb_reg_out_reg[3]/C
  -------------------------------------------------------------------    -------------------
    SLICE_X46Y118        FDRE (Prop_GFF_SLICEL_C_Q)
                                                      0.112     3.155 r  pccx_v002_system_i/fmap_dm_acp/U0/GEN_MM2S_FULL.I_MM2S_FULL_WRAPPER/ENABLE_AXIS_SKID.I_MM2S_SKID_BUF/sig_strb_reg_out_reg[3]/Q
                         net (fo=1, routed)           0.132     3.287    pccx_v002_system_i/u_npu/inst/u_wrap/s_axis_acp_fmap_tkeep[3]
    SLICE_X47Y118        FDRE                                         r  pccx_v002_system_i/u_npu/inst/u_wrap/acp_fmap_rx_tkeep_reg[3]/D
  -------------------------------------------------------------------    -------------------

                         (clock clk_pl_0 rise edge)
                                                      0.000     0.000 r  
    PS8_X0Y0             PS8                          0.000     0.000 r  pccx_v002_system_i/zynq_ps/inst/PS8_i/PLCLK[0]
                         net (fo=1, routed)           0.229     0.229    pccx_v002_system_i/zynq_ps/inst/pl_clk_unbuffered[0]
    BUFG_PS_X0Y90        BUFG_PS (Prop_BUFG_PS_I_O)
                                                      0.038     0.267 r  pccx_v002_system_i/zynq_ps/inst/buffer_pl_clk_0.PL_CLK_0_BUFG/O
    X1Y1 (CLOCK_ROOT)    net (fo=82020, routed)       3.156     3.423    pccx_v002_system_i/u_npu/inst/u_wrap/clk_axi
    SLICE_X47Y118        FDRE                                         r  pccx_v002_system_i/u_npu/inst/u_wrap/acp_fmap_rx_tkeep_reg[3]/C
                         clock pessimism             -0.249     3.174    
    SLICE_X47Y118        FDRE (Hold_EFF2_SLICEL_C_D)
                                                      0.102     3.276    pccx_v002_system_i/u_npu/inst/u_wrap/acp_fmap_rx_tkeep_reg[3]
  -------------------------------------------------------------------
                         required time                         -3.276    
                         arrival time                           3.287    
  -------------------------------------------------------------------
                         slack                                  0.011    

Slack (MET) :             0.011ns  (arrival time - required time)
  Source:                 pccx_v002_system_i/sc_axil/inst/s00_nodes/s00_w_node/inst/inst_mi_handler/gen_normal_area.inst_fifo_node_payld/gen_xpm_memory_fifo.inst_fifo/gen_mem_rep[0].inst_xpm_memory/xpm_memory_base_inst/gen_rd_b.gen_rd_b_synth_template.gen_rf_narrow_reg.doutb_reg_reg[95]/C
                            (rising edge-triggered cell FDRE clocked by clk_pl_0  {rise@0.000ns fall@5.000ns period=10.000ns})
  Destination:            pccx_v002_system_i/sc_axil/inst/switchboards/w_switchboard/inst/gen_mi[0].inst_opipe_payld/gen_pipe[1].pipe_reg[1][95]/D
                            (rising edge-triggered cell FDRE clocked by clk_pl_0  {rise@0.000ns fall@5.000ns period=10.000ns})
  Path Group:             clk_pl_0
  Path Type:              Hold (Min at Slow Process Corner)
  Requirement:            0.000ns  (clk_pl_0 rise@0.000ns - clk_pl_0 rise@0.000ns)
  Data Path Delay:        0.244ns  (logic 0.111ns (45.492%)  route 0.133ns (54.508%))
  Logic Levels:           0  
  Clock Path Skew:        0.132ns (DCD - SCD - CPR)
    Destination Clock Delay (DCD):    3.527ns
    Source Clock Delay      (SCD):    3.144ns
    Clock Pessimism Removal (CPR):    0.251ns
  Clock Net Delay (Source):      2.928ns (routing 1.538ns, distribution 1.390ns)
  Clock Net Delay (Destination): 3.260ns (routing 1.681ns, distribution 1.579ns)

    Location             Delay type                Incr(ns)  Path(ns)    Netlist Resource(s)
  -------------------------------------------------------------------    -------------------
                         (clock clk_pl_0 rise edge)
                                                      0.000     0.000 r  
    PS8_X0Y0             PS8                          0.000     0.000 r  pccx_v002_system_i/zynq_ps/inst/PS8_i/PLCLK[0]
                         net (fo=1, routed)           0.181     0.181    pccx_v002_system_i/zynq_ps/inst/pl_clk_unbuffered[0]
    BUFG_PS_X0Y90        BUFG_PS (Prop_BUFG_PS_I_O)
                                                      0.035     0.216 r  pccx_v002_system_i/zynq_ps/inst/buffer_pl_clk_0.PL_CLK_0_BUFG/O
    X1Y1 (CLOCK_ROOT)    net (fo=82020, routed)       2.928     3.144    pccx_v002_system_i/sc_axil/inst/s00_nodes/s00_w_node/inst/inst_mi_handler/gen_normal_area.inst_fifo_node_payld/gen_xpm_memory_fifo.inst_fifo/gen_mem_rep[0].inst_xpm_memory/xpm_memory_base_inst/clka
    SLICE_X7Y105         FDRE                                         r  pccx_v002_system_i/sc_axil/inst/s00_nodes/s00_w_node/inst/inst_mi_handler/gen_normal_area.inst_fifo_node_payld/gen_xpm_memory_fifo.inst_fifo/gen_mem_rep[0].inst_xpm_memory/xpm_memory_base_inst/gen_rd_b.gen_rd_b_synth_template.gen_rf_narrow_reg.doutb_reg_reg[95]/C
  -------------------------------------------------------------------    -------------------
    SLICE_X7Y105         FDRE (Prop_FFF_SLICEM_C_Q)
                                                      0.111     3.255 r  pccx_v002_system_i/sc_axil/inst/s00_nodes/s00_w_node/inst/inst_mi_handler/gen_normal_area.inst_fifo_node_payld/gen_xpm_memory_fifo.inst_fifo/gen_mem_rep[0].inst_xpm_memory/xpm_memory_base_inst/gen_rd_b.gen_rd_b_synth_template.gen_rf_narrow_reg.doutb_reg_reg[95]/Q
                         net (fo=1, routed)           0.133     3.388    pccx_v002_system_i/sc_axil/inst/switchboards/w_switchboard/inst/gen_mi[0].inst_opipe_payld/s_sc_payld[83]
    SLICE_X8Y105         FDRE                                         r  pccx_v002_system_i/sc_axil/inst/switchboards/w_switchboard/inst/gen_mi[0].inst_opipe_payld/gen_pipe[1].pipe_reg[1][95]/D
  -------------------------------------------------------------------    -------------------

                         (clock clk_pl_0 rise edge)
                                                      0.000     0.000 r  
    PS8_X0Y0             PS8                          0.000     0.000 r  pccx_v002_system_i/zynq_ps/inst/PS8_i/PLCLK[0]
                         net (fo=1, routed)           0.229     0.229    pccx_v002_system_i/zynq_ps/inst/pl_clk_unbuffered[0]
    BUFG_PS_X0Y90        BUFG_PS (Prop_BUFG_PS_I_O)
                                                      0.038     0.267 r  pccx_v002_system_i/zynq_ps/inst/buffer_pl_clk_0.PL_CLK_0_BUFG/O
    X1Y1 (CLOCK_ROOT)    net (fo=82020, routed)       3.260     3.527    pccx_v002_system_i/sc_axil/inst/switchboards/w_switchboard/inst/gen_mi[0].inst_opipe_payld/aclk
    SLICE_X8Y105         FDRE                                         r  pccx_v002_system_i/sc_axil/inst/switchboards/w_switchboard/inst/gen_mi[0].inst_opipe_payld/gen_pipe[1].pipe_reg[1][95]/C
                         clock pessimism             -0.251     3.276    
    SLICE_X8Y105         FDRE (Hold_EFF_SLICEM_C_D)
                                                      0.101     3.377    pccx_v002_system_i/sc_axil/inst/switchboards/w_switchboard/inst/gen_mi[0].inst_opipe_payld/gen_pipe[1].pipe_reg[1][95]
  -------------------------------------------------------------------
                         required time                         -3.377    
                         arrival time                           3.388    
  -------------------------------------------------------------------
                         slack                                  0.011    

Slack (MET) :             0.012ns  (arrival time - required time)
  Source:                 pccx_v002_system_i/sc_axil/inst/m03_nodes/m03_w_node/inst/inst_mi_handler/gen_normal_area.inst_fifo_node_payld/gen_xpm_memory_fifo.inst_fifo/gen_mem_rep[0].inst_xpm_memory/xpm_memory_base_inst/gen_rd_b.gen_rd_b_synth_template.gen_rf_narrow_reg.doutb_reg_reg[136]/C
                            (rising edge-triggered cell FDRE clocked by clk_pl_0  {rise@0.000ns fall@5.000ns period=10.000ns})
  Destination:            pccx_v002_system_i/sc_axil/inst/m03_exit_pipeline/m03_exit/inst/splitter_inst/gen_axi4lite.axilite_conv/m_axi_wdata_i_reg[5]/D
                            (rising edge-triggered cell FDRE clocked by clk_pl_0  {rise@0.000ns fall@5.000ns period=10.000ns})
  Path Group:             clk_pl_0
  Path Type:              Hold (Min at Slow Process Corner)
  Requirement:            0.000ns  (clk_pl_0 rise@0.000ns - clk_pl_0 rise@0.000ns)
  Data Path Delay:        0.287ns  (logic 0.149ns (51.916%)  route 0.138ns (48.084%))
  Logic Levels:           1  (LUT6=1)
  Clock Path Skew:        0.174ns (DCD - SCD - CPR)
    Destination Clock Delay (DCD):    3.582ns
    Source Clock Delay      (SCD):    3.206ns
    Clock Pessimism Removal (CPR):    0.201ns
  Clock Net Delay (Source):      2.990ns (routing 1.538ns, distribution 1.452ns)
  Clock Net Delay (Destination): 3.315ns (routing 1.681ns, distribution 1.634ns)

    Location             Delay type                Incr(ns)  Path(ns)    Netlist Resource(s)
  -------------------------------------------------------------------    -------------------
                         (clock clk_pl_0 rise edge)
                                                      0.000     0.000 r  
    PS8_X0Y0             PS8                          0.000     0.000 r  pccx_v002_system_i/zynq_ps/inst/PS8_i/PLCLK[0]
                         net (fo=1, routed)           0.181     0.181    pccx_v002_system_i/zynq_ps/inst/pl_clk_unbuffered[0]
    BUFG_PS_X0Y90        BUFG_PS (Prop_BUFG_PS_I_O)
                                                      0.035     0.216 r  pccx_v002_system_i/zynq_ps/inst/buffer_pl_clk_0.PL_CLK_0_BUFG/O
    X1Y1 (CLOCK_ROOT)    net (fo=82020, routed)       2.990     3.206    pccx_v002_system_i/sc_axil/inst/m03_nodes/m03_w_node/inst/inst_mi_handler/gen_normal_area.inst_fifo_node_payld/gen_xpm_memory_fifo.inst_fifo/gen_mem_rep[0].inst_xpm_memory/xpm_memory_base_inst/clka
    SLICE_X10Y180        FDRE                                         r  pccx_v002_system_i/sc_axil/inst/m03_nodes/m03_w_node/inst/inst_mi_handler/gen_normal_area.inst_fifo_node_payld/gen_xpm_memory_fifo.inst_fifo/gen_mem_rep[0].inst_xpm_memory/xpm_memory_base_inst/gen_rd_b.gen_rd_b_synth_template.gen_rf_narrow_reg.doutb_reg_reg[136]/C
  -------------------------------------------------------------------    -------------------
    SLICE_X10Y180        FDRE (Prop_FFF2_SLICEM_C_Q)
                                                      0.115     3.321 r  pccx_v002_system_i/sc_axil/inst/m03_nodes/m03_w_node/inst/inst_mi_handler/gen_normal_area.inst_fifo_node_payld/gen_xpm_memory_fifo.inst_fifo/gen_mem_rep[0].inst_xpm_memory/xpm_memory_base_inst/gen_rd_b.gen_rd_b_synth_template.gen_rf_narrow_reg.doutb_reg_reg[136]/Q
                         net (fo=1, routed)           0.106     3.427    pccx_v002_system_i/sc_axil/inst/m03_nodes/m03_w_node/inst/inst_mi_handler/gen_normal_area.inst_fifo_node_payld/gen_xpm_memory_fifo.inst_fifo/gen_normal_area.fifo_node_payld_dout[136]
    SLICE_X9Y178         LUT6 (Prop_H6LUT_SLICEL_I1_O)
                                                      0.034     3.461 r  pccx_v002_system_i/sc_axil/inst/m03_nodes/m03_w_node/inst/inst_mi_handler/gen_normal_area.inst_fifo_node_payld/gen_xpm_memory_fifo.inst_fifo/m_sc_payld[28]_INST_0/O
                         net (fo=1, routed)           0.032     3.493    pccx_v002_system_i/sc_axil/inst/m03_exit_pipeline/m03_exit/inst/splitter_inst/gen_axi4lite.axilite_conv/s_axi_wdata[5]
    SLICE_X9Y178         FDRE                                         r  pccx_v002_system_i/sc_axil/inst/m03_exit_pipeline/m03_exit/inst/splitter_inst/gen_axi4lite.axilite_conv/m_axi_wdata_i_reg[5]/D
  -------------------------------------------------------------------    -------------------

                         (clock clk_pl_0 rise edge)
                                                      0.000     0.000 r  
    PS8_X0Y0             PS8                          0.000     0.000 r  pccx_v002_system_i/zynq_ps/inst/PS8_i/PLCLK[0]
                         net (fo=1, routed)           0.229     0.229    pccx_v002_system_i/zynq_ps/inst/pl_clk_unbuffered[0]
    BUFG_PS_X0Y90        BUFG_PS (Prop_BUFG_PS_I_O)
                                                      0.038     0.267 r  pccx_v002_system_i/zynq_ps/inst/buffer_pl_clk_0.PL_CLK_0_BUFG/O
    X1Y1 (CLOCK_ROOT)    net (fo=82020, routed)       3.315     3.582    pccx_v002_system_i/sc_axil/inst/m03_exit_pipeline/m03_exit/inst/splitter_inst/gen_axi4lite.axilite_conv/aclk
    SLICE_X9Y178         FDRE                                         r  pccx_v002_system_i/sc_axil/inst/m03_exit_pipeline/m03_exit/inst/splitter_inst/gen_axi4lite.axilite_conv/m_axi_wdata_i_reg[5]/C
                         clock pessimism             -0.201     3.381    
    SLICE_X9Y178         FDRE (Hold_HFF_SLICEL_C_D)
                                                      0.101     3.482    pccx_v002_system_i/sc_axil/inst/m03_exit_pipeline/m03_exit/inst/splitter_inst/gen_axi4lite.axilite_conv/m_axi_wdata_i_reg[5]
  -------------------------------------------------------------------
                         required time                         -3.482    
                         arrival time                           3.493    
  -------------------------------------------------------------------
                         slack                                  0.012    

Slack (MET) :             0.012ns  (arrival time - required time)
  Source:                 pccx_v002_system_i/u_npu/inst/u_wrap/u_pccx_npu_top/u_fmap_pre/active_emax_reg[25][4]/C
                            (rising edge-triggered cell FDRE clocked by clk_pl_0  {rise@0.000ns fall@5.000ns period=10.000ns})
  Destination:            pccx_v002_system_i/u_npu/inst/u_wrap/u_pccx_npu_top/u_fmap_pre/emax_cache_mem_reg_2/DINBDIN[28]
                            (rising edge-triggered cell RAMB36E2 clocked by clk_pl_0  {rise@0.000ns fall@5.000ns period=10.000ns})
  Path Group:             clk_pl_0
  Path Type:              Hold (Min at Slow Process Corner)
  Requirement:            0.000ns  (clk_pl_0 rise@0.000ns - clk_pl_0 rise@0.000ns)
  Data Path Delay:        0.214ns  (logic 0.114ns (53.271%)  route 0.100ns (46.729%))
  Logic Levels:           0  
  Clock Path Skew:        0.250ns (DCD - SCD - CPR)
    Destination Clock Delay (DCD):    3.601ns
    Source Clock Delay      (SCD):    3.094ns
    Clock Pessimism Removal (CPR):    0.256ns
  Clock Net Delay (Source):      2.878ns (routing 1.538ns, distribution 1.340ns)
  Clock Net Delay (Destination): 3.334ns (routing 1.681ns, distribution 1.653ns)

    Location             Delay type                Incr(ns)  Path(ns)    Netlist Resource(s)
  -------------------------------------------------------------------    -------------------
                         (clock clk_pl_0 rise edge)
                                                      0.000     0.000 r  
    PS8_X0Y0             PS8                          0.000     0.000 r  pccx_v002_system_i/zynq_ps/inst/PS8_i/PLCLK[0]
                         net (fo=1, routed)           0.181     0.181    pccx_v002_system_i/zynq_ps/inst/pl_clk_unbuffered[0]
    BUFG_PS_X0Y90        BUFG_PS (Prop_BUFG_PS_I_O)
                                                      0.035     0.216 r  pccx_v002_system_i/zynq_ps/inst/buffer_pl_clk_0.PL_CLK_0_BUFG/O
    X1Y1 (CLOCK_ROOT)    net (fo=82020, routed)       2.878     3.094    pccx_v002_system_i/u_npu/inst/u_wrap/u_pccx_npu_top/u_fmap_pre/clk_core
    SLICE_X48Y132        FDRE                                         r  pccx_v002_system_i/u_npu/inst/u_wrap/u_pccx_npu_top/u_fmap_pre/active_emax_reg[25][4]/C
  -------------------------------------------------------------------    -------------------
    SLICE_X48Y132        FDRE (Prop_EFF2_SLICEL_C_Q)
                                                      0.114     3.208 r  pccx_v002_system_i/u_npu/inst/u_wrap/u_pccx_npu_top/u_fmap_pre/active_emax_reg[25][4]/Q
                         net (fo=1, routed)           0.100     3.308    pccx_v002_system_i/u_npu/inst/u_wrap/u_pccx_npu_top/u_fmap_pre/emax_active_pack[204]
    RAMB36_X1Y26         RAMB36E2                                     r  pccx_v002_system_i/u_npu/inst/u_wrap/u_pccx_npu_top/u_fmap_pre/emax_cache_mem_reg_2/DINBDIN[28]
  -------------------------------------------------------------------    -------------------

                         (clock clk_pl_0 rise edge)
                                                      0.000     0.000 r  
    PS8_X0Y0             PS8                          0.000     0.000 r  pccx_v002_system_i/zynq_ps/inst/PS8_i/PLCLK[0]
                         net (fo=1, routed)           0.229     0.229    pccx_v002_system_i/zynq_ps/inst/pl_clk_unbuffered[0]
    BUFG_PS_X0Y90        BUFG_PS (Prop_BUFG_PS_I_O)
                                                      0.038     0.267 r  pccx_v002_system_i/zynq_ps/inst/buffer_pl_clk_0.PL_CLK_0_BUFG/O
    X1Y1 (CLOCK_ROOT)    net (fo=82020, routed)       3.334     3.601    pccx_v002_system_i/u_npu/inst/u_wrap/u_pccx_npu_top/u_fmap_pre/clk_core
    RAMB36_X1Y26         RAMB36E2                                     r  pccx_v002_system_i/u_npu/inst/u_wrap/u_pccx_npu_top/u_fmap_pre/emax_cache_mem_reg_2/CLKBWRCLK
                         clock pessimism             -0.256     3.345    
    RAMB36_X1Y26         RAMB36E2 (Hold_RAMB36E2_RAMB36_CLKBWRCLK_DINBDIN[28])
                                                     -0.048     3.297    pccx_v002_system_i/u_npu/inst/u_wrap/u_pccx_npu_top/u_fmap_pre/emax_cache_mem_reg_2
  -------------------------------------------------------------------
                         required time                         -3.297    
                         arrival time                           3.308    
  -------------------------------------------------------------------
                         slack                                  0.012    

Slack (MET) :             0.012ns  (arrival time - required time)
  Source:                 pccx_v002_system_i/u_npu/inst/u_wrap/u_pccx_npu_top/u_CVO_top/sub_s2_passthrough_reg[15]/C
                            (rising edge-triggered cell FDRE clocked by clk_pl_0  {rise@0.000ns fall@5.000ns period=10.000ns})
  Destination:            pccx_v002_system_i/u_npu/inst/u_wrap/u_pccx_npu_top/u_CVO_top/sub_s3_passthrough_reg[15]/D
                            (rising edge-triggered cell FDRE clocked by clk_pl_0  {rise@0.000ns fall@5.000ns period=10.000ns})
  Path Group:             clk_pl_0
  Path Type:              Hold (Min at Slow Process Corner)
  Requirement:            0.000ns  (clk_pl_0 rise@0.000ns - clk_pl_0 rise@0.000ns)
  Data Path Delay:        0.218ns  (logic 0.113ns (51.835%)  route 0.105ns (48.165%))
  Logic Levels:           0  
  Clock Path Skew:        0.105ns (DCD - SCD - CPR)
    Destination Clock Delay (DCD):    3.500ns
    Source Clock Delay      (SCD):    3.142ns
    Clock Pessimism Removal (CPR):    0.252ns
  Clock Net Delay (Source):      2.926ns (routing 1.538ns, distribution 1.388ns)
  Clock Net Delay (Destination): 3.233ns (routing 1.681ns, distribution 1.552ns)

    Location             Delay type                Incr(ns)  Path(ns)    Netlist Resource(s)
  -------------------------------------------------------------------    -------------------
                         (clock clk_pl_0 rise edge)
                                                      0.000     0.000 r  
    PS8_X0Y0             PS8                          0.000     0.000 r  pccx_v002_system_i/zynq_ps/inst/PS8_i/PLCLK[0]
                         net (fo=1, routed)           0.181     0.181    pccx_v002_system_i/zynq_ps/inst/pl_clk_unbuffered[0]
    BUFG_PS_X0Y90        BUFG_PS (Prop_BUFG_PS_I_O)
                                                      0.035     0.216 r  pccx_v002_system_i/zynq_ps/inst/buffer_pl_clk_0.PL_CLK_0_BUFG/O
    X1Y1 (CLOCK_ROOT)    net (fo=82020, routed)       2.926     3.142    pccx_v002_system_i/u_npu/inst/u_wrap/u_pccx_npu_top/u_CVO_top/clk_core
    SLICE_X55Y166        FDRE                                         r  pccx_v002_system_i/u_npu/inst/u_wrap/u_pccx_npu_top/u_CVO_top/sub_s2_passthrough_reg[15]/C
  -------------------------------------------------------------------    -------------------
    SLICE_X55Y166        FDRE (Prop_HFF2_SLICEL_C_Q)
                                                      0.113     3.255 r  pccx_v002_system_i/u_npu/inst/u_wrap/u_pccx_npu_top/u_CVO_top/sub_s2_passthrough_reg[15]/Q
                         net (fo=1, routed)           0.105     3.360    pccx_v002_system_i/u_npu/inst/u_wrap/u_pccx_npu_top/u_CVO_top/sub_s2_passthrough[15]
    SLICE_X56Y166        FDRE                                         r  pccx_v002_system_i/u_npu/inst/u_wrap/u_pccx_npu_top/u_CVO_top/sub_s3_passthrough_reg[15]/D
  -------------------------------------------------------------------    -------------------

                         (clock clk_pl_0 rise edge)
                                                      0.000     0.000 r  
    PS8_X0Y0             PS8                          0.000     0.000 r  pccx_v002_system_i/zynq_ps/inst/PS8_i/PLCLK[0]
                         net (fo=1, routed)           0.229     0.229    pccx_v002_system_i/zynq_ps/inst/pl_clk_unbuffered[0]
    BUFG_PS_X0Y90        BUFG_PS (Prop_BUFG_PS_I_O)
                                                      0.038     0.267 r  pccx_v002_system_i/zynq_ps/inst/buffer_pl_clk_0.PL_CLK_0_BUFG/O
    X1Y1 (CLOCK_ROOT)    net (fo=82020, routed)       3.233     3.500    pccx_v002_system_i/u_npu/inst/u_wrap/u_pccx_npu_top/u_CVO_top/clk_core
    SLICE_X56Y166        FDRE                                         r  pccx_v002_system_i/u_npu/inst/u_wrap/u_pccx_npu_top/u_CVO_top/sub_s3_passthrough_reg[15]/C
                         clock pessimism             -0.252     3.248    
    SLICE_X56Y166        FDRE (Hold_EFF_SLICEL_C_D)
                                                      0.101     3.349    pccx_v002_system_i/u_npu/inst/u_wrap/u_pccx_npu_top/u_CVO_top/sub_s3_passthrough_reg[15]
  -------------------------------------------------------------------
                         required time                         -3.349    
                         arrival time                           3.360    
  -------------------------------------------------------------------
                         slack                                  0.012    

Slack (MET) :             0.012ns  (arrival time - required time)
  Source:                 pccx_v002_system_i/sc_hp0_stage0/inst/s02_entry_pipeline/s02_transaction_regulator/inst/gen_endpoint.gen_w_singleorder.w_singleorder/gen_cmd_reg.cmd_reg/m_vector_i_reg[1071]/C
                            (rising edge-triggered cell FDRE clocked by clk_pl_0  {rise@0.000ns fall@5.000ns period=10.000ns})
  Destination:            pccx_v002_system_i/sc_hp0_stage0/inst/s02_entry_pipeline/s02_si_converter/inst/converter.low_area_converter.low_area_wrap_inst/orig_awaddr_reg[10]/D
                            (rising edge-triggered cell FDRE clocked by clk_pl_0  {rise@0.000ns fall@5.000ns period=10.000ns})
  Path Group:             clk_pl_0
  Path Type:              Hold (Min at Slow Process Corner)
  Requirement:            0.000ns  (clk_pl_0 rise@0.000ns - clk_pl_0 rise@0.000ns)
  Data Path Delay:        0.252ns  (logic 0.115ns (45.635%)  route 0.137ns (54.365%))
  Logic Levels:           0  
  Clock Path Skew:        0.137ns (DCD - SCD - CPR)
    Destination Clock Delay (DCD):    3.511ns
    Source Clock Delay      (SCD):    3.128ns
    Clock Pessimism Removal (CPR):    0.245ns
  Clock Net Delay (Source):      2.912ns (routing 1.538ns, distribution 1.374ns)
  Clock Net Delay (Destination): 3.244ns (routing 1.681ns, distribution 1.563ns)

    Location             Delay type                Incr(ns)  Path(ns)    Netlist Resource(s)
  -------------------------------------------------------------------    -------------------
                         (clock clk_pl_0 rise edge)
                                                      0.000     0.000 r  
    PS8_X0Y0             PS8                          0.000     0.000 r  pccx_v002_system_i/zynq_ps/inst/PS8_i/PLCLK[0]
                         net (fo=1, routed)           0.181     0.181    pccx_v002_system_i/zynq_ps/inst/pl_clk_unbuffered[0]
    BUFG_PS_X0Y90        BUFG_PS (Prop_BUFG_PS_I_O)
                                                      0.035     0.216 r  pccx_v002_system_i/zynq_ps/inst/buffer_pl_clk_0.PL_CLK_0_BUFG/O
    X1Y1 (CLOCK_ROOT)    net (fo=82020, routed)       2.912     3.128    pccx_v002_system_i/sc_hp0_stage0/inst/s02_entry_pipeline/s02_transaction_regulator/inst/gen_endpoint.gen_w_singleorder.w_singleorder/gen_cmd_reg.cmd_reg/aclk
    SLICE_X17Y49         FDRE                                         r  pccx_v002_system_i/sc_hp0_stage0/inst/s02_entry_pipeline/s02_transaction_regulator/inst/gen_endpoint.gen_w_singleorder.w_singleorder/gen_cmd_reg.cmd_reg/m_vector_i_reg[1071]/C
  -------------------------------------------------------------------    -------------------
    SLICE_X17Y49         FDRE (Prop_DFF2_SLICEM_C_Q)
                                                      0.115     3.243 r  pccx_v002_system_i/sc_hp0_stage0/inst/s02_entry_pipeline/s02_transaction_regulator/inst/gen_endpoint.gen_w_singleorder.w_singleorder/gen_cmd_reg.cmd_reg/m_vector_i_reg[1071]/Q
                         net (fo=1, routed)           0.137     3.380    pccx_v002_system_i/sc_hp0_stage0/inst/s02_entry_pipeline/s02_si_converter/inst/converter.low_area_converter.low_area_wrap_inst/s_axi_awaddr[10]
    SLICE_X14Y49         FDRE                                         r  pccx_v002_system_i/sc_hp0_stage0/inst/s02_entry_pipeline/s02_si_converter/inst/converter.low_area_converter.low_area_wrap_inst/orig_awaddr_reg[10]/D
  -------------------------------------------------------------------    -------------------

                         (clock clk_pl_0 rise edge)
                                                      0.000     0.000 r  
    PS8_X0Y0             PS8                          0.000     0.000 r  pccx_v002_system_i/zynq_ps/inst/PS8_i/PLCLK[0]
                         net (fo=1, routed)           0.229     0.229    pccx_v002_system_i/zynq_ps/inst/pl_clk_unbuffered[0]
    BUFG_PS_X0Y90        BUFG_PS (Prop_BUFG_PS_I_O)
                                                      0.038     0.267 r  pccx_v002_system_i/zynq_ps/inst/buffer_pl_clk_0.PL_CLK_0_BUFG/O
    X1Y1 (CLOCK_ROOT)    net (fo=82020, routed)       3.244     3.511    pccx_v002_system_i/sc_hp0_stage0/inst/s02_entry_pipeline/s02_si_converter/inst/converter.low_area_converter.low_area_wrap_inst/aclk
    SLICE_X14Y49         FDRE                                         r  pccx_v002_system_i/sc_hp0_stage0/inst/s02_entry_pipeline/s02_si_converter/inst/converter.low_area_converter.low_area_wrap_inst/orig_awaddr_reg[10]/C
                         clock pessimism             -0.245     3.265    
    SLICE_X14Y49         FDRE (Hold_HFF2_SLICEL_C_D)
                                                      0.103     3.368    pccx_v002_system_i/sc_hp0_stage0/inst/s02_entry_pipeline/s02_si_converter/inst/converter.low_area_converter.low_area_wrap_inst/orig_awaddr_reg[10]
  -------------------------------------------------------------------
                         required time                         -3.368    
                         arrival time                           3.380    
  -------------------------------------------------------------------
                         slack                                  0.012    

Slack (MET) :             0.012ns  (arrival time - required time)
  Source:                 pccx_v002_system_i/sc_hp0_stage0/inst/s02_entry_pipeline/s02_transaction_regulator/inst/gen_endpoint.gen_w_singleorder.w_singleorder/gen_cmd_reg.cmd_reg/m_vector_i_reg[1079]/C
                            (rising edge-triggered cell FDRE clocked by clk_pl_0  {rise@0.000ns fall@5.000ns period=10.000ns})
  Destination:            pccx_v002_system_i/sc_hp0_stage0/inst/s02_entry_pipeline/s02_si_converter/inst/converter.low_area_converter.low_area_wrap_inst/orig_awaddr_reg[18]/D
                            (rising edge-triggered cell FDRE clocked by clk_pl_0  {rise@0.000ns fall@5.000ns period=10.000ns})
  Path Group:             clk_pl_0
  Path Type:              Hold (Min at Slow Process Corner)
  Requirement:            0.000ns  (clk_pl_0 rise@0.000ns - clk_pl_0 rise@0.000ns)
  Data Path Delay:        0.252ns  (logic 0.115ns (45.635%)  route 0.137ns (54.365%))
  Logic Levels:           0  
  Clock Path Skew:        0.137ns (DCD - SCD - CPR)
    Destination Clock Delay (DCD):    3.511ns
    Source Clock Delay      (SCD):    3.128ns
    Clock Pessimism Removal (CPR):    0.245ns
  Clock Net Delay (Source):      2.912ns (routing 1.538ns, distribution 1.374ns)
  Clock Net Delay (Destination): 3.244ns (routing 1.681ns, distribution 1.563ns)

    Location             Delay type                Incr(ns)  Path(ns)    Netlist Resource(s)
  -------------------------------------------------------------------    -------------------
                         (clock clk_pl_0 rise edge)
                                                      0.000     0.000 r  
    PS8_X0Y0             PS8                          0.000     0.000 r  pccx_v002_system_i/zynq_ps/inst/PS8_i/PLCLK[0]
                         net (fo=1, routed)           0.181     0.181    pccx_v002_system_i/zynq_ps/inst/pl_clk_unbuffered[0]
    BUFG_PS_X0Y90        BUFG_PS (Prop_BUFG_PS_I_O)
                                                      0.035     0.216 r  pccx_v002_system_i/zynq_ps/inst/buffer_pl_clk_0.PL_CLK_0_BUFG/O
    X1Y1 (CLOCK_ROOT)    net (fo=82020, routed)       2.912     3.128    pccx_v002_system_i/sc_hp0_stage0/inst/s02_entry_pipeline/s02_transaction_regulator/inst/gen_endpoint.gen_w_singleorder.w_singleorder/gen_cmd_reg.cmd_reg/aclk
    SLICE_X17Y50         FDRE                                         r  pccx_v002_system_i/sc_hp0_stage0/inst/s02_entry_pipeline/s02_transaction_regulator/inst/gen_endpoint.gen_w_singleorder.w_singleorder/gen_cmd_reg.cmd_reg/m_vector_i_reg[1079]/C
  -------------------------------------------------------------------    -------------------
    SLICE_X17Y50         FDRE (Prop_DFF2_SLICEM_C_Q)
                                                      0.115     3.243 r  pccx_v002_system_i/sc_hp0_stage0/inst/s02_entry_pipeline/s02_transaction_regulator/inst/gen_endpoint.gen_w_singleorder.w_singleorder/gen_cmd_reg.cmd_reg/m_vector_i_reg[1079]/Q
                         net (fo=1, routed)           0.137     3.380    pccx_v002_system_i/sc_hp0_stage0/inst/s02_entry_pipeline/s02_si_converter/inst/converter.low_area_converter.low_area_wrap_inst/s_axi_awaddr[18]
    SLICE_X14Y50         FDRE                                         r  pccx_v002_system_i/sc_hp0_stage0/inst/s02_entry_pipeline/s02_si_converter/inst/converter.low_area_converter.low_area_wrap_inst/orig_awaddr_reg[18]/D
  -------------------------------------------------------------------    -------------------

                         (clock clk_pl_0 rise edge)
                                                      0.000     0.000 r  
    PS8_X0Y0             PS8                          0.000     0.000 r  pccx_v002_system_i/zynq_ps/inst/PS8_i/PLCLK[0]
                         net (fo=1, routed)           0.229     0.229    pccx_v002_system_i/zynq_ps/inst/pl_clk_unbuffered[0]
    BUFG_PS_X0Y90        BUFG_PS (Prop_BUFG_PS_I_O)
                                                      0.038     0.267 r  pccx_v002_system_i/zynq_ps/inst/buffer_pl_clk_0.PL_CLK_0_BUFG/O
    X1Y1 (CLOCK_ROOT)    net (fo=82020, routed)       3.244     3.511    pccx_v002_system_i/sc_hp0_stage0/inst/s02_entry_pipeline/s02_si_converter/inst/converter.low_area_converter.low_area_wrap_inst/aclk
    SLICE_X14Y50         FDRE                                         r  pccx_v002_system_i/sc_hp0_stage0/inst/s02_entry_pipeline/s02_si_converter/inst/converter.low_area_converter.low_area_wrap_inst/orig_awaddr_reg[18]/C
                         clock pessimism             -0.245     3.265    
    SLICE_X14Y50         FDRE (Hold_HFF2_SLICEL_C_D)
                                                      0.103     3.368    pccx_v002_system_i/sc_hp0_stage0/inst/s02_entry_pipeline/s02_si_converter/inst/converter.low_area_converter.low_area_wrap_inst/orig_awaddr_reg[18]
  -------------------------------------------------------------------
                         required time                         -3.368    
                         arrival time                           3.380    
  -------------------------------------------------------------------
                         slack                                  0.012    





Pulse Width Checks
--------------------------------------------------------------------------------------
Clock Name:         clk_pl_0
Waveform(ns):       { 0.000 5.000 }
Period(ns):         10.000
Sources:            { pccx_v002_system_i/zynq_ps/inst/PS8_i/PLCLK[0] }

Check Type        Corner  Lib Pin          Reference Pin  Required(ns)  Actual(ns)  Slack(ns)  Location       Pin
Min Period        n/a     PS8/MAXIGP0ACLK  n/a            3.000         10.000      7.000      PS8_X0Y0       pccx_v002_system_i/zynq_ps/inst/PS8_i/MAXIGP0ACLK
Min Period        n/a     PS8/SAXIACPACLK  n/a            3.000         10.000      7.000      PS8_X0Y0       pccx_v002_system_i/zynq_ps/inst/PS8_i/SAXIACPACLK
Min Period        n/a     PS8/SAXIGP2RCLK  n/a            3.000         10.000      7.000      PS8_X0Y0       pccx_v002_system_i/zynq_ps/inst/PS8_i/SAXIGP2RCLK
Min Period        n/a     PS8/SAXIGP2WCLK  n/a            3.000         10.000      7.000      PS8_X0Y0       pccx_v002_system_i/zynq_ps/inst/PS8_i/SAXIGP2WCLK
Min Period        n/a     PS8/SAXIGP3RCLK  n/a            3.000         10.000      7.000      PS8_X0Y0       pccx_v002_system_i/zynq_ps/inst/PS8_i/SAXIGP3RCLK
Min Period        n/a     PS8/SAXIGP3WCLK  n/a            3.000         10.000      7.000      PS8_X0Y0       pccx_v002_system_i/zynq_ps/inst/PS8_i/SAXIGP3WCLK
Min Period        n/a     PS8/SAXIGP4RCLK  n/a            3.000         10.000      7.000      PS8_X0Y0       pccx_v002_system_i/zynq_ps/inst/PS8_i/SAXIGP4RCLK
Min Period        n/a     PS8/SAXIGP4WCLK  n/a            3.000         10.000      7.000      PS8_X0Y0       pccx_v002_system_i/zynq_ps/inst/PS8_i/SAXIGP4WCLK
Min Period        n/a     PS8/SAXIGP5RCLK  n/a            3.000         10.000      7.000      PS8_X0Y0       pccx_v002_system_i/zynq_ps/inst/PS8_i/SAXIGP5RCLK
Min Period        n/a     PS8/SAXIGP5WCLK  n/a            3.000         10.000      7.000      PS8_X0Y0       pccx_v002_system_i/zynq_ps/inst/PS8_i/SAXIGP5WCLK
Min Period        n/a     URAM288/CLK      n/a            2.000         10.000      8.000      URAM288_X0Y24  pccx_v002_system_i/u_npu/inst/u_wrap/u_pccx_npu_top/u_mem_dispatcher/u_l2_cache/u_l2_uram/u_l2_uram/xpm_memory_base_inst/gen_wr_a.gen_word_narrow.mem_reg_uram_0/CLK
Min Period        n/a     URAM288/CLK      n/a            2.000         10.000      8.000      URAM288_X0Y25  pccx_v002_system_i/u_npu/inst/u_wrap/u_pccx_npu_top/u_mem_dispatcher/u_l2_cache/u_l2_uram/u_l2_uram/xpm_memory_base_inst/gen_wr_a.gen_word_narrow.mem_reg_uram_1/CLK
Min Period        n/a     URAM288/CLK      n/a            2.000         10.000      8.000      URAM288_X0Y20  pccx_v002_system_i/u_npu/inst/u_wrap/u_pccx_npu_top/u_mem_dispatcher/u_l2_cache/u_l2_uram/u_l2_uram/xpm_memory_base_inst/gen_wr_a.gen_word_narrow.mem_reg_uram_10/CLK
Min Period        n/a     URAM288/CLK      n/a            2.000         10.000      8.000      URAM288_X0Y21  pccx_v002_system_i/u_npu/inst/u_wrap/u_pccx_npu_top/u_mem_dispatcher/u_l2_cache/u_l2_uram/u_l2_uram/xpm_memory_base_inst/gen_wr_a.gen_word_narrow.mem_reg_uram_11/CLK
Min Period        n/a     URAM288/CLK      n/a            2.000         10.000      8.000      URAM288_X0Y28  pccx_v002_system_i/u_npu/inst/u_wrap/u_pccx_npu_top/u_mem_dispatcher/u_l2_cache/u_l2_uram/u_l2_uram/xpm_memory_base_inst/gen_wr_a.gen_word_narrow.mem_reg_uram_12/CLK
Min Period        n/a     URAM288/CLK      n/a            2.000         10.000      8.000      URAM288_X0Y29  pccx_v002_system_i/u_npu/inst/u_wrap/u_pccx_npu_top/u_mem_dispatcher/u_l2_cache/u_l2_uram/u_l2_uram/xpm_memory_base_inst/gen_wr_a.gen_word_narrow.mem_reg_uram_13/CLK
Min Period        n/a     URAM288/CLK      n/a            2.000         10.000      8.000      URAM288_X0Y16  pccx_v002_system_i/u_npu/inst/u_wrap/u_pccx_npu_top/u_mem_dispatcher/u_l2_cache/u_l2_uram/u_l2_uram/xpm_memory_base_inst/gen_wr_a.gen_word_narrow.mem_reg_uram_14/CLK
Min Period        n/a     URAM288/CLK      n/a            2.000         10.000      8.000      URAM288_X0Y17  pccx_v002_system_i/u_npu/inst/u_wrap/u_pccx_npu_top/u_mem_dispatcher/u_l2_cache/u_l2_uram/u_l2_uram/xpm_memory_base_inst/gen_wr_a.gen_word_narrow.mem_reg_uram_15/CLK
Min Period        n/a     URAM288/CLK      n/a            2.000         10.000      8.000      URAM288_X0Y12  pccx_v002_system_i/u_npu/inst/u_wrap/u_pccx_npu_top/u_mem_dispatcher/u_l2_cache/u_l2_uram/u_l2_uram/xpm_memory_base_inst/gen_wr_a.gen_word_narrow.mem_reg_uram_16/CLK
Min Period        n/a     URAM288/CLK      n/a            2.000         10.000      8.000      URAM288_X0Y13  pccx_v002_system_i/u_npu/inst/u_wrap/u_pccx_npu_top/u_mem_dispatcher/u_l2_cache/u_l2_uram/u_l2_uram/xpm_memory_base_inst/gen_wr_a.gen_word_narrow.mem_reg_uram_17/CLK
Low Pulse Width   Slow    PS8/MAXIGP0ACLK  n/a            1.500         5.000       3.500      PS8_X0Y0       pccx_v002_system_i/zynq_ps/inst/PS8_i/MAXIGP0ACLK
Low Pulse Width   Fast    PS8/MAXIGP0ACLK  n/a            1.500         5.000       3.500      PS8_X0Y0       pccx_v002_system_i/zynq_ps/inst/PS8_i/MAXIGP0ACLK
Low Pulse Width   Slow    PS8/SAXIACPACLK  n/a            1.500         5.000       3.500      PS8_X0Y0       pccx_v002_system_i/zynq_ps/inst/PS8_i/SAXIACPACLK
Low Pulse Width   Fast    PS8/SAXIACPACLK  n/a            1.500         5.000       3.500      PS8_X0Y0       pccx_v002_system_i/zynq_ps/inst/PS8_i/SAXIACPACLK
Low Pulse Width   Slow    PS8/SAXIGP2RCLK  n/a            1.500         5.000       3.500      PS8_X0Y0       pccx_v002_system_i/zynq_ps/inst/PS8_i/SAXIGP2RCLK
Low Pulse Width   Fast    PS8/SAXIGP2RCLK  n/a            1.500         5.000       3.500      PS8_X0Y0       pccx_v002_system_i/zynq_ps/inst/PS8_i/SAXIGP2RCLK
Low Pulse Width   Slow    PS8/SAXIGP2WCLK  n/a            1.500         5.000       3.500      PS8_X0Y0       pccx_v002_system_i/zynq_ps/inst/PS8_i/SAXIGP2WCLK
Low Pulse Width   Fast    PS8/SAXIGP2WCLK  n/a            1.500         5.000       3.500      PS8_X0Y0       pccx_v002_system_i/zynq_ps/inst/PS8_i/SAXIGP2WCLK
Low Pulse Width   Slow    PS8/SAXIGP3RCLK  n/a            1.500         5.000       3.500      PS8_X0Y0       pccx_v002_system_i/zynq_ps/inst/PS8_i/SAXIGP3RCLK
Low Pulse Width   Fast    PS8/SAXIGP3RCLK  n/a            1.500         5.000       3.500      PS8_X0Y0       pccx_v002_system_i/zynq_ps/inst/PS8_i/SAXIGP3RCLK
Low Pulse Width   Slow    PS8/SAXIGP3WCLK  n/a            1.500         5.000       3.500      PS8_X0Y0       pccx_v002_system_i/zynq_ps/inst/PS8_i/SAXIGP3WCLK
Low Pulse Width   Fast    PS8/SAXIGP3WCLK  n/a            1.500         5.000       3.500      PS8_X0Y0       pccx_v002_system_i/zynq_ps/inst/PS8_i/SAXIGP3WCLK
Low Pulse Width   Slow    PS8/SAXIGP4RCLK  n/a            1.500         5.000       3.500      PS8_X0Y0       pccx_v002_system_i/zynq_ps/inst/PS8_i/SAXIGP4RCLK
Low Pulse Width   Fast    PS8/SAXIGP4RCLK  n/a            1.500         5.000       3.500      PS8_X0Y0       pccx_v002_system_i/zynq_ps/inst/PS8_i/SAXIGP4RCLK
Low Pulse Width   Slow    PS8/SAXIGP4WCLK  n/a            1.500         5.000       3.500      PS8_X0Y0       pccx_v002_system_i/zynq_ps/inst/PS8_i/SAXIGP4WCLK
Low Pulse Width   Fast    PS8/SAXIGP4WCLK  n/a            1.500         5.000       3.500      PS8_X0Y0       pccx_v002_system_i/zynq_ps/inst/PS8_i/SAXIGP4WCLK
Low Pulse Width   Slow    PS8/SAXIGP5RCLK  n/a            1.500         5.000       3.500      PS8_X0Y0       pccx_v002_system_i/zynq_ps/inst/PS8_i/SAXIGP5RCLK
Low Pulse Width   Fast    PS8/SAXIGP5RCLK  n/a            1.500         5.000       3.500      PS8_X0Y0       pccx_v002_system_i/zynq_ps/inst/PS8_i/SAXIGP5RCLK
Low Pulse Width   Slow    PS8/SAXIGP5WCLK  n/a            1.500         5.000       3.500      PS8_X0Y0       pccx_v002_system_i/zynq_ps/inst/PS8_i/SAXIGP5WCLK
Low Pulse Width   Fast    PS8/SAXIGP5WCLK  n/a            1.500         5.000       3.500      PS8_X0Y0       pccx_v002_system_i/zynq_ps/inst/PS8_i/SAXIGP5WCLK
High Pulse Width  Slow    PS8/MAXIGP0ACLK  n/a            1.500         5.000       3.500      PS8_X0Y0       pccx_v002_system_i/zynq_ps/inst/PS8_i/MAXIGP0ACLK
High Pulse Width  Fast    PS8/MAXIGP0ACLK  n/a            1.500         5.000       3.500      PS8_X0Y0       pccx_v002_system_i/zynq_ps/inst/PS8_i/MAXIGP0ACLK
High Pulse Width  Slow    PS8/SAXIACPACLK  n/a            1.500         5.000       3.500      PS8_X0Y0       pccx_v002_system_i/zynq_ps/inst/PS8_i/SAXIACPACLK
High Pulse Width  Fast    PS8/SAXIACPACLK  n/a            1.500         5.000       3.500      PS8_X0Y0       pccx_v002_system_i/zynq_ps/inst/PS8_i/SAXIACPACLK
High Pulse Width  Slow    PS8/SAXIGP2RCLK  n/a            1.500         5.000       3.500      PS8_X0Y0       pccx_v002_system_i/zynq_ps/inst/PS8_i/SAXIGP2RCLK
High Pulse Width  Fast    PS8/SAXIGP2RCLK  n/a            1.500         5.000       3.500      PS8_X0Y0       pccx_v002_system_i/zynq_ps/inst/PS8_i/SAXIGP2RCLK
High Pulse Width  Slow    PS8/SAXIGP2WCLK  n/a            1.500         5.000       3.500      PS8_X0Y0       pccx_v002_system_i/zynq_ps/inst/PS8_i/SAXIGP2WCLK
High Pulse Width  Fast    PS8/SAXIGP2WCLK  n/a            1.500         5.000       3.500      PS8_X0Y0       pccx_v002_system_i/zynq_ps/inst/PS8_i/SAXIGP2WCLK
High Pulse Width  Slow    PS8/SAXIGP3RCLK  n/a            1.500         5.000       3.500      PS8_X0Y0       pccx_v002_system_i/zynq_ps/inst/PS8_i/SAXIGP3RCLK
High Pulse Width  Fast    PS8/SAXIGP3RCLK  n/a            1.500         5.000       3.500      PS8_X0Y0       pccx_v002_system_i/zynq_ps/inst/PS8_i/SAXIGP3RCLK
High Pulse Width  Slow    PS8/SAXIGP3WCLK  n/a            1.500         5.000       3.500      PS8_X0Y0       pccx_v002_system_i/zynq_ps/inst/PS8_i/SAXIGP3WCLK
High Pulse Width  Fast    PS8/SAXIGP3WCLK  n/a            1.500         5.000       3.500      PS8_X0Y0       pccx_v002_system_i/zynq_ps/inst/PS8_i/SAXIGP3WCLK
High Pulse Width  Slow    PS8/SAXIGP4RCLK  n/a            1.500         5.000       3.500      PS8_X0Y0       pccx_v002_system_i/zynq_ps/inst/PS8_i/SAXIGP4RCLK
High Pulse Width  Fast    PS8/SAXIGP4RCLK  n/a            1.500         5.000       3.500      PS8_X0Y0       pccx_v002_system_i/zynq_ps/inst/PS8_i/SAXIGP4RCLK
High Pulse Width  Slow    PS8/SAXIGP4WCLK  n/a            1.500         5.000       3.500      PS8_X0Y0       pccx_v002_system_i/zynq_ps/inst/PS8_i/SAXIGP4WCLK
High Pulse Width  Fast    PS8/SAXIGP4WCLK  n/a            1.500         5.000       3.500      PS8_X0Y0       pccx_v002_system_i/zynq_ps/inst/PS8_i/SAXIGP4WCLK
High Pulse Width  Slow    PS8/SAXIGP5RCLK  n/a            1.500         5.000       3.500      PS8_X0Y0       pccx_v002_system_i/zynq_ps/inst/PS8_i/SAXIGP5RCLK
High Pulse Width  Fast    PS8/SAXIGP5RCLK  n/a            1.500         5.000       3.500      PS8_X0Y0       pccx_v002_system_i/zynq_ps/inst/PS8_i/SAXIGP5RCLK
High Pulse Width  Slow    PS8/SAXIGP5WCLK  n/a            1.500         5.000       3.500      PS8_X0Y0       pccx_v002_system_i/zynq_ps/inst/PS8_i/SAXIGP5WCLK
High Pulse Width  Fast    PS8/SAXIGP5WCLK  n/a            1.500         5.000       3.500      PS8_X0Y0       pccx_v002_system_i/zynq_ps/inst/PS8_i/SAXIGP5WCLK



--------------------------------------------------------------------------------------
Path Group:  (none)
From Clock:  
  To Clock:  clk_pl_0

Max Delay             1 Endpoint
Min Delay             1 Endpoint
--------------------------------------------------------------------------------------


Max Delay Paths
--------------------------------------------------------------------------------------
Slack:                    inf
  Source:                 pccx_v002_system_i/zynq_ps/inst/PS8_i/EMIOGPIOO[95]
                            (internal pin)
  Destination:            pccx_v002_system_i/rst_axi/U0/EXT_LPF/ACTIVE_LOW_EXT.ACT_LO_EXT/syncstages_ff_reg[0]/D
                            (rising edge-triggered cell FDRE clocked by clk_pl_0  {rise@0.000ns fall@5.000ns period=10.000ns})
  Path Group:             (none)
  Path Type:              Setup (Max at Slow Process Corner)
  Data Path Delay:        3.269ns  (logic 0.153ns (4.680%)  route 3.116ns (95.320%))
  Logic Levels:           1  (LUT1=1)
  Clock Uncertainty:      0.158ns  ((TSJ^2 + DJ^2)^1/2) / 2 + PE
    Total System Jitter     (TSJ):    0.050ns
    Discrete Jitter          (DJ):    0.312ns
    Phase Error              (PE):    0.000ns
  Clock Net Delay (Destination): 2.701ns (routing 1.538ns, distribution 1.163ns)
  Timing Exception:       False Path

    Location             Delay type                Incr(ns)  Path(ns)    Netlist Resource(s)
  -------------------------------------------------------------------    -------------------
    PS8_X0Y0             PS8                          0.000     0.000 f  pccx_v002_system_i/zynq_ps/inst/PS8_i/EMIOGPIOO[95]
                         net (fo=1, routed)           2.736     2.736    pccx_v002_system_i/rst_axi/U0/EXT_LPF/ext_reset_in
    SLICE_X30Y93         LUT1 (Prop_H6LUT_SLICEL_I0_O)
                                                      0.153     2.889 r  pccx_v002_system_i/rst_axi/U0/EXT_LPF/ACTIVE_LOW_EXT.ACT_LO_EXT_i_1/O
                         net (fo=1, routed)           0.380     3.269    pccx_v002_system_i/rst_axi/U0/EXT_LPF/ACTIVE_LOW_EXT.ACT_LO_EXT/src_in
    SLICE_X31Y91         FDRE                                         r  pccx_v002_system_i/rst_axi/U0/EXT_LPF/ACTIVE_LOW_EXT.ACT_LO_EXT/syncstages_ff_reg[0]/D
  -------------------------------------------------------------------    -------------------

                         (clock clk_pl_0 rise edge)
                                                      0.000     0.000 r  
    PS8_X0Y0             PS8                          0.000     0.000 r  pccx_v002_system_i/zynq_ps/inst/PS8_i/PLCLK[0]
                         net (fo=1, routed)           0.181     0.181    pccx_v002_system_i/zynq_ps/inst/pl_clk_unbuffered[0]
    BUFG_PS_X0Y90        BUFG_PS (Prop_BUFG_PS_I_O)
                                                      0.035     0.216 r  pccx_v002_system_i/zynq_ps/inst/buffer_pl_clk_0.PL_CLK_0_BUFG/O
    X1Y1 (CLOCK_ROOT)    net (fo=82020, routed)       2.701     2.917    pccx_v002_system_i/rst_axi/U0/EXT_LPF/ACTIVE_LOW_EXT.ACT_LO_EXT/dest_clk
    SLICE_X31Y91         FDRE                                         r  pccx_v002_system_i/rst_axi/U0/EXT_LPF/ACTIVE_LOW_EXT.ACT_LO_EXT/syncstages_ff_reg[0]/C





Min Delay Paths
--------------------------------------------------------------------------------------
Slack:                    inf
  Source:                 pccx_v002_system_i/zynq_ps/inst/PS8_i/EMIOGPIOO[95]
                            (internal pin)
  Destination:            pccx_v002_system_i/rst_axi/U0/EXT_LPF/ACTIVE_LOW_EXT.ACT_LO_EXT/syncstages_ff_reg[0]/D
                            (rising edge-triggered cell FDRE clocked by clk_pl_0  {rise@0.000ns fall@5.000ns period=10.000ns})
  Path Group:             (none)
  Path Type:              Hold (Min at Fast Process Corner)
  Data Path Delay:        1.366ns  (logic 0.077ns (5.637%)  route 1.289ns (94.363%))
  Logic Levels:           1  (LUT1=1)
  Clock Uncertainty:      0.158ns  ((TSJ^2 + DJ^2)^1/2) / 2 + PE
    Total System Jitter     (TSJ):    0.050ns
    Discrete Jitter          (DJ):    0.312ns
    Phase Error              (PE):    0.000ns
  Clock Net Delay (Destination): 1.805ns (routing 1.033ns, distribution 0.772ns)
  Timing Exception:       False Path

    Location             Delay type                Incr(ns)  Path(ns)    Netlist Resource(s)
  -------------------------------------------------------------------    -------------------
    PS8_X0Y0             PS8                          0.000     0.000 f  pccx_v002_system_i/zynq_ps/inst/PS8_i/EMIOGPIOO[95]
                         net (fo=1, routed)           1.168     1.168    pccx_v002_system_i/rst_axi/U0/EXT_LPF/ext_reset_in
    SLICE_X30Y93         LUT1 (Prop_H6LUT_SLICEL_I0_O)
                                                      0.077     1.245 r  pccx_v002_system_i/rst_axi/U0/EXT_LPF/ACTIVE_LOW_EXT.ACT_LO_EXT_i_1/O
                         net (fo=1, routed)           0.121     1.366    pccx_v002_system_i/rst_axi/U0/EXT_LPF/ACTIVE_LOW_EXT.ACT_LO_EXT/src_in
    SLICE_X31Y91         FDRE                                         r  pccx_v002_system_i/rst_axi/U0/EXT_LPF/ACTIVE_LOW_EXT.ACT_LO_EXT/syncstages_ff_reg[0]/D
  -------------------------------------------------------------------    -------------------

                         (clock clk_pl_0 rise edge)
                                                      0.000     0.000 r  
    PS8_X0Y0             PS8                          0.000     0.000 r  pccx_v002_system_i/zynq_ps/inst/PS8_i/PLCLK[0]
                         net (fo=1, routed)           0.164     0.164    pccx_v002_system_i/zynq_ps/inst/pl_clk_unbuffered[0]
    BUFG_PS_X0Y90        BUFG_PS (Prop_BUFG_PS_I_O)
                                                      0.023     0.187 r  pccx_v002_system_i/zynq_ps/inst/buffer_pl_clk_0.PL_CLK_0_BUFG/O
    X1Y1 (CLOCK_ROOT)    net (fo=82020, routed)       1.805     1.992    pccx_v002_system_i/rst_axi/U0/EXT_LPF/ACTIVE_LOW_EXT.ACT_LO_EXT/dest_clk
    SLICE_X31Y91         FDRE                                         r  pccx_v002_system_i/rst_axi/U0/EXT_LPF/ACTIVE_LOW_EXT.ACT_LO_EXT/syncstages_ff_reg[0]/C





--------------------------------------------------------------------------------------
Path Group:  (none)
From Clock:  clk_pl_0
  To Clock:  clk_pl_0

Max Delay           235 Endpoints
Min Delay           235 Endpoints
--------------------------------------------------------------------------------------


Max Delay Paths
--------------------------------------------------------------------------------------
Slack:                    inf
  Source:                 pccx_v002_system_i/sc_axil/inst/clk_map/psr_aclk/U0/ACTIVE_LOW_BSR_OUT_DFF[0].FDRE_BSR_N/C
                            (rising edge-triggered cell FDRE clocked by clk_pl_0  {rise@0.000ns fall@5.000ns period=10.000ns})
  Destination:            pccx_v002_system_i/sc_axil/inst/m06_exit_pipeline/m06_exit/inst/xpm_cdc_async_rst_inst/arststages_ff_reg[0]/CLR
                            (recovery check against rising-edge clock clk_pl_0  {rise@0.000ns fall@5.000ns period=10.000ns})
  Path Group:             (none)
  Path Type:              Recovery (Max at Slow Process Corner)
  Data Path Delay:        5.746ns  (logic 0.113ns (1.966%)  route 5.633ns (98.034%))
  Logic Levels:           0  
  Clock Path Skew:        -0.400ns (DCD - SCD + CPR)
    Destination Clock Delay (DCD):    3.118ns
    Source Clock Delay      (SCD):    3.518ns
    Clock Pessimism Removal (CPR):    0.000ns
  Clock Uncertainty:      0.160ns  ((TSJ^2 + DJ^2)^1/2) / 2 + PE
    Total System Jitter     (TSJ):    0.071ns
    Discrete Jitter          (DJ):    0.312ns
    Phase Error              (PE):    0.000ns
  Clock Net Delay (Source):      3.251ns (routing 1.681ns, distribution 1.570ns)
  Clock Net Delay (Destination): 2.902ns (routing 1.538ns, distribution 1.364ns)
  Timing Exception:       False Path

    Location             Delay type                Incr(ns)  Path(ns)    Netlist Resource(s)
  -------------------------------------------------------------------    -------------------
                         (clock clk_pl_0 rise edge)
                                                      0.000     0.000 r  
    PS8_X0Y0             PS8                          0.000     0.000 r  pccx_v002_system_i/zynq_ps/inst/PS8_i/PLCLK[0]
                         net (fo=1, routed)           0.229     0.229    pccx_v002_system_i/zynq_ps/inst/pl_clk_unbuffered[0]
    BUFG_PS_X0Y90        BUFG_PS (Prop_BUFG_PS_I_O)
                                                      0.038     0.267 r  pccx_v002_system_i/zynq_ps/inst/buffer_pl_clk_0.PL_CLK_0_BUFG/O
    X1Y1 (CLOCK_ROOT)    net (fo=82020, routed)       3.251     3.518    pccx_v002_system_i/sc_axil/inst/clk_map/psr_aclk/U0/aclk
    SLICE_X18Y233        FDRE                                         r  pccx_v002_system_i/sc_axil/inst/clk_map/psr_aclk/U0/ACTIVE_LOW_BSR_OUT_DFF[0].FDRE_BSR_N/C
  -------------------------------------------------------------------    -------------------
    SLICE_X18Y233        FDRE (Prop_EFF_SLICEM_C_Q)
                                                      0.113     3.631 r  pccx_v002_system_i/sc_axil/inst/clk_map/psr_aclk/U0/ACTIVE_LOW_BSR_OUT_DFF[0].FDRE_BSR_N/Q
                         net (fo=150, routed)         5.633     9.264    pccx_v002_system_i/sc_axil/inst/m06_exit_pipeline/m06_exit/inst/xpm_cdc_async_rst_inst/src_arst
    SLICE_X20Y68         FDCE                                         f  pccx_v002_system_i/sc_axil/inst/m06_exit_pipeline/m06_exit/inst/xpm_cdc_async_rst_inst/arststages_ff_reg[0]/CLR  (IS_INVERTED)
  -------------------------------------------------------------------    -------------------

                         (clock clk_pl_0 rise edge)
                                                      0.000     0.000 r  
    PS8_X0Y0             PS8                          0.000     0.000 r  pccx_v002_system_i/zynq_ps/inst/PS8_i/PLCLK[0]
                         net (fo=1, routed)           0.181     0.181    pccx_v002_system_i/zynq_ps/inst/pl_clk_unbuffered[0]
    BUFG_PS_X0Y90        BUFG_PS (Prop_BUFG_PS_I_O)
                                                      0.035     0.216 r  pccx_v002_system_i/zynq_ps/inst/buffer_pl_clk_0.PL_CLK_0_BUFG/O
    X1Y1 (CLOCK_ROOT)    net (fo=82020, routed)       2.902     3.118    pccx_v002_system_i/sc_axil/inst/m06_exit_pipeline/m06_exit/inst/xpm_cdc_async_rst_inst/dest_clk
    SLICE_X20Y68         FDCE                                         r  pccx_v002_system_i/sc_axil/inst/m06_exit_pipeline/m06_exit/inst/xpm_cdc_async_rst_inst/arststages_ff_reg[0]/C

Slack:                    inf
  Source:                 pccx_v002_system_i/sc_axil/inst/clk_map/psr_aclk/U0/ACTIVE_LOW_BSR_OUT_DFF[0].FDRE_BSR_N/C
                            (rising edge-triggered cell FDRE clocked by clk_pl_0  {rise@0.000ns fall@5.000ns period=10.000ns})
  Destination:            pccx_v002_system_i/sc_axil/inst/m06_exit_pipeline/m06_exit/inst/xpm_cdc_async_rst_inst/arststages_ff_reg[1]/CLR
                            (recovery check against rising-edge clock clk_pl_0  {rise@0.000ns fall@5.000ns period=10.000ns})
  Path Group:             (none)
  Path Type:              Recovery (Max at Slow Process Corner)
  Data Path Delay:        5.746ns  (logic 0.113ns (1.966%)  route 5.633ns (98.034%))
  Logic Levels:           0  
  Clock Path Skew:        -0.400ns (DCD - SCD + CPR)
    Destination Clock Delay (DCD):    3.118ns
    Source Clock Delay      (SCD):    3.518ns
    Clock Pessimism Removal (CPR):    0.000ns
  Clock Uncertainty:      0.160ns  ((TSJ^2 + DJ^2)^1/2) / 2 + PE
    Total System Jitter     (TSJ):    0.071ns
    Discrete Jitter          (DJ):    0.312ns
    Phase Error              (PE):    0.000ns
  Clock Net Delay (Source):      3.251ns (routing 1.681ns, distribution 1.570ns)
  Clock Net Delay (Destination): 2.902ns (routing 1.538ns, distribution 1.364ns)
  Timing Exception:       False Path

    Location             Delay type                Incr(ns)  Path(ns)    Netlist Resource(s)
  -------------------------------------------------------------------    -------------------
                         (clock clk_pl_0 rise edge)
                                                      0.000     0.000 r  
    PS8_X0Y0             PS8                          0.000     0.000 r  pccx_v002_system_i/zynq_ps/inst/PS8_i/PLCLK[0]
                         net (fo=1, routed)           0.229     0.229    pccx_v002_system_i/zynq_ps/inst/pl_clk_unbuffered[0]
    BUFG_PS_X0Y90        BUFG_PS (Prop_BUFG_PS_I_O)
                                                      0.038     0.267 r  pccx_v002_system_i/zynq_ps/inst/buffer_pl_clk_0.PL_CLK_0_BUFG/O
    X1Y1 (CLOCK_ROOT)    net (fo=82020, routed)       3.251     3.518    pccx_v002_system_i/sc_axil/inst/clk_map/psr_aclk/U0/aclk
    SLICE_X18Y233        FDRE                                         r  pccx_v002_system_i/sc_axil/inst/clk_map/psr_aclk/U0/ACTIVE_LOW_BSR_OUT_DFF[0].FDRE_BSR_N/C
  -------------------------------------------------------------------    -------------------
    SLICE_X18Y233        FDRE (Prop_EFF_SLICEM_C_Q)
                                                      0.113     3.631 r  pccx_v002_system_i/sc_axil/inst/clk_map/psr_aclk/U0/ACTIVE_LOW_BSR_OUT_DFF[0].FDRE_BSR_N/Q
                         net (fo=150, routed)         5.633     9.264    pccx_v002_system_i/sc_axil/inst/m06_exit_pipeline/m06_exit/inst/xpm_cdc_async_rst_inst/src_arst
    SLICE_X20Y68         FDCE                                         f  pccx_v002_system_i/sc_axil/inst/m06_exit_pipeline/m06_exit/inst/xpm_cdc_async_rst_inst/arststages_ff_reg[1]/CLR  (IS_INVERTED)
  -------------------------------------------------------------------    -------------------

                         (clock clk_pl_0 rise edge)
                                                      0.000     0.000 r  
    PS8_X0Y0             PS8                          0.000     0.000 r  pccx_v002_system_i/zynq_ps/inst/PS8_i/PLCLK[0]
                         net (fo=1, routed)           0.181     0.181    pccx_v002_system_i/zynq_ps/inst/pl_clk_unbuffered[0]
    BUFG_PS_X0Y90        BUFG_PS (Prop_BUFG_PS_I_O)
                                                      0.035     0.216 r  pccx_v002_system_i/zynq_ps/inst/buffer_pl_clk_0.PL_CLK_0_BUFG/O
    X1Y1 (CLOCK_ROOT)    net (fo=82020, routed)       2.902     3.118    pccx_v002_system_i/sc_axil/inst/m06_exit_pipeline/m06_exit/inst/xpm_cdc_async_rst_inst/dest_clk
    SLICE_X20Y68         FDCE                                         r  pccx_v002_system_i/sc_axil/inst/m06_exit_pipeline/m06_exit/inst/xpm_cdc_async_rst_inst/arststages_ff_reg[1]/C

Slack:                    inf
  Source:                 pccx_v002_system_i/sc_axil/inst/clk_map/psr_aclk/U0/ACTIVE_LOW_BSR_OUT_DFF[0].FDRE_BSR_N/C
                            (rising edge-triggered cell FDRE clocked by clk_pl_0  {rise@0.000ns fall@5.000ns period=10.000ns})
  Destination:            pccx_v002_system_i/sc_axil/inst/m06_exit_pipeline/m06_exit/inst/xpm_cdc_async_rst_inst/arststages_ff_reg[2]/CLR
                            (recovery check against rising-edge clock clk_pl_0  {rise@0.000ns fall@5.000ns period=10.000ns})
  Path Group:             (none)
  Path Type:              Recovery (Max at Slow Process Corner)
  Data Path Delay:        5.746ns  (logic 0.113ns (1.966%)  route 5.633ns (98.034%))
  Logic Levels:           0  
  Clock Path Skew:        -0.400ns (DCD - SCD + CPR)
    Destination Clock Delay (DCD):    3.118ns
    Source Clock Delay      (SCD):    3.518ns
    Clock Pessimism Removal (CPR):    0.000ns
  Clock Uncertainty:      0.160ns  ((TSJ^2 + DJ^2)^1/2) / 2 + PE
    Total System Jitter     (TSJ):    0.071ns
    Discrete Jitter          (DJ):    0.312ns
    Phase Error              (PE):    0.000ns
  Clock Net Delay (Source):      3.251ns (routing 1.681ns, distribution 1.570ns)
  Clock Net Delay (Destination): 2.902ns (routing 1.538ns, distribution 1.364ns)
  Timing Exception:       False Path

    Location             Delay type                Incr(ns)  Path(ns)    Netlist Resource(s)
  -------------------------------------------------------------------    -------------------
                         (clock clk_pl_0 rise edge)
                                                      0.000     0.000 r  
    PS8_X0Y0             PS8                          0.000     0.000 r  pccx_v002_system_i/zynq_ps/inst/PS8_i/PLCLK[0]
                         net (fo=1, routed)           0.229     0.229    pccx_v002_system_i/zynq_ps/inst/pl_clk_unbuffered[0]
    BUFG_PS_X0Y90        BUFG_PS (Prop_BUFG_PS_I_O)
                                                      0.038     0.267 r  pccx_v002_system_i/zynq_ps/inst/buffer_pl_clk_0.PL_CLK_0_BUFG/O
    X1Y1 (CLOCK_ROOT)    net (fo=82020, routed)       3.251     3.518    pccx_v002_system_i/sc_axil/inst/clk_map/psr_aclk/U0/aclk
    SLICE_X18Y233        FDRE                                         r  pccx_v002_system_i/sc_axil/inst/clk_map/psr_aclk/U0/ACTIVE_LOW_BSR_OUT_DFF[0].FDRE_BSR_N/C
  -------------------------------------------------------------------    -------------------
    SLICE_X18Y233        FDRE (Prop_EFF_SLICEM_C_Q)
                                                      0.113     3.631 r  pccx_v002_system_i/sc_axil/inst/clk_map/psr_aclk/U0/ACTIVE_LOW_BSR_OUT_DFF[0].FDRE_BSR_N/Q
                         net (fo=150, routed)         5.633     9.264    pccx_v002_system_i/sc_axil/inst/m06_exit_pipeline/m06_exit/inst/xpm_cdc_async_rst_inst/src_arst
    SLICE_X20Y68         FDCE                                         f  pccx_v002_system_i/sc_axil/inst/m06_exit_pipeline/m06_exit/inst/xpm_cdc_async_rst_inst/arststages_ff_reg[2]/CLR  (IS_INVERTED)
  -------------------------------------------------------------------    -------------------

                         (clock clk_pl_0 rise edge)
                                                      0.000     0.000 r  
    PS8_X0Y0             PS8                          0.000     0.000 r  pccx_v002_system_i/zynq_ps/inst/PS8_i/PLCLK[0]
                         net (fo=1, routed)           0.181     0.181    pccx_v002_system_i/zynq_ps/inst/pl_clk_unbuffered[0]
    BUFG_PS_X0Y90        BUFG_PS (Prop_BUFG_PS_I_O)
                                                      0.035     0.216 r  pccx_v002_system_i/zynq_ps/inst/buffer_pl_clk_0.PL_CLK_0_BUFG/O
    X1Y1 (CLOCK_ROOT)    net (fo=82020, routed)       2.902     3.118    pccx_v002_system_i/sc_axil/inst/m06_exit_pipeline/m06_exit/inst/xpm_cdc_async_rst_inst/dest_clk
    SLICE_X20Y68         FDCE                                         r  pccx_v002_system_i/sc_axil/inst/m06_exit_pipeline/m06_exit/inst/xpm_cdc_async_rst_inst/arststages_ff_reg[2]/C

Slack:                    inf
  Source:                 pccx_v002_system_i/sc_axil/inst/clk_map/psr_aclk/U0/ACTIVE_LOW_BSR_OUT_DFF[0].FDRE_BSR_N/C
                            (rising edge-triggered cell FDRE clocked by clk_pl_0  {rise@0.000ns fall@5.000ns period=10.000ns})
  Destination:            pccx_v002_system_i/sc_axil/inst/s00_nodes/s00_ar_node/inst/s_sc_xpm_cdc_async_rst_inst/arststages_ff_reg[0]/CLR
                            (recovery check against rising-edge clock clk_pl_0  {rise@0.000ns fall@5.000ns period=10.000ns})
  Path Group:             (none)
  Path Type:              Recovery (Max at Slow Process Corner)
  Data Path Delay:        4.506ns  (logic 0.113ns (2.508%)  route 4.393ns (97.492%))
  Logic Levels:           0  
  Clock Path Skew:        -0.375ns (DCD - SCD + CPR)
    Destination Clock Delay (DCD):    3.143ns
    Source Clock Delay      (SCD):    3.518ns
    Clock Pessimism Removal (CPR):    0.000ns
  Clock Uncertainty:      0.160ns  ((TSJ^2 + DJ^2)^1/2) / 2 + PE
    Total System Jitter     (TSJ):    0.071ns
    Discrete Jitter          (DJ):    0.312ns
    Phase Error              (PE):    0.000ns
  Clock Net Delay (Source):      3.251ns (routing 1.681ns, distribution 1.570ns)
  Clock Net Delay (Destination): 2.927ns (routing 1.538ns, distribution 1.389ns)
  Timing Exception:       False Path

    Location             Delay type                Incr(ns)  Path(ns)    Netlist Resource(s)
  -------------------------------------------------------------------    -------------------
                         (clock clk_pl_0 rise edge)
                                                      0.000     0.000 r  
    PS8_X0Y0             PS8                          0.000     0.000 r  pccx_v002_system_i/zynq_ps/inst/PS8_i/PLCLK[0]
                         net (fo=1, routed)           0.229     0.229    pccx_v002_system_i/zynq_ps/inst/pl_clk_unbuffered[0]
    BUFG_PS_X0Y90        BUFG_PS (Prop_BUFG_PS_I_O)
                                                      0.038     0.267 r  pccx_v002_system_i/zynq_ps/inst/buffer_pl_clk_0.PL_CLK_0_BUFG/O
    X1Y1 (CLOCK_ROOT)    net (fo=82020, routed)       3.251     3.518    pccx_v002_system_i/sc_axil/inst/clk_map/psr_aclk/U0/aclk
    SLICE_X18Y233        FDRE                                         r  pccx_v002_system_i/sc_axil/inst/clk_map/psr_aclk/U0/ACTIVE_LOW_BSR_OUT_DFF[0].FDRE_BSR_N/C
  -------------------------------------------------------------------    -------------------
    SLICE_X18Y233        FDRE (Prop_EFF_SLICEM_C_Q)
                                                      0.113     3.631 r  pccx_v002_system_i/sc_axil/inst/clk_map/psr_aclk/U0/ACTIVE_LOW_BSR_OUT_DFF[0].FDRE_BSR_N/Q
                         net (fo=150, routed)         4.393     8.024    pccx_v002_system_i/sc_axil/inst/s00_nodes/s00_ar_node/inst/s_sc_xpm_cdc_async_rst_inst/src_arst
    SLICE_X13Y61         FDCE                                         f  pccx_v002_system_i/sc_axil/inst/s00_nodes/s00_ar_node/inst/s_sc_xpm_cdc_async_rst_inst/arststages_ff_reg[0]/CLR  (IS_INVERTED)
  -------------------------------------------------------------------    -------------------

                         (clock clk_pl_0 rise edge)
                                                      0.000     0.000 r  
    PS8_X0Y0             PS8                          0.000     0.000 r  pccx_v002_system_i/zynq_ps/inst/PS8_i/PLCLK[0]
                         net (fo=1, routed)           0.181     0.181    pccx_v002_system_i/zynq_ps/inst/pl_clk_unbuffered[0]
    BUFG_PS_X0Y90        BUFG_PS (Prop_BUFG_PS_I_O)
                                                      0.035     0.216 r  pccx_v002_system_i/zynq_ps/inst/buffer_pl_clk_0.PL_CLK_0_BUFG/O
    X1Y1 (CLOCK_ROOT)    net (fo=82020, routed)       2.927     3.143    pccx_v002_system_i/sc_axil/inst/s00_nodes/s00_ar_node/inst/s_sc_xpm_cdc_async_rst_inst/dest_clk
    SLICE_X13Y61         FDCE                                         r  pccx_v002_system_i/sc_axil/inst/s00_nodes/s00_ar_node/inst/s_sc_xpm_cdc_async_rst_inst/arststages_ff_reg[0]/C

Slack:                    inf
  Source:                 pccx_v002_system_i/sc_axil/inst/clk_map/psr_aclk/U0/ACTIVE_LOW_BSR_OUT_DFF[0].FDRE_BSR_N/C
                            (rising edge-triggered cell FDRE clocked by clk_pl_0  {rise@0.000ns fall@5.000ns period=10.000ns})
  Destination:            pccx_v002_system_i/sc_axil/inst/s00_nodes/s00_ar_node/inst/s_sc_xpm_cdc_async_rst_inst/arststages_ff_reg[1]/CLR
                            (recovery check against rising-edge clock clk_pl_0  {rise@0.000ns fall@5.000ns period=10.000ns})
  Path Group:             (none)
  Path Type:              Recovery (Max at Slow Process Corner)
  Data Path Delay:        4.506ns  (logic 0.113ns (2.508%)  route 4.393ns (97.492%))
  Logic Levels:           0  
  Clock Path Skew:        -0.375ns (DCD - SCD + CPR)
    Destination Clock Delay (DCD):    3.143ns
    Source Clock Delay      (SCD):    3.518ns
    Clock Pessimism Removal (CPR):    0.000ns
  Clock Uncertainty:      0.160ns  ((TSJ^2 + DJ^2)^1/2) / 2 + PE
    Total System Jitter     (TSJ):    0.071ns
    Discrete Jitter          (DJ):    0.312ns
    Phase Error              (PE):    0.000ns
  Clock Net Delay (Source):      3.251ns (routing 1.681ns, distribution 1.570ns)
  Clock Net Delay (Destination): 2.927ns (routing 1.538ns, distribution 1.389ns)
  Timing Exception:       False Path

    Location             Delay type                Incr(ns)  Path(ns)    Netlist Resource(s)
  -------------------------------------------------------------------    -------------------
                         (clock clk_pl_0 rise edge)
                                                      0.000     0.000 r  
    PS8_X0Y0             PS8                          0.000     0.000 r  pccx_v002_system_i/zynq_ps/inst/PS8_i/PLCLK[0]
                         net (fo=1, routed)           0.229     0.229    pccx_v002_system_i/zynq_ps/inst/pl_clk_unbuffered[0]
    BUFG_PS_X0Y90        BUFG_PS (Prop_BUFG_PS_I_O)
                                                      0.038     0.267 r  pccx_v002_system_i/zynq_ps/inst/buffer_pl_clk_0.PL_CLK_0_BUFG/O
    X1Y1 (CLOCK_ROOT)    net (fo=82020, routed)       3.251     3.518    pccx_v002_system_i/sc_axil/inst/clk_map/psr_aclk/U0/aclk
    SLICE_X18Y233        FDRE                                         r  pccx_v002_system_i/sc_axil/inst/clk_map/psr_aclk/U0/ACTIVE_LOW_BSR_OUT_DFF[0].FDRE_BSR_N/C
  -------------------------------------------------------------------    -------------------
    SLICE_X18Y233        FDRE (Prop_EFF_SLICEM_C_Q)
                                                      0.113     3.631 r  pccx_v002_system_i/sc_axil/inst/clk_map/psr_aclk/U0/ACTIVE_LOW_BSR_OUT_DFF[0].FDRE_BSR_N/Q
                         net (fo=150, routed)         4.393     8.024    pccx_v002_system_i/sc_axil/inst/s00_nodes/s00_ar_node/inst/s_sc_xpm_cdc_async_rst_inst/src_arst
    SLICE_X13Y61         FDCE                                         f  pccx_v002_system_i/sc_axil/inst/s00_nodes/s00_ar_node/inst/s_sc_xpm_cdc_async_rst_inst/arststages_ff_reg[1]/CLR  (IS_INVERTED)
  -------------------------------------------------------------------    -------------------

                         (clock clk_pl_0 rise edge)
                                                      0.000     0.000 r  
    PS8_X0Y0             PS8                          0.000     0.000 r  pccx_v002_system_i/zynq_ps/inst/PS8_i/PLCLK[0]
                         net (fo=1, routed)           0.181     0.181    pccx_v002_system_i/zynq_ps/inst/pl_clk_unbuffered[0]
    BUFG_PS_X0Y90        BUFG_PS (Prop_BUFG_PS_I_O)
                                                      0.035     0.216 r  pccx_v002_system_i/zynq_ps/inst/buffer_pl_clk_0.PL_CLK_0_BUFG/O
    X1Y1 (CLOCK_ROOT)    net (fo=82020, routed)       2.927     3.143    pccx_v002_system_i/sc_axil/inst/s00_nodes/s00_ar_node/inst/s_sc_xpm_cdc_async_rst_inst/dest_clk
    SLICE_X13Y61         FDCE                                         r  pccx_v002_system_i/sc_axil/inst/s00_nodes/s00_ar_node/inst/s_sc_xpm_cdc_async_rst_inst/arststages_ff_reg[1]/C

Slack:                    inf
  Source:                 pccx_v002_system_i/sc_axil/inst/clk_map/psr_aclk/U0/ACTIVE_LOW_BSR_OUT_DFF[0].FDRE_BSR_N/C
                            (rising edge-triggered cell FDRE clocked by clk_pl_0  {rise@0.000ns fall@5.000ns period=10.000ns})
  Destination:            pccx_v002_system_i/sc_axil/inst/s00_nodes/s00_ar_node/inst/s_sc_xpm_cdc_async_rst_inst/arststages_ff_reg[2]/CLR
                            (recovery check against rising-edge clock clk_pl_0  {rise@0.000ns fall@5.000ns period=10.000ns})
  Path Group:             (none)
  Path Type:              Recovery (Max at Slow Process Corner)
  Data Path Delay:        4.506ns  (logic 0.113ns (2.508%)  route 4.393ns (97.492%))
  Logic Levels:           0  
  Clock Path Skew:        -0.375ns (DCD - SCD + CPR)
    Destination Clock Delay (DCD):    3.143ns
    Source Clock Delay      (SCD):    3.518ns
    Clock Pessimism Removal (CPR):    0.000ns
  Clock Uncertainty:      0.160ns  ((TSJ^2 + DJ^2)^1/2) / 2 + PE
    Total System Jitter     (TSJ):    0.071ns
    Discrete Jitter          (DJ):    0.312ns
    Phase Error              (PE):    0.000ns
  Clock Net Delay (Source):      3.251ns (routing 1.681ns, distribution 1.570ns)
  Clock Net Delay (Destination): 2.927ns (routing 1.538ns, distribution 1.389ns)
  Timing Exception:       False Path

    Location             Delay type                Incr(ns)  Path(ns)    Netlist Resource(s)
  -------------------------------------------------------------------    -------------------
                         (clock clk_pl_0 rise edge)
                                                      0.000     0.000 r  
    PS8_X0Y0             PS8                          0.000     0.000 r  pccx_v002_system_i/zynq_ps/inst/PS8_i/PLCLK[0]
                         net (fo=1, routed)           0.229     0.229    pccx_v002_system_i/zynq_ps/inst/pl_clk_unbuffered[0]
    BUFG_PS_X0Y90        BUFG_PS (Prop_BUFG_PS_I_O)
                                                      0.038     0.267 r  pccx_v002_system_i/zynq_ps/inst/buffer_pl_clk_0.PL_CLK_0_BUFG/O
    X1Y1 (CLOCK_ROOT)    net (fo=82020, routed)       3.251     3.518    pccx_v002_system_i/sc_axil/inst/clk_map/psr_aclk/U0/aclk
    SLICE_X18Y233        FDRE                                         r  pccx_v002_system_i/sc_axil/inst/clk_map/psr_aclk/U0/ACTIVE_LOW_BSR_OUT_DFF[0].FDRE_BSR_N/C
  -------------------------------------------------------------------    -------------------
    SLICE_X18Y233        FDRE (Prop_EFF_SLICEM_C_Q)
                                                      0.113     3.631 r  pccx_v002_system_i/sc_axil/inst/clk_map/psr_aclk/U0/ACTIVE_LOW_BSR_OUT_DFF[0].FDRE_BSR_N/Q
                         net (fo=150, routed)         4.393     8.024    pccx_v002_system_i/sc_axil/inst/s00_nodes/s00_ar_node/inst/s_sc_xpm_cdc_async_rst_inst/src_arst
    SLICE_X13Y61         FDCE                                         f  pccx_v002_system_i/sc_axil/inst/s00_nodes/s00_ar_node/inst/s_sc_xpm_cdc_async_rst_inst/arststages_ff_reg[2]/CLR  (IS_INVERTED)
  -------------------------------------------------------------------    -------------------

                         (clock clk_pl_0 rise edge)
                                                      0.000     0.000 r  
    PS8_X0Y0             PS8                          0.000     0.000 r  pccx_v002_system_i/zynq_ps/inst/PS8_i/PLCLK[0]
                         net (fo=1, routed)           0.181     0.181    pccx_v002_system_i/zynq_ps/inst/pl_clk_unbuffered[0]
    BUFG_PS_X0Y90        BUFG_PS (Prop_BUFG_PS_I_O)
                                                      0.035     0.216 r  pccx_v002_system_i/zynq_ps/inst/buffer_pl_clk_0.PL_CLK_0_BUFG/O
    X1Y1 (CLOCK_ROOT)    net (fo=82020, routed)       2.927     3.143    pccx_v002_system_i/sc_axil/inst/s00_nodes/s00_ar_node/inst/s_sc_xpm_cdc_async_rst_inst/dest_clk
    SLICE_X13Y61         FDCE                                         r  pccx_v002_system_i/sc_axil/inst/s00_nodes/s00_ar_node/inst/s_sc_xpm_cdc_async_rst_inst/arststages_ff_reg[2]/C

Slack:                    inf
  Source:                 pccx_v002_system_i/sc_axil/inst/clk_map/psr_aclk/U0/ACTIVE_LOW_BSR_OUT_DFF[0].FDRE_BSR_N/C
                            (rising edge-triggered cell FDRE clocked by clk_pl_0  {rise@0.000ns fall@5.000ns period=10.000ns})
  Destination:            pccx_v002_system_i/sc_axil/inst/s00_entry_pipeline/s00_transaction_regulator/inst/xpm_cdc_async_rst_inst/arststages_ff_reg[0]/CLR
                            (recovery check against rising-edge clock clk_pl_0  {rise@0.000ns fall@5.000ns period=10.000ns})
  Path Group:             (none)
  Path Type:              Recovery (Max at Slow Process Corner)
  Data Path Delay:        4.197ns  (logic 0.113ns (2.692%)  route 4.084ns (97.308%))
  Logic Levels:           0  
  Clock Path Skew:        -0.355ns (DCD - SCD + CPR)
    Destination Clock Delay (DCD):    3.163ns
    Source Clock Delay      (SCD):    3.518ns
    Clock Pessimism Removal (CPR):    0.000ns
  Clock Uncertainty:      0.160ns  ((TSJ^2 + DJ^2)^1/2) / 2 + PE
    Total System Jitter     (TSJ):    0.071ns
    Discrete Jitter          (DJ):    0.312ns
    Phase Error              (PE):    0.000ns
  Clock Net Delay (Source):      3.251ns (routing 1.681ns, distribution 1.570ns)
  Clock Net Delay (Destination): 2.947ns (routing 1.538ns, distribution 1.409ns)
  Timing Exception:       False Path

    Location             Delay type                Incr(ns)  Path(ns)    Netlist Resource(s)
  -------------------------------------------------------------------    -------------------
                         (clock clk_pl_0 rise edge)
                                                      0.000     0.000 r  
    PS8_X0Y0             PS8                          0.000     0.000 r  pccx_v002_system_i/zynq_ps/inst/PS8_i/PLCLK[0]
                         net (fo=1, routed)           0.229     0.229    pccx_v002_system_i/zynq_ps/inst/pl_clk_unbuffered[0]
    BUFG_PS_X0Y90        BUFG_PS (Prop_BUFG_PS_I_O)
                                                      0.038     0.267 r  pccx_v002_system_i/zynq_ps/inst/buffer_pl_clk_0.PL_CLK_0_BUFG/O
    X1Y1 (CLOCK_ROOT)    net (fo=82020, routed)       3.251     3.518    pccx_v002_system_i/sc_axil/inst/clk_map/psr_aclk/U0/aclk
    SLICE_X18Y233        FDRE                                         r  pccx_v002_system_i/sc_axil/inst/clk_map/psr_aclk/U0/ACTIVE_LOW_BSR_OUT_DFF[0].FDRE_BSR_N/C
  -------------------------------------------------------------------    -------------------
    SLICE_X18Y233        FDRE (Prop_EFF_SLICEM_C_Q)
                                                      0.113     3.631 r  pccx_v002_system_i/sc_axil/inst/clk_map/psr_aclk/U0/ACTIVE_LOW_BSR_OUT_DFF[0].FDRE_BSR_N/Q
                         net (fo=150, routed)         4.084     7.715    pccx_v002_system_i/sc_axil/inst/s00_entry_pipeline/s00_transaction_regulator/inst/xpm_cdc_async_rst_inst/src_arst
    SLICE_X8Y66          FDCE                                         f  pccx_v002_system_i/sc_axil/inst/s00_entry_pipeline/s00_transaction_regulator/inst/xpm_cdc_async_rst_inst/arststages_ff_reg[0]/CLR  (IS_INVERTED)
  -------------------------------------------------------------------    -------------------

                         (clock clk_pl_0 rise edge)
                                                      0.000     0.000 r  
    PS8_X0Y0             PS8                          0.000     0.000 r  pccx_v002_system_i/zynq_ps/inst/PS8_i/PLCLK[0]
                         net (fo=1, routed)           0.181     0.181    pccx_v002_system_i/zynq_ps/inst/pl_clk_unbuffered[0]
    BUFG_PS_X0Y90        BUFG_PS (Prop_BUFG_PS_I_O)
                                                      0.035     0.216 r  pccx_v002_system_i/zynq_ps/inst/buffer_pl_clk_0.PL_CLK_0_BUFG/O
    X1Y1 (CLOCK_ROOT)    net (fo=82020, routed)       2.947     3.163    pccx_v002_system_i/sc_axil/inst/s00_entry_pipeline/s00_transaction_regulator/inst/xpm_cdc_async_rst_inst/dest_clk
    SLICE_X8Y66          FDCE                                         r  pccx_v002_system_i/sc_axil/inst/s00_entry_pipeline/s00_transaction_regulator/inst/xpm_cdc_async_rst_inst/arststages_ff_reg[0]/C

Slack:                    inf
  Source:                 pccx_v002_system_i/sc_axil/inst/clk_map/psr_aclk/U0/ACTIVE_LOW_BSR_OUT_DFF[0].FDRE_BSR_N/C
                            (rising edge-triggered cell FDRE clocked by clk_pl_0  {rise@0.000ns fall@5.000ns period=10.000ns})
  Destination:            pccx_v002_system_i/sc_axil/inst/s00_entry_pipeline/s00_transaction_regulator/inst/xpm_cdc_async_rst_inst/arststages_ff_reg[1]/CLR
                            (recovery check against rising-edge clock clk_pl_0  {rise@0.000ns fall@5.000ns period=10.000ns})
  Path Group:             (none)
  Path Type:              Recovery (Max at Slow Process Corner)
  Data Path Delay:        4.197ns  (logic 0.113ns (2.692%)  route 4.084ns (97.308%))
  Logic Levels:           0  
  Clock Path Skew:        -0.355ns (DCD - SCD + CPR)
    Destination Clock Delay (DCD):    3.163ns
    Source Clock Delay      (SCD):    3.518ns
    Clock Pessimism Removal (CPR):    0.000ns
  Clock Uncertainty:      0.160ns  ((TSJ^2 + DJ^2)^1/2) / 2 + PE
    Total System Jitter     (TSJ):    0.071ns
    Discrete Jitter          (DJ):    0.312ns
    Phase Error              (PE):    0.000ns
  Clock Net Delay (Source):      3.251ns (routing 1.681ns, distribution 1.570ns)
  Clock Net Delay (Destination): 2.947ns (routing 1.538ns, distribution 1.409ns)
  Timing Exception:       False Path

    Location             Delay type                Incr(ns)  Path(ns)    Netlist Resource(s)
  -------------------------------------------------------------------    -------------------
                         (clock clk_pl_0 rise edge)
                                                      0.000     0.000 r  
    PS8_X0Y0             PS8                          0.000     0.000 r  pccx_v002_system_i/zynq_ps/inst/PS8_i/PLCLK[0]
                         net (fo=1, routed)           0.229     0.229    pccx_v002_system_i/zynq_ps/inst/pl_clk_unbuffered[0]
    BUFG_PS_X0Y90        BUFG_PS (Prop_BUFG_PS_I_O)
                                                      0.038     0.267 r  pccx_v002_system_i/zynq_ps/inst/buffer_pl_clk_0.PL_CLK_0_BUFG/O
    X1Y1 (CLOCK_ROOT)    net (fo=82020, routed)       3.251     3.518    pccx_v002_system_i/sc_axil/inst/clk_map/psr_aclk/U0/aclk
    SLICE_X18Y233        FDRE                                         r  pccx_v002_system_i/sc_axil/inst/clk_map/psr_aclk/U0/ACTIVE_LOW_BSR_OUT_DFF[0].FDRE_BSR_N/C
  -------------------------------------------------------------------    -------------------
    SLICE_X18Y233        FDRE (Prop_EFF_SLICEM_C_Q)
                                                      0.113     3.631 r  pccx_v002_system_i/sc_axil/inst/clk_map/psr_aclk/U0/ACTIVE_LOW_BSR_OUT_DFF[0].FDRE_BSR_N/Q
                         net (fo=150, routed)         4.084     7.715    pccx_v002_system_i/sc_axil/inst/s00_entry_pipeline/s00_transaction_regulator/inst/xpm_cdc_async_rst_inst/src_arst
    SLICE_X8Y66          FDCE                                         f  pccx_v002_system_i/sc_axil/inst/s00_entry_pipeline/s00_transaction_regulator/inst/xpm_cdc_async_rst_inst/arststages_ff_reg[1]/CLR  (IS_INVERTED)
  -------------------------------------------------------------------    -------------------

                         (clock clk_pl_0 rise edge)
                                                      0.000     0.000 r  
    PS8_X0Y0             PS8                          0.000     0.000 r  pccx_v002_system_i/zynq_ps/inst/PS8_i/PLCLK[0]
                         net (fo=1, routed)           0.181     0.181    pccx_v002_system_i/zynq_ps/inst/pl_clk_unbuffered[0]
    BUFG_PS_X0Y90        BUFG_PS (Prop_BUFG_PS_I_O)
                                                      0.035     0.216 r  pccx_v002_system_i/zynq_ps/inst/buffer_pl_clk_0.PL_CLK_0_BUFG/O
    X1Y1 (CLOCK_ROOT)    net (fo=82020, routed)       2.947     3.163    pccx_v002_system_i/sc_axil/inst/s00_entry_pipeline/s00_transaction_regulator/inst/xpm_cdc_async_rst_inst/dest_clk
    SLICE_X8Y66          FDCE                                         r  pccx_v002_system_i/sc_axil/inst/s00_entry_pipeline/s00_transaction_regulator/inst/xpm_cdc_async_rst_inst/arststages_ff_reg[1]/C

Slack:                    inf
  Source:                 pccx_v002_system_i/sc_axil/inst/clk_map/psr_aclk/U0/ACTIVE_LOW_BSR_OUT_DFF[0].FDRE_BSR_N/C
                            (rising edge-triggered cell FDRE clocked by clk_pl_0  {rise@0.000ns fall@5.000ns period=10.000ns})
  Destination:            pccx_v002_system_i/sc_axil/inst/s00_entry_pipeline/s00_transaction_regulator/inst/xpm_cdc_async_rst_inst/arststages_ff_reg[2]/CLR
                            (recovery check against rising-edge clock clk_pl_0  {rise@0.000ns fall@5.000ns period=10.000ns})
  Path Group:             (none)
  Path Type:              Recovery (Max at Slow Process Corner)
  Data Path Delay:        4.197ns  (logic 0.113ns (2.692%)  route 4.084ns (97.308%))
  Logic Levels:           0  
  Clock Path Skew:        -0.355ns (DCD - SCD + CPR)
    Destination Clock Delay (DCD):    3.163ns
    Source Clock Delay      (SCD):    3.518ns
    Clock Pessimism Removal (CPR):    0.000ns
  Clock Uncertainty:      0.160ns  ((TSJ^2 + DJ^2)^1/2) / 2 + PE
    Total System Jitter     (TSJ):    0.071ns
    Discrete Jitter          (DJ):    0.312ns
    Phase Error              (PE):    0.000ns
  Clock Net Delay (Source):      3.251ns (routing 1.681ns, distribution 1.570ns)
  Clock Net Delay (Destination): 2.947ns (routing 1.538ns, distribution 1.409ns)
  Timing Exception:       False Path

    Location             Delay type                Incr(ns)  Path(ns)    Netlist Resource(s)
  -------------------------------------------------------------------    -------------------
                         (clock clk_pl_0 rise edge)
                                                      0.000     0.000 r  
    PS8_X0Y0             PS8                          0.000     0.000 r  pccx_v002_system_i/zynq_ps/inst/PS8_i/PLCLK[0]
                         net (fo=1, routed)           0.229     0.229    pccx_v002_system_i/zynq_ps/inst/pl_clk_unbuffered[0]
    BUFG_PS_X0Y90        BUFG_PS (Prop_BUFG_PS_I_O)
                                                      0.038     0.267 r  pccx_v002_system_i/zynq_ps/inst/buffer_pl_clk_0.PL_CLK_0_BUFG/O
    X1Y1 (CLOCK_ROOT)    net (fo=82020, routed)       3.251     3.518    pccx_v002_system_i/sc_axil/inst/clk_map/psr_aclk/U0/aclk
    SLICE_X18Y233        FDRE                                         r  pccx_v002_system_i/sc_axil/inst/clk_map/psr_aclk/U0/ACTIVE_LOW_BSR_OUT_DFF[0].FDRE_BSR_N/C
  -------------------------------------------------------------------    -------------------
    SLICE_X18Y233        FDRE (Prop_EFF_SLICEM_C_Q)
                                                      0.113     3.631 r  pccx_v002_system_i/sc_axil/inst/clk_map/psr_aclk/U0/ACTIVE_LOW_BSR_OUT_DFF[0].FDRE_BSR_N/Q
                         net (fo=150, routed)         4.084     7.715    pccx_v002_system_i/sc_axil/inst/s00_entry_pipeline/s00_transaction_regulator/inst/xpm_cdc_async_rst_inst/src_arst
    SLICE_X8Y66          FDCE                                         f  pccx_v002_system_i/sc_axil/inst/s00_entry_pipeline/s00_transaction_regulator/inst/xpm_cdc_async_rst_inst/arststages_ff_reg[2]/CLR  (IS_INVERTED)
  -------------------------------------------------------------------    -------------------

                         (clock clk_pl_0 rise edge)
                                                      0.000     0.000 r  
    PS8_X0Y0             PS8                          0.000     0.000 r  pccx_v002_system_i/zynq_ps/inst/PS8_i/PLCLK[0]
                         net (fo=1, routed)           0.181     0.181    pccx_v002_system_i/zynq_ps/inst/pl_clk_unbuffered[0]
    BUFG_PS_X0Y90        BUFG_PS (Prop_BUFG_PS_I_O)
                                                      0.035     0.216 r  pccx_v002_system_i/zynq_ps/inst/buffer_pl_clk_0.PL_CLK_0_BUFG/O
    X1Y1 (CLOCK_ROOT)    net (fo=82020, routed)       2.947     3.163    pccx_v002_system_i/sc_axil/inst/s00_entry_pipeline/s00_transaction_regulator/inst/xpm_cdc_async_rst_inst/dest_clk
    SLICE_X8Y66          FDCE                                         r  pccx_v002_system_i/sc_axil/inst/s00_entry_pipeline/s00_transaction_regulator/inst/xpm_cdc_async_rst_inst/arststages_ff_reg[2]/C

Slack:                    inf
  Source:                 pccx_v002_system_i/sc_axil/inst/clk_map/psr_aclk/U0/ACTIVE_LOW_BSR_OUT_DFF[0].FDRE_BSR_N/C
                            (rising edge-triggered cell FDRE clocked by clk_pl_0  {rise@0.000ns fall@5.000ns period=10.000ns})
  Destination:            pccx_v002_system_i/sc_axil/inst/s00_entry_pipeline/s00_si_converter/inst/xpm_cdc_async_rst_inst/arststages_ff_reg[0]/CLR
                            (recovery check against rising-edge clock clk_pl_0  {rise@0.000ns fall@5.000ns period=10.000ns})
  Path Group:             (none)
  Path Type:              Recovery (Max at Slow Process Corner)
  Data Path Delay:        3.906ns  (logic 0.113ns (2.893%)  route 3.793ns (97.107%))
  Logic Levels:           0  
  Clock Path Skew:        -0.361ns (DCD - SCD + CPR)
    Destination Clock Delay (DCD):    3.157ns
    Source Clock Delay      (SCD):    3.518ns
    Clock Pessimism Removal (CPR):    0.000ns
  Clock Uncertainty:      0.160ns  ((TSJ^2 + DJ^2)^1/2) / 2 + PE
    Total System Jitter     (TSJ):    0.071ns
    Discrete Jitter          (DJ):    0.312ns
    Phase Error              (PE):    0.000ns
  Clock Net Delay (Source):      3.251ns (routing 1.681ns, distribution 1.570ns)
  Clock Net Delay (Destination): 2.941ns (routing 1.538ns, distribution 1.403ns)
  Timing Exception:       False Path

    Location             Delay type                Incr(ns)  Path(ns)    Netlist Resource(s)
  -------------------------------------------------------------------    -------------------
                         (clock clk_pl_0 rise edge)
                                                      0.000     0.000 r  
    PS8_X0Y0             PS8                          0.000     0.000 r  pccx_v002_system_i/zynq_ps/inst/PS8_i/PLCLK[0]
                         net (fo=1, routed)           0.229     0.229    pccx_v002_system_i/zynq_ps/inst/pl_clk_unbuffered[0]
    BUFG_PS_X0Y90        BUFG_PS (Prop_BUFG_PS_I_O)
                                                      0.038     0.267 r  pccx_v002_system_i/zynq_ps/inst/buffer_pl_clk_0.PL_CLK_0_BUFG/O
    X1Y1 (CLOCK_ROOT)    net (fo=82020, routed)       3.251     3.518    pccx_v002_system_i/sc_axil/inst/clk_map/psr_aclk/U0/aclk
    SLICE_X18Y233        FDRE                                         r  pccx_v002_system_i/sc_axil/inst/clk_map/psr_aclk/U0/ACTIVE_LOW_BSR_OUT_DFF[0].FDRE_BSR_N/C
  -------------------------------------------------------------------    -------------------
    SLICE_X18Y233        FDRE (Prop_EFF_SLICEM_C_Q)
                                                      0.113     3.631 r  pccx_v002_system_i/sc_axil/inst/clk_map/psr_aclk/U0/ACTIVE_LOW_BSR_OUT_DFF[0].FDRE_BSR_N/Q
                         net (fo=150, routed)         3.793     7.424    pccx_v002_system_i/sc_axil/inst/s00_entry_pipeline/s00_si_converter/inst/xpm_cdc_async_rst_inst/src_arst
    SLICE_X9Y70          FDCE                                         f  pccx_v002_system_i/sc_axil/inst/s00_entry_pipeline/s00_si_converter/inst/xpm_cdc_async_rst_inst/arststages_ff_reg[0]/CLR  (IS_INVERTED)
  -------------------------------------------------------------------    -------------------

                         (clock clk_pl_0 rise edge)
                                                      0.000     0.000 r  
    PS8_X0Y0             PS8                          0.000     0.000 r  pccx_v002_system_i/zynq_ps/inst/PS8_i/PLCLK[0]
                         net (fo=1, routed)           0.181     0.181    pccx_v002_system_i/zynq_ps/inst/pl_clk_unbuffered[0]
    BUFG_PS_X0Y90        BUFG_PS (Prop_BUFG_PS_I_O)
                                                      0.035     0.216 r  pccx_v002_system_i/zynq_ps/inst/buffer_pl_clk_0.PL_CLK_0_BUFG/O
    X1Y1 (CLOCK_ROOT)    net (fo=82020, routed)       2.941     3.157    pccx_v002_system_i/sc_axil/inst/s00_entry_pipeline/s00_si_converter/inst/xpm_cdc_async_rst_inst/dest_clk
    SLICE_X9Y70          FDCE                                         r  pccx_v002_system_i/sc_axil/inst/s00_entry_pipeline/s00_si_converter/inst/xpm_cdc_async_rst_inst/arststages_ff_reg[0]/C

Slack:                    inf
  Source:                 pccx_v002_system_i/sc_axil/inst/clk_map/psr_aclk/U0/ACTIVE_LOW_BSR_OUT_DFF[0].FDRE_BSR_N/C
                            (rising edge-triggered cell FDRE clocked by clk_pl_0  {rise@0.000ns fall@5.000ns period=10.000ns})
  Destination:            pccx_v002_system_i/sc_axil/inst/s00_entry_pipeline/s00_si_converter/inst/xpm_cdc_async_rst_inst/arststages_ff_reg[1]/CLR
                            (recovery check against rising-edge clock clk_pl_0  {rise@0.000ns fall@5.000ns period=10.000ns})
  Path Group:             (none)
  Path Type:              Recovery (Max at Slow Process Corner)
  Data Path Delay:        3.906ns  (logic 0.113ns (2.893%)  route 3.793ns (97.107%))
  Logic Levels:           0  
  Clock Path Skew:        -0.361ns (DCD - SCD + CPR)
    Destination Clock Delay (DCD):    3.157ns
    Source Clock Delay      (SCD):    3.518ns
    Clock Pessimism Removal (CPR):    0.000ns
  Clock Uncertainty:      0.160ns  ((TSJ^2 + DJ^2)^1/2) / 2 + PE
    Total System Jitter     (TSJ):    0.071ns
    Discrete Jitter          (DJ):    0.312ns
    Phase Error              (PE):    0.000ns
  Clock Net Delay (Source):      3.251ns (routing 1.681ns, distribution 1.570ns)
  Clock Net Delay (Destination): 2.941ns (routing 1.538ns, distribution 1.403ns)
  Timing Exception:       False Path

    Location             Delay type                Incr(ns)  Path(ns)    Netlist Resource(s)
  -------------------------------------------------------------------    -------------------
                         (clock clk_pl_0 rise edge)
                                                      0.000     0.000 r  
    PS8_X0Y0             PS8                          0.000     0.000 r  pccx_v002_system_i/zynq_ps/inst/PS8_i/PLCLK[0]
                         net (fo=1, routed)           0.229     0.229    pccx_v002_system_i/zynq_ps/inst/pl_clk_unbuffered[0]
    BUFG_PS_X0Y90        BUFG_PS (Prop_BUFG_PS_I_O)
                                                      0.038     0.267 r  pccx_v002_system_i/zynq_ps/inst/buffer_pl_clk_0.PL_CLK_0_BUFG/O
    X1Y1 (CLOCK_ROOT)    net (fo=82020, routed)       3.251     3.518    pccx_v002_system_i/sc_axil/inst/clk_map/psr_aclk/U0/aclk
    SLICE_X18Y233        FDRE                                         r  pccx_v002_system_i/sc_axil/inst/clk_map/psr_aclk/U0/ACTIVE_LOW_BSR_OUT_DFF[0].FDRE_BSR_N/C
  -------------------------------------------------------------------    -------------------
    SLICE_X18Y233        FDRE (Prop_EFF_SLICEM_C_Q)
                                                      0.113     3.631 r  pccx_v002_system_i/sc_axil/inst/clk_map/psr_aclk/U0/ACTIVE_LOW_BSR_OUT_DFF[0].FDRE_BSR_N/Q
                         net (fo=150, routed)         3.793     7.424    pccx_v002_system_i/sc_axil/inst/s00_entry_pipeline/s00_si_converter/inst/xpm_cdc_async_rst_inst/src_arst
    SLICE_X9Y70          FDCE                                         f  pccx_v002_system_i/sc_axil/inst/s00_entry_pipeline/s00_si_converter/inst/xpm_cdc_async_rst_inst/arststages_ff_reg[1]/CLR  (IS_INVERTED)
  -------------------------------------------------------------------    -------------------

                         (clock clk_pl_0 rise edge)
                                                      0.000     0.000 r  
    PS8_X0Y0             PS8                          0.000     0.000 r  pccx_v002_system_i/zynq_ps/inst/PS8_i/PLCLK[0]
                         net (fo=1, routed)           0.181     0.181    pccx_v002_system_i/zynq_ps/inst/pl_clk_unbuffered[0]
    BUFG_PS_X0Y90        BUFG_PS (Prop_BUFG_PS_I_O)
                                                      0.035     0.216 r  pccx_v002_system_i/zynq_ps/inst/buffer_pl_clk_0.PL_CLK_0_BUFG/O
    X1Y1 (CLOCK_ROOT)    net (fo=82020, routed)       2.941     3.157    pccx_v002_system_i/sc_axil/inst/s00_entry_pipeline/s00_si_converter/inst/xpm_cdc_async_rst_inst/dest_clk
    SLICE_X9Y70          FDCE                                         r  pccx_v002_system_i/sc_axil/inst/s00_entry_pipeline/s00_si_converter/inst/xpm_cdc_async_rst_inst/arststages_ff_reg[1]/C

Slack:                    inf
  Source:                 pccx_v002_system_i/sc_axil/inst/clk_map/psr_aclk/U0/ACTIVE_LOW_BSR_OUT_DFF[0].FDRE_BSR_N/C
                            (rising edge-triggered cell FDRE clocked by clk_pl_0  {rise@0.000ns fall@5.000ns period=10.000ns})
  Destination:            pccx_v002_system_i/sc_axil/inst/s00_entry_pipeline/s00_si_converter/inst/xpm_cdc_async_rst_inst/arststages_ff_reg[2]/CLR
                            (recovery check against rising-edge clock clk_pl_0  {rise@0.000ns fall@5.000ns period=10.000ns})
  Path Group:             (none)
  Path Type:              Recovery (Max at Slow Process Corner)
  Data Path Delay:        3.906ns  (logic 0.113ns (2.893%)  route 3.793ns (97.107%))
  Logic Levels:           0  
  Clock Path Skew:        -0.361ns (DCD - SCD + CPR)
    Destination Clock Delay (DCD):    3.157ns
    Source Clock Delay      (SCD):    3.518ns
    Clock Pessimism Removal (CPR):    0.000ns
  Clock Uncertainty:      0.160ns  ((TSJ^2 + DJ^2)^1/2) / 2 + PE
    Total System Jitter     (TSJ):    0.071ns
    Discrete Jitter          (DJ):    0.312ns
    Phase Error              (PE):    0.000ns
  Clock Net Delay (Source):      3.251ns (routing 1.681ns, distribution 1.570ns)
  Clock Net Delay (Destination): 2.941ns (routing 1.538ns, distribution 1.403ns)
  Timing Exception:       False Path

    Location             Delay type                Incr(ns)  Path(ns)    Netlist Resource(s)
  -------------------------------------------------------------------    -------------------
                         (clock clk_pl_0 rise edge)
                                                      0.000     0.000 r  
    PS8_X0Y0             PS8                          0.000     0.000 r  pccx_v002_system_i/zynq_ps/inst/PS8_i/PLCLK[0]
                         net (fo=1, routed)           0.229     0.229    pccx_v002_system_i/zynq_ps/inst/pl_clk_unbuffered[0]
    BUFG_PS_X0Y90        BUFG_PS (Prop_BUFG_PS_I_O)
                                                      0.038     0.267 r  pccx_v002_system_i/zynq_ps/inst/buffer_pl_clk_0.PL_CLK_0_BUFG/O
    X1Y1 (CLOCK_ROOT)    net (fo=82020, routed)       3.251     3.518    pccx_v002_system_i/sc_axil/inst/clk_map/psr_aclk/U0/aclk
    SLICE_X18Y233        FDRE                                         r  pccx_v002_system_i/sc_axil/inst/clk_map/psr_aclk/U0/ACTIVE_LOW_BSR_OUT_DFF[0].FDRE_BSR_N/C
  -------------------------------------------------------------------    -------------------
    SLICE_X18Y233        FDRE (Prop_EFF_SLICEM_C_Q)
                                                      0.113     3.631 r  pccx_v002_system_i/sc_axil/inst/clk_map/psr_aclk/U0/ACTIVE_LOW_BSR_OUT_DFF[0].FDRE_BSR_N/Q
                         net (fo=150, routed)         3.793     7.424    pccx_v002_system_i/sc_axil/inst/s00_entry_pipeline/s00_si_converter/inst/xpm_cdc_async_rst_inst/src_arst
    SLICE_X9Y70          FDCE                                         f  pccx_v002_system_i/sc_axil/inst/s00_entry_pipeline/s00_si_converter/inst/xpm_cdc_async_rst_inst/arststages_ff_reg[2]/CLR  (IS_INVERTED)
  -------------------------------------------------------------------    -------------------

                         (clock clk_pl_0 rise edge)
                                                      0.000     0.000 r  
    PS8_X0Y0             PS8                          0.000     0.000 r  pccx_v002_system_i/zynq_ps/inst/PS8_i/PLCLK[0]
                         net (fo=1, routed)           0.181     0.181    pccx_v002_system_i/zynq_ps/inst/pl_clk_unbuffered[0]
    BUFG_PS_X0Y90        BUFG_PS (Prop_BUFG_PS_I_O)
                                                      0.035     0.216 r  pccx_v002_system_i/zynq_ps/inst/buffer_pl_clk_0.PL_CLK_0_BUFG/O
    X1Y1 (CLOCK_ROOT)    net (fo=82020, routed)       2.941     3.157    pccx_v002_system_i/sc_axil/inst/s00_entry_pipeline/s00_si_converter/inst/xpm_cdc_async_rst_inst/dest_clk
    SLICE_X9Y70          FDCE                                         r  pccx_v002_system_i/sc_axil/inst/s00_entry_pipeline/s00_si_converter/inst/xpm_cdc_async_rst_inst/arststages_ff_reg[2]/C

Slack:                    inf
  Source:                 pccx_v002_system_i/sc_axil/inst/clk_map/psr_aclk/U0/ACTIVE_LOW_BSR_OUT_DFF[0].FDRE_BSR_N/C
                            (rising edge-triggered cell FDRE clocked by clk_pl_0  {rise@0.000ns fall@5.000ns period=10.000ns})
  Destination:            pccx_v002_system_i/sc_axil/inst/s00_entry_pipeline/s00_mmu/inst/xpm_cdc_async_rst_inst/arststages_ff_reg[0]/CLR
                            (recovery check against rising-edge clock clk_pl_0  {rise@0.000ns fall@5.000ns period=10.000ns})
  Path Group:             (none)
  Path Type:              Recovery (Max at Slow Process Corner)
  Data Path Delay:        3.861ns  (logic 0.113ns (2.927%)  route 3.748ns (97.073%))
  Logic Levels:           0  
  Clock Path Skew:        -0.371ns (DCD - SCD + CPR)
    Destination Clock Delay (DCD):    3.147ns
    Source Clock Delay      (SCD):    3.518ns
    Clock Pessimism Removal (CPR):    0.000ns
  Clock Uncertainty:      0.160ns  ((TSJ^2 + DJ^2)^1/2) / 2 + PE
    Total System Jitter     (TSJ):    0.071ns
    Discrete Jitter          (DJ):    0.312ns
    Phase Error              (PE):    0.000ns
  Clock Net Delay (Source):      3.251ns (routing 1.681ns, distribution 1.570ns)
  Clock Net Delay (Destination): 2.931ns (routing 1.538ns, distribution 1.393ns)
  Timing Exception:       False Path

    Location             Delay type                Incr(ns)  Path(ns)    Netlist Resource(s)
  -------------------------------------------------------------------    -------------------
                         (clock clk_pl_0 rise edge)
                                                      0.000     0.000 r  
    PS8_X0Y0             PS8                          0.000     0.000 r  pccx_v002_system_i/zynq_ps/inst/PS8_i/PLCLK[0]
                         net (fo=1, routed)           0.229     0.229    pccx_v002_system_i/zynq_ps/inst/pl_clk_unbuffered[0]
    BUFG_PS_X0Y90        BUFG_PS (Prop_BUFG_PS_I_O)
                                                      0.038     0.267 r  pccx_v002_system_i/zynq_ps/inst/buffer_pl_clk_0.PL_CLK_0_BUFG/O
    X1Y1 (CLOCK_ROOT)    net (fo=82020, routed)       3.251     3.518    pccx_v002_system_i/sc_axil/inst/clk_map/psr_aclk/U0/aclk
    SLICE_X18Y233        FDRE                                         r  pccx_v002_system_i/sc_axil/inst/clk_map/psr_aclk/U0/ACTIVE_LOW_BSR_OUT_DFF[0].FDRE_BSR_N/C
  -------------------------------------------------------------------    -------------------
    SLICE_X18Y233        FDRE (Prop_EFF_SLICEM_C_Q)
                                                      0.113     3.631 r  pccx_v002_system_i/sc_axil/inst/clk_map/psr_aclk/U0/ACTIVE_LOW_BSR_OUT_DFF[0].FDRE_BSR_N/Q
                         net (fo=150, routed)         3.748     7.378    pccx_v002_system_i/sc_axil/inst/s00_entry_pipeline/s00_mmu/inst/xpm_cdc_async_rst_inst/src_arst
    SLICE_X7Y83          FDCE                                         f  pccx_v002_system_i/sc_axil/inst/s00_entry_pipeline/s00_mmu/inst/xpm_cdc_async_rst_inst/arststages_ff_reg[0]/CLR  (IS_INVERTED)
  -------------------------------------------------------------------    -------------------

                         (clock clk_pl_0 rise edge)
                                                      0.000     0.000 r  
    PS8_X0Y0             PS8                          0.000     0.000 r  pccx_v002_system_i/zynq_ps/inst/PS8_i/PLCLK[0]
                         net (fo=1, routed)           0.181     0.181    pccx_v002_system_i/zynq_ps/inst/pl_clk_unbuffered[0]
    BUFG_PS_X0Y90        BUFG_PS (Prop_BUFG_PS_I_O)
                                                      0.035     0.216 r  pccx_v002_system_i/zynq_ps/inst/buffer_pl_clk_0.PL_CLK_0_BUFG/O
    X1Y1 (CLOCK_ROOT)    net (fo=82020, routed)       2.931     3.147    pccx_v002_system_i/sc_axil/inst/s00_entry_pipeline/s00_mmu/inst/xpm_cdc_async_rst_inst/dest_clk
    SLICE_X7Y83          FDCE                                         r  pccx_v002_system_i/sc_axil/inst/s00_entry_pipeline/s00_mmu/inst/xpm_cdc_async_rst_inst/arststages_ff_reg[0]/C

Slack:                    inf
  Source:                 pccx_v002_system_i/sc_axil/inst/clk_map/psr_aclk/U0/ACTIVE_LOW_BSR_OUT_DFF[0].FDRE_BSR_N/C
                            (rising edge-triggered cell FDRE clocked by clk_pl_0  {rise@0.000ns fall@5.000ns period=10.000ns})
  Destination:            pccx_v002_system_i/sc_axil/inst/s00_entry_pipeline/s00_mmu/inst/xpm_cdc_async_rst_inst/arststages_ff_reg[1]/CLR
                            (recovery check against rising-edge clock clk_pl_0  {rise@0.000ns fall@5.000ns period=10.000ns})
  Path Group:             (none)
  Path Type:              Recovery (Max at Slow Process Corner)
  Data Path Delay:        3.861ns  (logic 0.113ns (2.927%)  route 3.748ns (97.073%))
  Logic Levels:           0  
  Clock Path Skew:        -0.371ns (DCD - SCD + CPR)
    Destination Clock Delay (DCD):    3.147ns
    Source Clock Delay      (SCD):    3.518ns
    Clock Pessimism Removal (CPR):    0.000ns
  Clock Uncertainty:      0.160ns  ((TSJ^2 + DJ^2)^1/2) / 2 + PE
    Total System Jitter     (TSJ):    0.071ns
    Discrete Jitter          (DJ):    0.312ns
    Phase Error              (PE):    0.000ns
  Clock Net Delay (Source):      3.251ns (routing 1.681ns, distribution 1.570ns)
  Clock Net Delay (Destination): 2.931ns (routing 1.538ns, distribution 1.393ns)
  Timing Exception:       False Path

    Location             Delay type                Incr(ns)  Path(ns)    Netlist Resource(s)
  -------------------------------------------------------------------    -------------------
                         (clock clk_pl_0 rise edge)
                                                      0.000     0.000 r  
    PS8_X0Y0             PS8                          0.000     0.000 r  pccx_v002_system_i/zynq_ps/inst/PS8_i/PLCLK[0]
                         net (fo=1, routed)           0.229     0.229    pccx_v002_system_i/zynq_ps/inst/pl_clk_unbuffered[0]
    BUFG_PS_X0Y90        BUFG_PS (Prop_BUFG_PS_I_O)
                                                      0.038     0.267 r  pccx_v002_system_i/zynq_ps/inst/buffer_pl_clk_0.PL_CLK_0_BUFG/O
    X1Y1 (CLOCK_ROOT)    net (fo=82020, routed)       3.251     3.518    pccx_v002_system_i/sc_axil/inst/clk_map/psr_aclk/U0/aclk
    SLICE_X18Y233        FDRE                                         r  pccx_v002_system_i/sc_axil/inst/clk_map/psr_aclk/U0/ACTIVE_LOW_BSR_OUT_DFF[0].FDRE_BSR_N/C
  -------------------------------------------------------------------    -------------------
    SLICE_X18Y233        FDRE (Prop_EFF_SLICEM_C_Q)
                                                      0.113     3.631 r  pccx_v002_system_i/sc_axil/inst/clk_map/psr_aclk/U0/ACTIVE_LOW_BSR_OUT_DFF[0].FDRE_BSR_N/Q
                         net (fo=150, routed)         3.748     7.378    pccx_v002_system_i/sc_axil/inst/s00_entry_pipeline/s00_mmu/inst/xpm_cdc_async_rst_inst/src_arst
    SLICE_X7Y83          FDCE                                         f  pccx_v002_system_i/sc_axil/inst/s00_entry_pipeline/s00_mmu/inst/xpm_cdc_async_rst_inst/arststages_ff_reg[1]/CLR  (IS_INVERTED)
  -------------------------------------------------------------------    -------------------

                         (clock clk_pl_0 rise edge)
                                                      0.000     0.000 r  
    PS8_X0Y0             PS8                          0.000     0.000 r  pccx_v002_system_i/zynq_ps/inst/PS8_i/PLCLK[0]
                         net (fo=1, routed)           0.181     0.181    pccx_v002_system_i/zynq_ps/inst/pl_clk_unbuffered[0]
    BUFG_PS_X0Y90        BUFG_PS (Prop_BUFG_PS_I_O)
                                                      0.035     0.216 r  pccx_v002_system_i/zynq_ps/inst/buffer_pl_clk_0.PL_CLK_0_BUFG/O
    X1Y1 (CLOCK_ROOT)    net (fo=82020, routed)       2.931     3.147    pccx_v002_system_i/sc_axil/inst/s00_entry_pipeline/s00_mmu/inst/xpm_cdc_async_rst_inst/dest_clk
    SLICE_X7Y83          FDCE                                         r  pccx_v002_system_i/sc_axil/inst/s00_entry_pipeline/s00_mmu/inst/xpm_cdc_async_rst_inst/arststages_ff_reg[1]/C

Slack:                    inf
  Source:                 pccx_v002_system_i/sc_axil/inst/clk_map/psr_aclk/U0/ACTIVE_LOW_BSR_OUT_DFF[0].FDRE_BSR_N/C
                            (rising edge-triggered cell FDRE clocked by clk_pl_0  {rise@0.000ns fall@5.000ns period=10.000ns})
  Destination:            pccx_v002_system_i/sc_axil/inst/s00_entry_pipeline/s00_mmu/inst/xpm_cdc_async_rst_inst/arststages_ff_reg[2]/CLR
                            (recovery check against rising-edge clock clk_pl_0  {rise@0.000ns fall@5.000ns period=10.000ns})
  Path Group:             (none)
  Path Type:              Recovery (Max at Slow Process Corner)
  Data Path Delay:        3.861ns  (logic 0.113ns (2.927%)  route 3.748ns (97.073%))
  Logic Levels:           0  
  Clock Path Skew:        -0.371ns (DCD - SCD + CPR)
    Destination Clock Delay (DCD):    3.147ns
    Source Clock Delay      (SCD):    3.518ns
    Clock Pessimism Removal (CPR):    0.000ns
  Clock Uncertainty:      0.160ns  ((TSJ^2 + DJ^2)^1/2) / 2 + PE
    Total System Jitter     (TSJ):    0.071ns
    Discrete Jitter          (DJ):    0.312ns
    Phase Error              (PE):    0.000ns
  Clock Net Delay (Source):      3.251ns (routing 1.681ns, distribution 1.570ns)
  Clock Net Delay (Destination): 2.931ns (routing 1.538ns, distribution 1.393ns)
  Timing Exception:       False Path

    Location             Delay type                Incr(ns)  Path(ns)    Netlist Resource(s)
  -------------------------------------------------------------------    -------------------
                         (clock clk_pl_0 rise edge)
                                                      0.000     0.000 r  
    PS8_X0Y0             PS8                          0.000     0.000 r  pccx_v002_system_i/zynq_ps/inst/PS8_i/PLCLK[0]
                         net (fo=1, routed)           0.229     0.229    pccx_v002_system_i/zynq_ps/inst/pl_clk_unbuffered[0]
    BUFG_PS_X0Y90        BUFG_PS (Prop_BUFG_PS_I_O)
                                                      0.038     0.267 r  pccx_v002_system_i/zynq_ps/inst/buffer_pl_clk_0.PL_CLK_0_BUFG/O
    X1Y1 (CLOCK_ROOT)    net (fo=82020, routed)       3.251     3.518    pccx_v002_system_i/sc_axil/inst/clk_map/psr_aclk/U0/aclk
    SLICE_X18Y233        FDRE                                         r  pccx_v002_system_i/sc_axil/inst/clk_map/psr_aclk/U0/ACTIVE_LOW_BSR_OUT_DFF[0].FDRE_BSR_N/C
  -------------------------------------------------------------------    -------------------
    SLICE_X18Y233        FDRE (Prop_EFF_SLICEM_C_Q)
                                                      0.113     3.631 r  pccx_v002_system_i/sc_axil/inst/clk_map/psr_aclk/U0/ACTIVE_LOW_BSR_OUT_DFF[0].FDRE_BSR_N/Q
                         net (fo=150, routed)         3.748     7.378    pccx_v002_system_i/sc_axil/inst/s00_entry_pipeline/s00_mmu/inst/xpm_cdc_async_rst_inst/src_arst
    SLICE_X7Y83          FDCE                                         f  pccx_v002_system_i/sc_axil/inst/s00_entry_pipeline/s00_mmu/inst/xpm_cdc_async_rst_inst/arststages_ff_reg[2]/CLR  (IS_INVERTED)
  -------------------------------------------------------------------    -------------------

                         (clock clk_pl_0 rise edge)
                                                      0.000     0.000 r  
    PS8_X0Y0             PS8                          0.000     0.000 r  pccx_v002_system_i/zynq_ps/inst/PS8_i/PLCLK[0]
                         net (fo=1, routed)           0.181     0.181    pccx_v002_system_i/zynq_ps/inst/pl_clk_unbuffered[0]
    BUFG_PS_X0Y90        BUFG_PS (Prop_BUFG_PS_I_O)
                                                      0.035     0.216 r  pccx_v002_system_i/zynq_ps/inst/buffer_pl_clk_0.PL_CLK_0_BUFG/O
    X1Y1 (CLOCK_ROOT)    net (fo=82020, routed)       2.931     3.147    pccx_v002_system_i/sc_axil/inst/s00_entry_pipeline/s00_mmu/inst/xpm_cdc_async_rst_inst/dest_clk
    SLICE_X7Y83          FDCE                                         r  pccx_v002_system_i/sc_axil/inst/s00_entry_pipeline/s00_mmu/inst/xpm_cdc_async_rst_inst/arststages_ff_reg[2]/C

Slack:                    inf
  Source:                 pccx_v002_system_i/sc_axil/inst/clk_map/psr_aclk/U0/ACTIVE_LOW_BSR_OUT_DFF[0].FDRE_BSR_N/C
                            (rising edge-triggered cell FDRE clocked by clk_pl_0  {rise@0.000ns fall@5.000ns period=10.000ns})
  Destination:            pccx_v002_system_i/sc_axil/inst/m06_nodes/m06_ar_node/inst/s_sc_xpm_cdc_async_rst_inst/arststages_ff_reg[0]/CLR
                            (recovery check against rising-edge clock clk_pl_0  {rise@0.000ns fall@5.000ns period=10.000ns})
  Path Group:             (none)
  Path Type:              Recovery (Max at Slow Process Corner)
  Data Path Delay:        3.634ns  (logic 0.113ns (3.110%)  route 3.521ns (96.890%))
  Logic Levels:           0  
  Clock Path Skew:        -0.382ns (DCD - SCD + CPR)
    Destination Clock Delay (DCD):    3.136ns
    Source Clock Delay      (SCD):    3.518ns
    Clock Pessimism Removal (CPR):    0.000ns
  Clock Uncertainty:      0.160ns  ((TSJ^2 + DJ^2)^1/2) / 2 + PE
    Total System Jitter     (TSJ):    0.071ns
    Discrete Jitter          (DJ):    0.312ns
    Phase Error              (PE):    0.000ns
  Clock Net Delay (Source):      3.251ns (routing 1.681ns, distribution 1.570ns)
  Clock Net Delay (Destination): 2.920ns (routing 1.538ns, distribution 1.382ns)
  Timing Exception:       False Path

    Location             Delay type                Incr(ns)  Path(ns)    Netlist Resource(s)
  -------------------------------------------------------------------    -------------------
                         (clock clk_pl_0 rise edge)
                                                      0.000     0.000 r  
    PS8_X0Y0             PS8                          0.000     0.000 r  pccx_v002_system_i/zynq_ps/inst/PS8_i/PLCLK[0]
                         net (fo=1, routed)           0.229     0.229    pccx_v002_system_i/zynq_ps/inst/pl_clk_unbuffered[0]
    BUFG_PS_X0Y90        BUFG_PS (Prop_BUFG_PS_I_O)
                                                      0.038     0.267 r  pccx_v002_system_i/zynq_ps/inst/buffer_pl_clk_0.PL_CLK_0_BUFG/O
    X1Y1 (CLOCK_ROOT)    net (fo=82020, routed)       3.251     3.518    pccx_v002_system_i/sc_axil/inst/clk_map/psr_aclk/U0/aclk
    SLICE_X18Y233        FDRE                                         r  pccx_v002_system_i/sc_axil/inst/clk_map/psr_aclk/U0/ACTIVE_LOW_BSR_OUT_DFF[0].FDRE_BSR_N/C
  -------------------------------------------------------------------    -------------------
    SLICE_X18Y233        FDRE (Prop_EFF_SLICEM_C_Q)
                                                      0.113     3.631 r  pccx_v002_system_i/sc_axil/inst/clk_map/psr_aclk/U0/ACTIVE_LOW_BSR_OUT_DFF[0].FDRE_BSR_N/Q
                         net (fo=150, routed)         3.521     7.152    pccx_v002_system_i/sc_axil/inst/m06_nodes/m06_ar_node/inst/s_sc_xpm_cdc_async_rst_inst/src_arst
    SLICE_X14Y71         FDCE                                         f  pccx_v002_system_i/sc_axil/inst/m06_nodes/m06_ar_node/inst/s_sc_xpm_cdc_async_rst_inst/arststages_ff_reg[0]/CLR  (IS_INVERTED)
  -------------------------------------------------------------------    -------------------

                         (clock clk_pl_0 rise edge)
                                                      0.000     0.000 r  
    PS8_X0Y0             PS8                          0.000     0.000 r  pccx_v002_system_i/zynq_ps/inst/PS8_i/PLCLK[0]
                         net (fo=1, routed)           0.181     0.181    pccx_v002_system_i/zynq_ps/inst/pl_clk_unbuffered[0]
    BUFG_PS_X0Y90        BUFG_PS (Prop_BUFG_PS_I_O)
                                                      0.035     0.216 r  pccx_v002_system_i/zynq_ps/inst/buffer_pl_clk_0.PL_CLK_0_BUFG/O
    X1Y1 (CLOCK_ROOT)    net (fo=82020, routed)       2.920     3.136    pccx_v002_system_i/sc_axil/inst/m06_nodes/m06_ar_node/inst/s_sc_xpm_cdc_async_rst_inst/dest_clk
    SLICE_X14Y71         FDCE                                         r  pccx_v002_system_i/sc_axil/inst/m06_nodes/m06_ar_node/inst/s_sc_xpm_cdc_async_rst_inst/arststages_ff_reg[0]/C

Slack:                    inf
  Source:                 pccx_v002_system_i/sc_axil/inst/clk_map/psr_aclk/U0/ACTIVE_LOW_BSR_OUT_DFF[0].FDRE_BSR_N/C
                            (rising edge-triggered cell FDRE clocked by clk_pl_0  {rise@0.000ns fall@5.000ns period=10.000ns})
  Destination:            pccx_v002_system_i/sc_axil/inst/m06_nodes/m06_ar_node/inst/s_sc_xpm_cdc_async_rst_inst/arststages_ff_reg[1]/CLR
                            (recovery check against rising-edge clock clk_pl_0  {rise@0.000ns fall@5.000ns period=10.000ns})
  Path Group:             (none)
  Path Type:              Recovery (Max at Slow Process Corner)
  Data Path Delay:        3.634ns  (logic 0.113ns (3.110%)  route 3.521ns (96.890%))
  Logic Levels:           0  
  Clock Path Skew:        -0.382ns (DCD - SCD + CPR)
    Destination Clock Delay (DCD):    3.136ns
    Source Clock Delay      (SCD):    3.518ns
    Clock Pessimism Removal (CPR):    0.000ns
  Clock Uncertainty:      0.160ns  ((TSJ^2 + DJ^2)^1/2) / 2 + PE
    Total System Jitter     (TSJ):    0.071ns
    Discrete Jitter          (DJ):    0.312ns
    Phase Error              (PE):    0.000ns
  Clock Net Delay (Source):      3.251ns (routing 1.681ns, distribution 1.570ns)
  Clock Net Delay (Destination): 2.920ns (routing 1.538ns, distribution 1.382ns)
  Timing Exception:       False Path

    Location             Delay type                Incr(ns)  Path(ns)    Netlist Resource(s)
  -------------------------------------------------------------------    -------------------
                         (clock clk_pl_0 rise edge)
                                                      0.000     0.000 r  
    PS8_X0Y0             PS8                          0.000     0.000 r  pccx_v002_system_i/zynq_ps/inst/PS8_i/PLCLK[0]
                         net (fo=1, routed)           0.229     0.229    pccx_v002_system_i/zynq_ps/inst/pl_clk_unbuffered[0]
    BUFG_PS_X0Y90        BUFG_PS (Prop_BUFG_PS_I_O)
                                                      0.038     0.267 r  pccx_v002_system_i/zynq_ps/inst/buffer_pl_clk_0.PL_CLK_0_BUFG/O
    X1Y1 (CLOCK_ROOT)    net (fo=82020, routed)       3.251     3.518    pccx_v002_system_i/sc_axil/inst/clk_map/psr_aclk/U0/aclk
    SLICE_X18Y233        FDRE                                         r  pccx_v002_system_i/sc_axil/inst/clk_map/psr_aclk/U0/ACTIVE_LOW_BSR_OUT_DFF[0].FDRE_BSR_N/C
  -------------------------------------------------------------------    -------------------
    SLICE_X18Y233        FDRE (Prop_EFF_SLICEM_C_Q)
                                                      0.113     3.631 r  pccx_v002_system_i/sc_axil/inst/clk_map/psr_aclk/U0/ACTIVE_LOW_BSR_OUT_DFF[0].FDRE_BSR_N/Q
                         net (fo=150, routed)         3.521     7.152    pccx_v002_system_i/sc_axil/inst/m06_nodes/m06_ar_node/inst/s_sc_xpm_cdc_async_rst_inst/src_arst
    SLICE_X14Y71         FDCE                                         f  pccx_v002_system_i/sc_axil/inst/m06_nodes/m06_ar_node/inst/s_sc_xpm_cdc_async_rst_inst/arststages_ff_reg[1]/CLR  (IS_INVERTED)
  -------------------------------------------------------------------    -------------------

                         (clock clk_pl_0 rise edge)
                                                      0.000     0.000 r  
    PS8_X0Y0             PS8                          0.000     0.000 r  pccx_v002_system_i/zynq_ps/inst/PS8_i/PLCLK[0]
                         net (fo=1, routed)           0.181     0.181    pccx_v002_system_i/zynq_ps/inst/pl_clk_unbuffered[0]
    BUFG_PS_X0Y90        BUFG_PS (Prop_BUFG_PS_I_O)
                                                      0.035     0.216 r  pccx_v002_system_i/zynq_ps/inst/buffer_pl_clk_0.PL_CLK_0_BUFG/O
    X1Y1 (CLOCK_ROOT)    net (fo=82020, routed)       2.920     3.136    pccx_v002_system_i/sc_axil/inst/m06_nodes/m06_ar_node/inst/s_sc_xpm_cdc_async_rst_inst/dest_clk
    SLICE_X14Y71         FDCE                                         r  pccx_v002_system_i/sc_axil/inst/m06_nodes/m06_ar_node/inst/s_sc_xpm_cdc_async_rst_inst/arststages_ff_reg[1]/C

Slack:                    inf
  Source:                 pccx_v002_system_i/sc_axil/inst/clk_map/psr_aclk/U0/ACTIVE_LOW_BSR_OUT_DFF[0].FDRE_BSR_N/C
                            (rising edge-triggered cell FDRE clocked by clk_pl_0  {rise@0.000ns fall@5.000ns period=10.000ns})
  Destination:            pccx_v002_system_i/sc_axil/inst/m06_nodes/m06_ar_node/inst/s_sc_xpm_cdc_async_rst_inst/arststages_ff_reg[2]/CLR
                            (recovery check against rising-edge clock clk_pl_0  {rise@0.000ns fall@5.000ns period=10.000ns})
  Path Group:             (none)
  Path Type:              Recovery (Max at Slow Process Corner)
  Data Path Delay:        3.634ns  (logic 0.113ns (3.110%)  route 3.521ns (96.890%))
  Logic Levels:           0  
  Clock Path Skew:        -0.382ns (DCD - SCD + CPR)
    Destination Clock Delay (DCD):    3.136ns
    Source Clock Delay      (SCD):    3.518ns
    Clock Pessimism Removal (CPR):    0.000ns
  Clock Uncertainty:      0.160ns  ((TSJ^2 + DJ^2)^1/2) / 2 + PE
    Total System Jitter     (TSJ):    0.071ns
    Discrete Jitter          (DJ):    0.312ns
    Phase Error              (PE):    0.000ns
  Clock Net Delay (Source):      3.251ns (routing 1.681ns, distribution 1.570ns)
  Clock Net Delay (Destination): 2.920ns (routing 1.538ns, distribution 1.382ns)
  Timing Exception:       False Path

    Location             Delay type                Incr(ns)  Path(ns)    Netlist Resource(s)
  -------------------------------------------------------------------    -------------------
                         (clock clk_pl_0 rise edge)
                                                      0.000     0.000 r  
    PS8_X0Y0             PS8                          0.000     0.000 r  pccx_v002_system_i/zynq_ps/inst/PS8_i/PLCLK[0]
                         net (fo=1, routed)           0.229     0.229    pccx_v002_system_i/zynq_ps/inst/pl_clk_unbuffered[0]
    BUFG_PS_X0Y90        BUFG_PS (Prop_BUFG_PS_I_O)
                                                      0.038     0.267 r  pccx_v002_system_i/zynq_ps/inst/buffer_pl_clk_0.PL_CLK_0_BUFG/O
    X1Y1 (CLOCK_ROOT)    net (fo=82020, routed)       3.251     3.518    pccx_v002_system_i/sc_axil/inst/clk_map/psr_aclk/U0/aclk
    SLICE_X18Y233        FDRE                                         r  pccx_v002_system_i/sc_axil/inst/clk_map/psr_aclk/U0/ACTIVE_LOW_BSR_OUT_DFF[0].FDRE_BSR_N/C
  -------------------------------------------------------------------    -------------------
    SLICE_X18Y233        FDRE (Prop_EFF_SLICEM_C_Q)
                                                      0.113     3.631 r  pccx_v002_system_i/sc_axil/inst/clk_map/psr_aclk/U0/ACTIVE_LOW_BSR_OUT_DFF[0].FDRE_BSR_N/Q
                         net (fo=150, routed)         3.521     7.152    pccx_v002_system_i/sc_axil/inst/m06_nodes/m06_ar_node/inst/s_sc_xpm_cdc_async_rst_inst/src_arst
    SLICE_X14Y71         FDCE                                         f  pccx_v002_system_i/sc_axil/inst/m06_nodes/m06_ar_node/inst/s_sc_xpm_cdc_async_rst_inst/arststages_ff_reg[2]/CLR  (IS_INVERTED)
  -------------------------------------------------------------------    -------------------

                         (clock clk_pl_0 rise edge)
                                                      0.000     0.000 r  
    PS8_X0Y0             PS8                          0.000     0.000 r  pccx_v002_system_i/zynq_ps/inst/PS8_i/PLCLK[0]
                         net (fo=1, routed)           0.181     0.181    pccx_v002_system_i/zynq_ps/inst/pl_clk_unbuffered[0]
    BUFG_PS_X0Y90        BUFG_PS (Prop_BUFG_PS_I_O)
                                                      0.035     0.216 r  pccx_v002_system_i/zynq_ps/inst/buffer_pl_clk_0.PL_CLK_0_BUFG/O
    X1Y1 (CLOCK_ROOT)    net (fo=82020, routed)       2.920     3.136    pccx_v002_system_i/sc_axil/inst/m06_nodes/m06_ar_node/inst/s_sc_xpm_cdc_async_rst_inst/dest_clk
    SLICE_X14Y71         FDCE                                         r  pccx_v002_system_i/sc_axil/inst/m06_nodes/m06_ar_node/inst/s_sc_xpm_cdc_async_rst_inst/arststages_ff_reg[2]/C

Slack:                    inf
  Source:                 pccx_v002_system_i/sc_axil/inst/clk_map/psr_aclk/U0/ACTIVE_LOW_BSR_OUT_DFF[0].FDRE_BSR_N/C
                            (rising edge-triggered cell FDRE clocked by clk_pl_0  {rise@0.000ns fall@5.000ns period=10.000ns})
  Destination:            pccx_v002_system_i/sc_axil/inst/s00_nodes/s00_r_node/inst/s_sc_xpm_cdc_async_rst_inst/arststages_ff_reg[0]/CLR
                            (recovery check against rising-edge clock clk_pl_0  {rise@0.000ns fall@5.000ns period=10.000ns})
  Path Group:             (none)
  Path Type:              Recovery (Max at Slow Process Corner)
  Data Path Delay:        3.554ns  (logic 0.113ns (3.180%)  route 3.441ns (96.820%))
  Logic Levels:           0  
  Clock Path Skew:        -0.322ns (DCD - SCD + CPR)
    Destination Clock Delay (DCD):    3.196ns
    Source Clock Delay      (SCD):    3.518ns
    Clock Pessimism Removal (CPR):    0.000ns
  Clock Uncertainty:      0.160ns  ((TSJ^2 + DJ^2)^1/2) / 2 + PE
    Total System Jitter     (TSJ):    0.071ns
    Discrete Jitter          (DJ):    0.312ns
    Phase Error              (PE):    0.000ns
  Clock Net Delay (Source):      3.251ns (routing 1.681ns, distribution 1.570ns)
  Clock Net Delay (Destination): 2.980ns (routing 1.538ns, distribution 1.442ns)
  Timing Exception:       False Path

    Location             Delay type                Incr(ns)  Path(ns)    Netlist Resource(s)
  -------------------------------------------------------------------    -------------------
                         (clock clk_pl_0 rise edge)
                                                      0.000     0.000 r  
    PS8_X0Y0             PS8                          0.000     0.000 r  pccx_v002_system_i/zynq_ps/inst/PS8_i/PLCLK[0]
                         net (fo=1, routed)           0.229     0.229    pccx_v002_system_i/zynq_ps/inst/pl_clk_unbuffered[0]
    BUFG_PS_X0Y90        BUFG_PS (Prop_BUFG_PS_I_O)
                                                      0.038     0.267 r  pccx_v002_system_i/zynq_ps/inst/buffer_pl_clk_0.PL_CLK_0_BUFG/O
    X1Y1 (CLOCK_ROOT)    net (fo=82020, routed)       3.251     3.518    pccx_v002_system_i/sc_axil/inst/clk_map/psr_aclk/U0/aclk
    SLICE_X18Y233        FDRE                                         r  pccx_v002_system_i/sc_axil/inst/clk_map/psr_aclk/U0/ACTIVE_LOW_BSR_OUT_DFF[0].FDRE_BSR_N/C
  -------------------------------------------------------------------    -------------------
    SLICE_X18Y233        FDRE (Prop_EFF_SLICEM_C_Q)
                                                      0.113     3.631 r  pccx_v002_system_i/sc_axil/inst/clk_map/psr_aclk/U0/ACTIVE_LOW_BSR_OUT_DFF[0].FDRE_BSR_N/Q
                         net (fo=150, routed)         3.441     7.072    pccx_v002_system_i/sc_axil/inst/s00_nodes/s00_r_node/inst/s_sc_xpm_cdc_async_rst_inst/src_arst
    SLICE_X10Y120        FDCE                                         f  pccx_v002_system_i/sc_axil/inst/s00_nodes/s00_r_node/inst/s_sc_xpm_cdc_async_rst_inst/arststages_ff_reg[0]/CLR  (IS_INVERTED)
  -------------------------------------------------------------------    -------------------

                         (clock clk_pl_0 rise edge)
                                                      0.000     0.000 r  
    PS8_X0Y0             PS8                          0.000     0.000 r  pccx_v002_system_i/zynq_ps/inst/PS8_i/PLCLK[0]
                         net (fo=1, routed)           0.181     0.181    pccx_v002_system_i/zynq_ps/inst/pl_clk_unbuffered[0]
    BUFG_PS_X0Y90        BUFG_PS (Prop_BUFG_PS_I_O)
                                                      0.035     0.216 r  pccx_v002_system_i/zynq_ps/inst/buffer_pl_clk_0.PL_CLK_0_BUFG/O
    X1Y1 (CLOCK_ROOT)    net (fo=82020, routed)       2.980     3.196    pccx_v002_system_i/sc_axil/inst/s00_nodes/s00_r_node/inst/s_sc_xpm_cdc_async_rst_inst/dest_clk
    SLICE_X10Y120        FDCE                                         r  pccx_v002_system_i/sc_axil/inst/s00_nodes/s00_r_node/inst/s_sc_xpm_cdc_async_rst_inst/arststages_ff_reg[0]/C

Slack:                    inf
  Source:                 pccx_v002_system_i/sc_axil/inst/clk_map/psr_aclk/U0/ACTIVE_LOW_BSR_OUT_DFF[0].FDRE_BSR_N/C
                            (rising edge-triggered cell FDRE clocked by clk_pl_0  {rise@0.000ns fall@5.000ns period=10.000ns})
  Destination:            pccx_v002_system_i/sc_axil/inst/s00_nodes/s00_r_node/inst/s_sc_xpm_cdc_async_rst_inst/arststages_ff_reg[1]/CLR
                            (recovery check against rising-edge clock clk_pl_0  {rise@0.000ns fall@5.000ns period=10.000ns})
  Path Group:             (none)
  Path Type:              Recovery (Max at Slow Process Corner)
  Data Path Delay:        3.554ns  (logic 0.113ns (3.180%)  route 3.441ns (96.820%))
  Logic Levels:           0  
  Clock Path Skew:        -0.322ns (DCD - SCD + CPR)
    Destination Clock Delay (DCD):    3.196ns
    Source Clock Delay      (SCD):    3.518ns
    Clock Pessimism Removal (CPR):    0.000ns
  Clock Uncertainty:      0.160ns  ((TSJ^2 + DJ^2)^1/2) / 2 + PE
    Total System Jitter     (TSJ):    0.071ns
    Discrete Jitter          (DJ):    0.312ns
    Phase Error              (PE):    0.000ns
  Clock Net Delay (Source):      3.251ns (routing 1.681ns, distribution 1.570ns)
  Clock Net Delay (Destination): 2.980ns (routing 1.538ns, distribution 1.442ns)
  Timing Exception:       False Path

    Location             Delay type                Incr(ns)  Path(ns)    Netlist Resource(s)
  -------------------------------------------------------------------    -------------------
                         (clock clk_pl_0 rise edge)
                                                      0.000     0.000 r  
    PS8_X0Y0             PS8                          0.000     0.000 r  pccx_v002_system_i/zynq_ps/inst/PS8_i/PLCLK[0]
                         net (fo=1, routed)           0.229     0.229    pccx_v002_system_i/zynq_ps/inst/pl_clk_unbuffered[0]
    BUFG_PS_X0Y90        BUFG_PS (Prop_BUFG_PS_I_O)
                                                      0.038     0.267 r  pccx_v002_system_i/zynq_ps/inst/buffer_pl_clk_0.PL_CLK_0_BUFG/O
    X1Y1 (CLOCK_ROOT)    net (fo=82020, routed)       3.251     3.518    pccx_v002_system_i/sc_axil/inst/clk_map/psr_aclk/U0/aclk
    SLICE_X18Y233        FDRE                                         r  pccx_v002_system_i/sc_axil/inst/clk_map/psr_aclk/U0/ACTIVE_LOW_BSR_OUT_DFF[0].FDRE_BSR_N/C
  -------------------------------------------------------------------    -------------------
    SLICE_X18Y233        FDRE (Prop_EFF_SLICEM_C_Q)
                                                      0.113     3.631 r  pccx_v002_system_i/sc_axil/inst/clk_map/psr_aclk/U0/ACTIVE_LOW_BSR_OUT_DFF[0].FDRE_BSR_N/Q
                         net (fo=150, routed)         3.441     7.072    pccx_v002_system_i/sc_axil/inst/s00_nodes/s00_r_node/inst/s_sc_xpm_cdc_async_rst_inst/src_arst
    SLICE_X10Y120        FDCE                                         f  pccx_v002_system_i/sc_axil/inst/s00_nodes/s00_r_node/inst/s_sc_xpm_cdc_async_rst_inst/arststages_ff_reg[1]/CLR  (IS_INVERTED)
  -------------------------------------------------------------------    -------------------

                         (clock clk_pl_0 rise edge)
                                                      0.000     0.000 r  
    PS8_X0Y0             PS8                          0.000     0.000 r  pccx_v002_system_i/zynq_ps/inst/PS8_i/PLCLK[0]
                         net (fo=1, routed)           0.181     0.181    pccx_v002_system_i/zynq_ps/inst/pl_clk_unbuffered[0]
    BUFG_PS_X0Y90        BUFG_PS (Prop_BUFG_PS_I_O)
                                                      0.035     0.216 r  pccx_v002_system_i/zynq_ps/inst/buffer_pl_clk_0.PL_CLK_0_BUFG/O
    X1Y1 (CLOCK_ROOT)    net (fo=82020, routed)       2.980     3.196    pccx_v002_system_i/sc_axil/inst/s00_nodes/s00_r_node/inst/s_sc_xpm_cdc_async_rst_inst/dest_clk
    SLICE_X10Y120        FDCE                                         r  pccx_v002_system_i/sc_axil/inst/s00_nodes/s00_r_node/inst/s_sc_xpm_cdc_async_rst_inst/arststages_ff_reg[1]/C





Min Delay Paths
--------------------------------------------------------------------------------------
Slack:                    inf
  Source:                 pccx_v002_system_i/u_npu/inst/u_wrap/u_pccx_npu_top/u_mem_dispatcher/u_l2_cache/u_acp_cdc/u_acp_rx_fifo/gnuram_async_fifo.xpm_fifo_base_inst/xpm_fifo_rst_inst/gen_rst_ic.fifo_wr_rst_ic_reg/C
                            (rising edge-triggered cell FDRE clocked by clk_pl_0  {rise@0.000ns fall@5.000ns period=10.000ns})
  Destination:            pccx_v002_system_i/u_npu/inst/u_wrap/u_pccx_npu_top/u_mem_dispatcher/u_l2_cache/u_acp_cdc/u_acp_rx_fifo/gnuram_async_fifo.xpm_fifo_base_inst/xpm_fifo_rst_inst/gen_rst_ic.wrst_rd_inst/syncstages_ff_reg[0]/D
                            (rising edge-triggered cell FDRE clocked by clk_pl_0  {rise@0.000ns fall@5.000ns period=10.000ns})
  Path Group:             (none)
  Path Type:              Hold (Min at Fast Process Corner)
  Data Path Delay:        0.122ns  (logic 0.084ns (68.774%)  route 0.038ns (31.226%))
  Logic Levels:           0  
  Clock Path Skew:        0.196ns (DCD - SCD - CPR)
    Destination Clock Delay (DCD):    2.000ns
    Source Clock Delay      (SCD):    1.804ns
    Clock Pessimism Removal (CPR):    -0.000ns
  Clock Uncertainty:      0.160ns  ((TSJ^2 + DJ^2)^1/2) / 2 + PE
    Total System Jitter     (TSJ):    0.071ns
    Discrete Jitter          (DJ):    0.312ns
    Phase Error              (PE):    0.000ns
  Clock Net Delay (Source):      1.653ns (routing 0.940ns, distribution 0.713ns)
  Clock Net Delay (Destination): 1.813ns (routing 1.033ns, distribution 0.780ns)
  Timing Exception:       False Path

    Location             Delay type                Incr(ns)  Path(ns)    Netlist Resource(s)
  -------------------------------------------------------------------    -------------------
                         (clock clk_pl_0 rise edge)
                                                      0.000     0.000 r  
    PS8_X0Y0             PS8                          0.000     0.000 r  pccx_v002_system_i/zynq_ps/inst/PS8_i/PLCLK[0]
                         net (fo=1, routed)           0.129     0.129    pccx_v002_system_i/zynq_ps/inst/pl_clk_unbuffered[0]
    BUFG_PS_X0Y90        BUFG_PS (Prop_BUFG_PS_I_O)
                                                      0.022     0.151 r  pccx_v002_system_i/zynq_ps/inst/buffer_pl_clk_0.PL_CLK_0_BUFG/O
    X1Y1 (CLOCK_ROOT)    net (fo=82020, routed)       1.653     1.804    pccx_v002_system_i/u_npu/inst/u_wrap/u_pccx_npu_top/u_mem_dispatcher/u_l2_cache/u_acp_cdc/u_acp_rx_fifo/gnuram_async_fifo.xpm_fifo_base_inst/xpm_fifo_rst_inst/wr_clk
    SLICE_X39Y114        FDRE                                         r  pccx_v002_system_i/u_npu/inst/u_wrap/u_pccx_npu_top/u_mem_dispatcher/u_l2_cache/u_acp_cdc/u_acp_rx_fifo/gnuram_async_fifo.xpm_fifo_base_inst/xpm_fifo_rst_inst/gen_rst_ic.fifo_wr_rst_ic_reg/C
  -------------------------------------------------------------------    -------------------
    SLICE_X39Y114        FDRE (Prop_BFF_SLICEL_C_Q)
                                                      0.084     1.888 r  pccx_v002_system_i/u_npu/inst/u_wrap/u_pccx_npu_top/u_mem_dispatcher/u_l2_cache/u_acp_cdc/u_acp_rx_fifo/gnuram_async_fifo.xpm_fifo_base_inst/xpm_fifo_rst_inst/gen_rst_ic.fifo_wr_rst_ic_reg/Q
                         net (fo=2, routed)           0.038     1.926    pccx_v002_system_i/u_npu/inst/u_wrap/u_pccx_npu_top/u_mem_dispatcher/u_l2_cache/u_acp_cdc/u_acp_rx_fifo/gnuram_async_fifo.xpm_fifo_base_inst/xpm_fifo_rst_inst/gen_rst_ic.wrst_rd_inst/src_rst
    SLICE_X39Y114        FDRE                                         r  pccx_v002_system_i/u_npu/inst/u_wrap/u_pccx_npu_top/u_mem_dispatcher/u_l2_cache/u_acp_cdc/u_acp_rx_fifo/gnuram_async_fifo.xpm_fifo_base_inst/xpm_fifo_rst_inst/gen_rst_ic.wrst_rd_inst/syncstages_ff_reg[0]/D
  -------------------------------------------------------------------    -------------------

                         (clock clk_pl_0 rise edge)
                                                      0.000     0.000 r  
    PS8_X0Y0             PS8                          0.000     0.000 r  pccx_v002_system_i/zynq_ps/inst/PS8_i/PLCLK[0]
                         net (fo=1, routed)           0.164     0.164    pccx_v002_system_i/zynq_ps/inst/pl_clk_unbuffered[0]
    BUFG_PS_X0Y90        BUFG_PS (Prop_BUFG_PS_I_O)
                                                      0.023     0.187 r  pccx_v002_system_i/zynq_ps/inst/buffer_pl_clk_0.PL_CLK_0_BUFG/O
    X1Y1 (CLOCK_ROOT)    net (fo=82020, routed)       1.813     2.000    pccx_v002_system_i/u_npu/inst/u_wrap/u_pccx_npu_top/u_mem_dispatcher/u_l2_cache/u_acp_cdc/u_acp_rx_fifo/gnuram_async_fifo.xpm_fifo_base_inst/xpm_fifo_rst_inst/gen_rst_ic.wrst_rd_inst/dest_clk
    SLICE_X39Y114        FDRE                                         r  pccx_v002_system_i/u_npu/inst/u_wrap/u_pccx_npu_top/u_mem_dispatcher/u_l2_cache/u_acp_cdc/u_acp_rx_fifo/gnuram_async_fifo.xpm_fifo_base_inst/xpm_fifo_rst_inst/gen_rst_ic.wrst_rd_inst/syncstages_ff_reg[0]/C

Slack:                    inf
  Source:                 pccx_v002_system_i/u_npu/inst/u_wrap/u_pccx_npu_top/u_HP_buffer/u_hp1_weight_fifo/xpm_fifo_base_inst/xpm_fifo_rst_inst/gen_rst_ic.fifo_wr_rst_ic_reg/C
                            (rising edge-triggered cell FDRE clocked by clk_pl_0  {rise@0.000ns fall@5.000ns period=10.000ns})
  Destination:            pccx_v002_system_i/u_npu/inst/u_wrap/u_pccx_npu_top/u_HP_buffer/u_hp1_weight_fifo/xpm_fifo_base_inst/xpm_fifo_rst_inst/gen_rst_ic.wrst_rd_inst/syncstages_ff_reg[0]/D
                            (rising edge-triggered cell FDRE clocked by clk_pl_0  {rise@0.000ns fall@5.000ns period=10.000ns})
  Path Group:             (none)
  Path Type:              Hold (Min at Fast Process Corner)
  Data Path Delay:        0.130ns  (logic 0.083ns (63.762%)  route 0.047ns (36.238%))
  Logic Levels:           0  
  Clock Path Skew:        0.190ns (DCD - SCD - CPR)
    Destination Clock Delay (DCD):    2.001ns
    Source Clock Delay      (SCD):    1.812ns
    Clock Pessimism Removal (CPR):    -0.000ns
  Clock Uncertainty:      0.160ns  ((TSJ^2 + DJ^2)^1/2) / 2 + PE
    Total System Jitter     (TSJ):    0.071ns
    Discrete Jitter          (DJ):    0.312ns
    Phase Error              (PE):    0.000ns
  Clock Net Delay (Source):      1.661ns (routing 0.940ns, distribution 0.721ns)
  Clock Net Delay (Destination): 1.814ns (routing 1.033ns, distribution 0.781ns)
  Timing Exception:       False Path

    Location             Delay type                Incr(ns)  Path(ns)    Netlist Resource(s)
  -------------------------------------------------------------------    -------------------
                         (clock clk_pl_0 rise edge)
                                                      0.000     0.000 r  
    PS8_X0Y0             PS8                          0.000     0.000 r  pccx_v002_system_i/zynq_ps/inst/PS8_i/PLCLK[0]
                         net (fo=1, routed)           0.129     0.129    pccx_v002_system_i/zynq_ps/inst/pl_clk_unbuffered[0]
    BUFG_PS_X0Y90        BUFG_PS (Prop_BUFG_PS_I_O)
                                                      0.022     0.151 r  pccx_v002_system_i/zynq_ps/inst/buffer_pl_clk_0.PL_CLK_0_BUFG/O
    X1Y1 (CLOCK_ROOT)    net (fo=82020, routed)       1.661     1.812    pccx_v002_system_i/u_npu/inst/u_wrap/u_pccx_npu_top/u_HP_buffer/u_hp1_weight_fifo/xpm_fifo_base_inst/xpm_fifo_rst_inst/wr_clk
    SLICE_X34Y19         FDRE                                         r  pccx_v002_system_i/u_npu/inst/u_wrap/u_pccx_npu_top/u_HP_buffer/u_hp1_weight_fifo/xpm_fifo_base_inst/xpm_fifo_rst_inst/gen_rst_ic.fifo_wr_rst_ic_reg/C
  -------------------------------------------------------------------    -------------------
    SLICE_X34Y19         FDRE (Prop_DFF_SLICEM_C_Q)
                                                      0.083     1.895 r  pccx_v002_system_i/u_npu/inst/u_wrap/u_pccx_npu_top/u_HP_buffer/u_hp1_weight_fifo/xpm_fifo_base_inst/xpm_fifo_rst_inst/gen_rst_ic.fifo_wr_rst_ic_reg/Q
                         net (fo=2, routed)           0.047     1.942    pccx_v002_system_i/u_npu/inst/u_wrap/u_pccx_npu_top/u_HP_buffer/u_hp1_weight_fifo/xpm_fifo_base_inst/xpm_fifo_rst_inst/gen_rst_ic.wrst_rd_inst/src_rst
    SLICE_X34Y19         FDRE                                         r  pccx_v002_system_i/u_npu/inst/u_wrap/u_pccx_npu_top/u_HP_buffer/u_hp1_weight_fifo/xpm_fifo_base_inst/xpm_fifo_rst_inst/gen_rst_ic.wrst_rd_inst/syncstages_ff_reg[0]/D
  -------------------------------------------------------------------    -------------------

                         (clock clk_pl_0 rise edge)
                                                      0.000     0.000 r  
    PS8_X0Y0             PS8                          0.000     0.000 r  pccx_v002_system_i/zynq_ps/inst/PS8_i/PLCLK[0]
                         net (fo=1, routed)           0.164     0.164    pccx_v002_system_i/zynq_ps/inst/pl_clk_unbuffered[0]
    BUFG_PS_X0Y90        BUFG_PS (Prop_BUFG_PS_I_O)
                                                      0.023     0.187 r  pccx_v002_system_i/zynq_ps/inst/buffer_pl_clk_0.PL_CLK_0_BUFG/O
    X1Y1 (CLOCK_ROOT)    net (fo=82020, routed)       1.814     2.001    pccx_v002_system_i/u_npu/inst/u_wrap/u_pccx_npu_top/u_HP_buffer/u_hp1_weight_fifo/xpm_fifo_base_inst/xpm_fifo_rst_inst/gen_rst_ic.wrst_rd_inst/dest_clk
    SLICE_X34Y19         FDRE                                         r  pccx_v002_system_i/u_npu/inst/u_wrap/u_pccx_npu_top/u_HP_buffer/u_hp1_weight_fifo/xpm_fifo_base_inst/xpm_fifo_rst_inst/gen_rst_ic.wrst_rd_inst/syncstages_ff_reg[0]/C

Slack:                    inf
  Source:                 pccx_v002_system_i/u_npu/inst/u_wrap/u_pccx_npu_top/u_HP_buffer/u_hp2_weight_fifo/xpm_fifo_base_inst/xpm_fifo_rst_inst/gen_rst_ic.fifo_wr_rst_ic_reg/C
                            (rising edge-triggered cell FDRE clocked by clk_pl_0  {rise@0.000ns fall@5.000ns period=10.000ns})
  Destination:            pccx_v002_system_i/u_npu/inst/u_wrap/u_pccx_npu_top/u_HP_buffer/u_hp2_weight_fifo/xpm_fifo_base_inst/xpm_fifo_rst_inst/gen_rst_ic.wrst_rd_inst/syncstages_ff_reg[0]/D
                            (rising edge-triggered cell FDRE clocked by clk_pl_0  {rise@0.000ns fall@5.000ns period=10.000ns})
  Path Group:             (none)
  Path Type:              Hold (Min at Fast Process Corner)
  Data Path Delay:        0.122ns  (logic 0.084ns (68.858%)  route 0.038ns (31.142%))
  Logic Levels:           0  
  Clock Path Skew:        0.190ns (DCD - SCD - CPR)
    Destination Clock Delay (DCD):    2.036ns
    Source Clock Delay      (SCD):    1.846ns
    Clock Pessimism Removal (CPR):    -0.000ns
  Clock Uncertainty:      0.160ns  ((TSJ^2 + DJ^2)^1/2) / 2 + PE
    Total System Jitter     (TSJ):    0.071ns
    Discrete Jitter          (DJ):    0.312ns
    Phase Error              (PE):    0.000ns
  Clock Net Delay (Source):      1.695ns (routing 0.940ns, distribution 0.755ns)
  Clock Net Delay (Destination): 1.849ns (routing 1.033ns, distribution 0.816ns)
  Timing Exception:       False Path

    Location             Delay type                Incr(ns)  Path(ns)    Netlist Resource(s)
  -------------------------------------------------------------------    -------------------
                         (clock clk_pl_0 rise edge)
                                                      0.000     0.000 r  
    PS8_X0Y0             PS8                          0.000     0.000 r  pccx_v002_system_i/zynq_ps/inst/PS8_i/PLCLK[0]
                         net (fo=1, routed)           0.129     0.129    pccx_v002_system_i/zynq_ps/inst/pl_clk_unbuffered[0]
    BUFG_PS_X0Y90        BUFG_PS (Prop_BUFG_PS_I_O)
                                                      0.022     0.151 r  pccx_v002_system_i/zynq_ps/inst/buffer_pl_clk_0.PL_CLK_0_BUFG/O
    X1Y1 (CLOCK_ROOT)    net (fo=82020, routed)       1.695     1.846    pccx_v002_system_i/u_npu/inst/u_wrap/u_pccx_npu_top/u_HP_buffer/u_hp2_weight_fifo/xpm_fifo_base_inst/xpm_fifo_rst_inst/wr_clk
    SLICE_X36Y205        FDRE                                         r  pccx_v002_system_i/u_npu/inst/u_wrap/u_pccx_npu_top/u_HP_buffer/u_hp2_weight_fifo/xpm_fifo_base_inst/xpm_fifo_rst_inst/gen_rst_ic.fifo_wr_rst_ic_reg/C
  -------------------------------------------------------------------    -------------------
    SLICE_X36Y205        FDRE (Prop_DFF_SLICEL_C_Q)
                                                      0.084     1.930 r  pccx_v002_system_i/u_npu/inst/u_wrap/u_pccx_npu_top/u_HP_buffer/u_hp2_weight_fifo/xpm_fifo_base_inst/xpm_fifo_rst_inst/gen_rst_ic.fifo_wr_rst_ic_reg/Q
                         net (fo=2, routed)           0.038     1.968    pccx_v002_system_i/u_npu/inst/u_wrap/u_pccx_npu_top/u_HP_buffer/u_hp2_weight_fifo/xpm_fifo_base_inst/xpm_fifo_rst_inst/gen_rst_ic.wrst_rd_inst/src_rst
    SLICE_X36Y205        FDRE                                         r  pccx_v002_system_i/u_npu/inst/u_wrap/u_pccx_npu_top/u_HP_buffer/u_hp2_weight_fifo/xpm_fifo_base_inst/xpm_fifo_rst_inst/gen_rst_ic.wrst_rd_inst/syncstages_ff_reg[0]/D
  -------------------------------------------------------------------    -------------------

                         (clock clk_pl_0 rise edge)
                                                      0.000     0.000 r  
    PS8_X0Y0             PS8                          0.000     0.000 r  pccx_v002_system_i/zynq_ps/inst/PS8_i/PLCLK[0]
                         net (fo=1, routed)           0.164     0.164    pccx_v002_system_i/zynq_ps/inst/pl_clk_unbuffered[0]
    BUFG_PS_X0Y90        BUFG_PS (Prop_BUFG_PS_I_O)
                                                      0.023     0.187 r  pccx_v002_system_i/zynq_ps/inst/buffer_pl_clk_0.PL_CLK_0_BUFG/O
    X1Y1 (CLOCK_ROOT)    net (fo=82020, routed)       1.849     2.036    pccx_v002_system_i/u_npu/inst/u_wrap/u_pccx_npu_top/u_HP_buffer/u_hp2_weight_fifo/xpm_fifo_base_inst/xpm_fifo_rst_inst/gen_rst_ic.wrst_rd_inst/dest_clk
    SLICE_X36Y205        FDRE                                         r  pccx_v002_system_i/u_npu/inst/u_wrap/u_pccx_npu_top/u_HP_buffer/u_hp2_weight_fifo/xpm_fifo_base_inst/xpm_fifo_rst_inst/gen_rst_ic.wrst_rd_inst/syncstages_ff_reg[0]/C

Slack:                    inf
  Source:                 pccx_v002_system_i/u_npu/inst/u_wrap/u_pccx_npu_top/u_mem_dispatcher/u_l2_cache/u_acp_cdc/u_acp_tx_fifo/gnuram_async_fifo.xpm_fifo_base_inst/xpm_fifo_rst_inst/gen_rst_ic.fifo_rd_rst_ic_reg/C
                            (rising edge-triggered cell FDRE clocked by clk_pl_0  {rise@0.000ns fall@5.000ns period=10.000ns})
  Destination:            pccx_v002_system_i/u_npu/inst/u_wrap/u_pccx_npu_top/u_mem_dispatcher/u_l2_cache/u_acp_cdc/u_acp_tx_fifo/gnuram_async_fifo.xpm_fifo_base_inst/xpm_fifo_rst_inst/gen_rst_ic.rrst_wr_inst/syncstages_ff_reg[0]/D
                            (rising edge-triggered cell FDRE clocked by clk_pl_0  {rise@0.000ns fall@5.000ns period=10.000ns})
  Path Group:             (none)
  Path Type:              Hold (Min at Fast Process Corner)
  Data Path Delay:        0.148ns  (logic 0.084ns (56.897%)  route 0.064ns (43.103%))
  Logic Levels:           0  
  Clock Path Skew:        0.203ns (DCD - SCD - CPR)
    Destination Clock Delay (DCD):    2.039ns
    Source Clock Delay      (SCD):    1.836ns
    Clock Pessimism Removal (CPR):    -0.000ns
  Clock Uncertainty:      0.160ns  ((TSJ^2 + DJ^2)^1/2) / 2 + PE
    Total System Jitter     (TSJ):    0.071ns
    Discrete Jitter          (DJ):    0.312ns
    Phase Error              (PE):    0.000ns
  Clock Net Delay (Source):      1.685ns (routing 0.940ns, distribution 0.745ns)
  Clock Net Delay (Destination): 1.852ns (routing 1.033ns, distribution 0.819ns)
  Timing Exception:       False Path

    Location             Delay type                Incr(ns)  Path(ns)    Netlist Resource(s)
  -------------------------------------------------------------------    -------------------
                         (clock clk_pl_0 rise edge)
                                                      0.000     0.000 r  
    PS8_X0Y0             PS8                          0.000     0.000 r  pccx_v002_system_i/zynq_ps/inst/PS8_i/PLCLK[0]
                         net (fo=1, routed)           0.129     0.129    pccx_v002_system_i/zynq_ps/inst/pl_clk_unbuffered[0]
    BUFG_PS_X0Y90        BUFG_PS (Prop_BUFG_PS_I_O)
                                                      0.022     0.151 r  pccx_v002_system_i/zynq_ps/inst/buffer_pl_clk_0.PL_CLK_0_BUFG/O
    X1Y1 (CLOCK_ROOT)    net (fo=82020, routed)       1.685     1.836    pccx_v002_system_i/u_npu/inst/u_wrap/u_pccx_npu_top/u_mem_dispatcher/u_l2_cache/u_acp_cdc/u_acp_tx_fifo/gnuram_async_fifo.xpm_fifo_base_inst/xpm_fifo_rst_inst/rd_clk
    SLICE_X30Y155        FDRE                                         r  pccx_v002_system_i/u_npu/inst/u_wrap/u_pccx_npu_top/u_mem_dispatcher/u_l2_cache/u_acp_cdc/u_acp_tx_fifo/gnuram_async_fifo.xpm_fifo_base_inst/xpm_fifo_rst_inst/gen_rst_ic.fifo_rd_rst_ic_reg/C
  -------------------------------------------------------------------    -------------------
    SLICE_X30Y155        FDRE (Prop_AFF_SLICEL_C_Q)
                                                      0.084     1.920 r  pccx_v002_system_i/u_npu/inst/u_wrap/u_pccx_npu_top/u_mem_dispatcher/u_l2_cache/u_acp_cdc/u_acp_tx_fifo/gnuram_async_fifo.xpm_fifo_base_inst/xpm_fifo_rst_inst/gen_rst_ic.fifo_rd_rst_ic_reg/Q
                         net (fo=42, routed)          0.064     1.983    pccx_v002_system_i/u_npu/inst/u_wrap/u_pccx_npu_top/u_mem_dispatcher/u_l2_cache/u_acp_cdc/u_acp_tx_fifo/gnuram_async_fifo.xpm_fifo_base_inst/xpm_fifo_rst_inst/gen_rst_ic.rrst_wr_inst/src_rst
    SLICE_X30Y155        FDRE                                         r  pccx_v002_system_i/u_npu/inst/u_wrap/u_pccx_npu_top/u_mem_dispatcher/u_l2_cache/u_acp_cdc/u_acp_tx_fifo/gnuram_async_fifo.xpm_fifo_base_inst/xpm_fifo_rst_inst/gen_rst_ic.rrst_wr_inst/syncstages_ff_reg[0]/D
  -------------------------------------------------------------------    -------------------

                         (clock clk_pl_0 rise edge)
                                                      0.000     0.000 r  
    PS8_X0Y0             PS8                          0.000     0.000 r  pccx_v002_system_i/zynq_ps/inst/PS8_i/PLCLK[0]
                         net (fo=1, routed)           0.164     0.164    pccx_v002_system_i/zynq_ps/inst/pl_clk_unbuffered[0]
    BUFG_PS_X0Y90        BUFG_PS (Prop_BUFG_PS_I_O)
                                                      0.023     0.187 r  pccx_v002_system_i/zynq_ps/inst/buffer_pl_clk_0.PL_CLK_0_BUFG/O
    X1Y1 (CLOCK_ROOT)    net (fo=82020, routed)       1.852     2.039    pccx_v002_system_i/u_npu/inst/u_wrap/u_pccx_npu_top/u_mem_dispatcher/u_l2_cache/u_acp_cdc/u_acp_tx_fifo/gnuram_async_fifo.xpm_fifo_base_inst/xpm_fifo_rst_inst/gen_rst_ic.rrst_wr_inst/dest_clk
    SLICE_X30Y155        FDRE                                         r  pccx_v002_system_i/u_npu/inst/u_wrap/u_pccx_npu_top/u_mem_dispatcher/u_l2_cache/u_acp_cdc/u_acp_tx_fifo/gnuram_async_fifo.xpm_fifo_base_inst/xpm_fifo_rst_inst/gen_rst_ic.rrst_wr_inst/syncstages_ff_reg[0]/C

Slack:                    inf
  Source:                 pccx_v002_system_i/u_npu/inst/u_wrap/u_pccx_npu_top/u_mem_dispatcher/u_l2_cache/u_acp_cdc/u_acp_rx_fifo/gnuram_async_fifo.xpm_fifo_base_inst/xpm_fifo_rst_inst/gen_rst_ic.fifo_rd_rst_ic_reg/C
                            (rising edge-triggered cell FDRE clocked by clk_pl_0  {rise@0.000ns fall@5.000ns period=10.000ns})
  Destination:            pccx_v002_system_i/u_npu/inst/u_wrap/u_pccx_npu_top/u_mem_dispatcher/u_l2_cache/u_acp_cdc/u_acp_rx_fifo/gnuram_async_fifo.xpm_fifo_base_inst/xpm_fifo_rst_inst/gen_rst_ic.rrst_wr_inst/syncstages_ff_reg[0]/D
                            (rising edge-triggered cell FDRE clocked by clk_pl_0  {rise@0.000ns fall@5.000ns period=10.000ns})
  Path Group:             (none)
  Path Type:              Hold (Min at Fast Process Corner)
  Data Path Delay:        0.187ns  (logic 0.084ns (45.007%)  route 0.103ns (54.993%))
  Logic Levels:           0  
  Clock Path Skew:        0.196ns (DCD - SCD - CPR)
    Destination Clock Delay (DCD):    2.000ns
    Source Clock Delay      (SCD):    1.804ns
    Clock Pessimism Removal (CPR):    -0.000ns
  Clock Uncertainty:      0.160ns  ((TSJ^2 + DJ^2)^1/2) / 2 + PE
    Total System Jitter     (TSJ):    0.071ns
    Discrete Jitter          (DJ):    0.312ns
    Phase Error              (PE):    0.000ns
  Clock Net Delay (Source):      1.653ns (routing 0.940ns, distribution 0.713ns)
  Clock Net Delay (Destination): 1.813ns (routing 1.033ns, distribution 0.780ns)
  Timing Exception:       False Path

    Location             Delay type                Incr(ns)  Path(ns)    Netlist Resource(s)
  -------------------------------------------------------------------    -------------------
                         (clock clk_pl_0 rise edge)
                                                      0.000     0.000 r  
    PS8_X0Y0             PS8                          0.000     0.000 r  pccx_v002_system_i/zynq_ps/inst/PS8_i/PLCLK[0]
                         net (fo=1, routed)           0.129     0.129    pccx_v002_system_i/zynq_ps/inst/pl_clk_unbuffered[0]
    BUFG_PS_X0Y90        BUFG_PS (Prop_BUFG_PS_I_O)
                                                      0.022     0.151 r  pccx_v002_system_i/zynq_ps/inst/buffer_pl_clk_0.PL_CLK_0_BUFG/O
    X1Y1 (CLOCK_ROOT)    net (fo=82020, routed)       1.653     1.804    pccx_v002_system_i/u_npu/inst/u_wrap/u_pccx_npu_top/u_mem_dispatcher/u_l2_cache/u_acp_cdc/u_acp_rx_fifo/gnuram_async_fifo.xpm_fifo_base_inst/xpm_fifo_rst_inst/rd_clk
    SLICE_X39Y113        FDRE                                         r  pccx_v002_system_i/u_npu/inst/u_wrap/u_pccx_npu_top/u_mem_dispatcher/u_l2_cache/u_acp_cdc/u_acp_rx_fifo/gnuram_async_fifo.xpm_fifo_base_inst/xpm_fifo_rst_inst/gen_rst_ic.fifo_rd_rst_ic_reg/C
  -------------------------------------------------------------------    -------------------
    SLICE_X39Y113        FDRE (Prop_BFF_SLICEL_C_Q)
                                                      0.084     1.888 r  pccx_v002_system_i/u_npu/inst/u_wrap/u_pccx_npu_top/u_mem_dispatcher/u_l2_cache/u_acp_cdc/u_acp_rx_fifo/gnuram_async_fifo.xpm_fifo_base_inst/xpm_fifo_rst_inst/gen_rst_ic.fifo_rd_rst_ic_reg/Q
                         net (fo=42, routed)          0.103     1.990    pccx_v002_system_i/u_npu/inst/u_wrap/u_pccx_npu_top/u_mem_dispatcher/u_l2_cache/u_acp_cdc/u_acp_rx_fifo/gnuram_async_fifo.xpm_fifo_base_inst/xpm_fifo_rst_inst/gen_rst_ic.rrst_wr_inst/src_rst
    SLICE_X39Y114        FDRE                                         r  pccx_v002_system_i/u_npu/inst/u_wrap/u_pccx_npu_top/u_mem_dispatcher/u_l2_cache/u_acp_cdc/u_acp_rx_fifo/gnuram_async_fifo.xpm_fifo_base_inst/xpm_fifo_rst_inst/gen_rst_ic.rrst_wr_inst/syncstages_ff_reg[0]/D
  -------------------------------------------------------------------    -------------------

                         (clock clk_pl_0 rise edge)
                                                      0.000     0.000 r  
    PS8_X0Y0             PS8                          0.000     0.000 r  pccx_v002_system_i/zynq_ps/inst/PS8_i/PLCLK[0]
                         net (fo=1, routed)           0.164     0.164    pccx_v002_system_i/zynq_ps/inst/pl_clk_unbuffered[0]
    BUFG_PS_X0Y90        BUFG_PS (Prop_BUFG_PS_I_O)
                                                      0.023     0.187 r  pccx_v002_system_i/zynq_ps/inst/buffer_pl_clk_0.PL_CLK_0_BUFG/O
    X1Y1 (CLOCK_ROOT)    net (fo=82020, routed)       1.813     2.000    pccx_v002_system_i/u_npu/inst/u_wrap/u_pccx_npu_top/u_mem_dispatcher/u_l2_cache/u_acp_cdc/u_acp_rx_fifo/gnuram_async_fifo.xpm_fifo_base_inst/xpm_fifo_rst_inst/gen_rst_ic.rrst_wr_inst/dest_clk
    SLICE_X39Y114        FDRE                                         r  pccx_v002_system_i/u_npu/inst/u_wrap/u_pccx_npu_top/u_mem_dispatcher/u_l2_cache/u_acp_cdc/u_acp_rx_fifo/gnuram_async_fifo.xpm_fifo_base_inst/xpm_fifo_rst_inst/gen_rst_ic.rrst_wr_inst/syncstages_ff_reg[0]/C

Slack:                    inf
  Source:                 pccx_v002_system_i/u_npu/inst/u_wrap/u_pccx_npu_top/u_mem_dispatcher/u_l2_cache/u_acp_cdc/u_acp_tx_fifo/gnuram_async_fifo.xpm_fifo_base_inst/xpm_fifo_rst_inst/gen_rst_ic.fifo_wr_rst_ic_reg/C
                            (rising edge-triggered cell FDRE clocked by clk_pl_0  {rise@0.000ns fall@5.000ns period=10.000ns})
  Destination:            pccx_v002_system_i/u_npu/inst/u_wrap/u_pccx_npu_top/u_mem_dispatcher/u_l2_cache/u_acp_cdc/u_acp_tx_fifo/gnuram_async_fifo.xpm_fifo_base_inst/xpm_fifo_rst_inst/gen_rst_ic.wrst_rd_inst/syncstages_ff_reg[0]/D
                            (rising edge-triggered cell FDRE clocked by clk_pl_0  {rise@0.000ns fall@5.000ns period=10.000ns})
  Path Group:             (none)
  Path Type:              Hold (Min at Fast Process Corner)
  Data Path Delay:        0.155ns  (logic 0.083ns (53.500%)  route 0.072ns (46.500%))
  Logic Levels:           0  
  Clock Path Skew:        0.201ns (DCD - SCD - CPR)
    Destination Clock Delay (DCD):    2.039ns
    Source Clock Delay      (SCD):    1.838ns
    Clock Pessimism Removal (CPR):    -0.000ns
  Clock Uncertainty:      0.160ns  ((TSJ^2 + DJ^2)^1/2) / 2 + PE
    Total System Jitter     (TSJ):    0.071ns
    Discrete Jitter          (DJ):    0.312ns
    Phase Error              (PE):    0.000ns
  Clock Net Delay (Source):      1.687ns (routing 0.940ns, distribution 0.747ns)
  Clock Net Delay (Destination): 1.852ns (routing 1.033ns, distribution 0.819ns)
  Timing Exception:       False Path

    Location             Delay type                Incr(ns)  Path(ns)    Netlist Resource(s)
  -------------------------------------------------------------------    -------------------
                         (clock clk_pl_0 rise edge)
                                                      0.000     0.000 r  
    PS8_X0Y0             PS8                          0.000     0.000 r  pccx_v002_system_i/zynq_ps/inst/PS8_i/PLCLK[0]
                         net (fo=1, routed)           0.129     0.129    pccx_v002_system_i/zynq_ps/inst/pl_clk_unbuffered[0]
    BUFG_PS_X0Y90        BUFG_PS (Prop_BUFG_PS_I_O)
                                                      0.022     0.151 r  pccx_v002_system_i/zynq_ps/inst/buffer_pl_clk_0.PL_CLK_0_BUFG/O
    X1Y1 (CLOCK_ROOT)    net (fo=82020, routed)       1.687     1.838    pccx_v002_system_i/u_npu/inst/u_wrap/u_pccx_npu_top/u_mem_dispatcher/u_l2_cache/u_acp_cdc/u_acp_tx_fifo/gnuram_async_fifo.xpm_fifo_base_inst/xpm_fifo_rst_inst/wr_clk
    SLICE_X30Y155        FDRE                                         r  pccx_v002_system_i/u_npu/inst/u_wrap/u_pccx_npu_top/u_mem_dispatcher/u_l2_cache/u_acp_cdc/u_acp_tx_fifo/gnuram_async_fifo.xpm_fifo_base_inst/xpm_fifo_rst_inst/gen_rst_ic.fifo_wr_rst_ic_reg/C
  -------------------------------------------------------------------    -------------------
    SLICE_X30Y155        FDRE (Prop_FFF_SLICEL_C_Q)
                                                      0.083     1.921 r  pccx_v002_system_i/u_npu/inst/u_wrap/u_pccx_npu_top/u_mem_dispatcher/u_l2_cache/u_acp_cdc/u_acp_tx_fifo/gnuram_async_fifo.xpm_fifo_base_inst/xpm_fifo_rst_inst/gen_rst_ic.fifo_wr_rst_ic_reg/Q
                         net (fo=2, routed)           0.072     1.993    pccx_v002_system_i/u_npu/inst/u_wrap/u_pccx_npu_top/u_mem_dispatcher/u_l2_cache/u_acp_cdc/u_acp_tx_fifo/gnuram_async_fifo.xpm_fifo_base_inst/xpm_fifo_rst_inst/gen_rst_ic.wrst_rd_inst/src_rst
    SLICE_X30Y155        FDRE                                         r  pccx_v002_system_i/u_npu/inst/u_wrap/u_pccx_npu_top/u_mem_dispatcher/u_l2_cache/u_acp_cdc/u_acp_tx_fifo/gnuram_async_fifo.xpm_fifo_base_inst/xpm_fifo_rst_inst/gen_rst_ic.wrst_rd_inst/syncstages_ff_reg[0]/D
  -------------------------------------------------------------------    -------------------

                         (clock clk_pl_0 rise edge)
                                                      0.000     0.000 r  
    PS8_X0Y0             PS8                          0.000     0.000 r  pccx_v002_system_i/zynq_ps/inst/PS8_i/PLCLK[0]
                         net (fo=1, routed)           0.164     0.164    pccx_v002_system_i/zynq_ps/inst/pl_clk_unbuffered[0]
    BUFG_PS_X0Y90        BUFG_PS (Prop_BUFG_PS_I_O)
                                                      0.023     0.187 r  pccx_v002_system_i/zynq_ps/inst/buffer_pl_clk_0.PL_CLK_0_BUFG/O
    X1Y1 (CLOCK_ROOT)    net (fo=82020, routed)       1.852     2.039    pccx_v002_system_i/u_npu/inst/u_wrap/u_pccx_npu_top/u_mem_dispatcher/u_l2_cache/u_acp_cdc/u_acp_tx_fifo/gnuram_async_fifo.xpm_fifo_base_inst/xpm_fifo_rst_inst/gen_rst_ic.wrst_rd_inst/dest_clk
    SLICE_X30Y155        FDRE                                         r  pccx_v002_system_i/u_npu/inst/u_wrap/u_pccx_npu_top/u_mem_dispatcher/u_l2_cache/u_acp_cdc/u_acp_tx_fifo/gnuram_async_fifo.xpm_fifo_base_inst/xpm_fifo_rst_inst/gen_rst_ic.wrst_rd_inst/syncstages_ff_reg[0]/C

Slack:                    inf
  Source:                 pccx_v002_system_i/u_npu/inst/u_wrap/u_pccx_npu_top/u_HP_buffer/u_hp1_weight_fifo/xpm_fifo_base_inst/xpm_fifo_rst_inst/gen_rst_ic.fifo_rd_rst_ic_reg/C
                            (rising edge-triggered cell FDRE clocked by clk_pl_0  {rise@0.000ns fall@5.000ns period=10.000ns})
  Destination:            pccx_v002_system_i/u_npu/inst/u_wrap/u_pccx_npu_top/u_HP_buffer/u_hp1_weight_fifo/xpm_fifo_base_inst/xpm_fifo_rst_inst/gen_rst_ic.rrst_wr_inst/syncstages_ff_reg[0]/D
                            (rising edge-triggered cell FDRE clocked by clk_pl_0  {rise@0.000ns fall@5.000ns period=10.000ns})
  Path Group:             (none)
  Path Type:              Hold (Min at Fast Process Corner)
  Data Path Delay:        0.194ns  (logic 0.082ns (42.331%)  route 0.112ns (57.669%))
  Logic Levels:           0  
  Clock Path Skew:        0.200ns (DCD - SCD - CPR)
    Destination Clock Delay (DCD):    2.007ns
    Source Clock Delay      (SCD):    1.808ns
    Clock Pessimism Removal (CPR):    -0.000ns
  Clock Uncertainty:      0.160ns  ((TSJ^2 + DJ^2)^1/2) / 2 + PE
    Total System Jitter     (TSJ):    0.071ns
    Discrete Jitter          (DJ):    0.312ns
    Phase Error              (PE):    0.000ns
  Clock Net Delay (Source):      1.657ns (routing 0.940ns, distribution 0.717ns)
  Clock Net Delay (Destination): 1.820ns (routing 1.033ns, distribution 0.787ns)
  Timing Exception:       False Path

    Location             Delay type                Incr(ns)  Path(ns)    Netlist Resource(s)
  -------------------------------------------------------------------    -------------------
                         (clock clk_pl_0 rise edge)
                                                      0.000     0.000 r  
    PS8_X0Y0             PS8                          0.000     0.000 r  pccx_v002_system_i/zynq_ps/inst/PS8_i/PLCLK[0]
                         net (fo=1, routed)           0.129     0.129    pccx_v002_system_i/zynq_ps/inst/pl_clk_unbuffered[0]
    BUFG_PS_X0Y90        BUFG_PS (Prop_BUFG_PS_I_O)
                                                      0.022     0.151 r  pccx_v002_system_i/zynq_ps/inst/buffer_pl_clk_0.PL_CLK_0_BUFG/O
    X1Y1 (CLOCK_ROOT)    net (fo=82020, routed)       1.657     1.808    pccx_v002_system_i/u_npu/inst/u_wrap/u_pccx_npu_top/u_HP_buffer/u_hp1_weight_fifo/xpm_fifo_base_inst/xpm_fifo_rst_inst/rd_clk
    SLICE_X34Y24         FDRE                                         r  pccx_v002_system_i/u_npu/inst/u_wrap/u_pccx_npu_top/u_HP_buffer/u_hp1_weight_fifo/xpm_fifo_base_inst/xpm_fifo_rst_inst/gen_rst_ic.fifo_rd_rst_ic_reg/C
  -------------------------------------------------------------------    -------------------
    SLICE_X34Y24         FDRE (Prop_BFF_SLICEM_C_Q)
                                                      0.082     1.890 r  pccx_v002_system_i/u_npu/inst/u_wrap/u_pccx_npu_top/u_HP_buffer/u_hp1_weight_fifo/xpm_fifo_base_inst/xpm_fifo_rst_inst/gen_rst_ic.fifo_rd_rst_ic_reg/Q
                         net (fo=49, routed)          0.112     2.001    pccx_v002_system_i/u_npu/inst/u_wrap/u_pccx_npu_top/u_HP_buffer/u_hp1_weight_fifo/xpm_fifo_base_inst/xpm_fifo_rst_inst/gen_rst_ic.rrst_wr_inst/src_rst
    SLICE_X33Y19         FDRE                                         r  pccx_v002_system_i/u_npu/inst/u_wrap/u_pccx_npu_top/u_HP_buffer/u_hp1_weight_fifo/xpm_fifo_base_inst/xpm_fifo_rst_inst/gen_rst_ic.rrst_wr_inst/syncstages_ff_reg[0]/D
  -------------------------------------------------------------------    -------------------

                         (clock clk_pl_0 rise edge)
                                                      0.000     0.000 r  
    PS8_X0Y0             PS8                          0.000     0.000 r  pccx_v002_system_i/zynq_ps/inst/PS8_i/PLCLK[0]
                         net (fo=1, routed)           0.164     0.164    pccx_v002_system_i/zynq_ps/inst/pl_clk_unbuffered[0]
    BUFG_PS_X0Y90        BUFG_PS (Prop_BUFG_PS_I_O)
                                                      0.023     0.187 r  pccx_v002_system_i/zynq_ps/inst/buffer_pl_clk_0.PL_CLK_0_BUFG/O
    X1Y1 (CLOCK_ROOT)    net (fo=82020, routed)       1.820     2.007    pccx_v002_system_i/u_npu/inst/u_wrap/u_pccx_npu_top/u_HP_buffer/u_hp1_weight_fifo/xpm_fifo_base_inst/xpm_fifo_rst_inst/gen_rst_ic.rrst_wr_inst/dest_clk
    SLICE_X33Y19         FDRE                                         r  pccx_v002_system_i/u_npu/inst/u_wrap/u_pccx_npu_top/u_HP_buffer/u_hp1_weight_fifo/xpm_fifo_base_inst/xpm_fifo_rst_inst/gen_rst_ic.rrst_wr_inst/syncstages_ff_reg[0]/C

Slack:                    inf
  Source:                 pccx_v002_system_i/u_npu/inst/u_wrap/u_pccx_npu_top/u_HP_buffer/u_hp0_weight_fifo/xpm_fifo_base_inst/xpm_fifo_rst_inst/gen_rst_ic.fifo_wr_rst_ic_reg/C
                            (rising edge-triggered cell FDRE clocked by clk_pl_0  {rise@0.000ns fall@5.000ns period=10.000ns})
  Destination:            pccx_v002_system_i/u_npu/inst/u_wrap/u_pccx_npu_top/u_HP_buffer/u_hp0_weight_fifo/xpm_fifo_base_inst/xpm_fifo_rst_inst/gen_rst_ic.wrst_rd_inst/syncstages_ff_reg[0]/D
                            (rising edge-triggered cell FDRE clocked by clk_pl_0  {rise@0.000ns fall@5.000ns period=10.000ns})
  Path Group:             (none)
  Path Type:              Hold (Min at Fast Process Corner)
  Data Path Delay:        0.122ns  (logic 0.084ns (68.858%)  route 0.038ns (31.142%))
  Logic Levels:           0  
  Clock Path Skew:        0.200ns (DCD - SCD - CPR)
    Destination Clock Delay (DCD):    2.103ns
    Source Clock Delay      (SCD):    1.903ns
    Clock Pessimism Removal (CPR):    -0.000ns
  Clock Uncertainty:      0.160ns  ((TSJ^2 + DJ^2)^1/2) / 2 + PE
    Total System Jitter     (TSJ):    0.071ns
    Discrete Jitter          (DJ):    0.312ns
    Phase Error              (PE):    0.000ns
  Clock Net Delay (Source):      1.752ns (routing 0.940ns, distribution 0.812ns)
  Clock Net Delay (Destination): 1.916ns (routing 1.033ns, distribution 0.883ns)
  Timing Exception:       False Path

    Location             Delay type                Incr(ns)  Path(ns)    Netlist Resource(s)
  -------------------------------------------------------------------    -------------------
                         (clock clk_pl_0 rise edge)
                                                      0.000     0.000 r  
    PS8_X0Y0             PS8                          0.000     0.000 r  pccx_v002_system_i/zynq_ps/inst/PS8_i/PLCLK[0]
                         net (fo=1, routed)           0.129     0.129    pccx_v002_system_i/zynq_ps/inst/pl_clk_unbuffered[0]
    BUFG_PS_X0Y90        BUFG_PS (Prop_BUFG_PS_I_O)
                                                      0.022     0.151 r  pccx_v002_system_i/zynq_ps/inst/buffer_pl_clk_0.PL_CLK_0_BUFG/O
    X1Y1 (CLOCK_ROOT)    net (fo=82020, routed)       1.752     1.903    pccx_v002_system_i/u_npu/inst/u_wrap/u_pccx_npu_top/u_HP_buffer/u_hp0_weight_fifo/xpm_fifo_base_inst/xpm_fifo_rst_inst/wr_clk
    SLICE_X51Y65         FDRE                                         r  pccx_v002_system_i/u_npu/inst/u_wrap/u_pccx_npu_top/u_HP_buffer/u_hp0_weight_fifo/xpm_fifo_base_inst/xpm_fifo_rst_inst/gen_rst_ic.fifo_wr_rst_ic_reg/C
  -------------------------------------------------------------------    -------------------
    SLICE_X51Y65         FDRE (Prop_DFF_SLICEL_C_Q)
                                                      0.084     1.987 r  pccx_v002_system_i/u_npu/inst/u_wrap/u_pccx_npu_top/u_HP_buffer/u_hp0_weight_fifo/xpm_fifo_base_inst/xpm_fifo_rst_inst/gen_rst_ic.fifo_wr_rst_ic_reg/Q
                         net (fo=2, routed)           0.038     2.025    pccx_v002_system_i/u_npu/inst/u_wrap/u_pccx_npu_top/u_HP_buffer/u_hp0_weight_fifo/xpm_fifo_base_inst/xpm_fifo_rst_inst/gen_rst_ic.wrst_rd_inst/src_rst
    SLICE_X51Y65         FDRE                                         r  pccx_v002_system_i/u_npu/inst/u_wrap/u_pccx_npu_top/u_HP_buffer/u_hp0_weight_fifo/xpm_fifo_base_inst/xpm_fifo_rst_inst/gen_rst_ic.wrst_rd_inst/syncstages_ff_reg[0]/D
  -------------------------------------------------------------------    -------------------

                         (clock clk_pl_0 rise edge)
                                                      0.000     0.000 r  
    PS8_X0Y0             PS8                          0.000     0.000 r  pccx_v002_system_i/zynq_ps/inst/PS8_i/PLCLK[0]
                         net (fo=1, routed)           0.164     0.164    pccx_v002_system_i/zynq_ps/inst/pl_clk_unbuffered[0]
    BUFG_PS_X0Y90        BUFG_PS (Prop_BUFG_PS_I_O)
                                                      0.023     0.187 r  pccx_v002_system_i/zynq_ps/inst/buffer_pl_clk_0.PL_CLK_0_BUFG/O
    X1Y1 (CLOCK_ROOT)    net (fo=82020, routed)       1.916     2.103    pccx_v002_system_i/u_npu/inst/u_wrap/u_pccx_npu_top/u_HP_buffer/u_hp0_weight_fifo/xpm_fifo_base_inst/xpm_fifo_rst_inst/gen_rst_ic.wrst_rd_inst/dest_clk
    SLICE_X51Y65         FDRE                                         r  pccx_v002_system_i/u_npu/inst/u_wrap/u_pccx_npu_top/u_HP_buffer/u_hp0_weight_fifo/xpm_fifo_base_inst/xpm_fifo_rst_inst/gen_rst_ic.wrst_rd_inst/syncstages_ff_reg[0]/C

Slack:                    inf
  Source:                 pccx_v002_system_i/u_npu/inst/u_wrap/u_pccx_npu_top/u_HP_buffer/u_hp2_weight_fifo/xpm_fifo_base_inst/xpm_fifo_rst_inst/gen_rst_ic.fifo_rd_rst_ic_reg/C
                            (rising edge-triggered cell FDRE clocked by clk_pl_0  {rise@0.000ns fall@5.000ns period=10.000ns})
  Destination:            pccx_v002_system_i/u_npu/inst/u_wrap/u_pccx_npu_top/u_HP_buffer/u_hp2_weight_fifo/xpm_fifo_base_inst/xpm_fifo_rst_inst/gen_rst_ic.rrst_wr_inst/syncstages_ff_reg[0]/D
                            (rising edge-triggered cell FDRE clocked by clk_pl_0  {rise@0.000ns fall@5.000ns period=10.000ns})
  Path Group:             (none)
  Path Type:              Hold (Min at Fast Process Corner)
  Data Path Delay:        0.190ns  (logic 0.084ns (44.132%)  route 0.106ns (55.868%))
  Logic Levels:           0  
  Clock Path Skew:        0.186ns (DCD - SCD - CPR)
    Destination Clock Delay (DCD):    2.033ns
    Source Clock Delay      (SCD):    1.848ns
    Clock Pessimism Removal (CPR):    -0.000ns
  Clock Uncertainty:      0.160ns  ((TSJ^2 + DJ^2)^1/2) / 2 + PE
    Total System Jitter     (TSJ):    0.071ns
    Discrete Jitter          (DJ):    0.312ns
    Phase Error              (PE):    0.000ns
  Clock Net Delay (Source):      1.697ns (routing 0.940ns, distribution 0.757ns)
  Clock Net Delay (Destination): 1.846ns (routing 1.033ns, distribution 0.813ns)
  Timing Exception:       False Path

    Location             Delay type                Incr(ns)  Path(ns)    Netlist Resource(s)
  -------------------------------------------------------------------    -------------------
                         (clock clk_pl_0 rise edge)
                                                      0.000     0.000 r  
    PS8_X0Y0             PS8                          0.000     0.000 r  pccx_v002_system_i/zynq_ps/inst/PS8_i/PLCLK[0]
                         net (fo=1, routed)           0.129     0.129    pccx_v002_system_i/zynq_ps/inst/pl_clk_unbuffered[0]
    BUFG_PS_X0Y90        BUFG_PS (Prop_BUFG_PS_I_O)
                                                      0.022     0.151 r  pccx_v002_system_i/zynq_ps/inst/buffer_pl_clk_0.PL_CLK_0_BUFG/O
    X1Y1 (CLOCK_ROOT)    net (fo=82020, routed)       1.697     1.848    pccx_v002_system_i/u_npu/inst/u_wrap/u_pccx_npu_top/u_HP_buffer/u_hp2_weight_fifo/xpm_fifo_base_inst/xpm_fifo_rst_inst/rd_clk
    SLICE_X36Y203        FDRE                                         r  pccx_v002_system_i/u_npu/inst/u_wrap/u_pccx_npu_top/u_HP_buffer/u_hp2_weight_fifo/xpm_fifo_base_inst/xpm_fifo_rst_inst/gen_rst_ic.fifo_rd_rst_ic_reg/C
  -------------------------------------------------------------------    -------------------
    SLICE_X36Y203        FDRE (Prop_BFF_SLICEL_C_Q)
                                                      0.084     1.932 r  pccx_v002_system_i/u_npu/inst/u_wrap/u_pccx_npu_top/u_HP_buffer/u_hp2_weight_fifo/xpm_fifo_base_inst/xpm_fifo_rst_inst/gen_rst_ic.fifo_rd_rst_ic_reg/Q
                         net (fo=49, routed)          0.106     2.038    pccx_v002_system_i/u_npu/inst/u_wrap/u_pccx_npu_top/u_HP_buffer/u_hp2_weight_fifo/xpm_fifo_base_inst/xpm_fifo_rst_inst/gen_rst_ic.rrst_wr_inst/src_rst
    SLICE_X36Y206        FDRE                                         r  pccx_v002_system_i/u_npu/inst/u_wrap/u_pccx_npu_top/u_HP_buffer/u_hp2_weight_fifo/xpm_fifo_base_inst/xpm_fifo_rst_inst/gen_rst_ic.rrst_wr_inst/syncstages_ff_reg[0]/D
  -------------------------------------------------------------------    -------------------

                         (clock clk_pl_0 rise edge)
                                                      0.000     0.000 r  
    PS8_X0Y0             PS8                          0.000     0.000 r  pccx_v002_system_i/zynq_ps/inst/PS8_i/PLCLK[0]
                         net (fo=1, routed)           0.164     0.164    pccx_v002_system_i/zynq_ps/inst/pl_clk_unbuffered[0]
    BUFG_PS_X0Y90        BUFG_PS (Prop_BUFG_PS_I_O)
                                                      0.023     0.187 r  pccx_v002_system_i/zynq_ps/inst/buffer_pl_clk_0.PL_CLK_0_BUFG/O
    X1Y1 (CLOCK_ROOT)    net (fo=82020, routed)       1.846     2.033    pccx_v002_system_i/u_npu/inst/u_wrap/u_pccx_npu_top/u_HP_buffer/u_hp2_weight_fifo/xpm_fifo_base_inst/xpm_fifo_rst_inst/gen_rst_ic.rrst_wr_inst/dest_clk
    SLICE_X36Y206        FDRE                                         r  pccx_v002_system_i/u_npu/inst/u_wrap/u_pccx_npu_top/u_HP_buffer/u_hp2_weight_fifo/xpm_fifo_base_inst/xpm_fifo_rst_inst/gen_rst_ic.rrst_wr_inst/syncstages_ff_reg[0]/C

Slack:                    inf
  Source:                 pccx_v002_system_i/u_npu/inst/u_wrap/u_pccx_npu_top/u_HP_buffer/u_hp3_weight_fifo/xpm_fifo_base_inst/xpm_fifo_rst_inst/gen_rst_ic.fifo_wr_rst_ic_reg/C
                            (rising edge-triggered cell FDRE clocked by clk_pl_0  {rise@0.000ns fall@5.000ns period=10.000ns})
  Destination:            pccx_v002_system_i/u_npu/inst/u_wrap/u_pccx_npu_top/u_HP_buffer/u_hp3_weight_fifo/xpm_fifo_base_inst/xpm_fifo_rst_inst/gen_rst_ic.wrst_rd_inst/syncstages_ff_reg[0]/D
                            (rising edge-triggered cell FDRE clocked by clk_pl_0  {rise@0.000ns fall@5.000ns period=10.000ns})
  Path Group:             (none)
  Path Type:              Hold (Min at Fast Process Corner)
  Data Path Delay:        0.122ns  (logic 0.084ns (68.858%)  route 0.038ns (31.142%))
  Logic Levels:           0  
  Clock Path Skew:        0.194ns (DCD - SCD - CPR)
    Destination Clock Delay (DCD):    2.111ns
    Source Clock Delay      (SCD):    1.918ns
    Clock Pessimism Removal (CPR):    -0.000ns
  Clock Uncertainty:      0.160ns  ((TSJ^2 + DJ^2)^1/2) / 2 + PE
    Total System Jitter     (TSJ):    0.071ns
    Discrete Jitter          (DJ):    0.312ns
    Phase Error              (PE):    0.000ns
  Clock Net Delay (Source):      1.767ns (routing 0.940ns, distribution 0.827ns)
  Clock Net Delay (Destination): 1.924ns (routing 1.033ns, distribution 0.891ns)
  Timing Exception:       False Path

    Location             Delay type                Incr(ns)  Path(ns)    Netlist Resource(s)
  -------------------------------------------------------------------    -------------------
                         (clock clk_pl_0 rise edge)
                                                      0.000     0.000 r  
    PS8_X0Y0             PS8                          0.000     0.000 r  pccx_v002_system_i/zynq_ps/inst/PS8_i/PLCLK[0]
                         net (fo=1, routed)           0.129     0.129    pccx_v002_system_i/zynq_ps/inst/pl_clk_unbuffered[0]
    BUFG_PS_X0Y90        BUFG_PS (Prop_BUFG_PS_I_O)
                                                      0.022     0.151 r  pccx_v002_system_i/zynq_ps/inst/buffer_pl_clk_0.PL_CLK_0_BUFG/O
    X1Y1 (CLOCK_ROOT)    net (fo=82020, routed)       1.767     1.918    pccx_v002_system_i/u_npu/inst/u_wrap/u_pccx_npu_top/u_HP_buffer/u_hp3_weight_fifo/xpm_fifo_base_inst/xpm_fifo_rst_inst/wr_clk
    SLICE_X48Y196        FDRE                                         r  pccx_v002_system_i/u_npu/inst/u_wrap/u_pccx_npu_top/u_HP_buffer/u_hp3_weight_fifo/xpm_fifo_base_inst/xpm_fifo_rst_inst/gen_rst_ic.fifo_wr_rst_ic_reg/C
  -------------------------------------------------------------------    -------------------
    SLICE_X48Y196        FDRE (Prop_DFF_SLICEL_C_Q)
                                                      0.084     2.002 r  pccx_v002_system_i/u_npu/inst/u_wrap/u_pccx_npu_top/u_HP_buffer/u_hp3_weight_fifo/xpm_fifo_base_inst/xpm_fifo_rst_inst/gen_rst_ic.fifo_wr_rst_ic_reg/Q
                         net (fo=2, routed)           0.038     2.040    pccx_v002_system_i/u_npu/inst/u_wrap/u_pccx_npu_top/u_HP_buffer/u_hp3_weight_fifo/xpm_fifo_base_inst/xpm_fifo_rst_inst/gen_rst_ic.wrst_rd_inst/src_rst
    SLICE_X48Y196        FDRE                                         r  pccx_v002_system_i/u_npu/inst/u_wrap/u_pccx_npu_top/u_HP_buffer/u_hp3_weight_fifo/xpm_fifo_base_inst/xpm_fifo_rst_inst/gen_rst_ic.wrst_rd_inst/syncstages_ff_reg[0]/D
  -------------------------------------------------------------------    -------------------

                         (clock clk_pl_0 rise edge)
                                                      0.000     0.000 r  
    PS8_X0Y0             PS8                          0.000     0.000 r  pccx_v002_system_i/zynq_ps/inst/PS8_i/PLCLK[0]
                         net (fo=1, routed)           0.164     0.164    pccx_v002_system_i/zynq_ps/inst/pl_clk_unbuffered[0]
    BUFG_PS_X0Y90        BUFG_PS (Prop_BUFG_PS_I_O)
                                                      0.023     0.187 r  pccx_v002_system_i/zynq_ps/inst/buffer_pl_clk_0.PL_CLK_0_BUFG/O
    X1Y1 (CLOCK_ROOT)    net (fo=82020, routed)       1.924     2.111    pccx_v002_system_i/u_npu/inst/u_wrap/u_pccx_npu_top/u_HP_buffer/u_hp3_weight_fifo/xpm_fifo_base_inst/xpm_fifo_rst_inst/gen_rst_ic.wrst_rd_inst/dest_clk
    SLICE_X48Y196        FDRE                                         r  pccx_v002_system_i/u_npu/inst/u_wrap/u_pccx_npu_top/u_HP_buffer/u_hp3_weight_fifo/xpm_fifo_base_inst/xpm_fifo_rst_inst/gen_rst_ic.wrst_rd_inst/syncstages_ff_reg[0]/C

Slack:                    inf
  Source:                 pccx_v002_system_i/u_npu/inst/u_wrap/u_pccx_npu_top/u_HP_buffer/u_hp0_weight_fifo/xpm_fifo_base_inst/xpm_fifo_rst_inst/gen_rst_ic.fifo_rd_rst_ic_reg/C
                            (rising edge-triggered cell FDRE clocked by clk_pl_0  {rise@0.000ns fall@5.000ns period=10.000ns})
  Destination:            pccx_v002_system_i/u_npu/inst/u_wrap/u_pccx_npu_top/u_HP_buffer/u_hp0_weight_fifo/xpm_fifo_base_inst/xpm_fifo_rst_inst/gen_rst_ic.rrst_wr_inst/syncstages_ff_reg[0]/D
                            (rising edge-triggered cell FDRE clocked by clk_pl_0  {rise@0.000ns fall@5.000ns period=10.000ns})
  Path Group:             (none)
  Path Type:              Hold (Min at Fast Process Corner)
  Data Path Delay:        0.201ns  (logic 0.084ns (41.724%)  route 0.117ns (58.276%))
  Logic Levels:           0  
  Clock Path Skew:        0.204ns (DCD - SCD - CPR)
    Destination Clock Delay (DCD):    2.107ns
    Source Clock Delay      (SCD):    1.903ns
    Clock Pessimism Removal (CPR):    -0.000ns
  Clock Uncertainty:      0.160ns  ((TSJ^2 + DJ^2)^1/2) / 2 + PE
    Total System Jitter     (TSJ):    0.071ns
    Discrete Jitter          (DJ):    0.312ns
    Phase Error              (PE):    0.000ns
  Clock Net Delay (Source):      1.752ns (routing 0.940ns, distribution 0.812ns)
  Clock Net Delay (Destination): 1.920ns (routing 1.033ns, distribution 0.887ns)
  Timing Exception:       False Path

    Location             Delay type                Incr(ns)  Path(ns)    Netlist Resource(s)
  -------------------------------------------------------------------    -------------------
                         (clock clk_pl_0 rise edge)
                                                      0.000     0.000 r  
    PS8_X0Y0             PS8                          0.000     0.000 r  pccx_v002_system_i/zynq_ps/inst/PS8_i/PLCLK[0]
                         net (fo=1, routed)           0.129     0.129    pccx_v002_system_i/zynq_ps/inst/pl_clk_unbuffered[0]
    BUFG_PS_X0Y90        BUFG_PS (Prop_BUFG_PS_I_O)
                                                      0.022     0.151 r  pccx_v002_system_i/zynq_ps/inst/buffer_pl_clk_0.PL_CLK_0_BUFG/O
    X1Y1 (CLOCK_ROOT)    net (fo=82020, routed)       1.752     1.903    pccx_v002_system_i/u_npu/inst/u_wrap/u_pccx_npu_top/u_HP_buffer/u_hp0_weight_fifo/xpm_fifo_base_inst/xpm_fifo_rst_inst/rd_clk
    SLICE_X51Y63         FDRE                                         r  pccx_v002_system_i/u_npu/inst/u_wrap/u_pccx_npu_top/u_HP_buffer/u_hp0_weight_fifo/xpm_fifo_base_inst/xpm_fifo_rst_inst/gen_rst_ic.fifo_rd_rst_ic_reg/C
  -------------------------------------------------------------------    -------------------
    SLICE_X51Y63         FDRE (Prop_BFF_SLICEL_C_Q)
                                                      0.084     1.987 r  pccx_v002_system_i/u_npu/inst/u_wrap/u_pccx_npu_top/u_HP_buffer/u_hp0_weight_fifo/xpm_fifo_base_inst/xpm_fifo_rst_inst/gen_rst_ic.fifo_rd_rst_ic_reg/Q
                         net (fo=49, routed)          0.117     2.104    pccx_v002_system_i/u_npu/inst/u_wrap/u_pccx_npu_top/u_HP_buffer/u_hp0_weight_fifo/xpm_fifo_base_inst/xpm_fifo_rst_inst/gen_rst_ic.rrst_wr_inst/src_rst
    SLICE_X50Y65         FDRE                                         r  pccx_v002_system_i/u_npu/inst/u_wrap/u_pccx_npu_top/u_HP_buffer/u_hp0_weight_fifo/xpm_fifo_base_inst/xpm_fifo_rst_inst/gen_rst_ic.rrst_wr_inst/syncstages_ff_reg[0]/D
  -------------------------------------------------------------------    -------------------

                         (clock clk_pl_0 rise edge)
                                                      0.000     0.000 r  
    PS8_X0Y0             PS8                          0.000     0.000 r  pccx_v002_system_i/zynq_ps/inst/PS8_i/PLCLK[0]
                         net (fo=1, routed)           0.164     0.164    pccx_v002_system_i/zynq_ps/inst/pl_clk_unbuffered[0]
    BUFG_PS_X0Y90        BUFG_PS (Prop_BUFG_PS_I_O)
                                                      0.023     0.187 r  pccx_v002_system_i/zynq_ps/inst/buffer_pl_clk_0.PL_CLK_0_BUFG/O
    X1Y1 (CLOCK_ROOT)    net (fo=82020, routed)       1.920     2.107    pccx_v002_system_i/u_npu/inst/u_wrap/u_pccx_npu_top/u_HP_buffer/u_hp0_weight_fifo/xpm_fifo_base_inst/xpm_fifo_rst_inst/gen_rst_ic.rrst_wr_inst/dest_clk
    SLICE_X50Y65         FDRE                                         r  pccx_v002_system_i/u_npu/inst/u_wrap/u_pccx_npu_top/u_HP_buffer/u_hp0_weight_fifo/xpm_fifo_base_inst/xpm_fifo_rst_inst/gen_rst_ic.rrst_wr_inst/syncstages_ff_reg[0]/C

Slack:                    inf
  Source:                 pccx_v002_system_i/sc_hp0_stage0/inst/clk_map/psr_aclk/U0/ACTIVE_LOW_BSR_OUT_DFF[0].FDRE_BSR_N/C
                            (rising edge-triggered cell FDRE clocked by clk_pl_0  {rise@0.000ns fall@5.000ns period=10.000ns})
  Destination:            pccx_v002_system_i/sc_hp0_stage0/inst/m00_exit_pipeline/m00_exit/inst/xpm_cdc_async_rst_inst/arststages_ff_reg[0]/CLR
                            (removal check against rising-edge clock clk_pl_0  {rise@0.000ns fall@5.000ns period=10.000ns})
  Path Group:             (none)
  Path Type:              Removal (Min at Fast Process Corner)
  Data Path Delay:        0.338ns  (logic 0.083ns (24.524%)  route 0.255ns (75.476%))
  Logic Levels:           0  
  Clock Path Skew:        0.202ns (DCD - SCD - CPR)
    Destination Clock Delay (DCD):    2.020ns
    Source Clock Delay      (SCD):    1.819ns
    Clock Pessimism Removal (CPR):    -0.000ns
  Clock Uncertainty:      0.160ns  ((TSJ^2 + DJ^2)^1/2) / 2 + PE
    Total System Jitter     (TSJ):    0.071ns
    Discrete Jitter          (DJ):    0.312ns
    Phase Error              (PE):    0.000ns
  Clock Net Delay (Source):      1.668ns (routing 0.940ns, distribution 0.728ns)
  Clock Net Delay (Destination): 1.833ns (routing 1.033ns, distribution 0.800ns)
  Timing Exception:       False Path

    Location             Delay type                Incr(ns)  Path(ns)    Netlist Resource(s)
  -------------------------------------------------------------------    -------------------
                         (clock clk_pl_0 rise edge)
                                                      0.000     0.000 r  
    PS8_X0Y0             PS8                          0.000     0.000 r  pccx_v002_system_i/zynq_ps/inst/PS8_i/PLCLK[0]
                         net (fo=1, routed)           0.129     0.129    pccx_v002_system_i/zynq_ps/inst/pl_clk_unbuffered[0]
    BUFG_PS_X0Y90        BUFG_PS (Prop_BUFG_PS_I_O)
                                                      0.022     0.151 r  pccx_v002_system_i/zynq_ps/inst/buffer_pl_clk_0.PL_CLK_0_BUFG/O
    X1Y1 (CLOCK_ROOT)    net (fo=82020, routed)       1.668     1.819    pccx_v002_system_i/sc_hp0_stage0/inst/clk_map/psr_aclk/U0/aclk
    SLICE_X35Y45         FDRE                                         r  pccx_v002_system_i/sc_hp0_stage0/inst/clk_map/psr_aclk/U0/ACTIVE_LOW_BSR_OUT_DFF[0].FDRE_BSR_N/C
  -------------------------------------------------------------------    -------------------
    SLICE_X35Y45         FDRE (Prop_DFF_SLICEM_C_Q)
                                                      0.083     1.902 r  pccx_v002_system_i/sc_hp0_stage0/inst/clk_map/psr_aclk/U0/ACTIVE_LOW_BSR_OUT_DFF[0].FDRE_BSR_N/Q
                         net (fo=66, routed)          0.255     2.157    pccx_v002_system_i/sc_hp0_stage0/inst/m00_exit_pipeline/m00_exit/inst/xpm_cdc_async_rst_inst/src_arst
    SLICE_X25Y47         FDCE                                         f  pccx_v002_system_i/sc_hp0_stage0/inst/m00_exit_pipeline/m00_exit/inst/xpm_cdc_async_rst_inst/arststages_ff_reg[0]/CLR  (IS_INVERTED)
  -------------------------------------------------------------------    -------------------

                         (clock clk_pl_0 rise edge)
                                                      0.000     0.000 r  
    PS8_X0Y0             PS8                          0.000     0.000 r  pccx_v002_system_i/zynq_ps/inst/PS8_i/PLCLK[0]
                         net (fo=1, routed)           0.164     0.164    pccx_v002_system_i/zynq_ps/inst/pl_clk_unbuffered[0]
    BUFG_PS_X0Y90        BUFG_PS (Prop_BUFG_PS_I_O)
                                                      0.023     0.187 r  pccx_v002_system_i/zynq_ps/inst/buffer_pl_clk_0.PL_CLK_0_BUFG/O
    X1Y1 (CLOCK_ROOT)    net (fo=82020, routed)       1.833     2.020    pccx_v002_system_i/sc_hp0_stage0/inst/m00_exit_pipeline/m00_exit/inst/xpm_cdc_async_rst_inst/dest_clk
    SLICE_X25Y47         FDCE                                         r  pccx_v002_system_i/sc_hp0_stage0/inst/m00_exit_pipeline/m00_exit/inst/xpm_cdc_async_rst_inst/arststages_ff_reg[0]/C

Slack:                    inf
  Source:                 pccx_v002_system_i/sc_hp0_stage0/inst/clk_map/psr_aclk/U0/ACTIVE_LOW_BSR_OUT_DFF[0].FDRE_BSR_N/C
                            (rising edge-triggered cell FDRE clocked by clk_pl_0  {rise@0.000ns fall@5.000ns period=10.000ns})
  Destination:            pccx_v002_system_i/sc_hp0_stage0/inst/m00_exit_pipeline/m00_exit/inst/xpm_cdc_async_rst_inst/arststages_ff_reg[1]/CLR
                            (removal check against rising-edge clock clk_pl_0  {rise@0.000ns fall@5.000ns period=10.000ns})
  Path Group:             (none)
  Path Type:              Removal (Min at Fast Process Corner)
  Data Path Delay:        0.338ns  (logic 0.083ns (24.524%)  route 0.255ns (75.476%))
  Logic Levels:           0  
  Clock Path Skew:        0.202ns (DCD - SCD - CPR)
    Destination Clock Delay (DCD):    2.020ns
    Source Clock Delay      (SCD):    1.819ns
    Clock Pessimism Removal (CPR):    -0.000ns
  Clock Uncertainty:      0.160ns  ((TSJ^2 + DJ^2)^1/2) / 2 + PE
    Total System Jitter     (TSJ):    0.071ns
    Discrete Jitter          (DJ):    0.312ns
    Phase Error              (PE):    0.000ns
  Clock Net Delay (Source):      1.668ns (routing 0.940ns, distribution 0.728ns)
  Clock Net Delay (Destination): 1.833ns (routing 1.033ns, distribution 0.800ns)
  Timing Exception:       False Path

    Location             Delay type                Incr(ns)  Path(ns)    Netlist Resource(s)
  -------------------------------------------------------------------    -------------------
                         (clock clk_pl_0 rise edge)
                                                      0.000     0.000 r  
    PS8_X0Y0             PS8                          0.000     0.000 r  pccx_v002_system_i/zynq_ps/inst/PS8_i/PLCLK[0]
                         net (fo=1, routed)           0.129     0.129    pccx_v002_system_i/zynq_ps/inst/pl_clk_unbuffered[0]
    BUFG_PS_X0Y90        BUFG_PS (Prop_BUFG_PS_I_O)
                                                      0.022     0.151 r  pccx_v002_system_i/zynq_ps/inst/buffer_pl_clk_0.PL_CLK_0_BUFG/O
    X1Y1 (CLOCK_ROOT)    net (fo=82020, routed)       1.668     1.819    pccx_v002_system_i/sc_hp0_stage0/inst/clk_map/psr_aclk/U0/aclk
    SLICE_X35Y45         FDRE                                         r  pccx_v002_system_i/sc_hp0_stage0/inst/clk_map/psr_aclk/U0/ACTIVE_LOW_BSR_OUT_DFF[0].FDRE_BSR_N/C
  -------------------------------------------------------------------    -------------------
    SLICE_X35Y45         FDRE (Prop_DFF_SLICEM_C_Q)
                                                      0.083     1.902 r  pccx_v002_system_i/sc_hp0_stage0/inst/clk_map/psr_aclk/U0/ACTIVE_LOW_BSR_OUT_DFF[0].FDRE_BSR_N/Q
                         net (fo=66, routed)          0.255     2.157    pccx_v002_system_i/sc_hp0_stage0/inst/m00_exit_pipeline/m00_exit/inst/xpm_cdc_async_rst_inst/src_arst
    SLICE_X25Y47         FDCE                                         f  pccx_v002_system_i/sc_hp0_stage0/inst/m00_exit_pipeline/m00_exit/inst/xpm_cdc_async_rst_inst/arststages_ff_reg[1]/CLR  (IS_INVERTED)
  -------------------------------------------------------------------    -------------------

                         (clock clk_pl_0 rise edge)
                                                      0.000     0.000 r  
    PS8_X0Y0             PS8                          0.000     0.000 r  pccx_v002_system_i/zynq_ps/inst/PS8_i/PLCLK[0]
                         net (fo=1, routed)           0.164     0.164    pccx_v002_system_i/zynq_ps/inst/pl_clk_unbuffered[0]
    BUFG_PS_X0Y90        BUFG_PS (Prop_BUFG_PS_I_O)
                                                      0.023     0.187 r  pccx_v002_system_i/zynq_ps/inst/buffer_pl_clk_0.PL_CLK_0_BUFG/O
    X1Y1 (CLOCK_ROOT)    net (fo=82020, routed)       1.833     2.020    pccx_v002_system_i/sc_hp0_stage0/inst/m00_exit_pipeline/m00_exit/inst/xpm_cdc_async_rst_inst/dest_clk
    SLICE_X25Y47         FDCE                                         r  pccx_v002_system_i/sc_hp0_stage0/inst/m00_exit_pipeline/m00_exit/inst/xpm_cdc_async_rst_inst/arststages_ff_reg[1]/C

Slack:                    inf
  Source:                 pccx_v002_system_i/sc_hp0_stage0/inst/clk_map/psr_aclk/U0/ACTIVE_LOW_BSR_OUT_DFF[0].FDRE_BSR_N/C
                            (rising edge-triggered cell FDRE clocked by clk_pl_0  {rise@0.000ns fall@5.000ns period=10.000ns})
  Destination:            pccx_v002_system_i/sc_hp0_stage0/inst/m00_exit_pipeline/m00_exit/inst/xpm_cdc_async_rst_inst/arststages_ff_reg[2]/CLR
                            (removal check against rising-edge clock clk_pl_0  {rise@0.000ns fall@5.000ns period=10.000ns})
  Path Group:             (none)
  Path Type:              Removal (Min at Fast Process Corner)
  Data Path Delay:        0.338ns  (logic 0.083ns (24.524%)  route 0.255ns (75.476%))
  Logic Levels:           0  
  Clock Path Skew:        0.202ns (DCD - SCD - CPR)
    Destination Clock Delay (DCD):    2.020ns
    Source Clock Delay      (SCD):    1.819ns
    Clock Pessimism Removal (CPR):    -0.000ns
  Clock Uncertainty:      0.160ns  ((TSJ^2 + DJ^2)^1/2) / 2 + PE
    Total System Jitter     (TSJ):    0.071ns
    Discrete Jitter          (DJ):    0.312ns
    Phase Error              (PE):    0.000ns
  Clock Net Delay (Source):      1.668ns (routing 0.940ns, distribution 0.728ns)
  Clock Net Delay (Destination): 1.833ns (routing 1.033ns, distribution 0.800ns)
  Timing Exception:       False Path

    Location             Delay type                Incr(ns)  Path(ns)    Netlist Resource(s)
  -------------------------------------------------------------------    -------------------
                         (clock clk_pl_0 rise edge)
                                                      0.000     0.000 r  
    PS8_X0Y0             PS8                          0.000     0.000 r  pccx_v002_system_i/zynq_ps/inst/PS8_i/PLCLK[0]
                         net (fo=1, routed)           0.129     0.129    pccx_v002_system_i/zynq_ps/inst/pl_clk_unbuffered[0]
    BUFG_PS_X0Y90        BUFG_PS (Prop_BUFG_PS_I_O)
                                                      0.022     0.151 r  pccx_v002_system_i/zynq_ps/inst/buffer_pl_clk_0.PL_CLK_0_BUFG/O
    X1Y1 (CLOCK_ROOT)    net (fo=82020, routed)       1.668     1.819    pccx_v002_system_i/sc_hp0_stage0/inst/clk_map/psr_aclk/U0/aclk
    SLICE_X35Y45         FDRE                                         r  pccx_v002_system_i/sc_hp0_stage0/inst/clk_map/psr_aclk/U0/ACTIVE_LOW_BSR_OUT_DFF[0].FDRE_BSR_N/C
  -------------------------------------------------------------------    -------------------
    SLICE_X35Y45         FDRE (Prop_DFF_SLICEM_C_Q)
                                                      0.083     1.902 r  pccx_v002_system_i/sc_hp0_stage0/inst/clk_map/psr_aclk/U0/ACTIVE_LOW_BSR_OUT_DFF[0].FDRE_BSR_N/Q
                         net (fo=66, routed)          0.255     2.157    pccx_v002_system_i/sc_hp0_stage0/inst/m00_exit_pipeline/m00_exit/inst/xpm_cdc_async_rst_inst/src_arst
    SLICE_X25Y47         FDCE                                         f  pccx_v002_system_i/sc_hp0_stage0/inst/m00_exit_pipeline/m00_exit/inst/xpm_cdc_async_rst_inst/arststages_ff_reg[2]/CLR  (IS_INVERTED)
  -------------------------------------------------------------------    -------------------

                         (clock clk_pl_0 rise edge)
                                                      0.000     0.000 r  
    PS8_X0Y0             PS8                          0.000     0.000 r  pccx_v002_system_i/zynq_ps/inst/PS8_i/PLCLK[0]
                         net (fo=1, routed)           0.164     0.164    pccx_v002_system_i/zynq_ps/inst/pl_clk_unbuffered[0]
    BUFG_PS_X0Y90        BUFG_PS (Prop_BUFG_PS_I_O)
                                                      0.023     0.187 r  pccx_v002_system_i/zynq_ps/inst/buffer_pl_clk_0.PL_CLK_0_BUFG/O
    X1Y1 (CLOCK_ROOT)    net (fo=82020, routed)       1.833     2.020    pccx_v002_system_i/sc_hp0_stage0/inst/m00_exit_pipeline/m00_exit/inst/xpm_cdc_async_rst_inst/dest_clk
    SLICE_X25Y47         FDCE                                         r  pccx_v002_system_i/sc_hp0_stage0/inst/m00_exit_pipeline/m00_exit/inst/xpm_cdc_async_rst_inst/arststages_ff_reg[2]/C

Slack:                    inf
  Source:                 pccx_v002_system_i/sc_hp0_stage0/inst/clk_map/psr_aclk/U0/ACTIVE_LOW_BSR_OUT_DFF[0].FDRE_BSR_N/C
                            (rising edge-triggered cell FDRE clocked by clk_pl_0  {rise@0.000ns fall@5.000ns period=10.000ns})
  Destination:            pccx_v002_system_i/sc_hp0_stage0/inst/m00_nodes/m00_ar_node/inst/s_sc_xpm_cdc_async_rst_inst/arststages_ff_reg[0]/CLR
                            (removal check against rising-edge clock clk_pl_0  {rise@0.000ns fall@5.000ns period=10.000ns})
  Path Group:             (none)
  Path Type:              Removal (Min at Fast Process Corner)
  Data Path Delay:        0.413ns  (logic 0.083ns (20.076%)  route 0.330ns (79.924%))
  Logic Levels:           0  
  Clock Path Skew:        0.207ns (DCD - SCD - CPR)
    Destination Clock Delay (DCD):    2.026ns
    Source Clock Delay      (SCD):    1.819ns
    Clock Pessimism Removal (CPR):    -0.000ns
  Clock Uncertainty:      0.160ns  ((TSJ^2 + DJ^2)^1/2) / 2 + PE
    Total System Jitter     (TSJ):    0.071ns
    Discrete Jitter          (DJ):    0.312ns
    Phase Error              (PE):    0.000ns
  Clock Net Delay (Source):      1.668ns (routing 0.940ns, distribution 0.728ns)
  Clock Net Delay (Destination): 1.839ns (routing 1.033ns, distribution 0.806ns)
  Timing Exception:       False Path

    Location             Delay type                Incr(ns)  Path(ns)    Netlist Resource(s)
  -------------------------------------------------------------------    -------------------
                         (clock clk_pl_0 rise edge)
                                                      0.000     0.000 r  
    PS8_X0Y0             PS8                          0.000     0.000 r  pccx_v002_system_i/zynq_ps/inst/PS8_i/PLCLK[0]
                         net (fo=1, routed)           0.129     0.129    pccx_v002_system_i/zynq_ps/inst/pl_clk_unbuffered[0]
    BUFG_PS_X0Y90        BUFG_PS (Prop_BUFG_PS_I_O)
                                                      0.022     0.151 r  pccx_v002_system_i/zynq_ps/inst/buffer_pl_clk_0.PL_CLK_0_BUFG/O
    X1Y1 (CLOCK_ROOT)    net (fo=82020, routed)       1.668     1.819    pccx_v002_system_i/sc_hp0_stage0/inst/clk_map/psr_aclk/U0/aclk
    SLICE_X35Y45         FDRE                                         r  pccx_v002_system_i/sc_hp0_stage0/inst/clk_map/psr_aclk/U0/ACTIVE_LOW_BSR_OUT_DFF[0].FDRE_BSR_N/C
  -------------------------------------------------------------------    -------------------
    SLICE_X35Y45         FDRE (Prop_DFF_SLICEM_C_Q)
                                                      0.083     1.902 r  pccx_v002_system_i/sc_hp0_stage0/inst/clk_map/psr_aclk/U0/ACTIVE_LOW_BSR_OUT_DFF[0].FDRE_BSR_N/Q
                         net (fo=66, routed)          0.330     2.232    pccx_v002_system_i/sc_hp0_stage0/inst/m00_nodes/m00_ar_node/inst/s_sc_xpm_cdc_async_rst_inst/src_arst
    SLICE_X25Y63         FDCE                                         f  pccx_v002_system_i/sc_hp0_stage0/inst/m00_nodes/m00_ar_node/inst/s_sc_xpm_cdc_async_rst_inst/arststages_ff_reg[0]/CLR  (IS_INVERTED)
  -------------------------------------------------------------------    -------------------

                         (clock clk_pl_0 rise edge)
                                                      0.000     0.000 r  
    PS8_X0Y0             PS8                          0.000     0.000 r  pccx_v002_system_i/zynq_ps/inst/PS8_i/PLCLK[0]
                         net (fo=1, routed)           0.164     0.164    pccx_v002_system_i/zynq_ps/inst/pl_clk_unbuffered[0]
    BUFG_PS_X0Y90        BUFG_PS (Prop_BUFG_PS_I_O)
                                                      0.023     0.187 r  pccx_v002_system_i/zynq_ps/inst/buffer_pl_clk_0.PL_CLK_0_BUFG/O
    X1Y1 (CLOCK_ROOT)    net (fo=82020, routed)       1.839     2.026    pccx_v002_system_i/sc_hp0_stage0/inst/m00_nodes/m00_ar_node/inst/s_sc_xpm_cdc_async_rst_inst/dest_clk
    SLICE_X25Y63         FDCE                                         r  pccx_v002_system_i/sc_hp0_stage0/inst/m00_nodes/m00_ar_node/inst/s_sc_xpm_cdc_async_rst_inst/arststages_ff_reg[0]/C

Slack:                    inf
  Source:                 pccx_v002_system_i/sc_hp0_stage0/inst/clk_map/psr_aclk/U0/ACTIVE_LOW_BSR_OUT_DFF[0].FDRE_BSR_N/C
                            (rising edge-triggered cell FDRE clocked by clk_pl_0  {rise@0.000ns fall@5.000ns period=10.000ns})
  Destination:            pccx_v002_system_i/sc_hp0_stage0/inst/m00_nodes/m00_ar_node/inst/s_sc_xpm_cdc_async_rst_inst/arststages_ff_reg[1]/CLR
                            (removal check against rising-edge clock clk_pl_0  {rise@0.000ns fall@5.000ns period=10.000ns})
  Path Group:             (none)
  Path Type:              Removal (Min at Fast Process Corner)
  Data Path Delay:        0.413ns  (logic 0.083ns (20.076%)  route 0.330ns (79.924%))
  Logic Levels:           0  
  Clock Path Skew:        0.207ns (DCD - SCD - CPR)
    Destination Clock Delay (DCD):    2.026ns
    Source Clock Delay      (SCD):    1.819ns
    Clock Pessimism Removal (CPR):    -0.000ns
  Clock Uncertainty:      0.160ns  ((TSJ^2 + DJ^2)^1/2) / 2 + PE
    Total System Jitter     (TSJ):    0.071ns
    Discrete Jitter          (DJ):    0.312ns
    Phase Error              (PE):    0.000ns
  Clock Net Delay (Source):      1.668ns (routing 0.940ns, distribution 0.728ns)
  Clock Net Delay (Destination): 1.839ns (routing 1.033ns, distribution 0.806ns)
  Timing Exception:       False Path

    Location             Delay type                Incr(ns)  Path(ns)    Netlist Resource(s)
  -------------------------------------------------------------------    -------------------
                         (clock clk_pl_0 rise edge)
                                                      0.000     0.000 r  
    PS8_X0Y0             PS8                          0.000     0.000 r  pccx_v002_system_i/zynq_ps/inst/PS8_i/PLCLK[0]
                         net (fo=1, routed)           0.129     0.129    pccx_v002_system_i/zynq_ps/inst/pl_clk_unbuffered[0]
    BUFG_PS_X0Y90        BUFG_PS (Prop_BUFG_PS_I_O)
                                                      0.022     0.151 r  pccx_v002_system_i/zynq_ps/inst/buffer_pl_clk_0.PL_CLK_0_BUFG/O
    X1Y1 (CLOCK_ROOT)    net (fo=82020, routed)       1.668     1.819    pccx_v002_system_i/sc_hp0_stage0/inst/clk_map/psr_aclk/U0/aclk
    SLICE_X35Y45         FDRE                                         r  pccx_v002_system_i/sc_hp0_stage0/inst/clk_map/psr_aclk/U0/ACTIVE_LOW_BSR_OUT_DFF[0].FDRE_BSR_N/C
  -------------------------------------------------------------------    -------------------
    SLICE_X35Y45         FDRE (Prop_DFF_SLICEM_C_Q)
                                                      0.083     1.902 r  pccx_v002_system_i/sc_hp0_stage0/inst/clk_map/psr_aclk/U0/ACTIVE_LOW_BSR_OUT_DFF[0].FDRE_BSR_N/Q
                         net (fo=66, routed)          0.330     2.232    pccx_v002_system_i/sc_hp0_stage0/inst/m00_nodes/m00_ar_node/inst/s_sc_xpm_cdc_async_rst_inst/src_arst
    SLICE_X25Y63         FDCE                                         f  pccx_v002_system_i/sc_hp0_stage0/inst/m00_nodes/m00_ar_node/inst/s_sc_xpm_cdc_async_rst_inst/arststages_ff_reg[1]/CLR  (IS_INVERTED)
  -------------------------------------------------------------------    -------------------

                         (clock clk_pl_0 rise edge)
                                                      0.000     0.000 r  
    PS8_X0Y0             PS8                          0.000     0.000 r  pccx_v002_system_i/zynq_ps/inst/PS8_i/PLCLK[0]
                         net (fo=1, routed)           0.164     0.164    pccx_v002_system_i/zynq_ps/inst/pl_clk_unbuffered[0]
    BUFG_PS_X0Y90        BUFG_PS (Prop_BUFG_PS_I_O)
                                                      0.023     0.187 r  pccx_v002_system_i/zynq_ps/inst/buffer_pl_clk_0.PL_CLK_0_BUFG/O
    X1Y1 (CLOCK_ROOT)    net (fo=82020, routed)       1.839     2.026    pccx_v002_system_i/sc_hp0_stage0/inst/m00_nodes/m00_ar_node/inst/s_sc_xpm_cdc_async_rst_inst/dest_clk
    SLICE_X25Y63         FDCE                                         r  pccx_v002_system_i/sc_hp0_stage0/inst/m00_nodes/m00_ar_node/inst/s_sc_xpm_cdc_async_rst_inst/arststages_ff_reg[1]/C

Slack:                    inf
  Source:                 pccx_v002_system_i/sc_hp0_stage0/inst/clk_map/psr_aclk/U0/ACTIVE_LOW_BSR_OUT_DFF[0].FDRE_BSR_N/C
                            (rising edge-triggered cell FDRE clocked by clk_pl_0  {rise@0.000ns fall@5.000ns period=10.000ns})
  Destination:            pccx_v002_system_i/sc_hp0_stage0/inst/m00_nodes/m00_ar_node/inst/s_sc_xpm_cdc_async_rst_inst/arststages_ff_reg[2]/CLR
                            (removal check against rising-edge clock clk_pl_0  {rise@0.000ns fall@5.000ns period=10.000ns})
  Path Group:             (none)
  Path Type:              Removal (Min at Fast Process Corner)
  Data Path Delay:        0.413ns  (logic 0.083ns (20.076%)  route 0.330ns (79.924%))
  Logic Levels:           0  
  Clock Path Skew:        0.207ns (DCD - SCD - CPR)
    Destination Clock Delay (DCD):    2.026ns
    Source Clock Delay      (SCD):    1.819ns
    Clock Pessimism Removal (CPR):    -0.000ns
  Clock Uncertainty:      0.160ns  ((TSJ^2 + DJ^2)^1/2) / 2 + PE
    Total System Jitter     (TSJ):    0.071ns
    Discrete Jitter          (DJ):    0.312ns
    Phase Error              (PE):    0.000ns
  Clock Net Delay (Source):      1.668ns (routing 0.940ns, distribution 0.728ns)
  Clock Net Delay (Destination): 1.839ns (routing 1.033ns, distribution 0.806ns)
  Timing Exception:       False Path

    Location             Delay type                Incr(ns)  Path(ns)    Netlist Resource(s)
  -------------------------------------------------------------------    -------------------
                         (clock clk_pl_0 rise edge)
                                                      0.000     0.000 r  
    PS8_X0Y0             PS8                          0.000     0.000 r  pccx_v002_system_i/zynq_ps/inst/PS8_i/PLCLK[0]
                         net (fo=1, routed)           0.129     0.129    pccx_v002_system_i/zynq_ps/inst/pl_clk_unbuffered[0]
    BUFG_PS_X0Y90        BUFG_PS (Prop_BUFG_PS_I_O)
                                                      0.022     0.151 r  pccx_v002_system_i/zynq_ps/inst/buffer_pl_clk_0.PL_CLK_0_BUFG/O
    X1Y1 (CLOCK_ROOT)    net (fo=82020, routed)       1.668     1.819    pccx_v002_system_i/sc_hp0_stage0/inst/clk_map/psr_aclk/U0/aclk
    SLICE_X35Y45         FDRE                                         r  pccx_v002_system_i/sc_hp0_stage0/inst/clk_map/psr_aclk/U0/ACTIVE_LOW_BSR_OUT_DFF[0].FDRE_BSR_N/C
  -------------------------------------------------------------------    -------------------
    SLICE_X35Y45         FDRE (Prop_DFF_SLICEM_C_Q)
                                                      0.083     1.902 r  pccx_v002_system_i/sc_hp0_stage0/inst/clk_map/psr_aclk/U0/ACTIVE_LOW_BSR_OUT_DFF[0].FDRE_BSR_N/Q
                         net (fo=66, routed)          0.330     2.232    pccx_v002_system_i/sc_hp0_stage0/inst/m00_nodes/m00_ar_node/inst/s_sc_xpm_cdc_async_rst_inst/src_arst
    SLICE_X25Y63         FDCE                                         f  pccx_v002_system_i/sc_hp0_stage0/inst/m00_nodes/m00_ar_node/inst/s_sc_xpm_cdc_async_rst_inst/arststages_ff_reg[2]/CLR  (IS_INVERTED)
  -------------------------------------------------------------------    -------------------

                         (clock clk_pl_0 rise edge)
                                                      0.000     0.000 r  
    PS8_X0Y0             PS8                          0.000     0.000 r  pccx_v002_system_i/zynq_ps/inst/PS8_i/PLCLK[0]
                         net (fo=1, routed)           0.164     0.164    pccx_v002_system_i/zynq_ps/inst/pl_clk_unbuffered[0]
    BUFG_PS_X0Y90        BUFG_PS (Prop_BUFG_PS_I_O)
                                                      0.023     0.187 r  pccx_v002_system_i/zynq_ps/inst/buffer_pl_clk_0.PL_CLK_0_BUFG/O
    X1Y1 (CLOCK_ROOT)    net (fo=82020, routed)       1.839     2.026    pccx_v002_system_i/sc_hp0_stage0/inst/m00_nodes/m00_ar_node/inst/s_sc_xpm_cdc_async_rst_inst/dest_clk
    SLICE_X25Y63         FDCE                                         r  pccx_v002_system_i/sc_hp0_stage0/inst/m00_nodes/m00_ar_node/inst/s_sc_xpm_cdc_async_rst_inst/arststages_ff_reg[2]/C

Slack:                    inf
  Source:                 pccx_v002_system_i/sc_hp0_stage0/inst/clk_map/psr_aclk/U0/ACTIVE_LOW_BSR_OUT_DFF[0].FDRE_BSR_N/C
                            (rising edge-triggered cell FDRE clocked by clk_pl_0  {rise@0.000ns fall@5.000ns period=10.000ns})
  Destination:            pccx_v002_system_i/sc_hp0_stage0/inst/s01_entry_pipeline/s01_si_converter/inst/xpm_cdc_async_rst_inst/arststages_ff_reg[0]/CLR
                            (removal check against rising-edge clock clk_pl_0  {rise@0.000ns fall@5.000ns period=10.000ns})
  Path Group:             (none)
  Path Type:              Removal (Min at Fast Process Corner)
  Data Path Delay:        0.455ns  (logic 0.083ns (18.240%)  route 0.372ns (81.760%))
  Logic Levels:           0  
  Clock Path Skew:        0.198ns (DCD - SCD - CPR)
    Destination Clock Delay (DCD):    2.016ns
    Source Clock Delay      (SCD):    1.819ns
    Clock Pessimism Removal (CPR):    -0.000ns
  Clock Uncertainty:      0.160ns  ((TSJ^2 + DJ^2)^1/2) / 2 + PE
    Total System Jitter     (TSJ):    0.071ns
    Discrete Jitter          (DJ):    0.312ns
    Phase Error              (PE):    0.000ns
  Clock Net Delay (Source):      1.668ns (routing 0.940ns, distribution 0.728ns)
  Clock Net Delay (Destination): 1.829ns (routing 1.033ns, distribution 0.796ns)
  Timing Exception:       False Path

    Location             Delay type                Incr(ns)  Path(ns)    Netlist Resource(s)
  -------------------------------------------------------------------    -------------------
                         (clock clk_pl_0 rise edge)
                                                      0.000     0.000 r  
    PS8_X0Y0             PS8                          0.000     0.000 r  pccx_v002_system_i/zynq_ps/inst/PS8_i/PLCLK[0]
                         net (fo=1, routed)           0.129     0.129    pccx_v002_system_i/zynq_ps/inst/pl_clk_unbuffered[0]
    BUFG_PS_X0Y90        BUFG_PS (Prop_BUFG_PS_I_O)
                                                      0.022     0.151 r  pccx_v002_system_i/zynq_ps/inst/buffer_pl_clk_0.PL_CLK_0_BUFG/O
    X1Y1 (CLOCK_ROOT)    net (fo=82020, routed)       1.668     1.819    pccx_v002_system_i/sc_hp0_stage0/inst/clk_map/psr_aclk/U0/aclk
    SLICE_X35Y45         FDRE                                         r  pccx_v002_system_i/sc_hp0_stage0/inst/clk_map/psr_aclk/U0/ACTIVE_LOW_BSR_OUT_DFF[0].FDRE_BSR_N/C
  -------------------------------------------------------------------    -------------------
    SLICE_X35Y45         FDRE (Prop_DFF_SLICEM_C_Q)
                                                      0.083     1.902 r  pccx_v002_system_i/sc_hp0_stage0/inst/clk_map/psr_aclk/U0/ACTIVE_LOW_BSR_OUT_DFF[0].FDRE_BSR_N/Q
                         net (fo=66, routed)          0.372     2.274    pccx_v002_system_i/sc_hp0_stage0/inst/s01_entry_pipeline/s01_si_converter/inst/xpm_cdc_async_rst_inst/src_arst
    SLICE_X24Y74         FDCE                                         f  pccx_v002_system_i/sc_hp0_stage0/inst/s01_entry_pipeline/s01_si_converter/inst/xpm_cdc_async_rst_inst/arststages_ff_reg[0]/CLR  (IS_INVERTED)
  -------------------------------------------------------------------    -------------------

                         (clock clk_pl_0 rise edge)
                                                      0.000     0.000 r  
    PS8_X0Y0             PS8                          0.000     0.000 r  pccx_v002_system_i/zynq_ps/inst/PS8_i/PLCLK[0]
                         net (fo=1, routed)           0.164     0.164    pccx_v002_system_i/zynq_ps/inst/pl_clk_unbuffered[0]
    BUFG_PS_X0Y90        BUFG_PS (Prop_BUFG_PS_I_O)
                                                      0.023     0.187 r  pccx_v002_system_i/zynq_ps/inst/buffer_pl_clk_0.PL_CLK_0_BUFG/O
    X1Y1 (CLOCK_ROOT)    net (fo=82020, routed)       1.829     2.016    pccx_v002_system_i/sc_hp0_stage0/inst/s01_entry_pipeline/s01_si_converter/inst/xpm_cdc_async_rst_inst/dest_clk
    SLICE_X24Y74         FDCE                                         r  pccx_v002_system_i/sc_hp0_stage0/inst/s01_entry_pipeline/s01_si_converter/inst/xpm_cdc_async_rst_inst/arststages_ff_reg[0]/C

Slack:                    inf
  Source:                 pccx_v002_system_i/sc_hp0_stage0/inst/clk_map/psr_aclk/U0/ACTIVE_LOW_BSR_OUT_DFF[0].FDRE_BSR_N/C
                            (rising edge-triggered cell FDRE clocked by clk_pl_0  {rise@0.000ns fall@5.000ns period=10.000ns})
  Destination:            pccx_v002_system_i/sc_hp0_stage0/inst/s01_entry_pipeline/s01_si_converter/inst/xpm_cdc_async_rst_inst/arststages_ff_reg[1]/CLR
                            (removal check against rising-edge clock clk_pl_0  {rise@0.000ns fall@5.000ns period=10.000ns})
  Path Group:             (none)
  Path Type:              Removal (Min at Fast Process Corner)
  Data Path Delay:        0.455ns  (logic 0.083ns (18.240%)  route 0.372ns (81.760%))
  Logic Levels:           0  
  Clock Path Skew:        0.198ns (DCD - SCD - CPR)
    Destination Clock Delay (DCD):    2.016ns
    Source Clock Delay      (SCD):    1.819ns
    Clock Pessimism Removal (CPR):    -0.000ns
  Clock Uncertainty:      0.160ns  ((TSJ^2 + DJ^2)^1/2) / 2 + PE
    Total System Jitter     (TSJ):    0.071ns
    Discrete Jitter          (DJ):    0.312ns
    Phase Error              (PE):    0.000ns
  Clock Net Delay (Source):      1.668ns (routing 0.940ns, distribution 0.728ns)
  Clock Net Delay (Destination): 1.829ns (routing 1.033ns, distribution 0.796ns)
  Timing Exception:       False Path

    Location             Delay type                Incr(ns)  Path(ns)    Netlist Resource(s)
  -------------------------------------------------------------------    -------------------
                         (clock clk_pl_0 rise edge)
                                                      0.000     0.000 r  
    PS8_X0Y0             PS8                          0.000     0.000 r  pccx_v002_system_i/zynq_ps/inst/PS8_i/PLCLK[0]
                         net (fo=1, routed)           0.129     0.129    pccx_v002_system_i/zynq_ps/inst/pl_clk_unbuffered[0]
    BUFG_PS_X0Y90        BUFG_PS (Prop_BUFG_PS_I_O)
                                                      0.022     0.151 r  pccx_v002_system_i/zynq_ps/inst/buffer_pl_clk_0.PL_CLK_0_BUFG/O
    X1Y1 (CLOCK_ROOT)    net (fo=82020, routed)       1.668     1.819    pccx_v002_system_i/sc_hp0_stage0/inst/clk_map/psr_aclk/U0/aclk
    SLICE_X35Y45         FDRE                                         r  pccx_v002_system_i/sc_hp0_stage0/inst/clk_map/psr_aclk/U0/ACTIVE_LOW_BSR_OUT_DFF[0].FDRE_BSR_N/C
  -------------------------------------------------------------------    -------------------
    SLICE_X35Y45         FDRE (Prop_DFF_SLICEM_C_Q)
                                                      0.083     1.902 r  pccx_v002_system_i/sc_hp0_stage0/inst/clk_map/psr_aclk/U0/ACTIVE_LOW_BSR_OUT_DFF[0].FDRE_BSR_N/Q
                         net (fo=66, routed)          0.372     2.274    pccx_v002_system_i/sc_hp0_stage0/inst/s01_entry_pipeline/s01_si_converter/inst/xpm_cdc_async_rst_inst/src_arst
    SLICE_X24Y74         FDCE                                         f  pccx_v002_system_i/sc_hp0_stage0/inst/s01_entry_pipeline/s01_si_converter/inst/xpm_cdc_async_rst_inst/arststages_ff_reg[1]/CLR  (IS_INVERTED)
  -------------------------------------------------------------------    -------------------

                         (clock clk_pl_0 rise edge)
                                                      0.000     0.000 r  
    PS8_X0Y0             PS8                          0.000     0.000 r  pccx_v002_system_i/zynq_ps/inst/PS8_i/PLCLK[0]
                         net (fo=1, routed)           0.164     0.164    pccx_v002_system_i/zynq_ps/inst/pl_clk_unbuffered[0]
    BUFG_PS_X0Y90        BUFG_PS (Prop_BUFG_PS_I_O)
                                                      0.023     0.187 r  pccx_v002_system_i/zynq_ps/inst/buffer_pl_clk_0.PL_CLK_0_BUFG/O
    X1Y1 (CLOCK_ROOT)    net (fo=82020, routed)       1.829     2.016    pccx_v002_system_i/sc_hp0_stage0/inst/s01_entry_pipeline/s01_si_converter/inst/xpm_cdc_async_rst_inst/dest_clk
    SLICE_X24Y74         FDCE                                         r  pccx_v002_system_i/sc_hp0_stage0/inst/s01_entry_pipeline/s01_si_converter/inst/xpm_cdc_async_rst_inst/arststages_ff_reg[1]/C

Slack:                    inf
  Source:                 pccx_v002_system_i/sc_hp0_stage0/inst/clk_map/psr_aclk/U0/ACTIVE_LOW_BSR_OUT_DFF[0].FDRE_BSR_N/C
                            (rising edge-triggered cell FDRE clocked by clk_pl_0  {rise@0.000ns fall@5.000ns period=10.000ns})
  Destination:            pccx_v002_system_i/sc_hp0_stage0/inst/s01_entry_pipeline/s01_si_converter/inst/xpm_cdc_async_rst_inst/arststages_ff_reg[2]/CLR
                            (removal check against rising-edge clock clk_pl_0  {rise@0.000ns fall@5.000ns period=10.000ns})
  Path Group:             (none)
  Path Type:              Removal (Min at Fast Process Corner)
  Data Path Delay:        0.455ns  (logic 0.083ns (18.240%)  route 0.372ns (81.760%))
  Logic Levels:           0  
  Clock Path Skew:        0.198ns (DCD - SCD - CPR)
    Destination Clock Delay (DCD):    2.016ns
    Source Clock Delay      (SCD):    1.819ns
    Clock Pessimism Removal (CPR):    -0.000ns
  Clock Uncertainty:      0.160ns  ((TSJ^2 + DJ^2)^1/2) / 2 + PE
    Total System Jitter     (TSJ):    0.071ns
    Discrete Jitter          (DJ):    0.312ns
    Phase Error              (PE):    0.000ns
  Clock Net Delay (Source):      1.668ns (routing 0.940ns, distribution 0.728ns)
  Clock Net Delay (Destination): 1.829ns (routing 1.033ns, distribution 0.796ns)
  Timing Exception:       False Path

    Location             Delay type                Incr(ns)  Path(ns)    Netlist Resource(s)
  -------------------------------------------------------------------    -------------------
                         (clock clk_pl_0 rise edge)
                                                      0.000     0.000 r  
    PS8_X0Y0             PS8                          0.000     0.000 r  pccx_v002_system_i/zynq_ps/inst/PS8_i/PLCLK[0]
                         net (fo=1, routed)           0.129     0.129    pccx_v002_system_i/zynq_ps/inst/pl_clk_unbuffered[0]
    BUFG_PS_X0Y90        BUFG_PS (Prop_BUFG_PS_I_O)
                                                      0.022     0.151 r  pccx_v002_system_i/zynq_ps/inst/buffer_pl_clk_0.PL_CLK_0_BUFG/O
    X1Y1 (CLOCK_ROOT)    net (fo=82020, routed)       1.668     1.819    pccx_v002_system_i/sc_hp0_stage0/inst/clk_map/psr_aclk/U0/aclk
    SLICE_X35Y45         FDRE                                         r  pccx_v002_system_i/sc_hp0_stage0/inst/clk_map/psr_aclk/U0/ACTIVE_LOW_BSR_OUT_DFF[0].FDRE_BSR_N/C
  -------------------------------------------------------------------    -------------------
    SLICE_X35Y45         FDRE (Prop_DFF_SLICEM_C_Q)
                                                      0.083     1.902 r  pccx_v002_system_i/sc_hp0_stage0/inst/clk_map/psr_aclk/U0/ACTIVE_LOW_BSR_OUT_DFF[0].FDRE_BSR_N/Q
                         net (fo=66, routed)          0.372     2.274    pccx_v002_system_i/sc_hp0_stage0/inst/s01_entry_pipeline/s01_si_converter/inst/xpm_cdc_async_rst_inst/src_arst
    SLICE_X24Y74         FDCE                                         f  pccx_v002_system_i/sc_hp0_stage0/inst/s01_entry_pipeline/s01_si_converter/inst/xpm_cdc_async_rst_inst/arststages_ff_reg[2]/CLR  (IS_INVERTED)
  -------------------------------------------------------------------    -------------------

                         (clock clk_pl_0 rise edge)
                                                      0.000     0.000 r  
    PS8_X0Y0             PS8                          0.000     0.000 r  pccx_v002_system_i/zynq_ps/inst/PS8_i/PLCLK[0]
                         net (fo=1, routed)           0.164     0.164    pccx_v002_system_i/zynq_ps/inst/pl_clk_unbuffered[0]
    BUFG_PS_X0Y90        BUFG_PS (Prop_BUFG_PS_I_O)
                                                      0.023     0.187 r  pccx_v002_system_i/zynq_ps/inst/buffer_pl_clk_0.PL_CLK_0_BUFG/O
    X1Y1 (CLOCK_ROOT)    net (fo=82020, routed)       1.829     2.016    pccx_v002_system_i/sc_hp0_stage0/inst/s01_entry_pipeline/s01_si_converter/inst/xpm_cdc_async_rst_inst/dest_clk
    SLICE_X24Y74         FDCE                                         r  pccx_v002_system_i/sc_hp0_stage0/inst/s01_entry_pipeline/s01_si_converter/inst/xpm_cdc_async_rst_inst/arststages_ff_reg[2]/C





--------------------------------------------------------------------------------------
Path Group:  (none)
From Clock:  
  To Clock:  clk_pl_0

Max Delay           324 Endpoints
Min Delay           324 Endpoints
--------------------------------------------------------------------------------------


Max Delay Paths
--------------------------------------------------------------------------------------
Slack:                    inf
  Source:                 pccx_v002_system_i/u_npu/inst/u_wrap/u_pccx_npu_top/u_mem_dispatcher/u_l2_cache/u_l2_uram/u_l2_uram/xpm_memory_base_inst/gen_wr_a.gen_word_narrow.mem_reg_uram_0/CAS_OUT_ADDR_A[18]
                            (internal pin)
  Destination:            pccx_v002_system_i/u_npu/inst/u_wrap/u_pccx_npu_top/u_mem_dispatcher/u_l2_cache/u_l2_uram/u_l2_uram/xpm_memory_base_inst/gen_wr_a.gen_word_narrow.mem_reg_uram_1/CAS_IN_ADDR_A[18]
                            (rising edge-triggered cell URAM288 clocked by clk_pl_0  {rise@0.000ns fall@5.000ns period=10.000ns})
  Path Group:             (none)
  Path Type:              Setup (Max at Slow Process Corner)
  Data Path Delay:        0.003ns  (logic 0.000ns (0.000%)  route 0.003ns (100.000%))
  Logic Levels:           0  
  Clock Uncertainty:      0.158ns  ((TSJ^2 + DJ^2)^1/2) / 2 + PE
    Total System Jitter     (TSJ):    0.050ns
    Discrete Jitter          (DJ):    0.312ns
    Phase Error              (PE):    0.000ns
  Clock Net Delay (Destination): 2.849ns (routing 1.538ns, distribution 1.311ns)

    Location             Delay type                Incr(ns)  Path(ns)    Netlist Resource(s)
  -------------------------------------------------------------------    -------------------
    URAM288_X0Y24        URAM288                      0.000     0.000 r  pccx_v002_system_i/u_npu/inst/u_wrap/u_pccx_npu_top/u_mem_dispatcher/u_l2_cache/u_l2_uram/u_l2_uram/xpm_memory_base_inst/gen_wr_a.gen_word_narrow.mem_reg_uram_0/CAS_OUT_ADDR_A[18]
                         net (fo=1, routed)           0.003     0.003    pccx_v002_system_i/u_npu/inst/u_wrap/u_pccx_npu_top/u_mem_dispatcher/u_l2_cache/u_l2_uram/u_l2_uram/xpm_memory_base_inst/gen_wr_a.gen_word_narrow.mem_reg_uram_1_Cas_AddrA_1[18]
    URAM288_X0Y25        URAM288                                      r  pccx_v002_system_i/u_npu/inst/u_wrap/u_pccx_npu_top/u_mem_dispatcher/u_l2_cache/u_l2_uram/u_l2_uram/xpm_memory_base_inst/gen_wr_a.gen_word_narrow.mem_reg_uram_1/CAS_IN_ADDR_A[18]
  -------------------------------------------------------------------    -------------------

                         (clock clk_pl_0 rise edge)
                                                      0.000     0.000 r  
    PS8_X0Y0             PS8                          0.000     0.000 r  pccx_v002_system_i/zynq_ps/inst/PS8_i/PLCLK[0]
                         net (fo=1, routed)           0.181     0.181    pccx_v002_system_i/zynq_ps/inst/pl_clk_unbuffered[0]
    BUFG_PS_X0Y90        BUFG_PS (Prop_BUFG_PS_I_O)
                                                      0.035     0.216 r  pccx_v002_system_i/zynq_ps/inst/buffer_pl_clk_0.PL_CLK_0_BUFG/O
    X1Y1 (CLOCK_ROOT)    net (fo=82020, routed)       2.849     3.065    pccx_v002_system_i/u_npu/inst/u_wrap/u_pccx_npu_top/u_mem_dispatcher/u_l2_cache/u_l2_uram/u_l2_uram/xpm_memory_base_inst/clka
    URAM288_X0Y25        URAM288                                      r  pccx_v002_system_i/u_npu/inst/u_wrap/u_pccx_npu_top/u_mem_dispatcher/u_l2_cache/u_l2_uram/u_l2_uram/xpm_memory_base_inst/gen_wr_a.gen_word_narrow.mem_reg_uram_1/CLK

Slack:                    inf
  Source:                 pccx_v002_system_i/u_npu/inst/u_wrap/u_pccx_npu_top/u_mem_dispatcher/u_l2_cache/u_l2_uram/u_l2_uram/xpm_memory_base_inst/gen_wr_a.gen_word_narrow.mem_reg_uram_28/CAS_OUT_ADDR_A[18]
                            (internal pin)
  Destination:            pccx_v002_system_i/u_npu/inst/u_wrap/u_pccx_npu_top/u_mem_dispatcher/u_l2_cache/u_l2_uram/u_l2_uram/xpm_memory_base_inst/gen_wr_a.gen_word_narrow.mem_reg_uram_29/CAS_IN_ADDR_A[18]
                            (rising edge-triggered cell URAM288 clocked by clk_pl_0  {rise@0.000ns fall@5.000ns period=10.000ns})
  Path Group:             (none)
  Path Type:              Setup (Max at Slow Process Corner)
  Data Path Delay:        0.003ns  (logic 0.000ns (0.000%)  route 0.003ns (100.000%))
  Logic Levels:           0  
  Clock Uncertainty:      0.158ns  ((TSJ^2 + DJ^2)^1/2) / 2 + PE
    Total System Jitter     (TSJ):    0.050ns
    Discrete Jitter          (DJ):    0.312ns
    Phase Error              (PE):    0.000ns
  Clock Net Delay (Destination): 2.905ns (routing 1.538ns, distribution 1.367ns)

    Location             Delay type                Incr(ns)  Path(ns)    Netlist Resource(s)
  -------------------------------------------------------------------    -------------------
    URAM288_X0Y44        URAM288                      0.000     0.000 r  pccx_v002_system_i/u_npu/inst/u_wrap/u_pccx_npu_top/u_mem_dispatcher/u_l2_cache/u_l2_uram/u_l2_uram/xpm_memory_base_inst/gen_wr_a.gen_word_narrow.mem_reg_uram_28/CAS_OUT_ADDR_A[18]
                         net (fo=1, routed)           0.003     0.003    pccx_v002_system_i/u_npu/inst/u_wrap/u_pccx_npu_top/u_mem_dispatcher/u_l2_cache/u_l2_uram/u_l2_uram/xpm_memory_base_inst/gen_wr_a.gen_word_narrow.mem_reg_uram_29_Cas_AddrA_1[18]
    URAM288_X0Y45        URAM288                                      r  pccx_v002_system_i/u_npu/inst/u_wrap/u_pccx_npu_top/u_mem_dispatcher/u_l2_cache/u_l2_uram/u_l2_uram/xpm_memory_base_inst/gen_wr_a.gen_word_narrow.mem_reg_uram_29/CAS_IN_ADDR_A[18]
  -------------------------------------------------------------------    -------------------

                         (clock clk_pl_0 rise edge)
                                                      0.000     0.000 r  
    PS8_X0Y0             PS8                          0.000     0.000 r  pccx_v002_system_i/zynq_ps/inst/PS8_i/PLCLK[0]
                         net (fo=1, routed)           0.181     0.181    pccx_v002_system_i/zynq_ps/inst/pl_clk_unbuffered[0]
    BUFG_PS_X0Y90        BUFG_PS (Prop_BUFG_PS_I_O)
                                                      0.035     0.216 r  pccx_v002_system_i/zynq_ps/inst/buffer_pl_clk_0.PL_CLK_0_BUFG/O
    X1Y1 (CLOCK_ROOT)    net (fo=82020, routed)       2.905     3.121    pccx_v002_system_i/u_npu/inst/u_wrap/u_pccx_npu_top/u_mem_dispatcher/u_l2_cache/u_l2_uram/u_l2_uram/xpm_memory_base_inst/clka
    URAM288_X0Y45        URAM288                                      r  pccx_v002_system_i/u_npu/inst/u_wrap/u_pccx_npu_top/u_mem_dispatcher/u_l2_cache/u_l2_uram/u_l2_uram/xpm_memory_base_inst/gen_wr_a.gen_word_narrow.mem_reg_uram_29/CLK

Slack:                    inf
  Source:                 pccx_v002_system_i/u_npu/inst/u_wrap/u_pccx_npu_top/u_mem_dispatcher/u_l2_cache/u_l2_uram/u_l2_uram/xpm_memory_base_inst/gen_wr_a.gen_word_narrow.mem_reg_uram_2/CAS_OUT_ADDR_A[18]
                            (internal pin)
  Destination:            pccx_v002_system_i/u_npu/inst/u_wrap/u_pccx_npu_top/u_mem_dispatcher/u_l2_cache/u_l2_uram/u_l2_uram/xpm_memory_base_inst/gen_wr_a.gen_word_narrow.mem_reg_uram_3/CAS_IN_ADDR_A[18]
                            (rising edge-triggered cell URAM288 clocked by clk_pl_0  {rise@0.000ns fall@5.000ns period=10.000ns})
  Path Group:             (none)
  Path Type:              Setup (Max at Slow Process Corner)
  Data Path Delay:        0.003ns  (logic 0.000ns (0.000%)  route 0.003ns (100.000%))
  Logic Levels:           0  
  Clock Uncertainty:      0.158ns  ((TSJ^2 + DJ^2)^1/2) / 2 + PE
    Total System Jitter     (TSJ):    0.050ns
    Discrete Jitter          (DJ):    0.312ns
    Phase Error              (PE):    0.000ns
  Clock Net Delay (Destination): 2.857ns (routing 1.538ns, distribution 1.319ns)

    Location             Delay type                Incr(ns)  Path(ns)    Netlist Resource(s)
  -------------------------------------------------------------------    -------------------
    URAM288_X0Y26        URAM288                      0.000     0.000 r  pccx_v002_system_i/u_npu/inst/u_wrap/u_pccx_npu_top/u_mem_dispatcher/u_l2_cache/u_l2_uram/u_l2_uram/xpm_memory_base_inst/gen_wr_a.gen_word_narrow.mem_reg_uram_2/CAS_OUT_ADDR_A[18]
                         net (fo=1, routed)           0.003     0.003    pccx_v002_system_i/u_npu/inst/u_wrap/u_pccx_npu_top/u_mem_dispatcher/u_l2_cache/u_l2_uram/u_l2_uram/xpm_memory_base_inst/gen_wr_a.gen_word_narrow.mem_reg_uram_3_Cas_AddrA_1[18]
    URAM288_X0Y27        URAM288                                      r  pccx_v002_system_i/u_npu/inst/u_wrap/u_pccx_npu_top/u_mem_dispatcher/u_l2_cache/u_l2_uram/u_l2_uram/xpm_memory_base_inst/gen_wr_a.gen_word_narrow.mem_reg_uram_3/CAS_IN_ADDR_A[18]
  -------------------------------------------------------------------    -------------------

                         (clock clk_pl_0 rise edge)
                                                      0.000     0.000 r  
    PS8_X0Y0             PS8                          0.000     0.000 r  pccx_v002_system_i/zynq_ps/inst/PS8_i/PLCLK[0]
                         net (fo=1, routed)           0.181     0.181    pccx_v002_system_i/zynq_ps/inst/pl_clk_unbuffered[0]
    BUFG_PS_X0Y90        BUFG_PS (Prop_BUFG_PS_I_O)
                                                      0.035     0.216 r  pccx_v002_system_i/zynq_ps/inst/buffer_pl_clk_0.PL_CLK_0_BUFG/O
    X1Y1 (CLOCK_ROOT)    net (fo=82020, routed)       2.857     3.073    pccx_v002_system_i/u_npu/inst/u_wrap/u_pccx_npu_top/u_mem_dispatcher/u_l2_cache/u_l2_uram/u_l2_uram/xpm_memory_base_inst/clka
    URAM288_X0Y27        URAM288                                      r  pccx_v002_system_i/u_npu/inst/u_wrap/u_pccx_npu_top/u_mem_dispatcher/u_l2_cache/u_l2_uram/u_l2_uram/xpm_memory_base_inst/gen_wr_a.gen_word_narrow.mem_reg_uram_3/CLK

Slack:                    inf
  Source:                 pccx_v002_system_i/u_npu/inst/u_wrap/u_pccx_npu_top/u_mem_dispatcher/u_l2_cache/u_l2_uram/u_l2_uram/xpm_memory_base_inst/gen_wr_a.gen_word_narrow.mem_reg_uram_30/CAS_OUT_ADDR_A[18]
                            (internal pin)
  Destination:            pccx_v002_system_i/u_npu/inst/u_wrap/u_pccx_npu_top/u_mem_dispatcher/u_l2_cache/u_l2_uram/u_l2_uram/xpm_memory_base_inst/gen_wr_a.gen_word_narrow.mem_reg_uram_31/CAS_IN_ADDR_A[18]
                            (rising edge-triggered cell URAM288 clocked by clk_pl_0  {rise@0.000ns fall@5.000ns period=10.000ns})
  Path Group:             (none)
  Path Type:              Setup (Max at Slow Process Corner)
  Data Path Delay:        0.003ns  (logic 0.000ns (0.000%)  route 0.003ns (100.000%))
  Logic Levels:           0  
  Clock Uncertainty:      0.158ns  ((TSJ^2 + DJ^2)^1/2) / 2 + PE
    Total System Jitter     (TSJ):    0.050ns
    Discrete Jitter          (DJ):    0.312ns
    Phase Error              (PE):    0.000ns
  Clock Net Delay (Destination): 2.881ns (routing 1.538ns, distribution 1.343ns)

    Location             Delay type                Incr(ns)  Path(ns)    Netlist Resource(s)
  -------------------------------------------------------------------    -------------------
    URAM288_X0Y40        URAM288                      0.000     0.000 r  pccx_v002_system_i/u_npu/inst/u_wrap/u_pccx_npu_top/u_mem_dispatcher/u_l2_cache/u_l2_uram/u_l2_uram/xpm_memory_base_inst/gen_wr_a.gen_word_narrow.mem_reg_uram_30/CAS_OUT_ADDR_A[18]
                         net (fo=1, routed)           0.003     0.003    pccx_v002_system_i/u_npu/inst/u_wrap/u_pccx_npu_top/u_mem_dispatcher/u_l2_cache/u_l2_uram/u_l2_uram/xpm_memory_base_inst/gen_wr_a.gen_word_narrow.mem_reg_uram_31_Cas_AddrA_1[18]
    URAM288_X0Y41        URAM288                                      r  pccx_v002_system_i/u_npu/inst/u_wrap/u_pccx_npu_top/u_mem_dispatcher/u_l2_cache/u_l2_uram/u_l2_uram/xpm_memory_base_inst/gen_wr_a.gen_word_narrow.mem_reg_uram_31/CAS_IN_ADDR_A[18]
  -------------------------------------------------------------------    -------------------

                         (clock clk_pl_0 rise edge)
                                                      0.000     0.000 r  
    PS8_X0Y0             PS8                          0.000     0.000 r  pccx_v002_system_i/zynq_ps/inst/PS8_i/PLCLK[0]
                         net (fo=1, routed)           0.181     0.181    pccx_v002_system_i/zynq_ps/inst/pl_clk_unbuffered[0]
    BUFG_PS_X0Y90        BUFG_PS (Prop_BUFG_PS_I_O)
                                                      0.035     0.216 r  pccx_v002_system_i/zynq_ps/inst/buffer_pl_clk_0.PL_CLK_0_BUFG/O
    X1Y1 (CLOCK_ROOT)    net (fo=82020, routed)       2.881     3.097    pccx_v002_system_i/u_npu/inst/u_wrap/u_pccx_npu_top/u_mem_dispatcher/u_l2_cache/u_l2_uram/u_l2_uram/xpm_memory_base_inst/clka
    URAM288_X0Y41        URAM288                                      r  pccx_v002_system_i/u_npu/inst/u_wrap/u_pccx_npu_top/u_mem_dispatcher/u_l2_cache/u_l2_uram/u_l2_uram/xpm_memory_base_inst/gen_wr_a.gen_word_narrow.mem_reg_uram_31/CLK

Slack:                    inf
  Source:                 pccx_v002_system_i/u_npu/inst/u_wrap/u_pccx_npu_top/u_mem_dispatcher/u_l2_cache/u_l2_uram/u_l2_uram/xpm_memory_base_inst/gen_wr_a.gen_word_narrow.mem_reg_uram_32/CAS_OUT_ADDR_A[18]
                            (internal pin)
  Destination:            pccx_v002_system_i/u_npu/inst/u_wrap/u_pccx_npu_top/u_mem_dispatcher/u_l2_cache/u_l2_uram/u_l2_uram/xpm_memory_base_inst/gen_wr_a.gen_word_narrow.mem_reg_uram_33/CAS_IN_ADDR_A[18]
                            (rising edge-triggered cell URAM288 clocked by clk_pl_0  {rise@0.000ns fall@5.000ns period=10.000ns})
  Path Group:             (none)
  Path Type:              Setup (Max at Slow Process Corner)
  Data Path Delay:        0.003ns  (logic 0.000ns (0.000%)  route 0.003ns (100.000%))
  Logic Levels:           0  
  Clock Uncertainty:      0.158ns  ((TSJ^2 + DJ^2)^1/2) / 2 + PE
    Total System Jitter     (TSJ):    0.050ns
    Discrete Jitter          (DJ):    0.312ns
    Phase Error              (PE):    0.000ns
  Clock Net Delay (Destination): 2.901ns (routing 1.538ns, distribution 1.363ns)

    Location             Delay type                Incr(ns)  Path(ns)    Netlist Resource(s)
  -------------------------------------------------------------------    -------------------
    URAM288_X0Y42        URAM288                      0.000     0.000 r  pccx_v002_system_i/u_npu/inst/u_wrap/u_pccx_npu_top/u_mem_dispatcher/u_l2_cache/u_l2_uram/u_l2_uram/xpm_memory_base_inst/gen_wr_a.gen_word_narrow.mem_reg_uram_32/CAS_OUT_ADDR_A[18]
                         net (fo=1, routed)           0.003     0.003    pccx_v002_system_i/u_npu/inst/u_wrap/u_pccx_npu_top/u_mem_dispatcher/u_l2_cache/u_l2_uram/u_l2_uram/xpm_memory_base_inst/gen_wr_a.gen_word_narrow.mem_reg_uram_33_Cas_AddrA_1[18]
    URAM288_X0Y43        URAM288                                      r  pccx_v002_system_i/u_npu/inst/u_wrap/u_pccx_npu_top/u_mem_dispatcher/u_l2_cache/u_l2_uram/u_l2_uram/xpm_memory_base_inst/gen_wr_a.gen_word_narrow.mem_reg_uram_33/CAS_IN_ADDR_A[18]
  -------------------------------------------------------------------    -------------------

                         (clock clk_pl_0 rise edge)
                                                      0.000     0.000 r  
    PS8_X0Y0             PS8                          0.000     0.000 r  pccx_v002_system_i/zynq_ps/inst/PS8_i/PLCLK[0]
                         net (fo=1, routed)           0.181     0.181    pccx_v002_system_i/zynq_ps/inst/pl_clk_unbuffered[0]
    BUFG_PS_X0Y90        BUFG_PS (Prop_BUFG_PS_I_O)
                                                      0.035     0.216 r  pccx_v002_system_i/zynq_ps/inst/buffer_pl_clk_0.PL_CLK_0_BUFG/O
    X1Y1 (CLOCK_ROOT)    net (fo=82020, routed)       2.901     3.117    pccx_v002_system_i/u_npu/inst/u_wrap/u_pccx_npu_top/u_mem_dispatcher/u_l2_cache/u_l2_uram/u_l2_uram/xpm_memory_base_inst/clka
    URAM288_X0Y43        URAM288                                      r  pccx_v002_system_i/u_npu/inst/u_wrap/u_pccx_npu_top/u_mem_dispatcher/u_l2_cache/u_l2_uram/u_l2_uram/xpm_memory_base_inst/gen_wr_a.gen_word_narrow.mem_reg_uram_33/CLK

Slack:                    inf
  Source:                 pccx_v002_system_i/u_npu/inst/u_wrap/u_pccx_npu_top/u_mem_dispatcher/u_l2_cache/u_l2_uram/u_l2_uram/xpm_memory_base_inst/gen_wr_a.gen_word_narrow.mem_reg_uram_34/CAS_OUT_ADDR_A[18]
                            (internal pin)
  Destination:            pccx_v002_system_i/u_npu/inst/u_wrap/u_pccx_npu_top/u_mem_dispatcher/u_l2_cache/u_l2_uram/u_l2_uram/xpm_memory_base_inst/gen_wr_a.gen_word_narrow.mem_reg_uram_35/CAS_IN_ADDR_A[18]
                            (rising edge-triggered cell URAM288 clocked by clk_pl_0  {rise@0.000ns fall@5.000ns period=10.000ns})
  Path Group:             (none)
  Path Type:              Setup (Max at Slow Process Corner)
  Data Path Delay:        0.003ns  (logic 0.000ns (0.000%)  route 0.003ns (100.000%))
  Logic Levels:           0  
  Clock Uncertainty:      0.158ns  ((TSJ^2 + DJ^2)^1/2) / 2 + PE
    Total System Jitter     (TSJ):    0.050ns
    Discrete Jitter          (DJ):    0.312ns
    Phase Error              (PE):    0.000ns
  Clock Net Delay (Destination): 2.900ns (routing 1.538ns, distribution 1.362ns)

    Location             Delay type                Incr(ns)  Path(ns)    Netlist Resource(s)
  -------------------------------------------------------------------    -------------------
    URAM288_X0Y36        URAM288                      0.000     0.000 r  pccx_v002_system_i/u_npu/inst/u_wrap/u_pccx_npu_top/u_mem_dispatcher/u_l2_cache/u_l2_uram/u_l2_uram/xpm_memory_base_inst/gen_wr_a.gen_word_narrow.mem_reg_uram_34/CAS_OUT_ADDR_A[18]
                         net (fo=1, routed)           0.003     0.003    pccx_v002_system_i/u_npu/inst/u_wrap/u_pccx_npu_top/u_mem_dispatcher/u_l2_cache/u_l2_uram/u_l2_uram/xpm_memory_base_inst/gen_wr_a.gen_word_narrow.mem_reg_uram_35_Cas_AddrA_1[18]
    URAM288_X0Y37        URAM288                                      r  pccx_v002_system_i/u_npu/inst/u_wrap/u_pccx_npu_top/u_mem_dispatcher/u_l2_cache/u_l2_uram/u_l2_uram/xpm_memory_base_inst/gen_wr_a.gen_word_narrow.mem_reg_uram_35/CAS_IN_ADDR_A[18]
  -------------------------------------------------------------------    -------------------

                         (clock clk_pl_0 rise edge)
                                                      0.000     0.000 r  
    PS8_X0Y0             PS8                          0.000     0.000 r  pccx_v002_system_i/zynq_ps/inst/PS8_i/PLCLK[0]
                         net (fo=1, routed)           0.181     0.181    pccx_v002_system_i/zynq_ps/inst/pl_clk_unbuffered[0]
    BUFG_PS_X0Y90        BUFG_PS (Prop_BUFG_PS_I_O)
                                                      0.035     0.216 r  pccx_v002_system_i/zynq_ps/inst/buffer_pl_clk_0.PL_CLK_0_BUFG/O
    X1Y1 (CLOCK_ROOT)    net (fo=82020, routed)       2.900     3.116    pccx_v002_system_i/u_npu/inst/u_wrap/u_pccx_npu_top/u_mem_dispatcher/u_l2_cache/u_l2_uram/u_l2_uram/xpm_memory_base_inst/clka
    URAM288_X0Y37        URAM288                                      r  pccx_v002_system_i/u_npu/inst/u_wrap/u_pccx_npu_top/u_mem_dispatcher/u_l2_cache/u_l2_uram/u_l2_uram/xpm_memory_base_inst/gen_wr_a.gen_word_narrow.mem_reg_uram_35/CLK

Slack:                    inf
  Source:                 pccx_v002_system_i/u_npu/inst/u_wrap/u_pccx_npu_top/u_mem_dispatcher/u_l2_cache/u_l2_uram/u_l2_uram/xpm_memory_base_inst/gen_wr_a.gen_word_narrow.mem_reg_uram_36/CAS_OUT_ADDR_A[18]
                            (internal pin)
  Destination:            pccx_v002_system_i/u_npu/inst/u_wrap/u_pccx_npu_top/u_mem_dispatcher/u_l2_cache/u_l2_uram/u_l2_uram/xpm_memory_base_inst/gen_wr_a.gen_word_narrow.mem_reg_uram_37/CAS_IN_ADDR_A[18]
                            (rising edge-triggered cell URAM288 clocked by clk_pl_0  {rise@0.000ns fall@5.000ns period=10.000ns})
  Path Group:             (none)
  Path Type:              Setup (Max at Slow Process Corner)
  Data Path Delay:        0.003ns  (logic 0.000ns (0.000%)  route 0.003ns (100.000%))
  Logic Levels:           0  
  Clock Uncertainty:      0.158ns  ((TSJ^2 + DJ^2)^1/2) / 2 + PE
    Total System Jitter     (TSJ):    0.050ns
    Discrete Jitter          (DJ):    0.312ns
    Phase Error              (PE):    0.000ns
  Clock Net Delay (Destination): 2.891ns (routing 1.538ns, distribution 1.353ns)

    Location             Delay type                Incr(ns)  Path(ns)    Netlist Resource(s)
  -------------------------------------------------------------------    -------------------
    URAM288_X0Y38        URAM288                      0.000     0.000 r  pccx_v002_system_i/u_npu/inst/u_wrap/u_pccx_npu_top/u_mem_dispatcher/u_l2_cache/u_l2_uram/u_l2_uram/xpm_memory_base_inst/gen_wr_a.gen_word_narrow.mem_reg_uram_36/CAS_OUT_ADDR_A[18]
                         net (fo=1, routed)           0.003     0.003    pccx_v002_system_i/u_npu/inst/u_wrap/u_pccx_npu_top/u_mem_dispatcher/u_l2_cache/u_l2_uram/u_l2_uram/xpm_memory_base_inst/gen_wr_a.gen_word_narrow.mem_reg_uram_37_Cas_AddrA_1[18]
    URAM288_X0Y39        URAM288                                      r  pccx_v002_system_i/u_npu/inst/u_wrap/u_pccx_npu_top/u_mem_dispatcher/u_l2_cache/u_l2_uram/u_l2_uram/xpm_memory_base_inst/gen_wr_a.gen_word_narrow.mem_reg_uram_37/CAS_IN_ADDR_A[18]
  -------------------------------------------------------------------    -------------------

                         (clock clk_pl_0 rise edge)
                                                      0.000     0.000 r  
    PS8_X0Y0             PS8                          0.000     0.000 r  pccx_v002_system_i/zynq_ps/inst/PS8_i/PLCLK[0]
                         net (fo=1, routed)           0.181     0.181    pccx_v002_system_i/zynq_ps/inst/pl_clk_unbuffered[0]
    BUFG_PS_X0Y90        BUFG_PS (Prop_BUFG_PS_I_O)
                                                      0.035     0.216 r  pccx_v002_system_i/zynq_ps/inst/buffer_pl_clk_0.PL_CLK_0_BUFG/O
    X1Y1 (CLOCK_ROOT)    net (fo=82020, routed)       2.891     3.107    pccx_v002_system_i/u_npu/inst/u_wrap/u_pccx_npu_top/u_mem_dispatcher/u_l2_cache/u_l2_uram/u_l2_uram/xpm_memory_base_inst/clka
    URAM288_X0Y39        URAM288                                      r  pccx_v002_system_i/u_npu/inst/u_wrap/u_pccx_npu_top/u_mem_dispatcher/u_l2_cache/u_l2_uram/u_l2_uram/xpm_memory_base_inst/gen_wr_a.gen_word_narrow.mem_reg_uram_37/CLK

Slack:                    inf
  Source:                 pccx_v002_system_i/u_npu/inst/u_wrap/u_pccx_npu_top/u_mem_dispatcher/u_l2_cache/u_l2_uram/u_l2_uram/xpm_memory_base_inst/gen_wr_a.gen_word_narrow.mem_reg_uram_4/CAS_OUT_ADDR_A[18]
                            (internal pin)
  Destination:            pccx_v002_system_i/u_npu/inst/u_wrap/u_pccx_npu_top/u_mem_dispatcher/u_l2_cache/u_l2_uram/u_l2_uram/xpm_memory_base_inst/gen_wr_a.gen_word_narrow.mem_reg_uram_5/CAS_IN_ADDR_A[18]
                            (rising edge-triggered cell URAM288 clocked by clk_pl_0  {rise@0.000ns fall@5.000ns period=10.000ns})
  Path Group:             (none)
  Path Type:              Setup (Max at Slow Process Corner)
  Data Path Delay:        0.003ns  (logic 0.000ns (0.000%)  route 0.003ns (100.000%))
  Logic Levels:           0  
  Clock Uncertainty:      0.158ns  ((TSJ^2 + DJ^2)^1/2) / 2 + PE
    Total System Jitter     (TSJ):    0.050ns
    Discrete Jitter          (DJ):    0.312ns
    Phase Error              (PE):    0.000ns
  Clock Net Delay (Destination): 2.862ns (routing 1.538ns, distribution 1.324ns)

    Location             Delay type                Incr(ns)  Path(ns)    Netlist Resource(s)
  -------------------------------------------------------------------    -------------------
    URAM288_X0Y30        URAM288                      0.000     0.000 r  pccx_v002_system_i/u_npu/inst/u_wrap/u_pccx_npu_top/u_mem_dispatcher/u_l2_cache/u_l2_uram/u_l2_uram/xpm_memory_base_inst/gen_wr_a.gen_word_narrow.mem_reg_uram_4/CAS_OUT_ADDR_A[18]
                         net (fo=1, routed)           0.003     0.003    pccx_v002_system_i/u_npu/inst/u_wrap/u_pccx_npu_top/u_mem_dispatcher/u_l2_cache/u_l2_uram/u_l2_uram/xpm_memory_base_inst/gen_wr_a.gen_word_narrow.mem_reg_uram_5_Cas_AddrA_1[18]
    URAM288_X0Y31        URAM288                                      r  pccx_v002_system_i/u_npu/inst/u_wrap/u_pccx_npu_top/u_mem_dispatcher/u_l2_cache/u_l2_uram/u_l2_uram/xpm_memory_base_inst/gen_wr_a.gen_word_narrow.mem_reg_uram_5/CAS_IN_ADDR_A[18]
  -------------------------------------------------------------------    -------------------

                         (clock clk_pl_0 rise edge)
                                                      0.000     0.000 r  
    PS8_X0Y0             PS8                          0.000     0.000 r  pccx_v002_system_i/zynq_ps/inst/PS8_i/PLCLK[0]
                         net (fo=1, routed)           0.181     0.181    pccx_v002_system_i/zynq_ps/inst/pl_clk_unbuffered[0]
    BUFG_PS_X0Y90        BUFG_PS (Prop_BUFG_PS_I_O)
                                                      0.035     0.216 r  pccx_v002_system_i/zynq_ps/inst/buffer_pl_clk_0.PL_CLK_0_BUFG/O
    X1Y1 (CLOCK_ROOT)    net (fo=82020, routed)       2.862     3.078    pccx_v002_system_i/u_npu/inst/u_wrap/u_pccx_npu_top/u_mem_dispatcher/u_l2_cache/u_l2_uram/u_l2_uram/xpm_memory_base_inst/clka
    URAM288_X0Y31        URAM288                                      r  pccx_v002_system_i/u_npu/inst/u_wrap/u_pccx_npu_top/u_mem_dispatcher/u_l2_cache/u_l2_uram/u_l2_uram/xpm_memory_base_inst/gen_wr_a.gen_word_narrow.mem_reg_uram_5/CLK

Slack:                    inf
  Source:                 pccx_v002_system_i/u_npu/inst/u_wrap/u_pccx_npu_top/u_mem_dispatcher/u_l2_cache/u_l2_uram/u_l2_uram/xpm_memory_base_inst/gen_wr_a.gen_word_narrow.mem_reg_uram_6/CAS_OUT_ADDR_A[18]
                            (internal pin)
  Destination:            pccx_v002_system_i/u_npu/inst/u_wrap/u_pccx_npu_top/u_mem_dispatcher/u_l2_cache/u_l2_uram/u_l2_uram/xpm_memory_base_inst/gen_wr_a.gen_word_narrow.mem_reg_uram_7/CAS_IN_ADDR_A[18]
                            (rising edge-triggered cell URAM288 clocked by clk_pl_0  {rise@0.000ns fall@5.000ns period=10.000ns})
  Path Group:             (none)
  Path Type:              Setup (Max at Slow Process Corner)
  Data Path Delay:        0.003ns  (logic 0.000ns (0.000%)  route 0.003ns (100.000%))
  Logic Levels:           0  
  Clock Uncertainty:      0.158ns  ((TSJ^2 + DJ^2)^1/2) / 2 + PE
    Total System Jitter     (TSJ):    0.050ns
    Discrete Jitter          (DJ):    0.312ns
    Phase Error              (PE):    0.000ns
  Clock Net Delay (Destination): 2.847ns (routing 1.538ns, distribution 1.309ns)

    Location             Delay type                Incr(ns)  Path(ns)    Netlist Resource(s)
  -------------------------------------------------------------------    -------------------
    URAM288_X0Y22        URAM288                      0.000     0.000 r  pccx_v002_system_i/u_npu/inst/u_wrap/u_pccx_npu_top/u_mem_dispatcher/u_l2_cache/u_l2_uram/u_l2_uram/xpm_memory_base_inst/gen_wr_a.gen_word_narrow.mem_reg_uram_6/CAS_OUT_ADDR_A[18]
                         net (fo=1, routed)           0.003     0.003    pccx_v002_system_i/u_npu/inst/u_wrap/u_pccx_npu_top/u_mem_dispatcher/u_l2_cache/u_l2_uram/u_l2_uram/xpm_memory_base_inst/gen_wr_a.gen_word_narrow.mem_reg_uram_7_Cas_AddrA_1[18]
    URAM288_X0Y23        URAM288                                      r  pccx_v002_system_i/u_npu/inst/u_wrap/u_pccx_npu_top/u_mem_dispatcher/u_l2_cache/u_l2_uram/u_l2_uram/xpm_memory_base_inst/gen_wr_a.gen_word_narrow.mem_reg_uram_7/CAS_IN_ADDR_A[18]
  -------------------------------------------------------------------    -------------------

                         (clock clk_pl_0 rise edge)
                                                      0.000     0.000 r  
    PS8_X0Y0             PS8                          0.000     0.000 r  pccx_v002_system_i/zynq_ps/inst/PS8_i/PLCLK[0]
                         net (fo=1, routed)           0.181     0.181    pccx_v002_system_i/zynq_ps/inst/pl_clk_unbuffered[0]
    BUFG_PS_X0Y90        BUFG_PS (Prop_BUFG_PS_I_O)
                                                      0.035     0.216 r  pccx_v002_system_i/zynq_ps/inst/buffer_pl_clk_0.PL_CLK_0_BUFG/O
    X1Y1 (CLOCK_ROOT)    net (fo=82020, routed)       2.847     3.063    pccx_v002_system_i/u_npu/inst/u_wrap/u_pccx_npu_top/u_mem_dispatcher/u_l2_cache/u_l2_uram/u_l2_uram/xpm_memory_base_inst/clka
    URAM288_X0Y23        URAM288                                      r  pccx_v002_system_i/u_npu/inst/u_wrap/u_pccx_npu_top/u_mem_dispatcher/u_l2_cache/u_l2_uram/u_l2_uram/xpm_memory_base_inst/gen_wr_a.gen_word_narrow.mem_reg_uram_7/CLK

Slack:                    inf
  Source:                 pccx_v002_system_i/u_npu/inst/u_wrap/u_pccx_npu_top/u_mem_dispatcher/u_l2_cache/u_l2_uram/u_l2_uram/xpm_memory_base_inst/gen_wr_a.gen_word_narrow.mem_reg_uram_8/CAS_OUT_ADDR_A[18]
                            (internal pin)
  Destination:            pccx_v002_system_i/u_npu/inst/u_wrap/u_pccx_npu_top/u_mem_dispatcher/u_l2_cache/u_l2_uram/u_l2_uram/xpm_memory_base_inst/gen_wr_a.gen_word_narrow.mem_reg_uram_9/CAS_IN_ADDR_A[18]
                            (rising edge-triggered cell URAM288 clocked by clk_pl_0  {rise@0.000ns fall@5.000ns period=10.000ns})
  Path Group:             (none)
  Path Type:              Setup (Max at Slow Process Corner)
  Data Path Delay:        0.003ns  (logic 0.000ns (0.000%)  route 0.003ns (100.000%))
  Logic Levels:           0  
  Clock Uncertainty:      0.158ns  ((TSJ^2 + DJ^2)^1/2) / 2 + PE
    Total System Jitter     (TSJ):    0.050ns
    Discrete Jitter          (DJ):    0.312ns
    Phase Error              (PE):    0.000ns
  Clock Net Delay (Destination): 2.862ns (routing 1.538ns, distribution 1.324ns)

    Location             Delay type                Incr(ns)  Path(ns)    Netlist Resource(s)
  -------------------------------------------------------------------    -------------------
    URAM288_X0Y18        URAM288                      0.000     0.000 r  pccx_v002_system_i/u_npu/inst/u_wrap/u_pccx_npu_top/u_mem_dispatcher/u_l2_cache/u_l2_uram/u_l2_uram/xpm_memory_base_inst/gen_wr_a.gen_word_narrow.mem_reg_uram_8/CAS_OUT_ADDR_A[18]
                         net (fo=1, routed)           0.003     0.003    pccx_v002_system_i/u_npu/inst/u_wrap/u_pccx_npu_top/u_mem_dispatcher/u_l2_cache/u_l2_uram/u_l2_uram/xpm_memory_base_inst/gen_wr_a.gen_word_narrow.mem_reg_uram_9_Cas_AddrA_1[18]
    URAM288_X0Y19        URAM288                                      r  pccx_v002_system_i/u_npu/inst/u_wrap/u_pccx_npu_top/u_mem_dispatcher/u_l2_cache/u_l2_uram/u_l2_uram/xpm_memory_base_inst/gen_wr_a.gen_word_narrow.mem_reg_uram_9/CAS_IN_ADDR_A[18]
  -------------------------------------------------------------------    -------------------

                         (clock clk_pl_0 rise edge)
                                                      0.000     0.000 r  
    PS8_X0Y0             PS8                          0.000     0.000 r  pccx_v002_system_i/zynq_ps/inst/PS8_i/PLCLK[0]
                         net (fo=1, routed)           0.181     0.181    pccx_v002_system_i/zynq_ps/inst/pl_clk_unbuffered[0]
    BUFG_PS_X0Y90        BUFG_PS (Prop_BUFG_PS_I_O)
                                                      0.035     0.216 r  pccx_v002_system_i/zynq_ps/inst/buffer_pl_clk_0.PL_CLK_0_BUFG/O
    X1Y1 (CLOCK_ROOT)    net (fo=82020, routed)       2.862     3.078    pccx_v002_system_i/u_npu/inst/u_wrap/u_pccx_npu_top/u_mem_dispatcher/u_l2_cache/u_l2_uram/u_l2_uram/xpm_memory_base_inst/clka
    URAM288_X0Y19        URAM288                                      r  pccx_v002_system_i/u_npu/inst/u_wrap/u_pccx_npu_top/u_mem_dispatcher/u_l2_cache/u_l2_uram/u_l2_uram/xpm_memory_base_inst/gen_wr_a.gen_word_narrow.mem_reg_uram_9/CLK

Slack:                    inf
  Source:                 pccx_v002_system_i/u_npu/inst/u_wrap/u_pccx_npu_top/u_mem_dispatcher/u_l2_cache/u_l2_uram/u_l2_uram/xpm_memory_base_inst/gen_wr_a.gen_word_narrow.mem_reg_uram_0/CAS_OUT_ADDR_A[20]
                            (internal pin)
  Destination:            pccx_v002_system_i/u_npu/inst/u_wrap/u_pccx_npu_top/u_mem_dispatcher/u_l2_cache/u_l2_uram/u_l2_uram/xpm_memory_base_inst/gen_wr_a.gen_word_narrow.mem_reg_uram_1/CAS_IN_ADDR_A[20]
                            (rising edge-triggered cell URAM288 clocked by clk_pl_0  {rise@0.000ns fall@5.000ns period=10.000ns})
  Path Group:             (none)
  Path Type:              Setup (Max at Slow Process Corner)
  Data Path Delay:        0.002ns  (logic 0.000ns (0.000%)  route 0.002ns (100.000%))
  Logic Levels:           0  
  Clock Uncertainty:      0.158ns  ((TSJ^2 + DJ^2)^1/2) / 2 + PE
    Total System Jitter     (TSJ):    0.050ns
    Discrete Jitter          (DJ):    0.312ns
    Phase Error              (PE):    0.000ns
  Clock Net Delay (Destination): 2.849ns (routing 1.538ns, distribution 1.311ns)

    Location             Delay type                Incr(ns)  Path(ns)    Netlist Resource(s)
  -------------------------------------------------------------------    -------------------
    URAM288_X0Y24        URAM288                      0.000     0.000 r  pccx_v002_system_i/u_npu/inst/u_wrap/u_pccx_npu_top/u_mem_dispatcher/u_l2_cache/u_l2_uram/u_l2_uram/xpm_memory_base_inst/gen_wr_a.gen_word_narrow.mem_reg_uram_0/CAS_OUT_ADDR_A[20]
                         net (fo=1, routed)           0.002     0.002    pccx_v002_system_i/u_npu/inst/u_wrap/u_pccx_npu_top/u_mem_dispatcher/u_l2_cache/u_l2_uram/u_l2_uram/xpm_memory_base_inst/gen_wr_a.gen_word_narrow.mem_reg_uram_1_Cas_AddrA_1[20]
    URAM288_X0Y25        URAM288                                      r  pccx_v002_system_i/u_npu/inst/u_wrap/u_pccx_npu_top/u_mem_dispatcher/u_l2_cache/u_l2_uram/u_l2_uram/xpm_memory_base_inst/gen_wr_a.gen_word_narrow.mem_reg_uram_1/CAS_IN_ADDR_A[20]
  -------------------------------------------------------------------    -------------------

                         (clock clk_pl_0 rise edge)
                                                      0.000     0.000 r  
    PS8_X0Y0             PS8                          0.000     0.000 r  pccx_v002_system_i/zynq_ps/inst/PS8_i/PLCLK[0]
                         net (fo=1, routed)           0.181     0.181    pccx_v002_system_i/zynq_ps/inst/pl_clk_unbuffered[0]
    BUFG_PS_X0Y90        BUFG_PS (Prop_BUFG_PS_I_O)
                                                      0.035     0.216 r  pccx_v002_system_i/zynq_ps/inst/buffer_pl_clk_0.PL_CLK_0_BUFG/O
    X1Y1 (CLOCK_ROOT)    net (fo=82020, routed)       2.849     3.065    pccx_v002_system_i/u_npu/inst/u_wrap/u_pccx_npu_top/u_mem_dispatcher/u_l2_cache/u_l2_uram/u_l2_uram/xpm_memory_base_inst/clka
    URAM288_X0Y25        URAM288                                      r  pccx_v002_system_i/u_npu/inst/u_wrap/u_pccx_npu_top/u_mem_dispatcher/u_l2_cache/u_l2_uram/u_l2_uram/xpm_memory_base_inst/gen_wr_a.gen_word_narrow.mem_reg_uram_1/CLK

Slack:                    inf
  Source:                 pccx_v002_system_i/u_npu/inst/u_wrap/u_pccx_npu_top/u_mem_dispatcher/u_l2_cache/u_l2_uram/u_l2_uram/xpm_memory_base_inst/gen_wr_a.gen_word_narrow.mem_reg_uram_0/CAS_OUT_ADDR_A[22]
                            (internal pin)
  Destination:            pccx_v002_system_i/u_npu/inst/u_wrap/u_pccx_npu_top/u_mem_dispatcher/u_l2_cache/u_l2_uram/u_l2_uram/xpm_memory_base_inst/gen_wr_a.gen_word_narrow.mem_reg_uram_1/CAS_IN_ADDR_A[22]
                            (rising edge-triggered cell URAM288 clocked by clk_pl_0  {rise@0.000ns fall@5.000ns period=10.000ns})
  Path Group:             (none)
  Path Type:              Setup (Max at Slow Process Corner)
  Data Path Delay:        0.002ns  (logic 0.000ns (0.000%)  route 0.002ns (100.000%))
  Logic Levels:           0  
  Clock Uncertainty:      0.158ns  ((TSJ^2 + DJ^2)^1/2) / 2 + PE
    Total System Jitter     (TSJ):    0.050ns
    Discrete Jitter          (DJ):    0.312ns
    Phase Error              (PE):    0.000ns
  Clock Net Delay (Destination): 2.849ns (routing 1.538ns, distribution 1.311ns)

    Location             Delay type                Incr(ns)  Path(ns)    Netlist Resource(s)
  -------------------------------------------------------------------    -------------------
    URAM288_X0Y24        URAM288                      0.000     0.000 r  pccx_v002_system_i/u_npu/inst/u_wrap/u_pccx_npu_top/u_mem_dispatcher/u_l2_cache/u_l2_uram/u_l2_uram/xpm_memory_base_inst/gen_wr_a.gen_word_narrow.mem_reg_uram_0/CAS_OUT_ADDR_A[22]
                         net (fo=1, routed)           0.002     0.002    pccx_v002_system_i/u_npu/inst/u_wrap/u_pccx_npu_top/u_mem_dispatcher/u_l2_cache/u_l2_uram/u_l2_uram/xpm_memory_base_inst/gen_wr_a.gen_word_narrow.mem_reg_uram_1_Cas_AddrA_1[22]
    URAM288_X0Y25        URAM288                                      r  pccx_v002_system_i/u_npu/inst/u_wrap/u_pccx_npu_top/u_mem_dispatcher/u_l2_cache/u_l2_uram/u_l2_uram/xpm_memory_base_inst/gen_wr_a.gen_word_narrow.mem_reg_uram_1/CAS_IN_ADDR_A[22]
  -------------------------------------------------------------------    -------------------

                         (clock clk_pl_0 rise edge)
                                                      0.000     0.000 r  
    PS8_X0Y0             PS8                          0.000     0.000 r  pccx_v002_system_i/zynq_ps/inst/PS8_i/PLCLK[0]
                         net (fo=1, routed)           0.181     0.181    pccx_v002_system_i/zynq_ps/inst/pl_clk_unbuffered[0]
    BUFG_PS_X0Y90        BUFG_PS (Prop_BUFG_PS_I_O)
                                                      0.035     0.216 r  pccx_v002_system_i/zynq_ps/inst/buffer_pl_clk_0.PL_CLK_0_BUFG/O
    X1Y1 (CLOCK_ROOT)    net (fo=82020, routed)       2.849     3.065    pccx_v002_system_i/u_npu/inst/u_wrap/u_pccx_npu_top/u_mem_dispatcher/u_l2_cache/u_l2_uram/u_l2_uram/xpm_memory_base_inst/clka
    URAM288_X0Y25        URAM288                                      r  pccx_v002_system_i/u_npu/inst/u_wrap/u_pccx_npu_top/u_mem_dispatcher/u_l2_cache/u_l2_uram/u_l2_uram/xpm_memory_base_inst/gen_wr_a.gen_word_narrow.mem_reg_uram_1/CLK

Slack:                    inf
  Source:                 pccx_v002_system_i/u_npu/inst/u_wrap/u_pccx_npu_top/u_mem_dispatcher/u_l2_cache/u_l2_uram/u_l2_uram/xpm_memory_base_inst/gen_wr_a.gen_word_narrow.mem_reg_uram_0/CAS_OUT_ADDR_B[18]
                            (internal pin)
  Destination:            pccx_v002_system_i/u_npu/inst/u_wrap/u_pccx_npu_top/u_mem_dispatcher/u_l2_cache/u_l2_uram/u_l2_uram/xpm_memory_base_inst/gen_wr_a.gen_word_narrow.mem_reg_uram_1/CAS_IN_ADDR_B[18]
                            (rising edge-triggered cell URAM288 clocked by clk_pl_0  {rise@0.000ns fall@5.000ns period=10.000ns})
  Path Group:             (none)
  Path Type:              Setup (Max at Slow Process Corner)
  Data Path Delay:        0.002ns  (logic 0.000ns (0.000%)  route 0.002ns (100.000%))
  Logic Levels:           0  
  Clock Uncertainty:      0.158ns  ((TSJ^2 + DJ^2)^1/2) / 2 + PE
    Total System Jitter     (TSJ):    0.050ns
    Discrete Jitter          (DJ):    0.312ns
    Phase Error              (PE):    0.000ns
  Clock Net Delay (Destination): 2.849ns (routing 1.538ns, distribution 1.311ns)

    Location             Delay type                Incr(ns)  Path(ns)    Netlist Resource(s)
  -------------------------------------------------------------------    -------------------
    URAM288_X0Y24        URAM288                      0.000     0.000 r  pccx_v002_system_i/u_npu/inst/u_wrap/u_pccx_npu_top/u_mem_dispatcher/u_l2_cache/u_l2_uram/u_l2_uram/xpm_memory_base_inst/gen_wr_a.gen_word_narrow.mem_reg_uram_0/CAS_OUT_ADDR_B[18]
                         net (fo=1, routed)           0.002     0.002    pccx_v002_system_i/u_npu/inst/u_wrap/u_pccx_npu_top/u_mem_dispatcher/u_l2_cache/u_l2_uram/u_l2_uram/xpm_memory_base_inst/gen_wr_a.gen_word_narrow.mem_reg_uram_1_Cas_AddrB_1[18]
    URAM288_X0Y25        URAM288                                      r  pccx_v002_system_i/u_npu/inst/u_wrap/u_pccx_npu_top/u_mem_dispatcher/u_l2_cache/u_l2_uram/u_l2_uram/xpm_memory_base_inst/gen_wr_a.gen_word_narrow.mem_reg_uram_1/CAS_IN_ADDR_B[18]
  -------------------------------------------------------------------    -------------------

                         (clock clk_pl_0 rise edge)
                                                      0.000     0.000 r  
    PS8_X0Y0             PS8                          0.000     0.000 r  pccx_v002_system_i/zynq_ps/inst/PS8_i/PLCLK[0]
                         net (fo=1, routed)           0.181     0.181    pccx_v002_system_i/zynq_ps/inst/pl_clk_unbuffered[0]
    BUFG_PS_X0Y90        BUFG_PS (Prop_BUFG_PS_I_O)
                                                      0.035     0.216 r  pccx_v002_system_i/zynq_ps/inst/buffer_pl_clk_0.PL_CLK_0_BUFG/O
    X1Y1 (CLOCK_ROOT)    net (fo=82020, routed)       2.849     3.065    pccx_v002_system_i/u_npu/inst/u_wrap/u_pccx_npu_top/u_mem_dispatcher/u_l2_cache/u_l2_uram/u_l2_uram/xpm_memory_base_inst/clka
    URAM288_X0Y25        URAM288                                      r  pccx_v002_system_i/u_npu/inst/u_wrap/u_pccx_npu_top/u_mem_dispatcher/u_l2_cache/u_l2_uram/u_l2_uram/xpm_memory_base_inst/gen_wr_a.gen_word_narrow.mem_reg_uram_1/CLK

Slack:                    inf
  Source:                 pccx_v002_system_i/u_npu/inst/u_wrap/u_pccx_npu_top/u_mem_dispatcher/u_l2_cache/u_l2_uram/u_l2_uram/xpm_memory_base_inst/gen_wr_a.gen_word_narrow.mem_reg_uram_0/CAS_OUT_ADDR_B[20]
                            (internal pin)
  Destination:            pccx_v002_system_i/u_npu/inst/u_wrap/u_pccx_npu_top/u_mem_dispatcher/u_l2_cache/u_l2_uram/u_l2_uram/xpm_memory_base_inst/gen_wr_a.gen_word_narrow.mem_reg_uram_1/CAS_IN_ADDR_B[20]
                            (rising edge-triggered cell URAM288 clocked by clk_pl_0  {rise@0.000ns fall@5.000ns period=10.000ns})
  Path Group:             (none)
  Path Type:              Setup (Max at Slow Process Corner)
  Data Path Delay:        0.002ns  (logic 0.000ns (0.000%)  route 0.002ns (100.000%))
  Logic Levels:           0  
  Clock Uncertainty:      0.158ns  ((TSJ^2 + DJ^2)^1/2) / 2 + PE
    Total System Jitter     (TSJ):    0.050ns
    Discrete Jitter          (DJ):    0.312ns
    Phase Error              (PE):    0.000ns
  Clock Net Delay (Destination): 2.849ns (routing 1.538ns, distribution 1.311ns)

    Location             Delay type                Incr(ns)  Path(ns)    Netlist Resource(s)
  -------------------------------------------------------------------    -------------------
    URAM288_X0Y24        URAM288                      0.000     0.000 r  pccx_v002_system_i/u_npu/inst/u_wrap/u_pccx_npu_top/u_mem_dispatcher/u_l2_cache/u_l2_uram/u_l2_uram/xpm_memory_base_inst/gen_wr_a.gen_word_narrow.mem_reg_uram_0/CAS_OUT_ADDR_B[20]
                         net (fo=1, routed)           0.002     0.002    pccx_v002_system_i/u_npu/inst/u_wrap/u_pccx_npu_top/u_mem_dispatcher/u_l2_cache/u_l2_uram/u_l2_uram/xpm_memory_base_inst/gen_wr_a.gen_word_narrow.mem_reg_uram_1_Cas_AddrB_1[20]
    URAM288_X0Y25        URAM288                                      r  pccx_v002_system_i/u_npu/inst/u_wrap/u_pccx_npu_top/u_mem_dispatcher/u_l2_cache/u_l2_uram/u_l2_uram/xpm_memory_base_inst/gen_wr_a.gen_word_narrow.mem_reg_uram_1/CAS_IN_ADDR_B[20]
  -------------------------------------------------------------------    -------------------

                         (clock clk_pl_0 rise edge)
                                                      0.000     0.000 r  
    PS8_X0Y0             PS8                          0.000     0.000 r  pccx_v002_system_i/zynq_ps/inst/PS8_i/PLCLK[0]
                         net (fo=1, routed)           0.181     0.181    pccx_v002_system_i/zynq_ps/inst/pl_clk_unbuffered[0]
    BUFG_PS_X0Y90        BUFG_PS (Prop_BUFG_PS_I_O)
                                                      0.035     0.216 r  pccx_v002_system_i/zynq_ps/inst/buffer_pl_clk_0.PL_CLK_0_BUFG/O
    X1Y1 (CLOCK_ROOT)    net (fo=82020, routed)       2.849     3.065    pccx_v002_system_i/u_npu/inst/u_wrap/u_pccx_npu_top/u_mem_dispatcher/u_l2_cache/u_l2_uram/u_l2_uram/xpm_memory_base_inst/clka
    URAM288_X0Y25        URAM288                                      r  pccx_v002_system_i/u_npu/inst/u_wrap/u_pccx_npu_top/u_mem_dispatcher/u_l2_cache/u_l2_uram/u_l2_uram/xpm_memory_base_inst/gen_wr_a.gen_word_narrow.mem_reg_uram_1/CLK

Slack:                    inf
  Source:                 pccx_v002_system_i/u_npu/inst/u_wrap/u_pccx_npu_top/u_mem_dispatcher/u_l2_cache/u_l2_uram/u_l2_uram/xpm_memory_base_inst/gen_wr_a.gen_word_narrow.mem_reg_uram_0/CAS_OUT_ADDR_B[22]
                            (internal pin)
  Destination:            pccx_v002_system_i/u_npu/inst/u_wrap/u_pccx_npu_top/u_mem_dispatcher/u_l2_cache/u_l2_uram/u_l2_uram/xpm_memory_base_inst/gen_wr_a.gen_word_narrow.mem_reg_uram_1/CAS_IN_ADDR_B[22]
                            (rising edge-triggered cell URAM288 clocked by clk_pl_0  {rise@0.000ns fall@5.000ns period=10.000ns})
  Path Group:             (none)
  Path Type:              Setup (Max at Slow Process Corner)
  Data Path Delay:        0.002ns  (logic 0.000ns (0.000%)  route 0.002ns (100.000%))
  Logic Levels:           0  
  Clock Uncertainty:      0.158ns  ((TSJ^2 + DJ^2)^1/2) / 2 + PE
    Total System Jitter     (TSJ):    0.050ns
    Discrete Jitter          (DJ):    0.312ns
    Phase Error              (PE):    0.000ns
  Clock Net Delay (Destination): 2.849ns (routing 1.538ns, distribution 1.311ns)

    Location             Delay type                Incr(ns)  Path(ns)    Netlist Resource(s)
  -------------------------------------------------------------------    -------------------
    URAM288_X0Y24        URAM288                      0.000     0.000 r  pccx_v002_system_i/u_npu/inst/u_wrap/u_pccx_npu_top/u_mem_dispatcher/u_l2_cache/u_l2_uram/u_l2_uram/xpm_memory_base_inst/gen_wr_a.gen_word_narrow.mem_reg_uram_0/CAS_OUT_ADDR_B[22]
                         net (fo=1, routed)           0.002     0.002    pccx_v002_system_i/u_npu/inst/u_wrap/u_pccx_npu_top/u_mem_dispatcher/u_l2_cache/u_l2_uram/u_l2_uram/xpm_memory_base_inst/gen_wr_a.gen_word_narrow.mem_reg_uram_1_Cas_AddrB_1[22]
    URAM288_X0Y25        URAM288                                      r  pccx_v002_system_i/u_npu/inst/u_wrap/u_pccx_npu_top/u_mem_dispatcher/u_l2_cache/u_l2_uram/u_l2_uram/xpm_memory_base_inst/gen_wr_a.gen_word_narrow.mem_reg_uram_1/CAS_IN_ADDR_B[22]
  -------------------------------------------------------------------    -------------------

                         (clock clk_pl_0 rise edge)
                                                      0.000     0.000 r  
    PS8_X0Y0             PS8                          0.000     0.000 r  pccx_v002_system_i/zynq_ps/inst/PS8_i/PLCLK[0]
                         net (fo=1, routed)           0.181     0.181    pccx_v002_system_i/zynq_ps/inst/pl_clk_unbuffered[0]
    BUFG_PS_X0Y90        BUFG_PS (Prop_BUFG_PS_I_O)
                                                      0.035     0.216 r  pccx_v002_system_i/zynq_ps/inst/buffer_pl_clk_0.PL_CLK_0_BUFG/O
    X1Y1 (CLOCK_ROOT)    net (fo=82020, routed)       2.849     3.065    pccx_v002_system_i/u_npu/inst/u_wrap/u_pccx_npu_top/u_mem_dispatcher/u_l2_cache/u_l2_uram/u_l2_uram/xpm_memory_base_inst/clka
    URAM288_X0Y25        URAM288                                      r  pccx_v002_system_i/u_npu/inst/u_wrap/u_pccx_npu_top/u_mem_dispatcher/u_l2_cache/u_l2_uram/u_l2_uram/xpm_memory_base_inst/gen_wr_a.gen_word_narrow.mem_reg_uram_1/CLK

Slack:                    inf
  Source:                 pccx_v002_system_i/u_npu/inst/u_wrap/u_pccx_npu_top/u_mem_dispatcher/u_l2_cache/u_l2_uram/u_l2_uram/xpm_memory_base_inst/gen_wr_a.gen_word_narrow.mem_reg_uram_28/CAS_OUT_ADDR_A[20]
                            (internal pin)
  Destination:            pccx_v002_system_i/u_npu/inst/u_wrap/u_pccx_npu_top/u_mem_dispatcher/u_l2_cache/u_l2_uram/u_l2_uram/xpm_memory_base_inst/gen_wr_a.gen_word_narrow.mem_reg_uram_29/CAS_IN_ADDR_A[20]
                            (rising edge-triggered cell URAM288 clocked by clk_pl_0  {rise@0.000ns fall@5.000ns period=10.000ns})
  Path Group:             (none)
  Path Type:              Setup (Max at Slow Process Corner)
  Data Path Delay:        0.002ns  (logic 0.000ns (0.000%)  route 0.002ns (100.000%))
  Logic Levels:           0  
  Clock Uncertainty:      0.158ns  ((TSJ^2 + DJ^2)^1/2) / 2 + PE
    Total System Jitter     (TSJ):    0.050ns
    Discrete Jitter          (DJ):    0.312ns
    Phase Error              (PE):    0.000ns
  Clock Net Delay (Destination): 2.905ns (routing 1.538ns, distribution 1.367ns)

    Location             Delay type                Incr(ns)  Path(ns)    Netlist Resource(s)
  -------------------------------------------------------------------    -------------------
    URAM288_X0Y44        URAM288                      0.000     0.000 r  pccx_v002_system_i/u_npu/inst/u_wrap/u_pccx_npu_top/u_mem_dispatcher/u_l2_cache/u_l2_uram/u_l2_uram/xpm_memory_base_inst/gen_wr_a.gen_word_narrow.mem_reg_uram_28/CAS_OUT_ADDR_A[20]
                         net (fo=1, routed)           0.002     0.002    pccx_v002_system_i/u_npu/inst/u_wrap/u_pccx_npu_top/u_mem_dispatcher/u_l2_cache/u_l2_uram/u_l2_uram/xpm_memory_base_inst/gen_wr_a.gen_word_narrow.mem_reg_uram_29_Cas_AddrA_1[20]
    URAM288_X0Y45        URAM288                                      r  pccx_v002_system_i/u_npu/inst/u_wrap/u_pccx_npu_top/u_mem_dispatcher/u_l2_cache/u_l2_uram/u_l2_uram/xpm_memory_base_inst/gen_wr_a.gen_word_narrow.mem_reg_uram_29/CAS_IN_ADDR_A[20]
  -------------------------------------------------------------------    -------------------

                         (clock clk_pl_0 rise edge)
                                                      0.000     0.000 r  
    PS8_X0Y0             PS8                          0.000     0.000 r  pccx_v002_system_i/zynq_ps/inst/PS8_i/PLCLK[0]
                         net (fo=1, routed)           0.181     0.181    pccx_v002_system_i/zynq_ps/inst/pl_clk_unbuffered[0]
    BUFG_PS_X0Y90        BUFG_PS (Prop_BUFG_PS_I_O)
                                                      0.035     0.216 r  pccx_v002_system_i/zynq_ps/inst/buffer_pl_clk_0.PL_CLK_0_BUFG/O
    X1Y1 (CLOCK_ROOT)    net (fo=82020, routed)       2.905     3.121    pccx_v002_system_i/u_npu/inst/u_wrap/u_pccx_npu_top/u_mem_dispatcher/u_l2_cache/u_l2_uram/u_l2_uram/xpm_memory_base_inst/clka
    URAM288_X0Y45        URAM288                                      r  pccx_v002_system_i/u_npu/inst/u_wrap/u_pccx_npu_top/u_mem_dispatcher/u_l2_cache/u_l2_uram/u_l2_uram/xpm_memory_base_inst/gen_wr_a.gen_word_narrow.mem_reg_uram_29/CLK

Slack:                    inf
  Source:                 pccx_v002_system_i/u_npu/inst/u_wrap/u_pccx_npu_top/u_mem_dispatcher/u_l2_cache/u_l2_uram/u_l2_uram/xpm_memory_base_inst/gen_wr_a.gen_word_narrow.mem_reg_uram_28/CAS_OUT_ADDR_A[22]
                            (internal pin)
  Destination:            pccx_v002_system_i/u_npu/inst/u_wrap/u_pccx_npu_top/u_mem_dispatcher/u_l2_cache/u_l2_uram/u_l2_uram/xpm_memory_base_inst/gen_wr_a.gen_word_narrow.mem_reg_uram_29/CAS_IN_ADDR_A[22]
                            (rising edge-triggered cell URAM288 clocked by clk_pl_0  {rise@0.000ns fall@5.000ns period=10.000ns})
  Path Group:             (none)
  Path Type:              Setup (Max at Slow Process Corner)
  Data Path Delay:        0.002ns  (logic 0.000ns (0.000%)  route 0.002ns (100.000%))
  Logic Levels:           0  
  Clock Uncertainty:      0.158ns  ((TSJ^2 + DJ^2)^1/2) / 2 + PE
    Total System Jitter     (TSJ):    0.050ns
    Discrete Jitter          (DJ):    0.312ns
    Phase Error              (PE):    0.000ns
  Clock Net Delay (Destination): 2.905ns (routing 1.538ns, distribution 1.367ns)

    Location             Delay type                Incr(ns)  Path(ns)    Netlist Resource(s)
  -------------------------------------------------------------------    -------------------
    URAM288_X0Y44        URAM288                      0.000     0.000 r  pccx_v002_system_i/u_npu/inst/u_wrap/u_pccx_npu_top/u_mem_dispatcher/u_l2_cache/u_l2_uram/u_l2_uram/xpm_memory_base_inst/gen_wr_a.gen_word_narrow.mem_reg_uram_28/CAS_OUT_ADDR_A[22]
                         net (fo=1, routed)           0.002     0.002    pccx_v002_system_i/u_npu/inst/u_wrap/u_pccx_npu_top/u_mem_dispatcher/u_l2_cache/u_l2_uram/u_l2_uram/xpm_memory_base_inst/gen_wr_a.gen_word_narrow.mem_reg_uram_29_Cas_AddrA_1[22]
    URAM288_X0Y45        URAM288                                      r  pccx_v002_system_i/u_npu/inst/u_wrap/u_pccx_npu_top/u_mem_dispatcher/u_l2_cache/u_l2_uram/u_l2_uram/xpm_memory_base_inst/gen_wr_a.gen_word_narrow.mem_reg_uram_29/CAS_IN_ADDR_A[22]
  -------------------------------------------------------------------    -------------------

                         (clock clk_pl_0 rise edge)
                                                      0.000     0.000 r  
    PS8_X0Y0             PS8                          0.000     0.000 r  pccx_v002_system_i/zynq_ps/inst/PS8_i/PLCLK[0]
                         net (fo=1, routed)           0.181     0.181    pccx_v002_system_i/zynq_ps/inst/pl_clk_unbuffered[0]
    BUFG_PS_X0Y90        BUFG_PS (Prop_BUFG_PS_I_O)
                                                      0.035     0.216 r  pccx_v002_system_i/zynq_ps/inst/buffer_pl_clk_0.PL_CLK_0_BUFG/O
    X1Y1 (CLOCK_ROOT)    net (fo=82020, routed)       2.905     3.121    pccx_v002_system_i/u_npu/inst/u_wrap/u_pccx_npu_top/u_mem_dispatcher/u_l2_cache/u_l2_uram/u_l2_uram/xpm_memory_base_inst/clka
    URAM288_X0Y45        URAM288                                      r  pccx_v002_system_i/u_npu/inst/u_wrap/u_pccx_npu_top/u_mem_dispatcher/u_l2_cache/u_l2_uram/u_l2_uram/xpm_memory_base_inst/gen_wr_a.gen_word_narrow.mem_reg_uram_29/CLK

Slack:                    inf
  Source:                 pccx_v002_system_i/u_npu/inst/u_wrap/u_pccx_npu_top/u_mem_dispatcher/u_l2_cache/u_l2_uram/u_l2_uram/xpm_memory_base_inst/gen_wr_a.gen_word_narrow.mem_reg_uram_28/CAS_OUT_ADDR_B[18]
                            (internal pin)
  Destination:            pccx_v002_system_i/u_npu/inst/u_wrap/u_pccx_npu_top/u_mem_dispatcher/u_l2_cache/u_l2_uram/u_l2_uram/xpm_memory_base_inst/gen_wr_a.gen_word_narrow.mem_reg_uram_29/CAS_IN_ADDR_B[18]
                            (rising edge-triggered cell URAM288 clocked by clk_pl_0  {rise@0.000ns fall@5.000ns period=10.000ns})
  Path Group:             (none)
  Path Type:              Setup (Max at Slow Process Corner)
  Data Path Delay:        0.002ns  (logic 0.000ns (0.000%)  route 0.002ns (100.000%))
  Logic Levels:           0  
  Clock Uncertainty:      0.158ns  ((TSJ^2 + DJ^2)^1/2) / 2 + PE
    Total System Jitter     (TSJ):    0.050ns
    Discrete Jitter          (DJ):    0.312ns
    Phase Error              (PE):    0.000ns
  Clock Net Delay (Destination): 2.905ns (routing 1.538ns, distribution 1.367ns)

    Location             Delay type                Incr(ns)  Path(ns)    Netlist Resource(s)
  -------------------------------------------------------------------    -------------------
    URAM288_X0Y44        URAM288                      0.000     0.000 r  pccx_v002_system_i/u_npu/inst/u_wrap/u_pccx_npu_top/u_mem_dispatcher/u_l2_cache/u_l2_uram/u_l2_uram/xpm_memory_base_inst/gen_wr_a.gen_word_narrow.mem_reg_uram_28/CAS_OUT_ADDR_B[18]
                         net (fo=1, routed)           0.002     0.002    pccx_v002_system_i/u_npu/inst/u_wrap/u_pccx_npu_top/u_mem_dispatcher/u_l2_cache/u_l2_uram/u_l2_uram/xpm_memory_base_inst/gen_wr_a.gen_word_narrow.mem_reg_uram_29_Cas_AddrB_1[18]
    URAM288_X0Y45        URAM288                                      r  pccx_v002_system_i/u_npu/inst/u_wrap/u_pccx_npu_top/u_mem_dispatcher/u_l2_cache/u_l2_uram/u_l2_uram/xpm_memory_base_inst/gen_wr_a.gen_word_narrow.mem_reg_uram_29/CAS_IN_ADDR_B[18]
  -------------------------------------------------------------------    -------------------

                         (clock clk_pl_0 rise edge)
                                                      0.000     0.000 r  
    PS8_X0Y0             PS8                          0.000     0.000 r  pccx_v002_system_i/zynq_ps/inst/PS8_i/PLCLK[0]
                         net (fo=1, routed)           0.181     0.181    pccx_v002_system_i/zynq_ps/inst/pl_clk_unbuffered[0]
    BUFG_PS_X0Y90        BUFG_PS (Prop_BUFG_PS_I_O)
                                                      0.035     0.216 r  pccx_v002_system_i/zynq_ps/inst/buffer_pl_clk_0.PL_CLK_0_BUFG/O
    X1Y1 (CLOCK_ROOT)    net (fo=82020, routed)       2.905     3.121    pccx_v002_system_i/u_npu/inst/u_wrap/u_pccx_npu_top/u_mem_dispatcher/u_l2_cache/u_l2_uram/u_l2_uram/xpm_memory_base_inst/clka
    URAM288_X0Y45        URAM288                                      r  pccx_v002_system_i/u_npu/inst/u_wrap/u_pccx_npu_top/u_mem_dispatcher/u_l2_cache/u_l2_uram/u_l2_uram/xpm_memory_base_inst/gen_wr_a.gen_word_narrow.mem_reg_uram_29/CLK

Slack:                    inf
  Source:                 pccx_v002_system_i/u_npu/inst/u_wrap/u_pccx_npu_top/u_mem_dispatcher/u_l2_cache/u_l2_uram/u_l2_uram/xpm_memory_base_inst/gen_wr_a.gen_word_narrow.mem_reg_uram_28/CAS_OUT_ADDR_B[20]
                            (internal pin)
  Destination:            pccx_v002_system_i/u_npu/inst/u_wrap/u_pccx_npu_top/u_mem_dispatcher/u_l2_cache/u_l2_uram/u_l2_uram/xpm_memory_base_inst/gen_wr_a.gen_word_narrow.mem_reg_uram_29/CAS_IN_ADDR_B[20]
                            (rising edge-triggered cell URAM288 clocked by clk_pl_0  {rise@0.000ns fall@5.000ns period=10.000ns})
  Path Group:             (none)
  Path Type:              Setup (Max at Slow Process Corner)
  Data Path Delay:        0.002ns  (logic 0.000ns (0.000%)  route 0.002ns (100.000%))
  Logic Levels:           0  
  Clock Uncertainty:      0.158ns  ((TSJ^2 + DJ^2)^1/2) / 2 + PE
    Total System Jitter     (TSJ):    0.050ns
    Discrete Jitter          (DJ):    0.312ns
    Phase Error              (PE):    0.000ns
  Clock Net Delay (Destination): 2.905ns (routing 1.538ns, distribution 1.367ns)

    Location             Delay type                Incr(ns)  Path(ns)    Netlist Resource(s)
  -------------------------------------------------------------------    -------------------
    URAM288_X0Y44        URAM288                      0.000     0.000 r  pccx_v002_system_i/u_npu/inst/u_wrap/u_pccx_npu_top/u_mem_dispatcher/u_l2_cache/u_l2_uram/u_l2_uram/xpm_memory_base_inst/gen_wr_a.gen_word_narrow.mem_reg_uram_28/CAS_OUT_ADDR_B[20]
                         net (fo=1, routed)           0.002     0.002    pccx_v002_system_i/u_npu/inst/u_wrap/u_pccx_npu_top/u_mem_dispatcher/u_l2_cache/u_l2_uram/u_l2_uram/xpm_memory_base_inst/gen_wr_a.gen_word_narrow.mem_reg_uram_29_Cas_AddrB_1[20]
    URAM288_X0Y45        URAM288                                      r  pccx_v002_system_i/u_npu/inst/u_wrap/u_pccx_npu_top/u_mem_dispatcher/u_l2_cache/u_l2_uram/u_l2_uram/xpm_memory_base_inst/gen_wr_a.gen_word_narrow.mem_reg_uram_29/CAS_IN_ADDR_B[20]
  -------------------------------------------------------------------    -------------------

                         (clock clk_pl_0 rise edge)
                                                      0.000     0.000 r  
    PS8_X0Y0             PS8                          0.000     0.000 r  pccx_v002_system_i/zynq_ps/inst/PS8_i/PLCLK[0]
                         net (fo=1, routed)           0.181     0.181    pccx_v002_system_i/zynq_ps/inst/pl_clk_unbuffered[0]
    BUFG_PS_X0Y90        BUFG_PS (Prop_BUFG_PS_I_O)
                                                      0.035     0.216 r  pccx_v002_system_i/zynq_ps/inst/buffer_pl_clk_0.PL_CLK_0_BUFG/O
    X1Y1 (CLOCK_ROOT)    net (fo=82020, routed)       2.905     3.121    pccx_v002_system_i/u_npu/inst/u_wrap/u_pccx_npu_top/u_mem_dispatcher/u_l2_cache/u_l2_uram/u_l2_uram/xpm_memory_base_inst/clka
    URAM288_X0Y45        URAM288                                      r  pccx_v002_system_i/u_npu/inst/u_wrap/u_pccx_npu_top/u_mem_dispatcher/u_l2_cache/u_l2_uram/u_l2_uram/xpm_memory_base_inst/gen_wr_a.gen_word_narrow.mem_reg_uram_29/CLK

Slack:                    inf
  Source:                 pccx_v002_system_i/u_npu/inst/u_wrap/u_pccx_npu_top/u_mem_dispatcher/u_l2_cache/u_l2_uram/u_l2_uram/xpm_memory_base_inst/gen_wr_a.gen_word_narrow.mem_reg_uram_28/CAS_OUT_ADDR_B[22]
                            (internal pin)
  Destination:            pccx_v002_system_i/u_npu/inst/u_wrap/u_pccx_npu_top/u_mem_dispatcher/u_l2_cache/u_l2_uram/u_l2_uram/xpm_memory_base_inst/gen_wr_a.gen_word_narrow.mem_reg_uram_29/CAS_IN_ADDR_B[22]
                            (rising edge-triggered cell URAM288 clocked by clk_pl_0  {rise@0.000ns fall@5.000ns period=10.000ns})
  Path Group:             (none)
  Path Type:              Setup (Max at Slow Process Corner)
  Data Path Delay:        0.002ns  (logic 0.000ns (0.000%)  route 0.002ns (100.000%))
  Logic Levels:           0  
  Clock Uncertainty:      0.158ns  ((TSJ^2 + DJ^2)^1/2) / 2 + PE
    Total System Jitter     (TSJ):    0.050ns
    Discrete Jitter          (DJ):    0.312ns
    Phase Error              (PE):    0.000ns
  Clock Net Delay (Destination): 2.905ns (routing 1.538ns, distribution 1.367ns)

    Location             Delay type                Incr(ns)  Path(ns)    Netlist Resource(s)
  -------------------------------------------------------------------    -------------------
    URAM288_X0Y44        URAM288                      0.000     0.000 r  pccx_v002_system_i/u_npu/inst/u_wrap/u_pccx_npu_top/u_mem_dispatcher/u_l2_cache/u_l2_uram/u_l2_uram/xpm_memory_base_inst/gen_wr_a.gen_word_narrow.mem_reg_uram_28/CAS_OUT_ADDR_B[22]
                         net (fo=1, routed)           0.002     0.002    pccx_v002_system_i/u_npu/inst/u_wrap/u_pccx_npu_top/u_mem_dispatcher/u_l2_cache/u_l2_uram/u_l2_uram/xpm_memory_base_inst/gen_wr_a.gen_word_narrow.mem_reg_uram_29_Cas_AddrB_1[22]
    URAM288_X0Y45        URAM288                                      r  pccx_v002_system_i/u_npu/inst/u_wrap/u_pccx_npu_top/u_mem_dispatcher/u_l2_cache/u_l2_uram/u_l2_uram/xpm_memory_base_inst/gen_wr_a.gen_word_narrow.mem_reg_uram_29/CAS_IN_ADDR_B[22]
  -------------------------------------------------------------------    -------------------

                         (clock clk_pl_0 rise edge)
                                                      0.000     0.000 r  
    PS8_X0Y0             PS8                          0.000     0.000 r  pccx_v002_system_i/zynq_ps/inst/PS8_i/PLCLK[0]
                         net (fo=1, routed)           0.181     0.181    pccx_v002_system_i/zynq_ps/inst/pl_clk_unbuffered[0]
    BUFG_PS_X0Y90        BUFG_PS (Prop_BUFG_PS_I_O)
                                                      0.035     0.216 r  pccx_v002_system_i/zynq_ps/inst/buffer_pl_clk_0.PL_CLK_0_BUFG/O
    X1Y1 (CLOCK_ROOT)    net (fo=82020, routed)       2.905     3.121    pccx_v002_system_i/u_npu/inst/u_wrap/u_pccx_npu_top/u_mem_dispatcher/u_l2_cache/u_l2_uram/u_l2_uram/xpm_memory_base_inst/clka
    URAM288_X0Y45        URAM288                                      r  pccx_v002_system_i/u_npu/inst/u_wrap/u_pccx_npu_top/u_mem_dispatcher/u_l2_cache/u_l2_uram/u_l2_uram/xpm_memory_base_inst/gen_wr_a.gen_word_narrow.mem_reg_uram_29/CLK





Min Delay Paths
--------------------------------------------------------------------------------------
Slack:                    inf
  Source:                 pccx_v002_system_i/u_npu/inst/u_wrap/u_pccx_npu_top/u_mem_dispatcher/u_l2_cache/u_l2_uram/u_l2_uram/xpm_memory_base_inst/gen_wr_a.gen_word_narrow.mem_reg_uram_0/CAS_OUT_ADDR_B[19]
                            (internal pin)
  Destination:            pccx_v002_system_i/u_npu/inst/u_wrap/u_pccx_npu_top/u_mem_dispatcher/u_l2_cache/u_l2_uram/u_l2_uram/xpm_memory_base_inst/gen_wr_a.gen_word_narrow.mem_reg_uram_1/CAS_IN_ADDR_B[19]
                            (rising edge-triggered cell URAM288 clocked by clk_pl_0  {rise@0.000ns fall@5.000ns period=10.000ns})
  Path Group:             (none)
  Path Type:              Hold (Min at Slow Process Corner)
  Data Path Delay:        0.000ns  (logic 0.000ns (0.000%)  route 0.000ns (0.000%))
  Logic Levels:           0  
  Clock Uncertainty:      0.158ns  ((TSJ^2 + DJ^2)^1/2) / 2 + PE
    Total System Jitter     (TSJ):    0.050ns
    Discrete Jitter          (DJ):    0.312ns
    Phase Error              (PE):    0.000ns
  Clock Net Delay (Destination): 3.173ns (routing 1.681ns, distribution 1.492ns)

    Location             Delay type                Incr(ns)  Path(ns)    Netlist Resource(s)
  -------------------------------------------------------------------    -------------------
    URAM288_X0Y24        URAM288                      0.000     0.000 r  pccx_v002_system_i/u_npu/inst/u_wrap/u_pccx_npu_top/u_mem_dispatcher/u_l2_cache/u_l2_uram/u_l2_uram/xpm_memory_base_inst/gen_wr_a.gen_word_narrow.mem_reg_uram_0/CAS_OUT_ADDR_B[19]
                         net (fo=1, routed)           0.000     0.000    pccx_v002_system_i/u_npu/inst/u_wrap/u_pccx_npu_top/u_mem_dispatcher/u_l2_cache/u_l2_uram/u_l2_uram/xpm_memory_base_inst/gen_wr_a.gen_word_narrow.mem_reg_uram_1_Cas_AddrB_1[19]
    URAM288_X0Y25        URAM288                                      r  pccx_v002_system_i/u_npu/inst/u_wrap/u_pccx_npu_top/u_mem_dispatcher/u_l2_cache/u_l2_uram/u_l2_uram/xpm_memory_base_inst/gen_wr_a.gen_word_narrow.mem_reg_uram_1/CAS_IN_ADDR_B[19]
  -------------------------------------------------------------------    -------------------

                         (clock clk_pl_0 rise edge)
                                                      0.000     0.000 r  
    PS8_X0Y0             PS8                          0.000     0.000 r  pccx_v002_system_i/zynq_ps/inst/PS8_i/PLCLK[0]
                         net (fo=1, routed)           0.229     0.229    pccx_v002_system_i/zynq_ps/inst/pl_clk_unbuffered[0]
    BUFG_PS_X0Y90        BUFG_PS (Prop_BUFG_PS_I_O)
                                                      0.038     0.267 r  pccx_v002_system_i/zynq_ps/inst/buffer_pl_clk_0.PL_CLK_0_BUFG/O
    X1Y1 (CLOCK_ROOT)    net (fo=82020, routed)       3.173     3.440    pccx_v002_system_i/u_npu/inst/u_wrap/u_pccx_npu_top/u_mem_dispatcher/u_l2_cache/u_l2_uram/u_l2_uram/xpm_memory_base_inst/clka
    URAM288_X0Y25        URAM288                                      r  pccx_v002_system_i/u_npu/inst/u_wrap/u_pccx_npu_top/u_mem_dispatcher/u_l2_cache/u_l2_uram/u_l2_uram/xpm_memory_base_inst/gen_wr_a.gen_word_narrow.mem_reg_uram_1/CLK

Slack:                    inf
  Source:                 pccx_v002_system_i/u_npu/inst/u_wrap/u_pccx_npu_top/u_mem_dispatcher/u_l2_cache/u_l2_uram/u_l2_uram/xpm_memory_base_inst/gen_wr_a.gen_word_narrow.mem_reg_uram_16/CAS_OUT_DBITERR_A
                            (internal pin)
  Destination:            pccx_v002_system_i/u_npu/inst/u_wrap/u_pccx_npu_top/u_mem_dispatcher/u_l2_cache/u_l2_uram/u_l2_uram/xpm_memory_base_inst/gen_wr_a.gen_word_narrow.mem_reg_uram_17/CAS_IN_DBITERR_A
                            (rising edge-triggered cell URAM288 clocked by clk_pl_0  {rise@0.000ns fall@5.000ns period=10.000ns})
  Path Group:             (none)
  Path Type:              Hold (Min at Slow Process Corner)
  Data Path Delay:        0.000ns  (logic 0.000ns (0.000%)  route 0.000ns (0.000%))
  Logic Levels:           0  
  Clock Uncertainty:      0.158ns  ((TSJ^2 + DJ^2)^1/2) / 2 + PE
    Total System Jitter     (TSJ):    0.050ns
    Discrete Jitter          (DJ):    0.312ns
    Phase Error              (PE):    0.000ns
  Clock Net Delay (Destination): 3.190ns (routing 1.681ns, distribution 1.509ns)

    Location             Delay type                Incr(ns)  Path(ns)    Netlist Resource(s)
  -------------------------------------------------------------------    -------------------
    URAM288_X0Y12        URAM288                      0.000     0.000 r  pccx_v002_system_i/u_npu/inst/u_wrap/u_pccx_npu_top/u_mem_dispatcher/u_l2_cache/u_l2_uram/u_l2_uram/xpm_memory_base_inst/gen_wr_a.gen_word_narrow.mem_reg_uram_16/CAS_OUT_DBITERR_A
                         net (fo=1, routed)           0.000     0.000    pccx_v002_system_i/u_npu/inst/u_wrap/u_pccx_npu_top/u_mem_dispatcher/u_l2_cache/u_l2_uram/u_l2_uram/xpm_memory_base_inst/gen_wr_a.gen_word_narrow.mem_reg_uram_16_n_0
    URAM288_X0Y13        URAM288                                      r  pccx_v002_system_i/u_npu/inst/u_wrap/u_pccx_npu_top/u_mem_dispatcher/u_l2_cache/u_l2_uram/u_l2_uram/xpm_memory_base_inst/gen_wr_a.gen_word_narrow.mem_reg_uram_17/CAS_IN_DBITERR_A
  -------------------------------------------------------------------    -------------------

                         (clock clk_pl_0 rise edge)
                                                      0.000     0.000 r  
    PS8_X0Y0             PS8                          0.000     0.000 r  pccx_v002_system_i/zynq_ps/inst/PS8_i/PLCLK[0]
                         net (fo=1, routed)           0.229     0.229    pccx_v002_system_i/zynq_ps/inst/pl_clk_unbuffered[0]
    BUFG_PS_X0Y90        BUFG_PS (Prop_BUFG_PS_I_O)
                                                      0.038     0.267 r  pccx_v002_system_i/zynq_ps/inst/buffer_pl_clk_0.PL_CLK_0_BUFG/O
    X1Y1 (CLOCK_ROOT)    net (fo=82020, routed)       3.190     3.457    pccx_v002_system_i/u_npu/inst/u_wrap/u_pccx_npu_top/u_mem_dispatcher/u_l2_cache/u_l2_uram/u_l2_uram/xpm_memory_base_inst/clka
    URAM288_X0Y13        URAM288                                      r  pccx_v002_system_i/u_npu/inst/u_wrap/u_pccx_npu_top/u_mem_dispatcher/u_l2_cache/u_l2_uram/u_l2_uram/xpm_memory_base_inst/gen_wr_a.gen_word_narrow.mem_reg_uram_17/CLK

Slack:                    inf
  Source:                 pccx_v002_system_i/u_npu/inst/u_wrap/u_pccx_npu_top/u_mem_dispatcher/u_l2_cache/u_l2_uram/u_l2_uram/xpm_memory_base_inst/gen_wr_a.gen_word_narrow.mem_reg_uram_16/CAS_OUT_SBITERR_A
                            (internal pin)
  Destination:            pccx_v002_system_i/u_npu/inst/u_wrap/u_pccx_npu_top/u_mem_dispatcher/u_l2_cache/u_l2_uram/u_l2_uram/xpm_memory_base_inst/gen_wr_a.gen_word_narrow.mem_reg_uram_17/CAS_IN_SBITERR_A
                            (rising edge-triggered cell URAM288 clocked by clk_pl_0  {rise@0.000ns fall@5.000ns period=10.000ns})
  Path Group:             (none)
  Path Type:              Hold (Min at Slow Process Corner)
  Data Path Delay:        0.000ns  (logic 0.000ns (0.000%)  route 0.000ns (0.000%))
  Logic Levels:           0  
  Clock Uncertainty:      0.158ns  ((TSJ^2 + DJ^2)^1/2) / 2 + PE
    Total System Jitter     (TSJ):    0.050ns
    Discrete Jitter          (DJ):    0.312ns
    Phase Error              (PE):    0.000ns
  Clock Net Delay (Destination): 3.190ns (routing 1.681ns, distribution 1.509ns)

    Location             Delay type                Incr(ns)  Path(ns)    Netlist Resource(s)
  -------------------------------------------------------------------    -------------------
    URAM288_X0Y12        URAM288                      0.000     0.000 r  pccx_v002_system_i/u_npu/inst/u_wrap/u_pccx_npu_top/u_mem_dispatcher/u_l2_cache/u_l2_uram/u_l2_uram/xpm_memory_base_inst/gen_wr_a.gen_word_narrow.mem_reg_uram_16/CAS_OUT_SBITERR_A
                         net (fo=1, routed)           0.000     0.000    pccx_v002_system_i/u_npu/inst/u_wrap/u_pccx_npu_top/u_mem_dispatcher/u_l2_cache/u_l2_uram/u_l2_uram/xpm_memory_base_inst/gen_wr_a.gen_word_narrow.mem_reg_uram_16_n_8
    URAM288_X0Y13        URAM288                                      r  pccx_v002_system_i/u_npu/inst/u_wrap/u_pccx_npu_top/u_mem_dispatcher/u_l2_cache/u_l2_uram/u_l2_uram/xpm_memory_base_inst/gen_wr_a.gen_word_narrow.mem_reg_uram_17/CAS_IN_SBITERR_A
  -------------------------------------------------------------------    -------------------

                         (clock clk_pl_0 rise edge)
                                                      0.000     0.000 r  
    PS8_X0Y0             PS8                          0.000     0.000 r  pccx_v002_system_i/zynq_ps/inst/PS8_i/PLCLK[0]
                         net (fo=1, routed)           0.229     0.229    pccx_v002_system_i/zynq_ps/inst/pl_clk_unbuffered[0]
    BUFG_PS_X0Y90        BUFG_PS (Prop_BUFG_PS_I_O)
                                                      0.038     0.267 r  pccx_v002_system_i/zynq_ps/inst/buffer_pl_clk_0.PL_CLK_0_BUFG/O
    X1Y1 (CLOCK_ROOT)    net (fo=82020, routed)       3.190     3.457    pccx_v002_system_i/u_npu/inst/u_wrap/u_pccx_npu_top/u_mem_dispatcher/u_l2_cache/u_l2_uram/u_l2_uram/xpm_memory_base_inst/clka
    URAM288_X0Y13        URAM288                                      r  pccx_v002_system_i/u_npu/inst/u_wrap/u_pccx_npu_top/u_mem_dispatcher/u_l2_cache/u_l2_uram/u_l2_uram/xpm_memory_base_inst/gen_wr_a.gen_word_narrow.mem_reg_uram_17/CLK

Slack:                    inf
  Source:                 pccx_v002_system_i/u_npu/inst/u_wrap/u_pccx_npu_top/u_mem_dispatcher/u_l2_cache/u_l2_uram/u_l2_uram/xpm_memory_base_inst/gen_wr_a.gen_word_narrow.mem_reg_uram_16/CAS_OUT_SBITERR_B
                            (internal pin)
  Destination:            pccx_v002_system_i/u_npu/inst/u_wrap/u_pccx_npu_top/u_mem_dispatcher/u_l2_cache/u_l2_uram/u_l2_uram/xpm_memory_base_inst/gen_wr_a.gen_word_narrow.mem_reg_uram_17/CAS_IN_SBITERR_B
                            (rising edge-triggered cell URAM288 clocked by clk_pl_0  {rise@0.000ns fall@5.000ns period=10.000ns})
  Path Group:             (none)
  Path Type:              Hold (Min at Slow Process Corner)
  Data Path Delay:        0.000ns  (logic 0.000ns (0.000%)  route 0.000ns (0.000%))
  Logic Levels:           0  
  Clock Uncertainty:      0.158ns  ((TSJ^2 + DJ^2)^1/2) / 2 + PE
    Total System Jitter     (TSJ):    0.050ns
    Discrete Jitter          (DJ):    0.312ns
    Phase Error              (PE):    0.000ns
  Clock Net Delay (Destination): 3.190ns (routing 1.681ns, distribution 1.509ns)

    Location             Delay type                Incr(ns)  Path(ns)    Netlist Resource(s)
  -------------------------------------------------------------------    -------------------
    URAM288_X0Y12        URAM288                      0.000     0.000 r  pccx_v002_system_i/u_npu/inst/u_wrap/u_pccx_npu_top/u_mem_dispatcher/u_l2_cache/u_l2_uram/u_l2_uram/xpm_memory_base_inst/gen_wr_a.gen_word_narrow.mem_reg_uram_16/CAS_OUT_SBITERR_B
                         net (fo=1, routed)           0.000     0.000    pccx_v002_system_i/u_npu/inst/u_wrap/u_pccx_npu_top/u_mem_dispatcher/u_l2_cache/u_l2_uram/u_l2_uram/xpm_memory_base_inst/gen_wr_a.gen_word_narrow.mem_reg_uram_16_n_9
    URAM288_X0Y13        URAM288                                      r  pccx_v002_system_i/u_npu/inst/u_wrap/u_pccx_npu_top/u_mem_dispatcher/u_l2_cache/u_l2_uram/u_l2_uram/xpm_memory_base_inst/gen_wr_a.gen_word_narrow.mem_reg_uram_17/CAS_IN_SBITERR_B
  -------------------------------------------------------------------    -------------------

                         (clock clk_pl_0 rise edge)
                                                      0.000     0.000 r  
    PS8_X0Y0             PS8                          0.000     0.000 r  pccx_v002_system_i/zynq_ps/inst/PS8_i/PLCLK[0]
                         net (fo=1, routed)           0.229     0.229    pccx_v002_system_i/zynq_ps/inst/pl_clk_unbuffered[0]
    BUFG_PS_X0Y90        BUFG_PS (Prop_BUFG_PS_I_O)
                                                      0.038     0.267 r  pccx_v002_system_i/zynq_ps/inst/buffer_pl_clk_0.PL_CLK_0_BUFG/O
    X1Y1 (CLOCK_ROOT)    net (fo=82020, routed)       3.190     3.457    pccx_v002_system_i/u_npu/inst/u_wrap/u_pccx_npu_top/u_mem_dispatcher/u_l2_cache/u_l2_uram/u_l2_uram/xpm_memory_base_inst/clka
    URAM288_X0Y13        URAM288                                      r  pccx_v002_system_i/u_npu/inst/u_wrap/u_pccx_npu_top/u_mem_dispatcher/u_l2_cache/u_l2_uram/u_l2_uram/xpm_memory_base_inst/gen_wr_a.gen_word_narrow.mem_reg_uram_17/CLK

Slack:                    inf
  Source:                 pccx_v002_system_i/u_npu/inst/u_wrap/u_pccx_npu_top/u_mem_dispatcher/u_l2_cache/u_l2_uram/u_l2_uram/xpm_memory_base_inst/gen_wr_a.gen_word_narrow.mem_reg_uram_24/CAS_OUT_DBITERR_A
                            (internal pin)
  Destination:            pccx_v002_system_i/u_npu/inst/u_wrap/u_pccx_npu_top/u_mem_dispatcher/u_l2_cache/u_l2_uram/u_l2_uram/xpm_memory_base_inst/gen_wr_a.gen_word_narrow.mem_reg_uram_25/CAS_IN_DBITERR_A
                            (rising edge-triggered cell URAM288 clocked by clk_pl_0  {rise@0.000ns fall@5.000ns period=10.000ns})
  Path Group:             (none)
  Path Type:              Hold (Min at Slow Process Corner)
  Data Path Delay:        0.000ns  (logic 0.000ns (0.000%)  route 0.000ns (0.000%))
  Logic Levels:           0  
  Clock Uncertainty:      0.158ns  ((TSJ^2 + DJ^2)^1/2) / 2 + PE
    Total System Jitter     (TSJ):    0.050ns
    Discrete Jitter          (DJ):    0.312ns
    Phase Error              (PE):    0.000ns
  Clock Net Delay (Destination): 3.192ns (routing 1.681ns, distribution 1.511ns)

    Location             Delay type                Incr(ns)  Path(ns)    Netlist Resource(s)
  -------------------------------------------------------------------    -------------------
    URAM288_X0Y14        URAM288                      0.000     0.000 r  pccx_v002_system_i/u_npu/inst/u_wrap/u_pccx_npu_top/u_mem_dispatcher/u_l2_cache/u_l2_uram/u_l2_uram/xpm_memory_base_inst/gen_wr_a.gen_word_narrow.mem_reg_uram_24/CAS_OUT_DBITERR_A
                         net (fo=1, routed)           0.000     0.000    pccx_v002_system_i/u_npu/inst/u_wrap/u_pccx_npu_top/u_mem_dispatcher/u_l2_cache/u_l2_uram/u_l2_uram/xpm_memory_base_inst/gen_wr_a.gen_word_narrow.mem_reg_uram_24_n_0
    URAM288_X0Y15        URAM288                                      r  pccx_v002_system_i/u_npu/inst/u_wrap/u_pccx_npu_top/u_mem_dispatcher/u_l2_cache/u_l2_uram/u_l2_uram/xpm_memory_base_inst/gen_wr_a.gen_word_narrow.mem_reg_uram_25/CAS_IN_DBITERR_A
  -------------------------------------------------------------------    -------------------

                         (clock clk_pl_0 rise edge)
                                                      0.000     0.000 r  
    PS8_X0Y0             PS8                          0.000     0.000 r  pccx_v002_system_i/zynq_ps/inst/PS8_i/PLCLK[0]
                         net (fo=1, routed)           0.229     0.229    pccx_v002_system_i/zynq_ps/inst/pl_clk_unbuffered[0]
    BUFG_PS_X0Y90        BUFG_PS (Prop_BUFG_PS_I_O)
                                                      0.038     0.267 r  pccx_v002_system_i/zynq_ps/inst/buffer_pl_clk_0.PL_CLK_0_BUFG/O
    X1Y1 (CLOCK_ROOT)    net (fo=82020, routed)       3.192     3.459    pccx_v002_system_i/u_npu/inst/u_wrap/u_pccx_npu_top/u_mem_dispatcher/u_l2_cache/u_l2_uram/u_l2_uram/xpm_memory_base_inst/clka
    URAM288_X0Y15        URAM288                                      r  pccx_v002_system_i/u_npu/inst/u_wrap/u_pccx_npu_top/u_mem_dispatcher/u_l2_cache/u_l2_uram/u_l2_uram/xpm_memory_base_inst/gen_wr_a.gen_word_narrow.mem_reg_uram_25/CLK

Slack:                    inf
  Source:                 pccx_v002_system_i/u_npu/inst/u_wrap/u_pccx_npu_top/u_mem_dispatcher/u_l2_cache/u_l2_uram/u_l2_uram/xpm_memory_base_inst/gen_wr_a.gen_word_narrow.mem_reg_uram_24/CAS_OUT_SBITERR_A
                            (internal pin)
  Destination:            pccx_v002_system_i/u_npu/inst/u_wrap/u_pccx_npu_top/u_mem_dispatcher/u_l2_cache/u_l2_uram/u_l2_uram/xpm_memory_base_inst/gen_wr_a.gen_word_narrow.mem_reg_uram_25/CAS_IN_SBITERR_A
                            (rising edge-triggered cell URAM288 clocked by clk_pl_0  {rise@0.000ns fall@5.000ns period=10.000ns})
  Path Group:             (none)
  Path Type:              Hold (Min at Slow Process Corner)
  Data Path Delay:        0.000ns  (logic 0.000ns (0.000%)  route 0.000ns (0.000%))
  Logic Levels:           0  
  Clock Uncertainty:      0.158ns  ((TSJ^2 + DJ^2)^1/2) / 2 + PE
    Total System Jitter     (TSJ):    0.050ns
    Discrete Jitter          (DJ):    0.312ns
    Phase Error              (PE):    0.000ns
  Clock Net Delay (Destination): 3.192ns (routing 1.681ns, distribution 1.511ns)

    Location             Delay type                Incr(ns)  Path(ns)    Netlist Resource(s)
  -------------------------------------------------------------------    -------------------
    URAM288_X0Y14        URAM288                      0.000     0.000 r  pccx_v002_system_i/u_npu/inst/u_wrap/u_pccx_npu_top/u_mem_dispatcher/u_l2_cache/u_l2_uram/u_l2_uram/xpm_memory_base_inst/gen_wr_a.gen_word_narrow.mem_reg_uram_24/CAS_OUT_SBITERR_A
                         net (fo=1, routed)           0.000     0.000    pccx_v002_system_i/u_npu/inst/u_wrap/u_pccx_npu_top/u_mem_dispatcher/u_l2_cache/u_l2_uram/u_l2_uram/xpm_memory_base_inst/gen_wr_a.gen_word_narrow.mem_reg_uram_24_n_8
    URAM288_X0Y15        URAM288                                      r  pccx_v002_system_i/u_npu/inst/u_wrap/u_pccx_npu_top/u_mem_dispatcher/u_l2_cache/u_l2_uram/u_l2_uram/xpm_memory_base_inst/gen_wr_a.gen_word_narrow.mem_reg_uram_25/CAS_IN_SBITERR_A
  -------------------------------------------------------------------    -------------------

                         (clock clk_pl_0 rise edge)
                                                      0.000     0.000 r  
    PS8_X0Y0             PS8                          0.000     0.000 r  pccx_v002_system_i/zynq_ps/inst/PS8_i/PLCLK[0]
                         net (fo=1, routed)           0.229     0.229    pccx_v002_system_i/zynq_ps/inst/pl_clk_unbuffered[0]
    BUFG_PS_X0Y90        BUFG_PS (Prop_BUFG_PS_I_O)
                                                      0.038     0.267 r  pccx_v002_system_i/zynq_ps/inst/buffer_pl_clk_0.PL_CLK_0_BUFG/O
    X1Y1 (CLOCK_ROOT)    net (fo=82020, routed)       3.192     3.459    pccx_v002_system_i/u_npu/inst/u_wrap/u_pccx_npu_top/u_mem_dispatcher/u_l2_cache/u_l2_uram/u_l2_uram/xpm_memory_base_inst/clka
    URAM288_X0Y15        URAM288                                      r  pccx_v002_system_i/u_npu/inst/u_wrap/u_pccx_npu_top/u_mem_dispatcher/u_l2_cache/u_l2_uram/u_l2_uram/xpm_memory_base_inst/gen_wr_a.gen_word_narrow.mem_reg_uram_25/CLK

Slack:                    inf
  Source:                 pccx_v002_system_i/u_npu/inst/u_wrap/u_pccx_npu_top/u_mem_dispatcher/u_l2_cache/u_l2_uram/u_l2_uram/xpm_memory_base_inst/gen_wr_a.gen_word_narrow.mem_reg_uram_24/CAS_OUT_SBITERR_B
                            (internal pin)
  Destination:            pccx_v002_system_i/u_npu/inst/u_wrap/u_pccx_npu_top/u_mem_dispatcher/u_l2_cache/u_l2_uram/u_l2_uram/xpm_memory_base_inst/gen_wr_a.gen_word_narrow.mem_reg_uram_25/CAS_IN_SBITERR_B
                            (rising edge-triggered cell URAM288 clocked by clk_pl_0  {rise@0.000ns fall@5.000ns period=10.000ns})
  Path Group:             (none)
  Path Type:              Hold (Min at Slow Process Corner)
  Data Path Delay:        0.000ns  (logic 0.000ns (0.000%)  route 0.000ns (0.000%))
  Logic Levels:           0  
  Clock Uncertainty:      0.158ns  ((TSJ^2 + DJ^2)^1/2) / 2 + PE
    Total System Jitter     (TSJ):    0.050ns
    Discrete Jitter          (DJ):    0.312ns
    Phase Error              (PE):    0.000ns
  Clock Net Delay (Destination): 3.192ns (routing 1.681ns, distribution 1.511ns)

    Location             Delay type                Incr(ns)  Path(ns)    Netlist Resource(s)
  -------------------------------------------------------------------    -------------------
    URAM288_X0Y14        URAM288                      0.000     0.000 r  pccx_v002_system_i/u_npu/inst/u_wrap/u_pccx_npu_top/u_mem_dispatcher/u_l2_cache/u_l2_uram/u_l2_uram/xpm_memory_base_inst/gen_wr_a.gen_word_narrow.mem_reg_uram_24/CAS_OUT_SBITERR_B
                         net (fo=1, routed)           0.000     0.000    pccx_v002_system_i/u_npu/inst/u_wrap/u_pccx_npu_top/u_mem_dispatcher/u_l2_cache/u_l2_uram/u_l2_uram/xpm_memory_base_inst/gen_wr_a.gen_word_narrow.mem_reg_uram_24_n_9
    URAM288_X0Y15        URAM288                                      r  pccx_v002_system_i/u_npu/inst/u_wrap/u_pccx_npu_top/u_mem_dispatcher/u_l2_cache/u_l2_uram/u_l2_uram/xpm_memory_base_inst/gen_wr_a.gen_word_narrow.mem_reg_uram_25/CAS_IN_SBITERR_B
  -------------------------------------------------------------------    -------------------

                         (clock clk_pl_0 rise edge)
                                                      0.000     0.000 r  
    PS8_X0Y0             PS8                          0.000     0.000 r  pccx_v002_system_i/zynq_ps/inst/PS8_i/PLCLK[0]
                         net (fo=1, routed)           0.229     0.229    pccx_v002_system_i/zynq_ps/inst/pl_clk_unbuffered[0]
    BUFG_PS_X0Y90        BUFG_PS (Prop_BUFG_PS_I_O)
                                                      0.038     0.267 r  pccx_v002_system_i/zynq_ps/inst/buffer_pl_clk_0.PL_CLK_0_BUFG/O
    X1Y1 (CLOCK_ROOT)    net (fo=82020, routed)       3.192     3.459    pccx_v002_system_i/u_npu/inst/u_wrap/u_pccx_npu_top/u_mem_dispatcher/u_l2_cache/u_l2_uram/u_l2_uram/xpm_memory_base_inst/clka
    URAM288_X0Y15        URAM288                                      r  pccx_v002_system_i/u_npu/inst/u_wrap/u_pccx_npu_top/u_mem_dispatcher/u_l2_cache/u_l2_uram/u_l2_uram/xpm_memory_base_inst/gen_wr_a.gen_word_narrow.mem_reg_uram_25/CLK

Slack:                    inf
  Source:                 pccx_v002_system_i/u_npu/inst/u_wrap/u_pccx_npu_top/u_mem_dispatcher/u_l2_cache/u_l2_uram/u_l2_uram/xpm_memory_base_inst/gen_wr_a.gen_word_narrow.mem_reg_uram_28/CAS_OUT_ADDR_B[19]
                            (internal pin)
  Destination:            pccx_v002_system_i/u_npu/inst/u_wrap/u_pccx_npu_top/u_mem_dispatcher/u_l2_cache/u_l2_uram/u_l2_uram/xpm_memory_base_inst/gen_wr_a.gen_word_narrow.mem_reg_uram_29/CAS_IN_ADDR_B[19]
                            (rising edge-triggered cell URAM288 clocked by clk_pl_0  {rise@0.000ns fall@5.000ns period=10.000ns})
  Path Group:             (none)
  Path Type:              Hold (Min at Slow Process Corner)
  Data Path Delay:        0.000ns  (logic 0.000ns (0.000%)  route 0.000ns (0.000%))
  Logic Levels:           0  
  Clock Uncertainty:      0.158ns  ((TSJ^2 + DJ^2)^1/2) / 2 + PE
    Total System Jitter     (TSJ):    0.050ns
    Discrete Jitter          (DJ):    0.312ns
    Phase Error              (PE):    0.000ns
  Clock Net Delay (Destination): 3.235ns (routing 1.681ns, distribution 1.554ns)

    Location             Delay type                Incr(ns)  Path(ns)    Netlist Resource(s)
  -------------------------------------------------------------------    -------------------
    URAM288_X0Y44        URAM288                      0.000     0.000 r  pccx_v002_system_i/u_npu/inst/u_wrap/u_pccx_npu_top/u_mem_dispatcher/u_l2_cache/u_l2_uram/u_l2_uram/xpm_memory_base_inst/gen_wr_a.gen_word_narrow.mem_reg_uram_28/CAS_OUT_ADDR_B[19]
                         net (fo=1, routed)           0.000     0.000    pccx_v002_system_i/u_npu/inst/u_wrap/u_pccx_npu_top/u_mem_dispatcher/u_l2_cache/u_l2_uram/u_l2_uram/xpm_memory_base_inst/gen_wr_a.gen_word_narrow.mem_reg_uram_29_Cas_AddrB_1[19]
    URAM288_X0Y45        URAM288                                      r  pccx_v002_system_i/u_npu/inst/u_wrap/u_pccx_npu_top/u_mem_dispatcher/u_l2_cache/u_l2_uram/u_l2_uram/xpm_memory_base_inst/gen_wr_a.gen_word_narrow.mem_reg_uram_29/CAS_IN_ADDR_B[19]
  -------------------------------------------------------------------    -------------------

                         (clock clk_pl_0 rise edge)
                                                      0.000     0.000 r  
    PS8_X0Y0             PS8                          0.000     0.000 r  pccx_v002_system_i/zynq_ps/inst/PS8_i/PLCLK[0]
                         net (fo=1, routed)           0.229     0.229    pccx_v002_system_i/zynq_ps/inst/pl_clk_unbuffered[0]
    BUFG_PS_X0Y90        BUFG_PS (Prop_BUFG_PS_I_O)
                                                      0.038     0.267 r  pccx_v002_system_i/zynq_ps/inst/buffer_pl_clk_0.PL_CLK_0_BUFG/O
    X1Y1 (CLOCK_ROOT)    net (fo=82020, routed)       3.235     3.502    pccx_v002_system_i/u_npu/inst/u_wrap/u_pccx_npu_top/u_mem_dispatcher/u_l2_cache/u_l2_uram/u_l2_uram/xpm_memory_base_inst/clka
    URAM288_X0Y45        URAM288                                      r  pccx_v002_system_i/u_npu/inst/u_wrap/u_pccx_npu_top/u_mem_dispatcher/u_l2_cache/u_l2_uram/u_l2_uram/xpm_memory_base_inst/gen_wr_a.gen_word_narrow.mem_reg_uram_29/CLK

Slack:                    inf
  Source:                 pccx_v002_system_i/u_npu/inst/u_wrap/u_pccx_npu_top/u_mem_dispatcher/u_l2_cache/u_l2_uram/u_l2_uram/xpm_memory_base_inst/gen_wr_a.gen_word_narrow.mem_reg_uram_28/CAS_OUT_DIN_A[64]
                            (internal pin)
  Destination:            pccx_v002_system_i/u_npu/inst/u_wrap/u_pccx_npu_top/u_mem_dispatcher/u_l2_cache/u_l2_uram/u_l2_uram/xpm_memory_base_inst/gen_wr_a.gen_word_narrow.mem_reg_uram_29/CAS_IN_DIN_A[64]
                            (rising edge-triggered cell URAM288 clocked by clk_pl_0  {rise@0.000ns fall@5.000ns period=10.000ns})
  Path Group:             (none)
  Path Type:              Hold (Min at Slow Process Corner)
  Data Path Delay:        0.000ns  (logic 0.000ns (0.000%)  route 0.000ns (0.000%))
  Logic Levels:           0  
  Clock Uncertainty:      0.158ns  ((TSJ^2 + DJ^2)^1/2) / 2 + PE
    Total System Jitter     (TSJ):    0.050ns
    Discrete Jitter          (DJ):    0.312ns
    Phase Error              (PE):    0.000ns
  Clock Net Delay (Destination): 3.235ns (routing 1.681ns, distribution 1.554ns)

    Location             Delay type                Incr(ns)  Path(ns)    Netlist Resource(s)
  -------------------------------------------------------------------    -------------------
    URAM288_X0Y44        URAM288                      0.000     0.000 r  pccx_v002_system_i/u_npu/inst/u_wrap/u_pccx_npu_top/u_mem_dispatcher/u_l2_cache/u_l2_uram/u_l2_uram/xpm_memory_base_inst/gen_wr_a.gen_word_narrow.mem_reg_uram_28/CAS_OUT_DIN_A[64]
                         net (fo=1, routed)           0.000     0.000    pccx_v002_system_i/u_npu/inst/u_wrap/u_pccx_npu_top/u_mem_dispatcher/u_l2_cache/u_l2_uram/u_l2_uram/xpm_memory_base_inst/gen_wr_a.gen_word_narrow.mem_reg_uram_29_Cas_DinA_1[64]
    URAM288_X0Y45        URAM288                                      r  pccx_v002_system_i/u_npu/inst/u_wrap/u_pccx_npu_top/u_mem_dispatcher/u_l2_cache/u_l2_uram/u_l2_uram/xpm_memory_base_inst/gen_wr_a.gen_word_narrow.mem_reg_uram_29/CAS_IN_DIN_A[64]
  -------------------------------------------------------------------    -------------------

                         (clock clk_pl_0 rise edge)
                                                      0.000     0.000 r  
    PS8_X0Y0             PS8                          0.000     0.000 r  pccx_v002_system_i/zynq_ps/inst/PS8_i/PLCLK[0]
                         net (fo=1, routed)           0.229     0.229    pccx_v002_system_i/zynq_ps/inst/pl_clk_unbuffered[0]
    BUFG_PS_X0Y90        BUFG_PS (Prop_BUFG_PS_I_O)
                                                      0.038     0.267 r  pccx_v002_system_i/zynq_ps/inst/buffer_pl_clk_0.PL_CLK_0_BUFG/O
    X1Y1 (CLOCK_ROOT)    net (fo=82020, routed)       3.235     3.502    pccx_v002_system_i/u_npu/inst/u_wrap/u_pccx_npu_top/u_mem_dispatcher/u_l2_cache/u_l2_uram/u_l2_uram/xpm_memory_base_inst/clka
    URAM288_X0Y45        URAM288                                      r  pccx_v002_system_i/u_npu/inst/u_wrap/u_pccx_npu_top/u_mem_dispatcher/u_l2_cache/u_l2_uram/u_l2_uram/xpm_memory_base_inst/gen_wr_a.gen_word_narrow.mem_reg_uram_29/CLK

Slack:                    inf
  Source:                 pccx_v002_system_i/u_npu/inst/u_wrap/u_pccx_npu_top/u_mem_dispatcher/u_l2_cache/u_l2_uram/u_l2_uram/xpm_memory_base_inst/gen_wr_a.gen_word_narrow.mem_reg_uram_28/CAS_OUT_DIN_A[68]
                            (internal pin)
  Destination:            pccx_v002_system_i/u_npu/inst/u_wrap/u_pccx_npu_top/u_mem_dispatcher/u_l2_cache/u_l2_uram/u_l2_uram/xpm_memory_base_inst/gen_wr_a.gen_word_narrow.mem_reg_uram_29/CAS_IN_DIN_A[68]
                            (rising edge-triggered cell URAM288 clocked by clk_pl_0  {rise@0.000ns fall@5.000ns period=10.000ns})
  Path Group:             (none)
  Path Type:              Hold (Min at Slow Process Corner)
  Data Path Delay:        0.000ns  (logic 0.000ns (0.000%)  route 0.000ns (0.000%))
  Logic Levels:           0  
  Clock Uncertainty:      0.158ns  ((TSJ^2 + DJ^2)^1/2) / 2 + PE
    Total System Jitter     (TSJ):    0.050ns
    Discrete Jitter          (DJ):    0.312ns
    Phase Error              (PE):    0.000ns
  Clock Net Delay (Destination): 3.235ns (routing 1.681ns, distribution 1.554ns)

    Location             Delay type                Incr(ns)  Path(ns)    Netlist Resource(s)
  -------------------------------------------------------------------    -------------------
    URAM288_X0Y44        URAM288                      0.000     0.000 r  pccx_v002_system_i/u_npu/inst/u_wrap/u_pccx_npu_top/u_mem_dispatcher/u_l2_cache/u_l2_uram/u_l2_uram/xpm_memory_base_inst/gen_wr_a.gen_word_narrow.mem_reg_uram_28/CAS_OUT_DIN_A[68]
                         net (fo=1, routed)           0.000     0.000    pccx_v002_system_i/u_npu/inst/u_wrap/u_pccx_npu_top/u_mem_dispatcher/u_l2_cache/u_l2_uram/u_l2_uram/xpm_memory_base_inst/gen_wr_a.gen_word_narrow.mem_reg_uram_29_Cas_DinA_1[68]
    URAM288_X0Y45        URAM288                                      r  pccx_v002_system_i/u_npu/inst/u_wrap/u_pccx_npu_top/u_mem_dispatcher/u_l2_cache/u_l2_uram/u_l2_uram/xpm_memory_base_inst/gen_wr_a.gen_word_narrow.mem_reg_uram_29/CAS_IN_DIN_A[68]
  -------------------------------------------------------------------    -------------------

                         (clock clk_pl_0 rise edge)
                                                      0.000     0.000 r  
    PS8_X0Y0             PS8                          0.000     0.000 r  pccx_v002_system_i/zynq_ps/inst/PS8_i/PLCLK[0]
                         net (fo=1, routed)           0.229     0.229    pccx_v002_system_i/zynq_ps/inst/pl_clk_unbuffered[0]
    BUFG_PS_X0Y90        BUFG_PS (Prop_BUFG_PS_I_O)
                                                      0.038     0.267 r  pccx_v002_system_i/zynq_ps/inst/buffer_pl_clk_0.PL_CLK_0_BUFG/O
    X1Y1 (CLOCK_ROOT)    net (fo=82020, routed)       3.235     3.502    pccx_v002_system_i/u_npu/inst/u_wrap/u_pccx_npu_top/u_mem_dispatcher/u_l2_cache/u_l2_uram/u_l2_uram/xpm_memory_base_inst/clka
    URAM288_X0Y45        URAM288                                      r  pccx_v002_system_i/u_npu/inst/u_wrap/u_pccx_npu_top/u_mem_dispatcher/u_l2_cache/u_l2_uram/u_l2_uram/xpm_memory_base_inst/gen_wr_a.gen_word_narrow.mem_reg_uram_29/CLK

Slack:                    inf
  Source:                 pccx_v002_system_i/u_npu/inst/u_wrap/u_pccx_npu_top/u_mem_dispatcher/u_l2_cache/u_l2_uram/u_l2_uram/xpm_memory_base_inst/gen_wr_a.gen_word_narrow.mem_reg_uram_2/CAS_OUT_ADDR_B[19]
                            (internal pin)
  Destination:            pccx_v002_system_i/u_npu/inst/u_wrap/u_pccx_npu_top/u_mem_dispatcher/u_l2_cache/u_l2_uram/u_l2_uram/xpm_memory_base_inst/gen_wr_a.gen_word_narrow.mem_reg_uram_3/CAS_IN_ADDR_B[19]
                            (rising edge-triggered cell URAM288 clocked by clk_pl_0  {rise@0.000ns fall@5.000ns period=10.000ns})
  Path Group:             (none)
  Path Type:              Hold (Min at Slow Process Corner)
  Data Path Delay:        0.000ns  (logic 0.000ns (0.000%)  route 0.000ns (0.000%))
  Logic Levels:           0  
  Clock Uncertainty:      0.158ns  ((TSJ^2 + DJ^2)^1/2) / 2 + PE
    Total System Jitter     (TSJ):    0.050ns
    Discrete Jitter          (DJ):    0.312ns
    Phase Error              (PE):    0.000ns
  Clock Net Delay (Destination): 3.182ns (routing 1.681ns, distribution 1.501ns)

    Location             Delay type                Incr(ns)  Path(ns)    Netlist Resource(s)
  -------------------------------------------------------------------    -------------------
    URAM288_X0Y26        URAM288                      0.000     0.000 r  pccx_v002_system_i/u_npu/inst/u_wrap/u_pccx_npu_top/u_mem_dispatcher/u_l2_cache/u_l2_uram/u_l2_uram/xpm_memory_base_inst/gen_wr_a.gen_word_narrow.mem_reg_uram_2/CAS_OUT_ADDR_B[19]
                         net (fo=1, routed)           0.000     0.000    pccx_v002_system_i/u_npu/inst/u_wrap/u_pccx_npu_top/u_mem_dispatcher/u_l2_cache/u_l2_uram/u_l2_uram/xpm_memory_base_inst/gen_wr_a.gen_word_narrow.mem_reg_uram_3_Cas_AddrB_1[19]
    URAM288_X0Y27        URAM288                                      r  pccx_v002_system_i/u_npu/inst/u_wrap/u_pccx_npu_top/u_mem_dispatcher/u_l2_cache/u_l2_uram/u_l2_uram/xpm_memory_base_inst/gen_wr_a.gen_word_narrow.mem_reg_uram_3/CAS_IN_ADDR_B[19]
  -------------------------------------------------------------------    -------------------

                         (clock clk_pl_0 rise edge)
                                                      0.000     0.000 r  
    PS8_X0Y0             PS8                          0.000     0.000 r  pccx_v002_system_i/zynq_ps/inst/PS8_i/PLCLK[0]
                         net (fo=1, routed)           0.229     0.229    pccx_v002_system_i/zynq_ps/inst/pl_clk_unbuffered[0]
    BUFG_PS_X0Y90        BUFG_PS (Prop_BUFG_PS_I_O)
                                                      0.038     0.267 r  pccx_v002_system_i/zynq_ps/inst/buffer_pl_clk_0.PL_CLK_0_BUFG/O
    X1Y1 (CLOCK_ROOT)    net (fo=82020, routed)       3.182     3.449    pccx_v002_system_i/u_npu/inst/u_wrap/u_pccx_npu_top/u_mem_dispatcher/u_l2_cache/u_l2_uram/u_l2_uram/xpm_memory_base_inst/clka
    URAM288_X0Y27        URAM288                                      r  pccx_v002_system_i/u_npu/inst/u_wrap/u_pccx_npu_top/u_mem_dispatcher/u_l2_cache/u_l2_uram/u_l2_uram/xpm_memory_base_inst/gen_wr_a.gen_word_narrow.mem_reg_uram_3/CLK

Slack:                    inf
  Source:                 pccx_v002_system_i/u_npu/inst/u_wrap/u_pccx_npu_top/u_mem_dispatcher/u_l2_cache/u_l2_uram/u_l2_uram/xpm_memory_base_inst/gen_wr_a.gen_word_narrow.mem_reg_uram_30/CAS_OUT_ADDR_B[19]
                            (internal pin)
  Destination:            pccx_v002_system_i/u_npu/inst/u_wrap/u_pccx_npu_top/u_mem_dispatcher/u_l2_cache/u_l2_uram/u_l2_uram/xpm_memory_base_inst/gen_wr_a.gen_word_narrow.mem_reg_uram_31/CAS_IN_ADDR_B[19]
                            (rising edge-triggered cell URAM288 clocked by clk_pl_0  {rise@0.000ns fall@5.000ns period=10.000ns})
  Path Group:             (none)
  Path Type:              Hold (Min at Slow Process Corner)
  Data Path Delay:        0.000ns  (logic 0.000ns (0.000%)  route 0.000ns (0.000%))
  Logic Levels:           0  
  Clock Uncertainty:      0.158ns  ((TSJ^2 + DJ^2)^1/2) / 2 + PE
    Total System Jitter     (TSJ):    0.050ns
    Discrete Jitter          (DJ):    0.312ns
    Phase Error              (PE):    0.000ns
  Clock Net Delay (Destination): 3.192ns (routing 1.681ns, distribution 1.511ns)

    Location             Delay type                Incr(ns)  Path(ns)    Netlist Resource(s)
  -------------------------------------------------------------------    -------------------
    URAM288_X0Y40        URAM288                      0.000     0.000 r  pccx_v002_system_i/u_npu/inst/u_wrap/u_pccx_npu_top/u_mem_dispatcher/u_l2_cache/u_l2_uram/u_l2_uram/xpm_memory_base_inst/gen_wr_a.gen_word_narrow.mem_reg_uram_30/CAS_OUT_ADDR_B[19]
                         net (fo=1, routed)           0.000     0.000    pccx_v002_system_i/u_npu/inst/u_wrap/u_pccx_npu_top/u_mem_dispatcher/u_l2_cache/u_l2_uram/u_l2_uram/xpm_memory_base_inst/gen_wr_a.gen_word_narrow.mem_reg_uram_31_Cas_AddrB_1[19]
    URAM288_X0Y41        URAM288                                      r  pccx_v002_system_i/u_npu/inst/u_wrap/u_pccx_npu_top/u_mem_dispatcher/u_l2_cache/u_l2_uram/u_l2_uram/xpm_memory_base_inst/gen_wr_a.gen_word_narrow.mem_reg_uram_31/CAS_IN_ADDR_B[19]
  -------------------------------------------------------------------    -------------------

                         (clock clk_pl_0 rise edge)
                                                      0.000     0.000 r  
    PS8_X0Y0             PS8                          0.000     0.000 r  pccx_v002_system_i/zynq_ps/inst/PS8_i/PLCLK[0]
                         net (fo=1, routed)           0.229     0.229    pccx_v002_system_i/zynq_ps/inst/pl_clk_unbuffered[0]
    BUFG_PS_X0Y90        BUFG_PS (Prop_BUFG_PS_I_O)
                                                      0.038     0.267 r  pccx_v002_system_i/zynq_ps/inst/buffer_pl_clk_0.PL_CLK_0_BUFG/O
    X1Y1 (CLOCK_ROOT)    net (fo=82020, routed)       3.192     3.459    pccx_v002_system_i/u_npu/inst/u_wrap/u_pccx_npu_top/u_mem_dispatcher/u_l2_cache/u_l2_uram/u_l2_uram/xpm_memory_base_inst/clka
    URAM288_X0Y41        URAM288                                      r  pccx_v002_system_i/u_npu/inst/u_wrap/u_pccx_npu_top/u_mem_dispatcher/u_l2_cache/u_l2_uram/u_l2_uram/xpm_memory_base_inst/gen_wr_a.gen_word_narrow.mem_reg_uram_31/CLK

Slack:                    inf
  Source:                 pccx_v002_system_i/u_npu/inst/u_wrap/u_pccx_npu_top/u_mem_dispatcher/u_l2_cache/u_l2_uram/u_l2_uram/xpm_memory_base_inst/gen_wr_a.gen_word_narrow.mem_reg_uram_30/CAS_OUT_DIN_A[64]
                            (internal pin)
  Destination:            pccx_v002_system_i/u_npu/inst/u_wrap/u_pccx_npu_top/u_mem_dispatcher/u_l2_cache/u_l2_uram/u_l2_uram/xpm_memory_base_inst/gen_wr_a.gen_word_narrow.mem_reg_uram_31/CAS_IN_DIN_A[64]
                            (rising edge-triggered cell URAM288 clocked by clk_pl_0  {rise@0.000ns fall@5.000ns period=10.000ns})
  Path Group:             (none)
  Path Type:              Hold (Min at Slow Process Corner)
  Data Path Delay:        0.000ns  (logic 0.000ns (0.000%)  route 0.000ns (0.000%))
  Logic Levels:           0  
  Clock Uncertainty:      0.158ns  ((TSJ^2 + DJ^2)^1/2) / 2 + PE
    Total System Jitter     (TSJ):    0.050ns
    Discrete Jitter          (DJ):    0.312ns
    Phase Error              (PE):    0.000ns
  Clock Net Delay (Destination): 3.192ns (routing 1.681ns, distribution 1.511ns)

    Location             Delay type                Incr(ns)  Path(ns)    Netlist Resource(s)
  -------------------------------------------------------------------    -------------------
    URAM288_X0Y40        URAM288                      0.000     0.000 r  pccx_v002_system_i/u_npu/inst/u_wrap/u_pccx_npu_top/u_mem_dispatcher/u_l2_cache/u_l2_uram/u_l2_uram/xpm_memory_base_inst/gen_wr_a.gen_word_narrow.mem_reg_uram_30/CAS_OUT_DIN_A[64]
                         net (fo=1, routed)           0.000     0.000    pccx_v002_system_i/u_npu/inst/u_wrap/u_pccx_npu_top/u_mem_dispatcher/u_l2_cache/u_l2_uram/u_l2_uram/xpm_memory_base_inst/gen_wr_a.gen_word_narrow.mem_reg_uram_31_Cas_DinA_1[64]
    URAM288_X0Y41        URAM288                                      r  pccx_v002_system_i/u_npu/inst/u_wrap/u_pccx_npu_top/u_mem_dispatcher/u_l2_cache/u_l2_uram/u_l2_uram/xpm_memory_base_inst/gen_wr_a.gen_word_narrow.mem_reg_uram_31/CAS_IN_DIN_A[64]
  -------------------------------------------------------------------    -------------------

                         (clock clk_pl_0 rise edge)
                                                      0.000     0.000 r  
    PS8_X0Y0             PS8                          0.000     0.000 r  pccx_v002_system_i/zynq_ps/inst/PS8_i/PLCLK[0]
                         net (fo=1, routed)           0.229     0.229    pccx_v002_system_i/zynq_ps/inst/pl_clk_unbuffered[0]
    BUFG_PS_X0Y90        BUFG_PS (Prop_BUFG_PS_I_O)
                                                      0.038     0.267 r  pccx_v002_system_i/zynq_ps/inst/buffer_pl_clk_0.PL_CLK_0_BUFG/O
    X1Y1 (CLOCK_ROOT)    net (fo=82020, routed)       3.192     3.459    pccx_v002_system_i/u_npu/inst/u_wrap/u_pccx_npu_top/u_mem_dispatcher/u_l2_cache/u_l2_uram/u_l2_uram/xpm_memory_base_inst/clka
    URAM288_X0Y41        URAM288                                      r  pccx_v002_system_i/u_npu/inst/u_wrap/u_pccx_npu_top/u_mem_dispatcher/u_l2_cache/u_l2_uram/u_l2_uram/xpm_memory_base_inst/gen_wr_a.gen_word_narrow.mem_reg_uram_31/CLK

Slack:                    inf
  Source:                 pccx_v002_system_i/u_npu/inst/u_wrap/u_pccx_npu_top/u_mem_dispatcher/u_l2_cache/u_l2_uram/u_l2_uram/xpm_memory_base_inst/gen_wr_a.gen_word_narrow.mem_reg_uram_30/CAS_OUT_DIN_A[68]
                            (internal pin)
  Destination:            pccx_v002_system_i/u_npu/inst/u_wrap/u_pccx_npu_top/u_mem_dispatcher/u_l2_cache/u_l2_uram/u_l2_uram/xpm_memory_base_inst/gen_wr_a.gen_word_narrow.mem_reg_uram_31/CAS_IN_DIN_A[68]
                            (rising edge-triggered cell URAM288 clocked by clk_pl_0  {rise@0.000ns fall@5.000ns period=10.000ns})
  Path Group:             (none)
  Path Type:              Hold (Min at Slow Process Corner)
  Data Path Delay:        0.000ns  (logic 0.000ns (0.000%)  route 0.000ns (0.000%))
  Logic Levels:           0  
  Clock Uncertainty:      0.158ns  ((TSJ^2 + DJ^2)^1/2) / 2 + PE
    Total System Jitter     (TSJ):    0.050ns
    Discrete Jitter          (DJ):    0.312ns
    Phase Error              (PE):    0.000ns
  Clock Net Delay (Destination): 3.192ns (routing 1.681ns, distribution 1.511ns)

    Location             Delay type                Incr(ns)  Path(ns)    Netlist Resource(s)
  -------------------------------------------------------------------    -------------------
    URAM288_X0Y40        URAM288                      0.000     0.000 r  pccx_v002_system_i/u_npu/inst/u_wrap/u_pccx_npu_top/u_mem_dispatcher/u_l2_cache/u_l2_uram/u_l2_uram/xpm_memory_base_inst/gen_wr_a.gen_word_narrow.mem_reg_uram_30/CAS_OUT_DIN_A[68]
                         net (fo=1, routed)           0.000     0.000    pccx_v002_system_i/u_npu/inst/u_wrap/u_pccx_npu_top/u_mem_dispatcher/u_l2_cache/u_l2_uram/u_l2_uram/xpm_memory_base_inst/gen_wr_a.gen_word_narrow.mem_reg_uram_31_Cas_DinA_1[68]
    URAM288_X0Y41        URAM288                                      r  pccx_v002_system_i/u_npu/inst/u_wrap/u_pccx_npu_top/u_mem_dispatcher/u_l2_cache/u_l2_uram/u_l2_uram/xpm_memory_base_inst/gen_wr_a.gen_word_narrow.mem_reg_uram_31/CAS_IN_DIN_A[68]
  -------------------------------------------------------------------    -------------------

                         (clock clk_pl_0 rise edge)
                                                      0.000     0.000 r  
    PS8_X0Y0             PS8                          0.000     0.000 r  pccx_v002_system_i/zynq_ps/inst/PS8_i/PLCLK[0]
                         net (fo=1, routed)           0.229     0.229    pccx_v002_system_i/zynq_ps/inst/pl_clk_unbuffered[0]
    BUFG_PS_X0Y90        BUFG_PS (Prop_BUFG_PS_I_O)
                                                      0.038     0.267 r  pccx_v002_system_i/zynq_ps/inst/buffer_pl_clk_0.PL_CLK_0_BUFG/O
    X1Y1 (CLOCK_ROOT)    net (fo=82020, routed)       3.192     3.459    pccx_v002_system_i/u_npu/inst/u_wrap/u_pccx_npu_top/u_mem_dispatcher/u_l2_cache/u_l2_uram/u_l2_uram/xpm_memory_base_inst/clka
    URAM288_X0Y41        URAM288                                      r  pccx_v002_system_i/u_npu/inst/u_wrap/u_pccx_npu_top/u_mem_dispatcher/u_l2_cache/u_l2_uram/u_l2_uram/xpm_memory_base_inst/gen_wr_a.gen_word_narrow.mem_reg_uram_31/CLK

Slack:                    inf
  Source:                 pccx_v002_system_i/u_npu/inst/u_wrap/u_pccx_npu_top/u_mem_dispatcher/u_l2_cache/u_l2_uram/u_l2_uram/xpm_memory_base_inst/gen_wr_a.gen_word_narrow.mem_reg_uram_32/CAS_OUT_ADDR_B[19]
                            (internal pin)
  Destination:            pccx_v002_system_i/u_npu/inst/u_wrap/u_pccx_npu_top/u_mem_dispatcher/u_l2_cache/u_l2_uram/u_l2_uram/xpm_memory_base_inst/gen_wr_a.gen_word_narrow.mem_reg_uram_33/CAS_IN_ADDR_B[19]
                            (rising edge-triggered cell URAM288 clocked by clk_pl_0  {rise@0.000ns fall@5.000ns period=10.000ns})
  Path Group:             (none)
  Path Type:              Hold (Min at Slow Process Corner)
  Data Path Delay:        0.000ns  (logic 0.000ns (0.000%)  route 0.000ns (0.000%))
  Logic Levels:           0  
  Clock Uncertainty:      0.158ns  ((TSJ^2 + DJ^2)^1/2) / 2 + PE
    Total System Jitter     (TSJ):    0.050ns
    Discrete Jitter          (DJ):    0.312ns
    Phase Error              (PE):    0.000ns
  Clock Net Delay (Destination): 3.231ns (routing 1.681ns, distribution 1.550ns)

    Location             Delay type                Incr(ns)  Path(ns)    Netlist Resource(s)
  -------------------------------------------------------------------    -------------------
    URAM288_X0Y42        URAM288                      0.000     0.000 r  pccx_v002_system_i/u_npu/inst/u_wrap/u_pccx_npu_top/u_mem_dispatcher/u_l2_cache/u_l2_uram/u_l2_uram/xpm_memory_base_inst/gen_wr_a.gen_word_narrow.mem_reg_uram_32/CAS_OUT_ADDR_B[19]
                         net (fo=1, routed)           0.000     0.000    pccx_v002_system_i/u_npu/inst/u_wrap/u_pccx_npu_top/u_mem_dispatcher/u_l2_cache/u_l2_uram/u_l2_uram/xpm_memory_base_inst/gen_wr_a.gen_word_narrow.mem_reg_uram_33_Cas_AddrB_1[19]
    URAM288_X0Y43        URAM288                                      r  pccx_v002_system_i/u_npu/inst/u_wrap/u_pccx_npu_top/u_mem_dispatcher/u_l2_cache/u_l2_uram/u_l2_uram/xpm_memory_base_inst/gen_wr_a.gen_word_narrow.mem_reg_uram_33/CAS_IN_ADDR_B[19]
  -------------------------------------------------------------------    -------------------

                         (clock clk_pl_0 rise edge)
                                                      0.000     0.000 r  
    PS8_X0Y0             PS8                          0.000     0.000 r  pccx_v002_system_i/zynq_ps/inst/PS8_i/PLCLK[0]
                         net (fo=1, routed)           0.229     0.229    pccx_v002_system_i/zynq_ps/inst/pl_clk_unbuffered[0]
    BUFG_PS_X0Y90        BUFG_PS (Prop_BUFG_PS_I_O)
                                                      0.038     0.267 r  pccx_v002_system_i/zynq_ps/inst/buffer_pl_clk_0.PL_CLK_0_BUFG/O
    X1Y1 (CLOCK_ROOT)    net (fo=82020, routed)       3.231     3.498    pccx_v002_system_i/u_npu/inst/u_wrap/u_pccx_npu_top/u_mem_dispatcher/u_l2_cache/u_l2_uram/u_l2_uram/xpm_memory_base_inst/clka
    URAM288_X0Y43        URAM288                                      r  pccx_v002_system_i/u_npu/inst/u_wrap/u_pccx_npu_top/u_mem_dispatcher/u_l2_cache/u_l2_uram/u_l2_uram/xpm_memory_base_inst/gen_wr_a.gen_word_narrow.mem_reg_uram_33/CLK

Slack:                    inf
  Source:                 pccx_v002_system_i/u_npu/inst/u_wrap/u_pccx_npu_top/u_mem_dispatcher/u_l2_cache/u_l2_uram/u_l2_uram/xpm_memory_base_inst/gen_wr_a.gen_word_narrow.mem_reg_uram_32/CAS_OUT_DIN_A[64]
                            (internal pin)
  Destination:            pccx_v002_system_i/u_npu/inst/u_wrap/u_pccx_npu_top/u_mem_dispatcher/u_l2_cache/u_l2_uram/u_l2_uram/xpm_memory_base_inst/gen_wr_a.gen_word_narrow.mem_reg_uram_33/CAS_IN_DIN_A[64]
                            (rising edge-triggered cell URAM288 clocked by clk_pl_0  {rise@0.000ns fall@5.000ns period=10.000ns})
  Path Group:             (none)
  Path Type:              Hold (Min at Slow Process Corner)
  Data Path Delay:        0.000ns  (logic 0.000ns (0.000%)  route 0.000ns (0.000%))
  Logic Levels:           0  
  Clock Uncertainty:      0.158ns  ((TSJ^2 + DJ^2)^1/2) / 2 + PE
    Total System Jitter     (TSJ):    0.050ns
    Discrete Jitter          (DJ):    0.312ns
    Phase Error              (PE):    0.000ns
  Clock Net Delay (Destination): 3.231ns (routing 1.681ns, distribution 1.550ns)

    Location             Delay type                Incr(ns)  Path(ns)    Netlist Resource(s)
  -------------------------------------------------------------------    -------------------
    URAM288_X0Y42        URAM288                      0.000     0.000 r  pccx_v002_system_i/u_npu/inst/u_wrap/u_pccx_npu_top/u_mem_dispatcher/u_l2_cache/u_l2_uram/u_l2_uram/xpm_memory_base_inst/gen_wr_a.gen_word_narrow.mem_reg_uram_32/CAS_OUT_DIN_A[64]
                         net (fo=1, routed)           0.000     0.000    pccx_v002_system_i/u_npu/inst/u_wrap/u_pccx_npu_top/u_mem_dispatcher/u_l2_cache/u_l2_uram/u_l2_uram/xpm_memory_base_inst/gen_wr_a.gen_word_narrow.mem_reg_uram_33_Cas_DinA_1[64]
    URAM288_X0Y43        URAM288                                      r  pccx_v002_system_i/u_npu/inst/u_wrap/u_pccx_npu_top/u_mem_dispatcher/u_l2_cache/u_l2_uram/u_l2_uram/xpm_memory_base_inst/gen_wr_a.gen_word_narrow.mem_reg_uram_33/CAS_IN_DIN_A[64]
  -------------------------------------------------------------------    -------------------

                         (clock clk_pl_0 rise edge)
                                                      0.000     0.000 r  
    PS8_X0Y0             PS8                          0.000     0.000 r  pccx_v002_system_i/zynq_ps/inst/PS8_i/PLCLK[0]
                         net (fo=1, routed)           0.229     0.229    pccx_v002_system_i/zynq_ps/inst/pl_clk_unbuffered[0]
    BUFG_PS_X0Y90        BUFG_PS (Prop_BUFG_PS_I_O)
                                                      0.038     0.267 r  pccx_v002_system_i/zynq_ps/inst/buffer_pl_clk_0.PL_CLK_0_BUFG/O
    X1Y1 (CLOCK_ROOT)    net (fo=82020, routed)       3.231     3.498    pccx_v002_system_i/u_npu/inst/u_wrap/u_pccx_npu_top/u_mem_dispatcher/u_l2_cache/u_l2_uram/u_l2_uram/xpm_memory_base_inst/clka
    URAM288_X0Y43        URAM288                                      r  pccx_v002_system_i/u_npu/inst/u_wrap/u_pccx_npu_top/u_mem_dispatcher/u_l2_cache/u_l2_uram/u_l2_uram/xpm_memory_base_inst/gen_wr_a.gen_word_narrow.mem_reg_uram_33/CLK

Slack:                    inf
  Source:                 pccx_v002_system_i/u_npu/inst/u_wrap/u_pccx_npu_top/u_mem_dispatcher/u_l2_cache/u_l2_uram/u_l2_uram/xpm_memory_base_inst/gen_wr_a.gen_word_narrow.mem_reg_uram_32/CAS_OUT_DIN_A[68]
                            (internal pin)
  Destination:            pccx_v002_system_i/u_npu/inst/u_wrap/u_pccx_npu_top/u_mem_dispatcher/u_l2_cache/u_l2_uram/u_l2_uram/xpm_memory_base_inst/gen_wr_a.gen_word_narrow.mem_reg_uram_33/CAS_IN_DIN_A[68]
                            (rising edge-triggered cell URAM288 clocked by clk_pl_0  {rise@0.000ns fall@5.000ns period=10.000ns})
  Path Group:             (none)
  Path Type:              Hold (Min at Slow Process Corner)
  Data Path Delay:        0.000ns  (logic 0.000ns (0.000%)  route 0.000ns (0.000%))
  Logic Levels:           0  
  Clock Uncertainty:      0.158ns  ((TSJ^2 + DJ^2)^1/2) / 2 + PE
    Total System Jitter     (TSJ):    0.050ns
    Discrete Jitter          (DJ):    0.312ns
    Phase Error              (PE):    0.000ns
  Clock Net Delay (Destination): 3.231ns (routing 1.681ns, distribution 1.550ns)

    Location             Delay type                Incr(ns)  Path(ns)    Netlist Resource(s)
  -------------------------------------------------------------------    -------------------
    URAM288_X0Y42        URAM288                      0.000     0.000 r  pccx_v002_system_i/u_npu/inst/u_wrap/u_pccx_npu_top/u_mem_dispatcher/u_l2_cache/u_l2_uram/u_l2_uram/xpm_memory_base_inst/gen_wr_a.gen_word_narrow.mem_reg_uram_32/CAS_OUT_DIN_A[68]
                         net (fo=1, routed)           0.000     0.000    pccx_v002_system_i/u_npu/inst/u_wrap/u_pccx_npu_top/u_mem_dispatcher/u_l2_cache/u_l2_uram/u_l2_uram/xpm_memory_base_inst/gen_wr_a.gen_word_narrow.mem_reg_uram_33_Cas_DinA_1[68]
    URAM288_X0Y43        URAM288                                      r  pccx_v002_system_i/u_npu/inst/u_wrap/u_pccx_npu_top/u_mem_dispatcher/u_l2_cache/u_l2_uram/u_l2_uram/xpm_memory_base_inst/gen_wr_a.gen_word_narrow.mem_reg_uram_33/CAS_IN_DIN_A[68]
  -------------------------------------------------------------------    -------------------

                         (clock clk_pl_0 rise edge)
                                                      0.000     0.000 r  
    PS8_X0Y0             PS8                          0.000     0.000 r  pccx_v002_system_i/zynq_ps/inst/PS8_i/PLCLK[0]
                         net (fo=1, routed)           0.229     0.229    pccx_v002_system_i/zynq_ps/inst/pl_clk_unbuffered[0]
    BUFG_PS_X0Y90        BUFG_PS (Prop_BUFG_PS_I_O)
                                                      0.038     0.267 r  pccx_v002_system_i/zynq_ps/inst/buffer_pl_clk_0.PL_CLK_0_BUFG/O
    X1Y1 (CLOCK_ROOT)    net (fo=82020, routed)       3.231     3.498    pccx_v002_system_i/u_npu/inst/u_wrap/u_pccx_npu_top/u_mem_dispatcher/u_l2_cache/u_l2_uram/u_l2_uram/xpm_memory_base_inst/clka
    URAM288_X0Y43        URAM288                                      r  pccx_v002_system_i/u_npu/inst/u_wrap/u_pccx_npu_top/u_mem_dispatcher/u_l2_cache/u_l2_uram/u_l2_uram/xpm_memory_base_inst/gen_wr_a.gen_word_narrow.mem_reg_uram_33/CLK

Slack:                    inf
  Source:                 pccx_v002_system_i/u_npu/inst/u_wrap/u_pccx_npu_top/u_mem_dispatcher/u_l2_cache/u_l2_uram/u_l2_uram/xpm_memory_base_inst/gen_wr_a.gen_word_narrow.mem_reg_uram_34/CAS_OUT_ADDR_B[19]
                            (internal pin)
  Destination:            pccx_v002_system_i/u_npu/inst/u_wrap/u_pccx_npu_top/u_mem_dispatcher/u_l2_cache/u_l2_uram/u_l2_uram/xpm_memory_base_inst/gen_wr_a.gen_word_narrow.mem_reg_uram_35/CAS_IN_ADDR_B[19]
                            (rising edge-triggered cell URAM288 clocked by clk_pl_0  {rise@0.000ns fall@5.000ns period=10.000ns})
  Path Group:             (none)
  Path Type:              Hold (Min at Slow Process Corner)
  Data Path Delay:        0.000ns  (logic 0.000ns (0.000%)  route 0.000ns (0.000%))
  Logic Levels:           0  
  Clock Uncertainty:      0.158ns  ((TSJ^2 + DJ^2)^1/2) / 2 + PE
    Total System Jitter     (TSJ):    0.050ns
    Discrete Jitter          (DJ):    0.312ns
    Phase Error              (PE):    0.000ns
  Clock Net Delay (Destination): 3.230ns (routing 1.681ns, distribution 1.549ns)

    Location             Delay type                Incr(ns)  Path(ns)    Netlist Resource(s)
  -------------------------------------------------------------------    -------------------
    URAM288_X0Y36        URAM288                      0.000     0.000 r  pccx_v002_system_i/u_npu/inst/u_wrap/u_pccx_npu_top/u_mem_dispatcher/u_l2_cache/u_l2_uram/u_l2_uram/xpm_memory_base_inst/gen_wr_a.gen_word_narrow.mem_reg_uram_34/CAS_OUT_ADDR_B[19]
                         net (fo=1, routed)           0.000     0.000    pccx_v002_system_i/u_npu/inst/u_wrap/u_pccx_npu_top/u_mem_dispatcher/u_l2_cache/u_l2_uram/u_l2_uram/xpm_memory_base_inst/gen_wr_a.gen_word_narrow.mem_reg_uram_35_Cas_AddrB_1[19]
    URAM288_X0Y37        URAM288                                      r  pccx_v002_system_i/u_npu/inst/u_wrap/u_pccx_npu_top/u_mem_dispatcher/u_l2_cache/u_l2_uram/u_l2_uram/xpm_memory_base_inst/gen_wr_a.gen_word_narrow.mem_reg_uram_35/CAS_IN_ADDR_B[19]
  -------------------------------------------------------------------    -------------------

                         (clock clk_pl_0 rise edge)
                                                      0.000     0.000 r  
    PS8_X0Y0             PS8                          0.000     0.000 r  pccx_v002_system_i/zynq_ps/inst/PS8_i/PLCLK[0]
                         net (fo=1, routed)           0.229     0.229    pccx_v002_system_i/zynq_ps/inst/pl_clk_unbuffered[0]
    BUFG_PS_X0Y90        BUFG_PS (Prop_BUFG_PS_I_O)
                                                      0.038     0.267 r  pccx_v002_system_i/zynq_ps/inst/buffer_pl_clk_0.PL_CLK_0_BUFG/O
    X1Y1 (CLOCK_ROOT)    net (fo=82020, routed)       3.230     3.497    pccx_v002_system_i/u_npu/inst/u_wrap/u_pccx_npu_top/u_mem_dispatcher/u_l2_cache/u_l2_uram/u_l2_uram/xpm_memory_base_inst/clka
    URAM288_X0Y37        URAM288                                      r  pccx_v002_system_i/u_npu/inst/u_wrap/u_pccx_npu_top/u_mem_dispatcher/u_l2_cache/u_l2_uram/u_l2_uram/xpm_memory_base_inst/gen_wr_a.gen_word_narrow.mem_reg_uram_35/CLK

Slack:                    inf
  Source:                 pccx_v002_system_i/u_npu/inst/u_wrap/u_pccx_npu_top/u_mem_dispatcher/u_l2_cache/u_l2_uram/u_l2_uram/xpm_memory_base_inst/gen_wr_a.gen_word_narrow.mem_reg_uram_34/CAS_OUT_DIN_A[64]
                            (internal pin)
  Destination:            pccx_v002_system_i/u_npu/inst/u_wrap/u_pccx_npu_top/u_mem_dispatcher/u_l2_cache/u_l2_uram/u_l2_uram/xpm_memory_base_inst/gen_wr_a.gen_word_narrow.mem_reg_uram_35/CAS_IN_DIN_A[64]
                            (rising edge-triggered cell URAM288 clocked by clk_pl_0  {rise@0.000ns fall@5.000ns period=10.000ns})
  Path Group:             (none)
  Path Type:              Hold (Min at Slow Process Corner)
  Data Path Delay:        0.000ns  (logic 0.000ns (0.000%)  route 0.000ns (0.000%))
  Logic Levels:           0  
  Clock Uncertainty:      0.158ns  ((TSJ^2 + DJ^2)^1/2) / 2 + PE
    Total System Jitter     (TSJ):    0.050ns
    Discrete Jitter          (DJ):    0.312ns
    Phase Error              (PE):    0.000ns
  Clock Net Delay (Destination): 3.230ns (routing 1.681ns, distribution 1.549ns)

    Location             Delay type                Incr(ns)  Path(ns)    Netlist Resource(s)
  -------------------------------------------------------------------    -------------------
    URAM288_X0Y36        URAM288                      0.000     0.000 r  pccx_v002_system_i/u_npu/inst/u_wrap/u_pccx_npu_top/u_mem_dispatcher/u_l2_cache/u_l2_uram/u_l2_uram/xpm_memory_base_inst/gen_wr_a.gen_word_narrow.mem_reg_uram_34/CAS_OUT_DIN_A[64]
                         net (fo=1, routed)           0.000     0.000    pccx_v002_system_i/u_npu/inst/u_wrap/u_pccx_npu_top/u_mem_dispatcher/u_l2_cache/u_l2_uram/u_l2_uram/xpm_memory_base_inst/gen_wr_a.gen_word_narrow.mem_reg_uram_35_Cas_DinA_1[64]
    URAM288_X0Y37        URAM288                                      r  pccx_v002_system_i/u_npu/inst/u_wrap/u_pccx_npu_top/u_mem_dispatcher/u_l2_cache/u_l2_uram/u_l2_uram/xpm_memory_base_inst/gen_wr_a.gen_word_narrow.mem_reg_uram_35/CAS_IN_DIN_A[64]
  -------------------------------------------------------------------    -------------------

                         (clock clk_pl_0 rise edge)
                                                      0.000     0.000 r  
    PS8_X0Y0             PS8                          0.000     0.000 r  pccx_v002_system_i/zynq_ps/inst/PS8_i/PLCLK[0]
                         net (fo=1, routed)           0.229     0.229    pccx_v002_system_i/zynq_ps/inst/pl_clk_unbuffered[0]
    BUFG_PS_X0Y90        BUFG_PS (Prop_BUFG_PS_I_O)
                                                      0.038     0.267 r  pccx_v002_system_i/zynq_ps/inst/buffer_pl_clk_0.PL_CLK_0_BUFG/O
    X1Y1 (CLOCK_ROOT)    net (fo=82020, routed)       3.230     3.497    pccx_v002_system_i/u_npu/inst/u_wrap/u_pccx_npu_top/u_mem_dispatcher/u_l2_cache/u_l2_uram/u_l2_uram/xpm_memory_base_inst/clka
    URAM288_X0Y37        URAM288                                      r  pccx_v002_system_i/u_npu/inst/u_wrap/u_pccx_npu_top/u_mem_dispatcher/u_l2_cache/u_l2_uram/u_l2_uram/xpm_memory_base_inst/gen_wr_a.gen_word_narrow.mem_reg_uram_35/CLK

Slack:                    inf
  Source:                 pccx_v002_system_i/u_npu/inst/u_wrap/u_pccx_npu_top/u_mem_dispatcher/u_l2_cache/u_l2_uram/u_l2_uram/xpm_memory_base_inst/gen_wr_a.gen_word_narrow.mem_reg_uram_34/CAS_OUT_DIN_A[68]
                            (internal pin)
  Destination:            pccx_v002_system_i/u_npu/inst/u_wrap/u_pccx_npu_top/u_mem_dispatcher/u_l2_cache/u_l2_uram/u_l2_uram/xpm_memory_base_inst/gen_wr_a.gen_word_narrow.mem_reg_uram_35/CAS_IN_DIN_A[68]
                            (rising edge-triggered cell URAM288 clocked by clk_pl_0  {rise@0.000ns fall@5.000ns period=10.000ns})
  Path Group:             (none)
  Path Type:              Hold (Min at Slow Process Corner)
  Data Path Delay:        0.000ns  (logic 0.000ns (0.000%)  route 0.000ns (0.000%))
  Logic Levels:           0  
  Clock Uncertainty:      0.158ns  ((TSJ^2 + DJ^2)^1/2) / 2 + PE
    Total System Jitter     (TSJ):    0.050ns
    Discrete Jitter          (DJ):    0.312ns
    Phase Error              (PE):    0.000ns
  Clock Net Delay (Destination): 3.230ns (routing 1.681ns, distribution 1.549ns)

    Location             Delay type                Incr(ns)  Path(ns)    Netlist Resource(s)
  -------------------------------------------------------------------    -------------------
    URAM288_X0Y36        URAM288                      0.000     0.000 r  pccx_v002_system_i/u_npu/inst/u_wrap/u_pccx_npu_top/u_mem_dispatcher/u_l2_cache/u_l2_uram/u_l2_uram/xpm_memory_base_inst/gen_wr_a.gen_word_narrow.mem_reg_uram_34/CAS_OUT_DIN_A[68]
                         net (fo=1, routed)           0.000     0.000    pccx_v002_system_i/u_npu/inst/u_wrap/u_pccx_npu_top/u_mem_dispatcher/u_l2_cache/u_l2_uram/u_l2_uram/xpm_memory_base_inst/gen_wr_a.gen_word_narrow.mem_reg_uram_35_Cas_DinA_1[68]
    URAM288_X0Y37        URAM288                                      r  pccx_v002_system_i/u_npu/inst/u_wrap/u_pccx_npu_top/u_mem_dispatcher/u_l2_cache/u_l2_uram/u_l2_uram/xpm_memory_base_inst/gen_wr_a.gen_word_narrow.mem_reg_uram_35/CAS_IN_DIN_A[68]
  -------------------------------------------------------------------    -------------------

                         (clock clk_pl_0 rise edge)
                                                      0.000     0.000 r  
    PS8_X0Y0             PS8                          0.000     0.000 r  pccx_v002_system_i/zynq_ps/inst/PS8_i/PLCLK[0]
                         net (fo=1, routed)           0.229     0.229    pccx_v002_system_i/zynq_ps/inst/pl_clk_unbuffered[0]
    BUFG_PS_X0Y90        BUFG_PS (Prop_BUFG_PS_I_O)
                                                      0.038     0.267 r  pccx_v002_system_i/zynq_ps/inst/buffer_pl_clk_0.PL_CLK_0_BUFG/O
    X1Y1 (CLOCK_ROOT)    net (fo=82020, routed)       3.230     3.497    pccx_v002_system_i/u_npu/inst/u_wrap/u_pccx_npu_top/u_mem_dispatcher/u_l2_cache/u_l2_uram/u_l2_uram/xpm_memory_base_inst/clka
    URAM288_X0Y37        URAM288                                      r  pccx_v002_system_i/u_npu/inst/u_wrap/u_pccx_npu_top/u_mem_dispatcher/u_l2_cache/u_l2_uram/u_l2_uram/xpm_memory_base_inst/gen_wr_a.gen_word_narrow.mem_reg_uram_35/CLK





