Copyright 1986-2022 Xilinx, Inc. All Rights Reserved. Copyright 2022-2025 Advanced Micro Devices, Inc. All Rights Reserved.
-------------------------------------------------------------------------------------------------------------------------------------------------------------------------------------------------------
| Tool Version      : Vivado v.2025.2 (lin64) Build 6299465 Fri Nov 14 12:34:56 MST 2025
| Date              : Tue Jun  2 12:40:39 2026
| Host              : pccx-vivado running 64-bit Ubuntu 22.04.5 LTS
| Command           : report_timing_summary -delay_type min_max -report_unconstrained -check_timing_verbose -max_paths 20 -file /home/hwkim/v002-rtl/hw/build/reports/timing_summary_post_impl_top.rpt
| Design            : pccx_v002_system_wrapper
| Device            : xck26-sfvc784
| Speed File        : -2LV  PRODUCTION 1.30 05-15-2022
| Design State      : Physopt postRoute
| Temperature Grade : C
-------------------------------------------------------------------------------------------------------------------------------------------------------------------------------------------------------

Timing Summary Report

------------------------------------------------------------------------------------------------
| Timer Settings
| --------------
------------------------------------------------------------------------------------------------

  Enable Multi Corner Analysis               :  Yes
  Enable Pessimism Removal                   :  Yes
  Pessimism Removal Resolution               :  Nearest Common Node
  Enable Input Delay Default Clock           :  No
  Enable Preset / Clear Arcs                 :  No
  Disable Flight Delays                      :  No
  Ignore I/O Paths                           :  No
  Timing Early Launch at Borrowing Latches   :  No
  Borrow Time for Max Delay Exceptions       :  Yes
  Merge Timing Exceptions                    :  Yes
  Inter-SLR Compensation                     :  Conservative

  Corner  Analyze    Analyze    
  Name    Max Paths  Min Paths  
  ------  ---------  ---------  
  Slow    Yes        Yes        
  Fast    Yes        Yes        


------------------------------------------------------------------------------------------------
| Report Methodology
| ------------------
------------------------------------------------------------------------------------------------

No report available as report_methodology has not been run prior. Run report_methodology on the current design for the summary of methodology violations.



check_timing report

Table of Contents
-----------------
1. checking no_clock (0)
2. checking constant_clock (0)
3. checking pulse_width_clock (0)
4. checking unconstrained_internal_endpoints (0)
5. checking no_input_delay (0)
6. checking no_output_delay (0)
7. checking multiple_clock (0)
8. checking generated_clocks (0)
9. checking loops (0)
10. checking partial_input_delay (0)
11. checking partial_output_delay (0)
12. checking latch_loops (0)

1. checking no_clock (0)
------------------------
 There are 0 register/latch pins with no clock.


2. checking constant_clock (0)
------------------------------
 There are 0 register/latch pins with constant_clock.


3. checking pulse_width_clock (0)
---------------------------------
 There are 0 register/latch pins which need pulse_width check


4. checking unconstrained_internal_endpoints (0)
------------------------------------------------
 There are 0 pins that are not constrained for maximum delay.

 There are 0 pins that are not constrained for maximum delay due to constant clock.


5. checking no_input_delay (0)
------------------------------
 There are 0 input ports with no input delay specified.

 There are 0 input ports with no input delay but user has a false path constraint.


6. checking no_output_delay (0)
-------------------------------
 There are 0 ports with no output delay specified.

 There are 0 ports with no output delay but user has a false path constraint

 There are 0 ports with no output delay but with a timing clock defined on it or propagating through it


7. checking multiple_clock (0)
------------------------------
 There are 0 register/latch pins with multiple clocks.


8. checking generated_clocks (0)
--------------------------------
 There are 0 generated clocks that are not connected to a clock source.


9. checking loops (0)
---------------------
 There are 0 combinational loops in the design.


10. checking partial_input_delay (0)
------------------------------------
 There are 0 input ports with partial input delay specified.


11. checking partial_output_delay (0)
-------------------------------------
 There are 0 ports with partial output delay specified.


12. checking latch_loops (0)
----------------------------
 There are 0 combinational latch loops in the design through latch input



------------------------------------------------------------------------------------------------
| Design Timing Summary
| ---------------------
------------------------------------------------------------------------------------------------

    WNS(ns)      TNS(ns)  TNS Failing Endpoints  TNS Total Endpoints      WHS(ns)      THS(ns)  THS Failing Endpoints  THS Total Endpoints     WPWS(ns)     TPWS(ns)  TPWS Failing Endpoints  TPWS Total Endpoints  
    -------      -------  ---------------------  -------------------      -------      -------  ---------------------  -------------------     --------     --------  ----------------------  --------------------  
      2.411        0.000                      0               413624        0.010        0.000                      0               413624        3.500        0.000                       0                 78200  


All user specified timing constraints are met.


------------------------------------------------------------------------------------------------
| Clock Summary
| -------------
------------------------------------------------------------------------------------------------

Clock     Waveform(ns)       Period(ns)      Frequency(MHz)
-----     ------------       ----------      --------------
clk_pl_0  {0.000 5.000}      10.000          100.000         
clk_pl_1  {0.000 5.000}      10.000          100.000         


------------------------------------------------------------------------------------------------
| Intra Clock Table
| -----------------
------------------------------------------------------------------------------------------------

Clock             WNS(ns)      TNS(ns)  TNS Failing Endpoints  TNS Total Endpoints      WHS(ns)      THS(ns)  THS Failing Endpoints  THS Total Endpoints     WPWS(ns)     TPWS(ns)  TPWS Failing Endpoints  TPWS Total Endpoints  
-----             -------      -------  ---------------------  -------------------      -------      -------  ---------------------  -------------------     --------     --------  ----------------------  --------------------  
clk_pl_0            2.411        0.000                      0               413624        0.010        0.000                      0               413624        3.500        0.000                       0                 78200  


------------------------------------------------------------------------------------------------
| Inter Clock Table
| -----------------
------------------------------------------------------------------------------------------------

From Clock    To Clock          WNS(ns)      TNS(ns)  TNS Failing Endpoints  TNS Total Endpoints      WHS(ns)      THS(ns)  THS Failing Endpoints  THS Total Endpoints  
----------    --------          -------      -------  ---------------------  -------------------      -------      -------  ---------------------  -------------------  


------------------------------------------------------------------------------------------------
| Other Path Groups Table
| -----------------------
------------------------------------------------------------------------------------------------

Path Group    From Clock    To Clock          WNS(ns)      TNS(ns)  TNS Failing Endpoints  TNS Total Endpoints      WHS(ns)      THS(ns)  THS Failing Endpoints  THS Total Endpoints  
----------    ----------    --------          -------      -------  ---------------------  -------------------      -------      -------  ---------------------  -------------------  


------------------------------------------------------------------------------------------------
| User Ignored Path Table
| -----------------------
------------------------------------------------------------------------------------------------

Path Group    From Clock    To Clock    
----------    ----------    --------    
(none)                      clk_pl_0      
(none)        clk_pl_0      clk_pl_0      


------------------------------------------------------------------------------------------------
| Unconstrained Path Table
| ------------------------
------------------------------------------------------------------------------------------------

Path Group    From Clock    To Clock    
----------    ----------    --------    
(none)                      clk_pl_0      


------------------------------------------------------------------------------------------------
| Timing Details
| --------------
------------------------------------------------------------------------------------------------


---------------------------------------------------------------------------------------------------
From Clock:  clk_pl_0
  To Clock:  clk_pl_0

Setup :            0  Failing Endpoints,  Worst Slack        2.411ns,  Total Violation        0.000ns
Hold  :            0  Failing Endpoints,  Worst Slack        0.010ns,  Total Violation        0.000ns
PW    :            0  Failing Endpoints,  Worst Slack        3.500ns,  Total Violation        0.000ns
---------------------------------------------------------------------------------------------------


Max Delay Paths
--------------------------------------------------------------------------------------
Slack (MET) :             2.411ns  (required time - arrival time)
  Source:                 pccx_v002_system_i/rst_axi/U0/ACTIVE_LOW_PR_OUT_DFF[0].FDRE_PER_N/C
                            (rising edge-triggered cell FDRE clocked by clk_pl_0  {rise@0.000ns fall@5.000ns period=10.000ns})
  Destination:            pccx_v002_system_i/u_npu/inst/u_wrap/u_pccx_npu_top/gen_norm[23].u_norm_seq/s3_new_exp_reg[0]/R
                            (rising edge-triggered cell FDRE clocked by clk_pl_0  {rise@0.000ns fall@5.000ns period=10.000ns})
  Path Group:             clk_pl_0
  Path Type:              Setup (Max at Slow Process Corner)
  Requirement:            10.000ns  (clk_pl_0 rise@10.000ns - clk_pl_0 rise@0.000ns)
  Data Path Delay:        7.078ns  (logic 0.300ns (4.238%)  route 6.778ns (95.762%))
  Logic Levels:           1  (LUT4=1)
  Clock Path Skew:        -0.232ns (DCD - SCD + CPR)
    Destination Clock Delay (DCD):    3.014ns = ( 13.014 - 10.000 ) 
    Source Clock Delay      (SCD):    3.441ns
    Clock Pessimism Removal (CPR):    0.194ns
  Clock Uncertainty:      0.160ns  ((TSJ^2 + DJ^2)^1/2) / 2 + PE
    Total System Jitter     (TSJ):    0.071ns
    Discrete Jitter          (DJ):    0.312ns
    Phase Error              (PE):    0.000ns
  Clock Net Delay (Source):      3.174ns (routing 1.681ns, distribution 1.493ns)
  Clock Net Delay (Destination): 2.798ns (routing 1.538ns, distribution 1.260ns)

    Location             Delay type                Incr(ns)  Path(ns)    Netlist Resource(s)
  -------------------------------------------------------------------    -------------------
                         (clock clk_pl_0 rise edge)
                                                      0.000     0.000 r  
    PS8_X0Y0             PS8                          0.000     0.000 r  pccx_v002_system_i/zynq_ps/inst/PS8_i/PLCLK[0]
                         net (fo=1, routed)           0.229     0.229    pccx_v002_system_i/zynq_ps/inst/pl_clk_unbuffered[0]
    BUFG_PS_X0Y90        BUFG_PS (Prop_BUFG_PS_I_O)
                                                      0.038     0.267 r  pccx_v002_system_i/zynq_ps/inst/buffer_pl_clk_0.PL_CLK_0_BUFG/O
    X1Y1 (CLOCK_ROOT)    net (fo=82465, routed)       3.174     3.441    pccx_v002_system_i/rst_axi/U0/slowest_sync_clk
    SLICE_X59Y84         FDRE                                         r  pccx_v002_system_i/rst_axi/U0/ACTIVE_LOW_PR_OUT_DFF[0].FDRE_PER_N/C
  -------------------------------------------------------------------    -------------------
    SLICE_X59Y84         FDRE (Prop_AFF_SLICEL_C_Q)
                                                      0.114     3.555 f  pccx_v002_system_i/rst_axi/U0/ACTIVE_LOW_PR_OUT_DFF[0].FDRE_PER_N/Q
                         net (fo=408, routed)         5.105     8.660    pccx_v002_system_i/u_npu/inst/u_wrap/u_pccx_npu_top/gen_norm[23].u_norm_seq/lopt
    SLICE_X18Y152        LUT4 (Prop_F6LUT_SLICEM_I3_O)
                                                      0.186     8.846 r  pccx_v002_system_i/u_npu/inst/u_wrap/u_pccx_npu_top/gen_norm[23].u_norm_seq/i_0_LOPT_REMAP/O
                         net (fo=15, routed)          1.673    10.519    pccx_v002_system_i/u_npu/inst/u_wrap/u_pccx_npu_top/gen_norm[23].u_norm_seq/s3_mantissa[6]_i_1__6_n_0
    SLICE_X25Y196        FDRE                                         r  pccx_v002_system_i/u_npu/inst/u_wrap/u_pccx_npu_top/gen_norm[23].u_norm_seq/s3_new_exp_reg[0]/R
  -------------------------------------------------------------------    -------------------

                         (clock clk_pl_0 rise edge)
                                                     10.000    10.000 r  
    PS8_X0Y0             PS8                          0.000    10.000 r  pccx_v002_system_i/zynq_ps/inst/PS8_i/PLCLK[0]
                         net (fo=1, routed)           0.181    10.181    pccx_v002_system_i/zynq_ps/inst/pl_clk_unbuffered[0]
    BUFG_PS_X0Y90        BUFG_PS (Prop_BUFG_PS_I_O)
                                                      0.035    10.216 r  pccx_v002_system_i/zynq_ps/inst/buffer_pl_clk_0.PL_CLK_0_BUFG/O
    X1Y1 (CLOCK_ROOT)    net (fo=82465, routed)       2.798    13.014    pccx_v002_system_i/u_npu/inst/u_wrap/u_pccx_npu_top/gen_norm[23].u_norm_seq/clk_core
    SLICE_X25Y196        FDRE                                         r  pccx_v002_system_i/u_npu/inst/u_wrap/u_pccx_npu_top/gen_norm[23].u_norm_seq/s3_new_exp_reg[0]/C
                         clock pessimism              0.194    13.208    
                         clock uncertainty           -0.160    13.048    
    SLICE_X25Y196        FDRE (Setup_AFF_SLICEM_C_R)
                                                     -0.118    12.930    pccx_v002_system_i/u_npu/inst/u_wrap/u_pccx_npu_top/gen_norm[23].u_norm_seq/s3_new_exp_reg[0]
  -------------------------------------------------------------------
                         required time                         12.930    
                         arrival time                         -10.519    
  -------------------------------------------------------------------
                         slack                                  2.411    

Slack (MET) :             2.411ns  (required time - arrival time)
  Source:                 pccx_v002_system_i/rst_axi/U0/ACTIVE_LOW_PR_OUT_DFF[0].FDRE_PER_N/C
                            (rising edge-triggered cell FDRE clocked by clk_pl_0  {rise@0.000ns fall@5.000ns period=10.000ns})
  Destination:            pccx_v002_system_i/u_npu/inst/u_wrap/u_pccx_npu_top/gen_norm[23].u_norm_seq/s3_new_exp_reg[1]/R
                            (rising edge-triggered cell FDRE clocked by clk_pl_0  {rise@0.000ns fall@5.000ns period=10.000ns})
  Path Group:             clk_pl_0
  Path Type:              Setup (Max at Slow Process Corner)
  Requirement:            10.000ns  (clk_pl_0 rise@10.000ns - clk_pl_0 rise@0.000ns)
  Data Path Delay:        7.078ns  (logic 0.300ns (4.238%)  route 6.778ns (95.762%))
  Logic Levels:           1  (LUT4=1)
  Clock Path Skew:        -0.232ns (DCD - SCD + CPR)
    Destination Clock Delay (DCD):    3.014ns = ( 13.014 - 10.000 ) 
    Source Clock Delay      (SCD):    3.441ns
    Clock Pessimism Removal (CPR):    0.194ns
  Clock Uncertainty:      0.160ns  ((TSJ^2 + DJ^2)^1/2) / 2 + PE
    Total System Jitter     (TSJ):    0.071ns
    Discrete Jitter          (DJ):    0.312ns
    Phase Error              (PE):    0.000ns
  Clock Net Delay (Source):      3.174ns (routing 1.681ns, distribution 1.493ns)
  Clock Net Delay (Destination): 2.798ns (routing 1.538ns, distribution 1.260ns)

    Location             Delay type                Incr(ns)  Path(ns)    Netlist Resource(s)
  -------------------------------------------------------------------    -------------------
                         (clock clk_pl_0 rise edge)
                                                      0.000     0.000 r  
    PS8_X0Y0             PS8                          0.000     0.000 r  pccx_v002_system_i/zynq_ps/inst/PS8_i/PLCLK[0]
                         net (fo=1, routed)           0.229     0.229    pccx_v002_system_i/zynq_ps/inst/pl_clk_unbuffered[0]
    BUFG_PS_X0Y90        BUFG_PS (Prop_BUFG_PS_I_O)
                                                      0.038     0.267 r  pccx_v002_system_i/zynq_ps/inst/buffer_pl_clk_0.PL_CLK_0_BUFG/O
    X1Y1 (CLOCK_ROOT)    net (fo=82465, routed)       3.174     3.441    pccx_v002_system_i/rst_axi/U0/slowest_sync_clk
    SLICE_X59Y84         FDRE                                         r  pccx_v002_system_i/rst_axi/U0/ACTIVE_LOW_PR_OUT_DFF[0].FDRE_PER_N/C
  -------------------------------------------------------------------    -------------------
    SLICE_X59Y84         FDRE (Prop_AFF_SLICEL_C_Q)
                                                      0.114     3.555 f  pccx_v002_system_i/rst_axi/U0/ACTIVE_LOW_PR_OUT_DFF[0].FDRE_PER_N/Q
                         net (fo=408, routed)         5.105     8.660    pccx_v002_system_i/u_npu/inst/u_wrap/u_pccx_npu_top/gen_norm[23].u_norm_seq/lopt
    SLICE_X18Y152        LUT4 (Prop_F6LUT_SLICEM_I3_O)
                                                      0.186     8.846 r  pccx_v002_system_i/u_npu/inst/u_wrap/u_pccx_npu_top/gen_norm[23].u_norm_seq/i_0_LOPT_REMAP/O
                         net (fo=15, routed)          1.673    10.519    pccx_v002_system_i/u_npu/inst/u_wrap/u_pccx_npu_top/gen_norm[23].u_norm_seq/s3_mantissa[6]_i_1__6_n_0
    SLICE_X25Y196        FDRE                                         r  pccx_v002_system_i/u_npu/inst/u_wrap/u_pccx_npu_top/gen_norm[23].u_norm_seq/s3_new_exp_reg[1]/R
  -------------------------------------------------------------------    -------------------

                         (clock clk_pl_0 rise edge)
                                                     10.000    10.000 r  
    PS8_X0Y0             PS8                          0.000    10.000 r  pccx_v002_system_i/zynq_ps/inst/PS8_i/PLCLK[0]
                         net (fo=1, routed)           0.181    10.181    pccx_v002_system_i/zynq_ps/inst/pl_clk_unbuffered[0]
    BUFG_PS_X0Y90        BUFG_PS (Prop_BUFG_PS_I_O)
                                                      0.035    10.216 r  pccx_v002_system_i/zynq_ps/inst/buffer_pl_clk_0.PL_CLK_0_BUFG/O
    X1Y1 (CLOCK_ROOT)    net (fo=82465, routed)       2.798    13.014    pccx_v002_system_i/u_npu/inst/u_wrap/u_pccx_npu_top/gen_norm[23].u_norm_seq/clk_core
    SLICE_X25Y196        FDRE                                         r  pccx_v002_system_i/u_npu/inst/u_wrap/u_pccx_npu_top/gen_norm[23].u_norm_seq/s3_new_exp_reg[1]/C
                         clock pessimism              0.194    13.208    
                         clock uncertainty           -0.160    13.048    
    SLICE_X25Y196        FDRE (Setup_BFF_SLICEM_C_R)
                                                     -0.118    12.930    pccx_v002_system_i/u_npu/inst/u_wrap/u_pccx_npu_top/gen_norm[23].u_norm_seq/s3_new_exp_reg[1]
  -------------------------------------------------------------------
                         required time                         12.930    
                         arrival time                         -10.519    
  -------------------------------------------------------------------
                         slack                                  2.411    

Slack (MET) :             2.411ns  (required time - arrival time)
  Source:                 pccx_v002_system_i/rst_axi/U0/ACTIVE_LOW_PR_OUT_DFF[0].FDRE_PER_N/C
                            (rising edge-triggered cell FDRE clocked by clk_pl_0  {rise@0.000ns fall@5.000ns period=10.000ns})
  Destination:            pccx_v002_system_i/u_npu/inst/u_wrap/u_pccx_npu_top/gen_norm[23].u_norm_seq/s3_new_exp_reg[2]/R
                            (rising edge-triggered cell FDRE clocked by clk_pl_0  {rise@0.000ns fall@5.000ns period=10.000ns})
  Path Group:             clk_pl_0
  Path Type:              Setup (Max at Slow Process Corner)
  Requirement:            10.000ns  (clk_pl_0 rise@10.000ns - clk_pl_0 rise@0.000ns)
  Data Path Delay:        7.078ns  (logic 0.300ns (4.238%)  route 6.778ns (95.762%))
  Logic Levels:           1  (LUT4=1)
  Clock Path Skew:        -0.232ns (DCD - SCD + CPR)
    Destination Clock Delay (DCD):    3.014ns = ( 13.014 - 10.000 ) 
    Source Clock Delay      (SCD):    3.441ns
    Clock Pessimism Removal (CPR):    0.194ns
  Clock Uncertainty:      0.160ns  ((TSJ^2 + DJ^2)^1/2) / 2 + PE
    Total System Jitter     (TSJ):    0.071ns
    Discrete Jitter          (DJ):    0.312ns
    Phase Error              (PE):    0.000ns
  Clock Net Delay (Source):      3.174ns (routing 1.681ns, distribution 1.493ns)
  Clock Net Delay (Destination): 2.798ns (routing 1.538ns, distribution 1.260ns)

    Location             Delay type                Incr(ns)  Path(ns)    Netlist Resource(s)
  -------------------------------------------------------------------    -------------------
                         (clock clk_pl_0 rise edge)
                                                      0.000     0.000 r  
    PS8_X0Y0             PS8                          0.000     0.000 r  pccx_v002_system_i/zynq_ps/inst/PS8_i/PLCLK[0]
                         net (fo=1, routed)           0.229     0.229    pccx_v002_system_i/zynq_ps/inst/pl_clk_unbuffered[0]
    BUFG_PS_X0Y90        BUFG_PS (Prop_BUFG_PS_I_O)
                                                      0.038     0.267 r  pccx_v002_system_i/zynq_ps/inst/buffer_pl_clk_0.PL_CLK_0_BUFG/O
    X1Y1 (CLOCK_ROOT)    net (fo=82465, routed)       3.174     3.441    pccx_v002_system_i/rst_axi/U0/slowest_sync_clk
    SLICE_X59Y84         FDRE                                         r  pccx_v002_system_i/rst_axi/U0/ACTIVE_LOW_PR_OUT_DFF[0].FDRE_PER_N/C
  -------------------------------------------------------------------    -------------------
    SLICE_X59Y84         FDRE (Prop_AFF_SLICEL_C_Q)
                                                      0.114     3.555 f  pccx_v002_system_i/rst_axi/U0/ACTIVE_LOW_PR_OUT_DFF[0].FDRE_PER_N/Q
                         net (fo=408, routed)         5.105     8.660    pccx_v002_system_i/u_npu/inst/u_wrap/u_pccx_npu_top/gen_norm[23].u_norm_seq/lopt
    SLICE_X18Y152        LUT4 (Prop_F6LUT_SLICEM_I3_O)
                                                      0.186     8.846 r  pccx_v002_system_i/u_npu/inst/u_wrap/u_pccx_npu_top/gen_norm[23].u_norm_seq/i_0_LOPT_REMAP/O
                         net (fo=15, routed)          1.673    10.519    pccx_v002_system_i/u_npu/inst/u_wrap/u_pccx_npu_top/gen_norm[23].u_norm_seq/s3_mantissa[6]_i_1__6_n_0
    SLICE_X25Y196        FDRE                                         r  pccx_v002_system_i/u_npu/inst/u_wrap/u_pccx_npu_top/gen_norm[23].u_norm_seq/s3_new_exp_reg[2]/R
  -------------------------------------------------------------------    -------------------

                         (clock clk_pl_0 rise edge)
                                                     10.000    10.000 r  
    PS8_X0Y0             PS8                          0.000    10.000 r  pccx_v002_system_i/zynq_ps/inst/PS8_i/PLCLK[0]
                         net (fo=1, routed)           0.181    10.181    pccx_v002_system_i/zynq_ps/inst/pl_clk_unbuffered[0]
    BUFG_PS_X0Y90        BUFG_PS (Prop_BUFG_PS_I_O)
                                                      0.035    10.216 r  pccx_v002_system_i/zynq_ps/inst/buffer_pl_clk_0.PL_CLK_0_BUFG/O
    X1Y1 (CLOCK_ROOT)    net (fo=82465, routed)       2.798    13.014    pccx_v002_system_i/u_npu/inst/u_wrap/u_pccx_npu_top/gen_norm[23].u_norm_seq/clk_core
    SLICE_X25Y196        FDRE                                         r  pccx_v002_system_i/u_npu/inst/u_wrap/u_pccx_npu_top/gen_norm[23].u_norm_seq/s3_new_exp_reg[2]/C
                         clock pessimism              0.194    13.208    
                         clock uncertainty           -0.160    13.048    
    SLICE_X25Y196        FDRE (Setup_CFF_SLICEM_C_R)
                                                     -0.118    12.930    pccx_v002_system_i/u_npu/inst/u_wrap/u_pccx_npu_top/gen_norm[23].u_norm_seq/s3_new_exp_reg[2]
  -------------------------------------------------------------------
                         required time                         12.930    
                         arrival time                         -10.519    
  -------------------------------------------------------------------
                         slack                                  2.411    

Slack (MET) :             2.411ns  (required time - arrival time)
  Source:                 pccx_v002_system_i/rst_axi/U0/ACTIVE_LOW_PR_OUT_DFF[0].FDRE_PER_N/C
                            (rising edge-triggered cell FDRE clocked by clk_pl_0  {rise@0.000ns fall@5.000ns period=10.000ns})
  Destination:            pccx_v002_system_i/u_npu/inst/u_wrap/u_pccx_npu_top/gen_norm[23].u_norm_seq/s3_new_exp_reg[3]/R
                            (rising edge-triggered cell FDRE clocked by clk_pl_0  {rise@0.000ns fall@5.000ns period=10.000ns})
  Path Group:             clk_pl_0
  Path Type:              Setup (Max at Slow Process Corner)
  Requirement:            10.000ns  (clk_pl_0 rise@10.000ns - clk_pl_0 rise@0.000ns)
  Data Path Delay:        7.078ns  (logic 0.300ns (4.238%)  route 6.778ns (95.762%))
  Logic Levels:           1  (LUT4=1)
  Clock Path Skew:        -0.232ns (DCD - SCD + CPR)
    Destination Clock Delay (DCD):    3.014ns = ( 13.014 - 10.000 ) 
    Source Clock Delay      (SCD):    3.441ns
    Clock Pessimism Removal (CPR):    0.194ns
  Clock Uncertainty:      0.160ns  ((TSJ^2 + DJ^2)^1/2) / 2 + PE
    Total System Jitter     (TSJ):    0.071ns
    Discrete Jitter          (DJ):    0.312ns
    Phase Error              (PE):    0.000ns
  Clock Net Delay (Source):      3.174ns (routing 1.681ns, distribution 1.493ns)
  Clock Net Delay (Destination): 2.798ns (routing 1.538ns, distribution 1.260ns)

    Location             Delay type                Incr(ns)  Path(ns)    Netlist Resource(s)
  -------------------------------------------------------------------    -------------------
                         (clock clk_pl_0 rise edge)
                                                      0.000     0.000 r  
    PS8_X0Y0             PS8                          0.000     0.000 r  pccx_v002_system_i/zynq_ps/inst/PS8_i/PLCLK[0]
                         net (fo=1, routed)           0.229     0.229    pccx_v002_system_i/zynq_ps/inst/pl_clk_unbuffered[0]
    BUFG_PS_X0Y90        BUFG_PS (Prop_BUFG_PS_I_O)
                                                      0.038     0.267 r  pccx_v002_system_i/zynq_ps/inst/buffer_pl_clk_0.PL_CLK_0_BUFG/O
    X1Y1 (CLOCK_ROOT)    net (fo=82465, routed)       3.174     3.441    pccx_v002_system_i/rst_axi/U0/slowest_sync_clk
    SLICE_X59Y84         FDRE                                         r  pccx_v002_system_i/rst_axi/U0/ACTIVE_LOW_PR_OUT_DFF[0].FDRE_PER_N/C
  -------------------------------------------------------------------    -------------------
    SLICE_X59Y84         FDRE (Prop_AFF_SLICEL_C_Q)
                                                      0.114     3.555 f  pccx_v002_system_i/rst_axi/U0/ACTIVE_LOW_PR_OUT_DFF[0].FDRE_PER_N/Q
                         net (fo=408, routed)         5.105     8.660    pccx_v002_system_i/u_npu/inst/u_wrap/u_pccx_npu_top/gen_norm[23].u_norm_seq/lopt
    SLICE_X18Y152        LUT4 (Prop_F6LUT_SLICEM_I3_O)
                                                      0.186     8.846 r  pccx_v002_system_i/u_npu/inst/u_wrap/u_pccx_npu_top/gen_norm[23].u_norm_seq/i_0_LOPT_REMAP/O
                         net (fo=15, routed)          1.673    10.519    pccx_v002_system_i/u_npu/inst/u_wrap/u_pccx_npu_top/gen_norm[23].u_norm_seq/s3_mantissa[6]_i_1__6_n_0
    SLICE_X25Y196        FDRE                                         r  pccx_v002_system_i/u_npu/inst/u_wrap/u_pccx_npu_top/gen_norm[23].u_norm_seq/s3_new_exp_reg[3]/R
  -------------------------------------------------------------------    -------------------

                         (clock clk_pl_0 rise edge)
                                                     10.000    10.000 r  
    PS8_X0Y0             PS8                          0.000    10.000 r  pccx_v002_system_i/zynq_ps/inst/PS8_i/PLCLK[0]
                         net (fo=1, routed)           0.181    10.181    pccx_v002_system_i/zynq_ps/inst/pl_clk_unbuffered[0]
    BUFG_PS_X0Y90        BUFG_PS (Prop_BUFG_PS_I_O)
                                                      0.035    10.216 r  pccx_v002_system_i/zynq_ps/inst/buffer_pl_clk_0.PL_CLK_0_BUFG/O
    X1Y1 (CLOCK_ROOT)    net (fo=82465, routed)       2.798    13.014    pccx_v002_system_i/u_npu/inst/u_wrap/u_pccx_npu_top/gen_norm[23].u_norm_seq/clk_core
    SLICE_X25Y196        FDRE                                         r  pccx_v002_system_i/u_npu/inst/u_wrap/u_pccx_npu_top/gen_norm[23].u_norm_seq/s3_new_exp_reg[3]/C
                         clock pessimism              0.194    13.208    
                         clock uncertainty           -0.160    13.048    
    SLICE_X25Y196        FDRE (Setup_DFF_SLICEM_C_R)
                                                     -0.118    12.930    pccx_v002_system_i/u_npu/inst/u_wrap/u_pccx_npu_top/gen_norm[23].u_norm_seq/s3_new_exp_reg[3]
  -------------------------------------------------------------------
                         required time                         12.930    
                         arrival time                         -10.519    
  -------------------------------------------------------------------
                         slack                                  2.411    

Slack (MET) :             2.413ns  (required time - arrival time)
  Source:                 pccx_v002_system_i/rst_axi/U0/ACTIVE_LOW_PR_OUT_DFF[0].FDRE_PER_N/C
                            (rising edge-triggered cell FDRE clocked by clk_pl_0  {rise@0.000ns fall@5.000ns period=10.000ns})
  Destination:            pccx_v002_system_i/u_npu/inst/u_wrap/u_pccx_npu_top/gen_norm[23].u_norm_seq/s3_new_exp_reg[4]/R
                            (rising edge-triggered cell FDRE clocked by clk_pl_0  {rise@0.000ns fall@5.000ns period=10.000ns})
  Path Group:             clk_pl_0
  Path Type:              Setup (Max at Slow Process Corner)
  Requirement:            10.000ns  (clk_pl_0 rise@10.000ns - clk_pl_0 rise@0.000ns)
  Data Path Delay:        7.075ns  (logic 0.300ns (4.240%)  route 6.775ns (95.760%))
  Logic Levels:           1  (LUT4=1)
  Clock Path Skew:        -0.232ns (DCD - SCD + CPR)
    Destination Clock Delay (DCD):    3.014ns = ( 13.014 - 10.000 ) 
    Source Clock Delay      (SCD):    3.441ns
    Clock Pessimism Removal (CPR):    0.194ns
  Clock Uncertainty:      0.160ns  ((TSJ^2 + DJ^2)^1/2) / 2 + PE
    Total System Jitter     (TSJ):    0.071ns
    Discrete Jitter          (DJ):    0.312ns
    Phase Error              (PE):    0.000ns
  Clock Net Delay (Source):      3.174ns (routing 1.681ns, distribution 1.493ns)
  Clock Net Delay (Destination): 2.798ns (routing 1.538ns, distribution 1.260ns)

    Location             Delay type                Incr(ns)  Path(ns)    Netlist Resource(s)
  -------------------------------------------------------------------    -------------------
                         (clock clk_pl_0 rise edge)
                                                      0.000     0.000 r  
    PS8_X0Y0             PS8                          0.000     0.000 r  pccx_v002_system_i/zynq_ps/inst/PS8_i/PLCLK[0]
                         net (fo=1, routed)           0.229     0.229    pccx_v002_system_i/zynq_ps/inst/pl_clk_unbuffered[0]
    BUFG_PS_X0Y90        BUFG_PS (Prop_BUFG_PS_I_O)
                                                      0.038     0.267 r  pccx_v002_system_i/zynq_ps/inst/buffer_pl_clk_0.PL_CLK_0_BUFG/O
    X1Y1 (CLOCK_ROOT)    net (fo=82465, routed)       3.174     3.441    pccx_v002_system_i/rst_axi/U0/slowest_sync_clk
    SLICE_X59Y84         FDRE                                         r  pccx_v002_system_i/rst_axi/U0/ACTIVE_LOW_PR_OUT_DFF[0].FDRE_PER_N/C
  -------------------------------------------------------------------    -------------------
    SLICE_X59Y84         FDRE (Prop_AFF_SLICEL_C_Q)
                                                      0.114     3.555 f  pccx_v002_system_i/rst_axi/U0/ACTIVE_LOW_PR_OUT_DFF[0].FDRE_PER_N/Q
                         net (fo=408, routed)         5.105     8.660    pccx_v002_system_i/u_npu/inst/u_wrap/u_pccx_npu_top/gen_norm[23].u_norm_seq/lopt
    SLICE_X18Y152        LUT4 (Prop_F6LUT_SLICEM_I3_O)
                                                      0.186     8.846 r  pccx_v002_system_i/u_npu/inst/u_wrap/u_pccx_npu_top/gen_norm[23].u_norm_seq/i_0_LOPT_REMAP/O
                         net (fo=15, routed)          1.670    10.516    pccx_v002_system_i/u_npu/inst/u_wrap/u_pccx_npu_top/gen_norm[23].u_norm_seq/s3_mantissa[6]_i_1__6_n_0
    SLICE_X25Y196        FDRE                                         r  pccx_v002_system_i/u_npu/inst/u_wrap/u_pccx_npu_top/gen_norm[23].u_norm_seq/s3_new_exp_reg[4]/R
  -------------------------------------------------------------------    -------------------

                         (clock clk_pl_0 rise edge)
                                                     10.000    10.000 r  
    PS8_X0Y0             PS8                          0.000    10.000 r  pccx_v002_system_i/zynq_ps/inst/PS8_i/PLCLK[0]
                         net (fo=1, routed)           0.181    10.181    pccx_v002_system_i/zynq_ps/inst/pl_clk_unbuffered[0]
    BUFG_PS_X0Y90        BUFG_PS (Prop_BUFG_PS_I_O)
                                                      0.035    10.216 r  pccx_v002_system_i/zynq_ps/inst/buffer_pl_clk_0.PL_CLK_0_BUFG/O
    X1Y1 (CLOCK_ROOT)    net (fo=82465, routed)       2.798    13.014    pccx_v002_system_i/u_npu/inst/u_wrap/u_pccx_npu_top/gen_norm[23].u_norm_seq/clk_core
    SLICE_X25Y196        FDRE                                         r  pccx_v002_system_i/u_npu/inst/u_wrap/u_pccx_npu_top/gen_norm[23].u_norm_seq/s3_new_exp_reg[4]/C
                         clock pessimism              0.194    13.208    
                         clock uncertainty           -0.160    13.048    
    SLICE_X25Y196        FDRE (Setup_EFF_SLICEM_C_R)
                                                     -0.119    12.929    pccx_v002_system_i/u_npu/inst/u_wrap/u_pccx_npu_top/gen_norm[23].u_norm_seq/s3_new_exp_reg[4]
  -------------------------------------------------------------------
                         required time                         12.929    
                         arrival time                         -10.516    
  -------------------------------------------------------------------
                         slack                                  2.413    

Slack (MET) :             2.413ns  (required time - arrival time)
  Source:                 pccx_v002_system_i/rst_axi/U0/ACTIVE_LOW_PR_OUT_DFF[0].FDRE_PER_N/C
                            (rising edge-triggered cell FDRE clocked by clk_pl_0  {rise@0.000ns fall@5.000ns period=10.000ns})
  Destination:            pccx_v002_system_i/u_npu/inst/u_wrap/u_pccx_npu_top/gen_norm[23].u_norm_seq/s3_new_exp_reg[5]/R
                            (rising edge-triggered cell FDRE clocked by clk_pl_0  {rise@0.000ns fall@5.000ns period=10.000ns})
  Path Group:             clk_pl_0
  Path Type:              Setup (Max at Slow Process Corner)
  Requirement:            10.000ns  (clk_pl_0 rise@10.000ns - clk_pl_0 rise@0.000ns)
  Data Path Delay:        7.075ns  (logic 0.300ns (4.240%)  route 6.775ns (95.760%))
  Logic Levels:           1  (LUT4=1)
  Clock Path Skew:        -0.232ns (DCD - SCD + CPR)
    Destination Clock Delay (DCD):    3.014ns = ( 13.014 - 10.000 ) 
    Source Clock Delay      (SCD):    3.441ns
    Clock Pessimism Removal (CPR):    0.194ns
  Clock Uncertainty:      0.160ns  ((TSJ^2 + DJ^2)^1/2) / 2 + PE
    Total System Jitter     (TSJ):    0.071ns
    Discrete Jitter          (DJ):    0.312ns
    Phase Error              (PE):    0.000ns
  Clock Net Delay (Source):      3.174ns (routing 1.681ns, distribution 1.493ns)
  Clock Net Delay (Destination): 2.798ns (routing 1.538ns, distribution 1.260ns)

    Location             Delay type                Incr(ns)  Path(ns)    Netlist Resource(s)
  -------------------------------------------------------------------    -------------------
                         (clock clk_pl_0 rise edge)
                                                      0.000     0.000 r  
    PS8_X0Y0             PS8                          0.000     0.000 r  pccx_v002_system_i/zynq_ps/inst/PS8_i/PLCLK[0]
                         net (fo=1, routed)           0.229     0.229    pccx_v002_system_i/zynq_ps/inst/pl_clk_unbuffered[0]
    BUFG_PS_X0Y90        BUFG_PS (Prop_BUFG_PS_I_O)
                                                      0.038     0.267 r  pccx_v002_system_i/zynq_ps/inst/buffer_pl_clk_0.PL_CLK_0_BUFG/O
    X1Y1 (CLOCK_ROOT)    net (fo=82465, routed)       3.174     3.441    pccx_v002_system_i/rst_axi/U0/slowest_sync_clk
    SLICE_X59Y84         FDRE                                         r  pccx_v002_system_i/rst_axi/U0/ACTIVE_LOW_PR_OUT_DFF[0].FDRE_PER_N/C
  -------------------------------------------------------------------    -------------------
    SLICE_X59Y84         FDRE (Prop_AFF_SLICEL_C_Q)
                                                      0.114     3.555 f  pccx_v002_system_i/rst_axi/U0/ACTIVE_LOW_PR_OUT_DFF[0].FDRE_PER_N/Q
                         net (fo=408, routed)         5.105     8.660    pccx_v002_system_i/u_npu/inst/u_wrap/u_pccx_npu_top/gen_norm[23].u_norm_seq/lopt
    SLICE_X18Y152        LUT4 (Prop_F6LUT_SLICEM_I3_O)
                                                      0.186     8.846 r  pccx_v002_system_i/u_npu/inst/u_wrap/u_pccx_npu_top/gen_norm[23].u_norm_seq/i_0_LOPT_REMAP/O
                         net (fo=15, routed)          1.670    10.516    pccx_v002_system_i/u_npu/inst/u_wrap/u_pccx_npu_top/gen_norm[23].u_norm_seq/s3_mantissa[6]_i_1__6_n_0
    SLICE_X25Y196        FDRE                                         r  pccx_v002_system_i/u_npu/inst/u_wrap/u_pccx_npu_top/gen_norm[23].u_norm_seq/s3_new_exp_reg[5]/R
  -------------------------------------------------------------------    -------------------

                         (clock clk_pl_0 rise edge)
                                                     10.000    10.000 r  
    PS8_X0Y0             PS8                          0.000    10.000 r  pccx_v002_system_i/zynq_ps/inst/PS8_i/PLCLK[0]
                         net (fo=1, routed)           0.181    10.181    pccx_v002_system_i/zynq_ps/inst/pl_clk_unbuffered[0]
    BUFG_PS_X0Y90        BUFG_PS (Prop_BUFG_PS_I_O)
                                                      0.035    10.216 r  pccx_v002_system_i/zynq_ps/inst/buffer_pl_clk_0.PL_CLK_0_BUFG/O
    X1Y1 (CLOCK_ROOT)    net (fo=82465, routed)       2.798    13.014    pccx_v002_system_i/u_npu/inst/u_wrap/u_pccx_npu_top/gen_norm[23].u_norm_seq/clk_core
    SLICE_X25Y196        FDRE                                         r  pccx_v002_system_i/u_npu/inst/u_wrap/u_pccx_npu_top/gen_norm[23].u_norm_seq/s3_new_exp_reg[5]/C
                         clock pessimism              0.194    13.208    
                         clock uncertainty           -0.160    13.048    
    SLICE_X25Y196        FDRE (Setup_FFF_SLICEM_C_R)
                                                     -0.119    12.929    pccx_v002_system_i/u_npu/inst/u_wrap/u_pccx_npu_top/gen_norm[23].u_norm_seq/s3_new_exp_reg[5]
  -------------------------------------------------------------------
                         required time                         12.929    
                         arrival time                         -10.516    
  -------------------------------------------------------------------
                         slack                                  2.413    

Slack (MET) :             2.413ns  (required time - arrival time)
  Source:                 pccx_v002_system_i/rst_axi/U0/ACTIVE_LOW_PR_OUT_DFF[0].FDRE_PER_N/C
                            (rising edge-triggered cell FDRE clocked by clk_pl_0  {rise@0.000ns fall@5.000ns period=10.000ns})
  Destination:            pccx_v002_system_i/u_npu/inst/u_wrap/u_pccx_npu_top/gen_norm[23].u_norm_seq/s3_new_exp_reg[6]/R
                            (rising edge-triggered cell FDRE clocked by clk_pl_0  {rise@0.000ns fall@5.000ns period=10.000ns})
  Path Group:             clk_pl_0
  Path Type:              Setup (Max at Slow Process Corner)
  Requirement:            10.000ns  (clk_pl_0 rise@10.000ns - clk_pl_0 rise@0.000ns)
  Data Path Delay:        7.075ns  (logic 0.300ns (4.240%)  route 6.775ns (95.760%))
  Logic Levels:           1  (LUT4=1)
  Clock Path Skew:        -0.232ns (DCD - SCD + CPR)
    Destination Clock Delay (DCD):    3.014ns = ( 13.014 - 10.000 ) 
    Source Clock Delay      (SCD):    3.441ns
    Clock Pessimism Removal (CPR):    0.194ns
  Clock Uncertainty:      0.160ns  ((TSJ^2 + DJ^2)^1/2) / 2 + PE
    Total System Jitter     (TSJ):    0.071ns
    Discrete Jitter          (DJ):    0.312ns
    Phase Error              (PE):    0.000ns
  Clock Net Delay (Source):      3.174ns (routing 1.681ns, distribution 1.493ns)
  Clock Net Delay (Destination): 2.798ns (routing 1.538ns, distribution 1.260ns)

    Location             Delay type                Incr(ns)  Path(ns)    Netlist Resource(s)
  -------------------------------------------------------------------    -------------------
                         (clock clk_pl_0 rise edge)
                                                      0.000     0.000 r  
    PS8_X0Y0             PS8                          0.000     0.000 r  pccx_v002_system_i/zynq_ps/inst/PS8_i/PLCLK[0]
                         net (fo=1, routed)           0.229     0.229    pccx_v002_system_i/zynq_ps/inst/pl_clk_unbuffered[0]
    BUFG_PS_X0Y90        BUFG_PS (Prop_BUFG_PS_I_O)
                                                      0.038     0.267 r  pccx_v002_system_i/zynq_ps/inst/buffer_pl_clk_0.PL_CLK_0_BUFG/O
    X1Y1 (CLOCK_ROOT)    net (fo=82465, routed)       3.174     3.441    pccx_v002_system_i/rst_axi/U0/slowest_sync_clk
    SLICE_X59Y84         FDRE                                         r  pccx_v002_system_i/rst_axi/U0/ACTIVE_LOW_PR_OUT_DFF[0].FDRE_PER_N/C
  -------------------------------------------------------------------    -------------------
    SLICE_X59Y84         FDRE (Prop_AFF_SLICEL_C_Q)
                                                      0.114     3.555 f  pccx_v002_system_i/rst_axi/U0/ACTIVE_LOW_PR_OUT_DFF[0].FDRE_PER_N/Q
                         net (fo=408, routed)         5.105     8.660    pccx_v002_system_i/u_npu/inst/u_wrap/u_pccx_npu_top/gen_norm[23].u_norm_seq/lopt
    SLICE_X18Y152        LUT4 (Prop_F6LUT_SLICEM_I3_O)
                                                      0.186     8.846 r  pccx_v002_system_i/u_npu/inst/u_wrap/u_pccx_npu_top/gen_norm[23].u_norm_seq/i_0_LOPT_REMAP/O
                         net (fo=15, routed)          1.670    10.516    pccx_v002_system_i/u_npu/inst/u_wrap/u_pccx_npu_top/gen_norm[23].u_norm_seq/s3_mantissa[6]_i_1__6_n_0
    SLICE_X25Y196        FDRE                                         r  pccx_v002_system_i/u_npu/inst/u_wrap/u_pccx_npu_top/gen_norm[23].u_norm_seq/s3_new_exp_reg[6]/R
  -------------------------------------------------------------------    -------------------

                         (clock clk_pl_0 rise edge)
                                                     10.000    10.000 r  
    PS8_X0Y0             PS8                          0.000    10.000 r  pccx_v002_system_i/zynq_ps/inst/PS8_i/PLCLK[0]
                         net (fo=1, routed)           0.181    10.181    pccx_v002_system_i/zynq_ps/inst/pl_clk_unbuffered[0]
    BUFG_PS_X0Y90        BUFG_PS (Prop_BUFG_PS_I_O)
                                                      0.035    10.216 r  pccx_v002_system_i/zynq_ps/inst/buffer_pl_clk_0.PL_CLK_0_BUFG/O
    X1Y1 (CLOCK_ROOT)    net (fo=82465, routed)       2.798    13.014    pccx_v002_system_i/u_npu/inst/u_wrap/u_pccx_npu_top/gen_norm[23].u_norm_seq/clk_core
    SLICE_X25Y196        FDRE                                         r  pccx_v002_system_i/u_npu/inst/u_wrap/u_pccx_npu_top/gen_norm[23].u_norm_seq/s3_new_exp_reg[6]/C
                         clock pessimism              0.194    13.208    
                         clock uncertainty           -0.160    13.048    
    SLICE_X25Y196        FDRE (Setup_GFF_SLICEM_C_R)
                                                     -0.119    12.929    pccx_v002_system_i/u_npu/inst/u_wrap/u_pccx_npu_top/gen_norm[23].u_norm_seq/s3_new_exp_reg[6]
  -------------------------------------------------------------------
                         required time                         12.929    
                         arrival time                         -10.516    
  -------------------------------------------------------------------
                         slack                                  2.413    

Slack (MET) :             2.413ns  (required time - arrival time)
  Source:                 pccx_v002_system_i/rst_axi/U0/ACTIVE_LOW_PR_OUT_DFF[0].FDRE_PER_N/C
                            (rising edge-triggered cell FDRE clocked by clk_pl_0  {rise@0.000ns fall@5.000ns period=10.000ns})
  Destination:            pccx_v002_system_i/u_npu/inst/u_wrap/u_pccx_npu_top/gen_norm[23].u_norm_seq/s3_new_exp_reg[7]/R
                            (rising edge-triggered cell FDRE clocked by clk_pl_0  {rise@0.000ns fall@5.000ns period=10.000ns})
  Path Group:             clk_pl_0
  Path Type:              Setup (Max at Slow Process Corner)
  Requirement:            10.000ns  (clk_pl_0 rise@10.000ns - clk_pl_0 rise@0.000ns)
  Data Path Delay:        7.075ns  (logic 0.300ns (4.240%)  route 6.775ns (95.760%))
  Logic Levels:           1  (LUT4=1)
  Clock Path Skew:        -0.232ns (DCD - SCD + CPR)
    Destination Clock Delay (DCD):    3.014ns = ( 13.014 - 10.000 ) 
    Source Clock Delay      (SCD):    3.441ns
    Clock Pessimism Removal (CPR):    0.194ns
  Clock Uncertainty:      0.160ns  ((TSJ^2 + DJ^2)^1/2) / 2 + PE
    Total System Jitter     (TSJ):    0.071ns
    Discrete Jitter          (DJ):    0.312ns
    Phase Error              (PE):    0.000ns
  Clock Net Delay (Source):      3.174ns (routing 1.681ns, distribution 1.493ns)
  Clock Net Delay (Destination): 2.798ns (routing 1.538ns, distribution 1.260ns)

    Location             Delay type                Incr(ns)  Path(ns)    Netlist Resource(s)
  -------------------------------------------------------------------    -------------------
                         (clock clk_pl_0 rise edge)
                                                      0.000     0.000 r  
    PS8_X0Y0             PS8                          0.000     0.000 r  pccx_v002_system_i/zynq_ps/inst/PS8_i/PLCLK[0]
                         net (fo=1, routed)           0.229     0.229    pccx_v002_system_i/zynq_ps/inst/pl_clk_unbuffered[0]
    BUFG_PS_X0Y90        BUFG_PS (Prop_BUFG_PS_I_O)
                                                      0.038     0.267 r  pccx_v002_system_i/zynq_ps/inst/buffer_pl_clk_0.PL_CLK_0_BUFG/O
    X1Y1 (CLOCK_ROOT)    net (fo=82465, routed)       3.174     3.441    pccx_v002_system_i/rst_axi/U0/slowest_sync_clk
    SLICE_X59Y84         FDRE                                         r  pccx_v002_system_i/rst_axi/U0/ACTIVE_LOW_PR_OUT_DFF[0].FDRE_PER_N/C
  -------------------------------------------------------------------    -------------------
    SLICE_X59Y84         FDRE (Prop_AFF_SLICEL_C_Q)
                                                      0.114     3.555 f  pccx_v002_system_i/rst_axi/U0/ACTIVE_LOW_PR_OUT_DFF[0].FDRE_PER_N/Q
                         net (fo=408, routed)         5.105     8.660    pccx_v002_system_i/u_npu/inst/u_wrap/u_pccx_npu_top/gen_norm[23].u_norm_seq/lopt
    SLICE_X18Y152        LUT4 (Prop_F6LUT_SLICEM_I3_O)
                                                      0.186     8.846 r  pccx_v002_system_i/u_npu/inst/u_wrap/u_pccx_npu_top/gen_norm[23].u_norm_seq/i_0_LOPT_REMAP/O
                         net (fo=15, routed)          1.670    10.516    pccx_v002_system_i/u_npu/inst/u_wrap/u_pccx_npu_top/gen_norm[23].u_norm_seq/s3_mantissa[6]_i_1__6_n_0
    SLICE_X25Y196        FDRE                                         r  pccx_v002_system_i/u_npu/inst/u_wrap/u_pccx_npu_top/gen_norm[23].u_norm_seq/s3_new_exp_reg[7]/R
  -------------------------------------------------------------------    -------------------

                         (clock clk_pl_0 rise edge)
                                                     10.000    10.000 r  
    PS8_X0Y0             PS8                          0.000    10.000 r  pccx_v002_system_i/zynq_ps/inst/PS8_i/PLCLK[0]
                         net (fo=1, routed)           0.181    10.181    pccx_v002_system_i/zynq_ps/inst/pl_clk_unbuffered[0]
    BUFG_PS_X0Y90        BUFG_PS (Prop_BUFG_PS_I_O)
                                                      0.035    10.216 r  pccx_v002_system_i/zynq_ps/inst/buffer_pl_clk_0.PL_CLK_0_BUFG/O
    X1Y1 (CLOCK_ROOT)    net (fo=82465, routed)       2.798    13.014    pccx_v002_system_i/u_npu/inst/u_wrap/u_pccx_npu_top/gen_norm[23].u_norm_seq/clk_core
    SLICE_X25Y196        FDRE                                         r  pccx_v002_system_i/u_npu/inst/u_wrap/u_pccx_npu_top/gen_norm[23].u_norm_seq/s3_new_exp_reg[7]/C
                         clock pessimism              0.194    13.208    
                         clock uncertainty           -0.160    13.048    
    SLICE_X25Y196        FDRE (Setup_HFF_SLICEM_C_R)
                                                     -0.119    12.929    pccx_v002_system_i/u_npu/inst/u_wrap/u_pccx_npu_top/gen_norm[23].u_norm_seq/s3_new_exp_reg[7]
  -------------------------------------------------------------------
                         required time                         12.929    
                         arrival time                         -10.516    
  -------------------------------------------------------------------
                         slack                                  2.413    

Slack (MET) :             2.534ns  (required time - arrival time)
  Source:                 pccx_v002_system_i/u_npu/inst/u_wrap/u_pccx_npu_top/u_mem_dispatcher/u_l2_cache/npu_direct_cmd_q_reg/C
                            (rising edge-triggered cell FDRE clocked by clk_pl_0  {rise@0.000ns fall@5.000ns period=10.000ns})
  Destination:            pccx_v002_system_i/u_npu/inst/u_wrap/u_pccx_npu_top/u_mem_dispatcher/u_l2_cache/u_l2_uram/u_l2_uram/xpm_memory_base_inst/gen_wr_a.gen_word_narrow.mem_reg_uram_20/DIN_B[9]
                            (rising edge-triggered cell URAM288 clocked by clk_pl_0  {rise@0.000ns fall@5.000ns period=10.000ns})
  Path Group:             clk_pl_0
  Path Type:              Setup (Max at Slow Process Corner)
  Requirement:            10.000ns  (clk_pl_0 rise@10.000ns - clk_pl_0 rise@0.000ns)
  Data Path Delay:        6.748ns  (logic 0.195ns (2.890%)  route 6.553ns (97.110%))
  Logic Levels:           1  (LUT2=1)
  Clock Path Skew:        -0.166ns (DCD - SCD + CPR)
    Destination Clock Delay (DCD):    3.088ns = ( 13.088 - 10.000 ) 
    Source Clock Delay      (SCD):    3.448ns
    Clock Pessimism Removal (CPR):    0.194ns
  Clock Uncertainty:      0.160ns  ((TSJ^2 + DJ^2)^1/2) / 2 + PE
    Total System Jitter     (TSJ):    0.071ns
    Discrete Jitter          (DJ):    0.312ns
    Phase Error              (PE):    0.000ns
  Clock Net Delay (Source):      3.181ns (routing 1.681ns, distribution 1.500ns)
  Clock Net Delay (Destination): 2.872ns (routing 1.538ns, distribution 1.334ns)

    Location             Delay type                Incr(ns)  Path(ns)    Netlist Resource(s)
  -------------------------------------------------------------------    -------------------
                         (clock clk_pl_0 rise edge)
                                                      0.000     0.000 r  
    PS8_X0Y0             PS8                          0.000     0.000 r  pccx_v002_system_i/zynq_ps/inst/PS8_i/PLCLK[0]
                         net (fo=1, routed)           0.229     0.229    pccx_v002_system_i/zynq_ps/inst/pl_clk_unbuffered[0]
    BUFG_PS_X0Y90        BUFG_PS (Prop_BUFG_PS_I_O)
                                                      0.038     0.267 r  pccx_v002_system_i/zynq_ps/inst/buffer_pl_clk_0.PL_CLK_0_BUFG/O
    X1Y1 (CLOCK_ROOT)    net (fo=82465, routed)       3.181     3.448    pccx_v002_system_i/u_npu/inst/u_wrap/u_pccx_npu_top/u_mem_dispatcher/u_l2_cache/clk_core
    SLICE_X48Y184        FDRE                                         r  pccx_v002_system_i/u_npu/inst/u_wrap/u_pccx_npu_top/u_mem_dispatcher/u_l2_cache/npu_direct_cmd_q_reg/C
  -------------------------------------------------------------------    -------------------
    SLICE_X48Y184        FDRE (Prop_AFF_SLICEL_C_Q)
                                                      0.114     3.562 r  pccx_v002_system_i/u_npu/inst/u_wrap/u_pccx_npu_top/u_mem_dispatcher/u_l2_cache/npu_direct_cmd_q_reg/Q
                         net (fo=150, routed)         1.960     5.522    pccx_v002_system_i/u_npu/inst/u_wrap/u_pccx_npu_top/u_mem_dispatcher/u_l2_cache/u_l2_uram/gen_wr_a.gen_word_narrow.mem_reg_uram_0
    SLICE_X48Y209        LUT2 (Prop_D6LUT_SLICEL_I0_O)
                                                      0.081     5.603 r  pccx_v002_system_i/u_npu/inst/u_wrap/u_pccx_npu_top/u_mem_dispatcher/u_l2_cache/u_l2_uram/u_l2_uram_i_138/O
                         net (fo=14, routed)          4.593    10.196    pccx_v002_system_i/u_npu/inst/u_wrap/u_pccx_npu_top/u_mem_dispatcher/u_l2_cache/u_l2_uram/u_l2_uram/xpm_memory_base_inst/dinb[9]
    URAM288_X0Y14        URAM288                                      r  pccx_v002_system_i/u_npu/inst/u_wrap/u_pccx_npu_top/u_mem_dispatcher/u_l2_cache/u_l2_uram/u_l2_uram/xpm_memory_base_inst/gen_wr_a.gen_word_narrow.mem_reg_uram_20/DIN_B[9]
  -------------------------------------------------------------------    -------------------

                         (clock clk_pl_0 rise edge)
                                                     10.000    10.000 r  
    PS8_X0Y0             PS8                          0.000    10.000 r  pccx_v002_system_i/zynq_ps/inst/PS8_i/PLCLK[0]
                         net (fo=1, routed)           0.181    10.181    pccx_v002_system_i/zynq_ps/inst/pl_clk_unbuffered[0]
    BUFG_PS_X0Y90        BUFG_PS (Prop_BUFG_PS_I_O)
                                                      0.035    10.216 r  pccx_v002_system_i/zynq_ps/inst/buffer_pl_clk_0.PL_CLK_0_BUFG/O
    X1Y1 (CLOCK_ROOT)    net (fo=82465, routed)       2.872    13.088    pccx_v002_system_i/u_npu/inst/u_wrap/u_pccx_npu_top/u_mem_dispatcher/u_l2_cache/u_l2_uram/u_l2_uram/xpm_memory_base_inst/clka
    URAM288_X0Y14        URAM288                                      r  pccx_v002_system_i/u_npu/inst/u_wrap/u_pccx_npu_top/u_mem_dispatcher/u_l2_cache/u_l2_uram/u_l2_uram/xpm_memory_base_inst/gen_wr_a.gen_word_narrow.mem_reg_uram_20/CLK
                         clock pessimism              0.194    13.282    
                         clock uncertainty           -0.160    13.122    
    URAM288_X0Y14        URAM288 (Setup_URAM_288K_INST_URAM288_CLK_DIN_B[9])
                                                     -0.392    12.730    pccx_v002_system_i/u_npu/inst/u_wrap/u_pccx_npu_top/u_mem_dispatcher/u_l2_cache/u_l2_uram/u_l2_uram/xpm_memory_base_inst/gen_wr_a.gen_word_narrow.mem_reg_uram_20
  -------------------------------------------------------------------
                         required time                         12.730    
                         arrival time                         -10.196    
  -------------------------------------------------------------------
                         slack                                  2.534    

Slack (MET) :             2.592ns  (required time - arrival time)
  Source:                 pccx_v002_system_i/rst_axi/U0/ACTIVE_LOW_PR_OUT_DFF[0].FDRE_PER_N/C
                            (rising edge-triggered cell FDRE clocked by clk_pl_0  {rise@0.000ns fall@5.000ns period=10.000ns})
  Destination:            pccx_v002_system_i/u_npu/inst/u_wrap/u_pccx_npu_top/u_npu_controller_top/u_npu_frontend/u_cmd_in/u_cmd_q/q\\.mem_reg[5][63]/CE
                            (rising edge-triggered cell FDRE clocked by clk_pl_0  {rise@0.000ns fall@5.000ns period=10.000ns})
  Path Group:             clk_pl_0
  Path Type:              Setup (Max at Slow Process Corner)
  Requirement:            10.000ns  (clk_pl_0 rise@10.000ns - clk_pl_0 rise@0.000ns)
  Data Path Delay:        7.074ns  (logic 0.338ns (4.778%)  route 6.736ns (95.222%))
  Logic Levels:           1  (LUT5=1)
  Clock Path Skew:        -0.094ns (DCD - SCD + CPR)
    Destination Clock Delay (DCD):    3.098ns = ( 13.098 - 10.000 ) 
    Source Clock Delay      (SCD):    3.441ns
    Clock Pessimism Removal (CPR):    0.248ns
  Clock Uncertainty:      0.160ns  ((TSJ^2 + DJ^2)^1/2) / 2 + PE
    Total System Jitter     (TSJ):    0.071ns
    Discrete Jitter          (DJ):    0.312ns
    Phase Error              (PE):    0.000ns
  Clock Net Delay (Source):      3.174ns (routing 1.681ns, distribution 1.493ns)
  Clock Net Delay (Destination): 2.882ns (routing 1.538ns, distribution 1.344ns)

    Location             Delay type                Incr(ns)  Path(ns)    Netlist Resource(s)
  -------------------------------------------------------------------    -------------------
                         (clock clk_pl_0 rise edge)
                                                      0.000     0.000 r  
    PS8_X0Y0             PS8                          0.000     0.000 r  pccx_v002_system_i/zynq_ps/inst/PS8_i/PLCLK[0]
                         net (fo=1, routed)           0.229     0.229    pccx_v002_system_i/zynq_ps/inst/pl_clk_unbuffered[0]
    BUFG_PS_X0Y90        BUFG_PS (Prop_BUFG_PS_I_O)
                                                      0.038     0.267 r  pccx_v002_system_i/zynq_ps/inst/buffer_pl_clk_0.PL_CLK_0_BUFG/O
    X1Y1 (CLOCK_ROOT)    net (fo=82465, routed)       3.174     3.441    pccx_v002_system_i/rst_axi/U0/slowest_sync_clk
    SLICE_X59Y84         FDRE                                         r  pccx_v002_system_i/rst_axi/U0/ACTIVE_LOW_PR_OUT_DFF[0].FDRE_PER_N/C
  -------------------------------------------------------------------    -------------------
    SLICE_X59Y84         FDRE (Prop_AFF_SLICEL_C_Q)
                                                      0.114     3.555 r  pccx_v002_system_i/rst_axi/U0/ACTIVE_LOW_PR_OUT_DFF[0].FDRE_PER_N/Q
                         net (fo=408, routed)         3.629     7.184    pccx_v002_system_i/u_npu/inst/u_wrap/u_pccx_npu_top/u_npu_controller_top/u_npu_frontend/u_cmd_in/u_cmd_q/lopt
    SLICE_X36Y139        LUT5 (Prop_A5LUT_SLICEL_I0_O)
                                                      0.224     7.408 r  pccx_v002_system_i/u_npu/inst/u_wrap/u_pccx_npu_top/u_npu_controller_top/u_npu_frontend/u_cmd_in/u_cmd_q/q\\.mem[5][63]_i_1/O
                         net (fo=63, routed)          3.107    10.515    pccx_v002_system_i/u_npu/inst/u_wrap/u_pccx_npu_top/u_npu_controller_top/u_npu_frontend/u_cmd_in/u_cmd_q/q\\.mem[5][63]_i_1_n_0
    SLICE_X52Y111        FDRE                                         r  pccx_v002_system_i/u_npu/inst/u_wrap/u_pccx_npu_top/u_npu_controller_top/u_npu_frontend/u_cmd_in/u_cmd_q/q\\.mem_reg[5][63]/CE
  -------------------------------------------------------------------    -------------------

                         (clock clk_pl_0 rise edge)
                                                     10.000    10.000 r  
    PS8_X0Y0             PS8                          0.000    10.000 r  pccx_v002_system_i/zynq_ps/inst/PS8_i/PLCLK[0]
                         net (fo=1, routed)           0.181    10.181    pccx_v002_system_i/zynq_ps/inst/pl_clk_unbuffered[0]
    BUFG_PS_X0Y90        BUFG_PS (Prop_BUFG_PS_I_O)
                                                      0.035    10.216 r  pccx_v002_system_i/zynq_ps/inst/buffer_pl_clk_0.PL_CLK_0_BUFG/O
    X1Y1 (CLOCK_ROOT)    net (fo=82465, routed)       2.882    13.098    pccx_v002_system_i/u_npu/inst/u_wrap/u_pccx_npu_top/u_npu_controller_top/u_npu_frontend/u_cmd_in/u_cmd_q/clk_core
    SLICE_X52Y111        FDRE                                         r  pccx_v002_system_i/u_npu/inst/u_wrap/u_pccx_npu_top/u_npu_controller_top/u_npu_frontend/u_cmd_in/u_cmd_q/q\\.mem_reg[5][63]/C
                         clock pessimism              0.248    13.346    
                         clock uncertainty           -0.160    13.186    
    SLICE_X52Y111        FDRE (Setup_EFF_SLICEL_C_CE)
                                                     -0.079    13.107    pccx_v002_system_i/u_npu/inst/u_wrap/u_pccx_npu_top/u_npu_controller_top/u_npu_frontend/u_cmd_in/u_cmd_q/q\\.mem_reg[5][63]
  -------------------------------------------------------------------
                         required time                         13.107    
                         arrival time                         -10.515    
  -------------------------------------------------------------------
                         slack                                  2.592    

Slack (MET) :             2.649ns  (required time - arrival time)
  Source:                 pccx_v002_system_i/rst_axi/U0/ACTIVE_LOW_PR_OUT_DFF[0].FDRE_PER_N/C
                            (rising edge-triggered cell FDRE clocked by clk_pl_0  {rise@0.000ns fall@5.000ns period=10.000ns})
  Destination:            pccx_v002_system_i/u_npu/inst/u_wrap/u_pccx_npu_top/u_npu_controller_top/u_npu_frontend/u_cmd_in/u_cmd_q/q\\.mem_reg[5][62]/CE
                            (rising edge-triggered cell FDRE clocked by clk_pl_0  {rise@0.000ns fall@5.000ns period=10.000ns})
  Path Group:             clk_pl_0
  Path Type:              Setup (Max at Slow Process Corner)
  Requirement:            10.000ns  (clk_pl_0 rise@10.000ns - clk_pl_0 rise@0.000ns)
  Data Path Delay:        7.020ns  (logic 0.338ns (4.815%)  route 6.682ns (95.185%))
  Logic Levels:           1  (LUT5=1)
  Clock Path Skew:        -0.091ns (DCD - SCD + CPR)
    Destination Clock Delay (DCD):    3.101ns = ( 13.101 - 10.000 ) 
    Source Clock Delay      (SCD):    3.441ns
    Clock Pessimism Removal (CPR):    0.248ns
  Clock Uncertainty:      0.160ns  ((TSJ^2 + DJ^2)^1/2) / 2 + PE
    Total System Jitter     (TSJ):    0.071ns
    Discrete Jitter          (DJ):    0.312ns
    Phase Error              (PE):    0.000ns
  Clock Net Delay (Source):      3.174ns (routing 1.681ns, distribution 1.493ns)
  Clock Net Delay (Destination): 2.885ns (routing 1.538ns, distribution 1.347ns)

    Location             Delay type                Incr(ns)  Path(ns)    Netlist Resource(s)
  -------------------------------------------------------------------    -------------------
                         (clock clk_pl_0 rise edge)
                                                      0.000     0.000 r  
    PS8_X0Y0             PS8                          0.000     0.000 r  pccx_v002_system_i/zynq_ps/inst/PS8_i/PLCLK[0]
                         net (fo=1, routed)           0.229     0.229    pccx_v002_system_i/zynq_ps/inst/pl_clk_unbuffered[0]
    BUFG_PS_X0Y90        BUFG_PS (Prop_BUFG_PS_I_O)
                                                      0.038     0.267 r  pccx_v002_system_i/zynq_ps/inst/buffer_pl_clk_0.PL_CLK_0_BUFG/O
    X1Y1 (CLOCK_ROOT)    net (fo=82465, routed)       3.174     3.441    pccx_v002_system_i/rst_axi/U0/slowest_sync_clk
    SLICE_X59Y84         FDRE                                         r  pccx_v002_system_i/rst_axi/U0/ACTIVE_LOW_PR_OUT_DFF[0].FDRE_PER_N/C
  -------------------------------------------------------------------    -------------------
    SLICE_X59Y84         FDRE (Prop_AFF_SLICEL_C_Q)
                                                      0.114     3.555 r  pccx_v002_system_i/rst_axi/U0/ACTIVE_LOW_PR_OUT_DFF[0].FDRE_PER_N/Q
                         net (fo=408, routed)         3.629     7.184    pccx_v002_system_i/u_npu/inst/u_wrap/u_pccx_npu_top/u_npu_controller_top/u_npu_frontend/u_cmd_in/u_cmd_q/lopt
    SLICE_X36Y139        LUT5 (Prop_A5LUT_SLICEL_I0_O)
                                                      0.224     7.408 r  pccx_v002_system_i/u_npu/inst/u_wrap/u_pccx_npu_top/u_npu_controller_top/u_npu_frontend/u_cmd_in/u_cmd_q/q\\.mem[5][63]_i_1/O
                         net (fo=63, routed)          3.053    10.461    pccx_v002_system_i/u_npu/inst/u_wrap/u_pccx_npu_top/u_npu_controller_top/u_npu_frontend/u_cmd_in/u_cmd_q/q\\.mem[5][63]_i_1_n_0
    SLICE_X55Y113        FDRE                                         r  pccx_v002_system_i/u_npu/inst/u_wrap/u_pccx_npu_top/u_npu_controller_top/u_npu_frontend/u_cmd_in/u_cmd_q/q\\.mem_reg[5][62]/CE
  -------------------------------------------------------------------    -------------------

                         (clock clk_pl_0 rise edge)
                                                     10.000    10.000 r  
    PS8_X0Y0             PS8                          0.000    10.000 r  pccx_v002_system_i/zynq_ps/inst/PS8_i/PLCLK[0]
                         net (fo=1, routed)           0.181    10.181    pccx_v002_system_i/zynq_ps/inst/pl_clk_unbuffered[0]
    BUFG_PS_X0Y90        BUFG_PS (Prop_BUFG_PS_I_O)
                                                      0.035    10.216 r  pccx_v002_system_i/zynq_ps/inst/buffer_pl_clk_0.PL_CLK_0_BUFG/O
    X1Y1 (CLOCK_ROOT)    net (fo=82465, routed)       2.885    13.101    pccx_v002_system_i/u_npu/inst/u_wrap/u_pccx_npu_top/u_npu_controller_top/u_npu_frontend/u_cmd_in/u_cmd_q/clk_core
    SLICE_X55Y113        FDRE                                         r  pccx_v002_system_i/u_npu/inst/u_wrap/u_pccx_npu_top/u_npu_controller_top/u_npu_frontend/u_cmd_in/u_cmd_q/q\\.mem_reg[5][62]/C
                         clock pessimism              0.248    13.349    
                         clock uncertainty           -0.160    13.189    
    SLICE_X55Y113        FDRE (Setup_HFF_SLICEL_C_CE)
                                                     -0.079    13.110    pccx_v002_system_i/u_npu/inst/u_wrap/u_pccx_npu_top/u_npu_controller_top/u_npu_frontend/u_cmd_in/u_cmd_q/q\\.mem_reg[5][62]
  -------------------------------------------------------------------
                         required time                         13.110    
                         arrival time                         -10.461    
  -------------------------------------------------------------------
                         slack                                  2.649    

Slack (MET) :             2.663ns  (required time - arrival time)
  Source:                 pccx_v002_system_i/rst_axi/U0/ACTIVE_LOW_PR_OUT_DFF[0].FDRE_PER_N/C
                            (rising edge-triggered cell FDRE clocked by clk_pl_0  {rise@0.000ns fall@5.000ns period=10.000ns})
  Destination:            pccx_v002_system_i/u_npu/inst/u_wrap/u_pccx_npu_top/u_npu_controller_top/u_npu_frontend/u_cmd_in/u_cmd_q/q\\.mem_reg[5][25]/CE
                            (rising edge-triggered cell FDRE clocked by clk_pl_0  {rise@0.000ns fall@5.000ns period=10.000ns})
  Path Group:             clk_pl_0
  Path Type:              Setup (Max at Slow Process Corner)
  Requirement:            10.000ns  (clk_pl_0 rise@10.000ns - clk_pl_0 rise@0.000ns)
  Data Path Delay:        7.006ns  (logic 0.338ns (4.825%)  route 6.668ns (95.175%))
  Logic Levels:           1  (LUT5=1)
  Clock Path Skew:        -0.092ns (DCD - SCD + CPR)
    Destination Clock Delay (DCD):    3.100ns = ( 13.100 - 10.000 ) 
    Source Clock Delay      (SCD):    3.441ns
    Clock Pessimism Removal (CPR):    0.248ns
  Clock Uncertainty:      0.160ns  ((TSJ^2 + DJ^2)^1/2) / 2 + PE
    Total System Jitter     (TSJ):    0.071ns
    Discrete Jitter          (DJ):    0.312ns
    Phase Error              (PE):    0.000ns
  Clock Net Delay (Source):      3.174ns (routing 1.681ns, distribution 1.493ns)
  Clock Net Delay (Destination): 2.884ns (routing 1.538ns, distribution 1.346ns)

    Location             Delay type                Incr(ns)  Path(ns)    Netlist Resource(s)
  -------------------------------------------------------------------    -------------------
                         (clock clk_pl_0 rise edge)
                                                      0.000     0.000 r  
    PS8_X0Y0             PS8                          0.000     0.000 r  pccx_v002_system_i/zynq_ps/inst/PS8_i/PLCLK[0]
                         net (fo=1, routed)           0.229     0.229    pccx_v002_system_i/zynq_ps/inst/pl_clk_unbuffered[0]
    BUFG_PS_X0Y90        BUFG_PS (Prop_BUFG_PS_I_O)
                                                      0.038     0.267 r  pccx_v002_system_i/zynq_ps/inst/buffer_pl_clk_0.PL_CLK_0_BUFG/O
    X1Y1 (CLOCK_ROOT)    net (fo=82465, routed)       3.174     3.441    pccx_v002_system_i/rst_axi/U0/slowest_sync_clk
    SLICE_X59Y84         FDRE                                         r  pccx_v002_system_i/rst_axi/U0/ACTIVE_LOW_PR_OUT_DFF[0].FDRE_PER_N/C
  -------------------------------------------------------------------    -------------------
    SLICE_X59Y84         FDRE (Prop_AFF_SLICEL_C_Q)
                                                      0.114     3.555 r  pccx_v002_system_i/rst_axi/U0/ACTIVE_LOW_PR_OUT_DFF[0].FDRE_PER_N/Q
                         net (fo=408, routed)         3.629     7.184    pccx_v002_system_i/u_npu/inst/u_wrap/u_pccx_npu_top/u_npu_controller_top/u_npu_frontend/u_cmd_in/u_cmd_q/lopt
    SLICE_X36Y139        LUT5 (Prop_A5LUT_SLICEL_I0_O)
                                                      0.224     7.408 r  pccx_v002_system_i/u_npu/inst/u_wrap/u_pccx_npu_top/u_npu_controller_top/u_npu_frontend/u_cmd_in/u_cmd_q/q\\.mem[5][63]_i_1/O
                         net (fo=63, routed)          3.038    10.447    pccx_v002_system_i/u_npu/inst/u_wrap/u_pccx_npu_top/u_npu_controller_top/u_npu_frontend/u_cmd_in/u_cmd_q/q\\.mem[5][63]_i_1_n_0
    SLICE_X57Y110        FDRE                                         r  pccx_v002_system_i/u_npu/inst/u_wrap/u_pccx_npu_top/u_npu_controller_top/u_npu_frontend/u_cmd_in/u_cmd_q/q\\.mem_reg[5][25]/CE
  -------------------------------------------------------------------    -------------------

                         (clock clk_pl_0 rise edge)
                                                     10.000    10.000 r  
    PS8_X0Y0             PS8                          0.000    10.000 r  pccx_v002_system_i/zynq_ps/inst/PS8_i/PLCLK[0]
                         net (fo=1, routed)           0.181    10.181    pccx_v002_system_i/zynq_ps/inst/pl_clk_unbuffered[0]
    BUFG_PS_X0Y90        BUFG_PS (Prop_BUFG_PS_I_O)
                                                      0.035    10.216 r  pccx_v002_system_i/zynq_ps/inst/buffer_pl_clk_0.PL_CLK_0_BUFG/O
    X1Y1 (CLOCK_ROOT)    net (fo=82465, routed)       2.884    13.100    pccx_v002_system_i/u_npu/inst/u_wrap/u_pccx_npu_top/u_npu_controller_top/u_npu_frontend/u_cmd_in/u_cmd_q/clk_core
    SLICE_X57Y110        FDRE                                         r  pccx_v002_system_i/u_npu/inst/u_wrap/u_pccx_npu_top/u_npu_controller_top/u_npu_frontend/u_cmd_in/u_cmd_q/q\\.mem_reg[5][25]/C
                         clock pessimism              0.248    13.348    
                         clock uncertainty           -0.160    13.188    
    SLICE_X57Y110        FDRE (Setup_HFF_SLICEL_C_CE)
                                                     -0.079    13.109    pccx_v002_system_i/u_npu/inst/u_wrap/u_pccx_npu_top/u_npu_controller_top/u_npu_frontend/u_cmd_in/u_cmd_q/q\\.mem_reg[5][25]
  -------------------------------------------------------------------
                         required time                         13.109    
                         arrival time                         -10.447    
  -------------------------------------------------------------------
                         slack                                  2.663    

Slack (MET) :             2.663ns  (required time - arrival time)
  Source:                 pccx_v002_system_i/rst_axi/U0/ACTIVE_LOW_PR_OUT_DFF[0].FDRE_PER_N/C
                            (rising edge-triggered cell FDRE clocked by clk_pl_0  {rise@0.000ns fall@5.000ns period=10.000ns})
  Destination:            pccx_v002_system_i/u_npu/inst/u_wrap/u_pccx_npu_top/u_npu_controller_top/u_npu_frontend/u_cmd_in/u_cmd_q/q\\.mem_reg[5][5]/CE
                            (rising edge-triggered cell FDRE clocked by clk_pl_0  {rise@0.000ns fall@5.000ns period=10.000ns})
  Path Group:             clk_pl_0
  Path Type:              Setup (Max at Slow Process Corner)
  Requirement:            10.000ns  (clk_pl_0 rise@10.000ns - clk_pl_0 rise@0.000ns)
  Data Path Delay:        7.006ns  (logic 0.338ns (4.825%)  route 6.668ns (95.175%))
  Logic Levels:           1  (LUT5=1)
  Clock Path Skew:        -0.092ns (DCD - SCD + CPR)
    Destination Clock Delay (DCD):    3.100ns = ( 13.100 - 10.000 ) 
    Source Clock Delay      (SCD):    3.441ns
    Clock Pessimism Removal (CPR):    0.248ns
  Clock Uncertainty:      0.160ns  ((TSJ^2 + DJ^2)^1/2) / 2 + PE
    Total System Jitter     (TSJ):    0.071ns
    Discrete Jitter          (DJ):    0.312ns
    Phase Error              (PE):    0.000ns
  Clock Net Delay (Source):      3.174ns (routing 1.681ns, distribution 1.493ns)
  Clock Net Delay (Destination): 2.884ns (routing 1.538ns, distribution 1.346ns)

    Location             Delay type                Incr(ns)  Path(ns)    Netlist Resource(s)
  -------------------------------------------------------------------    -------------------
                         (clock clk_pl_0 rise edge)
                                                      0.000     0.000 r  
    PS8_X0Y0             PS8                          0.000     0.000 r  pccx_v002_system_i/zynq_ps/inst/PS8_i/PLCLK[0]
                         net (fo=1, routed)           0.229     0.229    pccx_v002_system_i/zynq_ps/inst/pl_clk_unbuffered[0]
    BUFG_PS_X0Y90        BUFG_PS (Prop_BUFG_PS_I_O)
                                                      0.038     0.267 r  pccx_v002_system_i/zynq_ps/inst/buffer_pl_clk_0.PL_CLK_0_BUFG/O
    X1Y1 (CLOCK_ROOT)    net (fo=82465, routed)       3.174     3.441    pccx_v002_system_i/rst_axi/U0/slowest_sync_clk
    SLICE_X59Y84         FDRE                                         r  pccx_v002_system_i/rst_axi/U0/ACTIVE_LOW_PR_OUT_DFF[0].FDRE_PER_N/C
  -------------------------------------------------------------------    -------------------
    SLICE_X59Y84         FDRE (Prop_AFF_SLICEL_C_Q)
                                                      0.114     3.555 r  pccx_v002_system_i/rst_axi/U0/ACTIVE_LOW_PR_OUT_DFF[0].FDRE_PER_N/Q
                         net (fo=408, routed)         3.629     7.184    pccx_v002_system_i/u_npu/inst/u_wrap/u_pccx_npu_top/u_npu_controller_top/u_npu_frontend/u_cmd_in/u_cmd_q/lopt
    SLICE_X36Y139        LUT5 (Prop_A5LUT_SLICEL_I0_O)
                                                      0.224     7.408 r  pccx_v002_system_i/u_npu/inst/u_wrap/u_pccx_npu_top/u_npu_controller_top/u_npu_frontend/u_cmd_in/u_cmd_q/q\\.mem[5][63]_i_1/O
                         net (fo=63, routed)          3.038    10.447    pccx_v002_system_i/u_npu/inst/u_wrap/u_pccx_npu_top/u_npu_controller_top/u_npu_frontend/u_cmd_in/u_cmd_q/q\\.mem[5][63]_i_1_n_0
    SLICE_X57Y110        FDRE                                         r  pccx_v002_system_i/u_npu/inst/u_wrap/u_pccx_npu_top/u_npu_controller_top/u_npu_frontend/u_cmd_in/u_cmd_q/q\\.mem_reg[5][5]/CE
  -------------------------------------------------------------------    -------------------

                         (clock clk_pl_0 rise edge)
                                                     10.000    10.000 r  
    PS8_X0Y0             PS8                          0.000    10.000 r  pccx_v002_system_i/zynq_ps/inst/PS8_i/PLCLK[0]
                         net (fo=1, routed)           0.181    10.181    pccx_v002_system_i/zynq_ps/inst/pl_clk_unbuffered[0]
    BUFG_PS_X0Y90        BUFG_PS (Prop_BUFG_PS_I_O)
                                                      0.035    10.216 r  pccx_v002_system_i/zynq_ps/inst/buffer_pl_clk_0.PL_CLK_0_BUFG/O
    X1Y1 (CLOCK_ROOT)    net (fo=82465, routed)       2.884    13.100    pccx_v002_system_i/u_npu/inst/u_wrap/u_pccx_npu_top/u_npu_controller_top/u_npu_frontend/u_cmd_in/u_cmd_q/clk_core
    SLICE_X57Y110        FDRE                                         r  pccx_v002_system_i/u_npu/inst/u_wrap/u_pccx_npu_top/u_npu_controller_top/u_npu_frontend/u_cmd_in/u_cmd_q/q\\.mem_reg[5][5]/C
                         clock pessimism              0.248    13.348    
                         clock uncertainty           -0.160    13.188    
    SLICE_X57Y110        FDRE (Setup_GFF_SLICEL_C_CE)
                                                     -0.079    13.109    pccx_v002_system_i/u_npu/inst/u_wrap/u_pccx_npu_top/u_npu_controller_top/u_npu_frontend/u_cmd_in/u_cmd_q/q\\.mem_reg[5][5]
  -------------------------------------------------------------------
                         required time                         13.109    
                         arrival time                         -10.447    
  -------------------------------------------------------------------
                         slack                                  2.663    

Slack (MET) :             2.666ns  (required time - arrival time)
  Source:                 pccx_v002_system_i/rst_axi/U0/ACTIVE_LOW_PR_OUT_DFF[0].FDRE_PER_N/C
                            (rising edge-triggered cell FDRE clocked by clk_pl_0  {rise@0.000ns fall@5.000ns period=10.000ns})
  Destination:            pccx_v002_system_i/u_npu/inst/u_wrap/u_pccx_npu_top/u_npu_controller_top/u_npu_frontend/u_cmd_in/u_cmd_q/q\\.mem_reg[2][14]/CE
                            (rising edge-triggered cell FDRE clocked by clk_pl_0  {rise@0.000ns fall@5.000ns period=10.000ns})
  Path Group:             clk_pl_0
  Path Type:              Setup (Max at Slow Process Corner)
  Requirement:            10.000ns  (clk_pl_0 rise@10.000ns - clk_pl_0 rise@0.000ns)
  Data Path Delay:        6.987ns  (logic 0.338ns (4.838%)  route 6.649ns (95.162%))
  Logic Levels:           1  (LUT5=1)
  Clock Path Skew:        -0.108ns (DCD - SCD + CPR)
    Destination Clock Delay (DCD):    3.084ns = ( 13.084 - 10.000 ) 
    Source Clock Delay      (SCD):    3.441ns
    Clock Pessimism Removal (CPR):    0.248ns
  Clock Uncertainty:      0.160ns  ((TSJ^2 + DJ^2)^1/2) / 2 + PE
    Total System Jitter     (TSJ):    0.071ns
    Discrete Jitter          (DJ):    0.312ns
    Phase Error              (PE):    0.000ns
  Clock Net Delay (Source):      3.174ns (routing 1.681ns, distribution 1.493ns)
  Clock Net Delay (Destination): 2.868ns (routing 1.538ns, distribution 1.330ns)

    Location             Delay type                Incr(ns)  Path(ns)    Netlist Resource(s)
  -------------------------------------------------------------------    -------------------
                         (clock clk_pl_0 rise edge)
                                                      0.000     0.000 r  
    PS8_X0Y0             PS8                          0.000     0.000 r  pccx_v002_system_i/zynq_ps/inst/PS8_i/PLCLK[0]
                         net (fo=1, routed)           0.229     0.229    pccx_v002_system_i/zynq_ps/inst/pl_clk_unbuffered[0]
    BUFG_PS_X0Y90        BUFG_PS (Prop_BUFG_PS_I_O)
                                                      0.038     0.267 r  pccx_v002_system_i/zynq_ps/inst/buffer_pl_clk_0.PL_CLK_0_BUFG/O
    X1Y1 (CLOCK_ROOT)    net (fo=82465, routed)       3.174     3.441    pccx_v002_system_i/rst_axi/U0/slowest_sync_clk
    SLICE_X59Y84         FDRE                                         r  pccx_v002_system_i/rst_axi/U0/ACTIVE_LOW_PR_OUT_DFF[0].FDRE_PER_N/C
  -------------------------------------------------------------------    -------------------
    SLICE_X59Y84         FDRE (Prop_AFF_SLICEL_C_Q)
                                                      0.114     3.555 r  pccx_v002_system_i/rst_axi/U0/ACTIVE_LOW_PR_OUT_DFF[0].FDRE_PER_N/Q
                         net (fo=408, routed)         3.646     7.200    pccx_v002_system_i/u_npu/inst/u_wrap/u_pccx_npu_top/u_npu_controller_top/u_npu_frontend/u_cmd_in/u_cmd_q/lopt
    SLICE_X36Y139        LUT5 (Prop_B6LUT_SLICEL_I0_O)
                                                      0.224     7.424 r  pccx_v002_system_i/u_npu/inst/u_wrap/u_pccx_npu_top/u_npu_controller_top/u_npu_frontend/u_cmd_in/u_cmd_q/q\\.mem[2][63]_i_1/O
                         net (fo=63, routed)          3.003    10.428    pccx_v002_system_i/u_npu/inst/u_wrap/u_pccx_npu_top/u_npu_controller_top/u_npu_frontend/u_cmd_in/u_cmd_q/q\\.mem[2][63]_i_1_n_0
    SLICE_X50Y117        FDRE                                         r  pccx_v002_system_i/u_npu/inst/u_wrap/u_pccx_npu_top/u_npu_controller_top/u_npu_frontend/u_cmd_in/u_cmd_q/q\\.mem_reg[2][14]/CE
  -------------------------------------------------------------------    -------------------

                         (clock clk_pl_0 rise edge)
                                                     10.000    10.000 r  
    PS8_X0Y0             PS8                          0.000    10.000 r  pccx_v002_system_i/zynq_ps/inst/PS8_i/PLCLK[0]
                         net (fo=1, routed)           0.181    10.181    pccx_v002_system_i/zynq_ps/inst/pl_clk_unbuffered[0]
    BUFG_PS_X0Y90        BUFG_PS (Prop_BUFG_PS_I_O)
                                                      0.035    10.216 r  pccx_v002_system_i/zynq_ps/inst/buffer_pl_clk_0.PL_CLK_0_BUFG/O
    X1Y1 (CLOCK_ROOT)    net (fo=82465, routed)       2.868    13.084    pccx_v002_system_i/u_npu/inst/u_wrap/u_pccx_npu_top/u_npu_controller_top/u_npu_frontend/u_cmd_in/u_cmd_q/clk_core
    SLICE_X50Y117        FDRE                                         r  pccx_v002_system_i/u_npu/inst/u_wrap/u_pccx_npu_top/u_npu_controller_top/u_npu_frontend/u_cmd_in/u_cmd_q/q\\.mem_reg[2][14]/C
                         clock pessimism              0.248    13.332    
                         clock uncertainty           -0.160    13.172    
    SLICE_X50Y117        FDRE (Setup_DFF_SLICEL_C_CE)
                                                     -0.079    13.093    pccx_v002_system_i/u_npu/inst/u_wrap/u_pccx_npu_top/u_npu_controller_top/u_npu_frontend/u_cmd_in/u_cmd_q/q\\.mem_reg[2][14]
  -------------------------------------------------------------------
                         required time                         13.093    
                         arrival time                         -10.428    
  -------------------------------------------------------------------
                         slack                                  2.666    

Slack (MET) :             2.666ns  (required time - arrival time)
  Source:                 pccx_v002_system_i/rst_axi/U0/ACTIVE_LOW_PR_OUT_DFF[0].FDRE_PER_N/C
                            (rising edge-triggered cell FDRE clocked by clk_pl_0  {rise@0.000ns fall@5.000ns period=10.000ns})
  Destination:            pccx_v002_system_i/u_npu/inst/u_wrap/u_pccx_npu_top/u_npu_controller_top/u_npu_frontend/u_cmd_in/u_cmd_q/q\\.mem_reg[2][7]/CE
                            (rising edge-triggered cell FDRE clocked by clk_pl_0  {rise@0.000ns fall@5.000ns period=10.000ns})
  Path Group:             clk_pl_0
  Path Type:              Setup (Max at Slow Process Corner)
  Requirement:            10.000ns  (clk_pl_0 rise@10.000ns - clk_pl_0 rise@0.000ns)
  Data Path Delay:        6.987ns  (logic 0.338ns (4.838%)  route 6.649ns (95.162%))
  Logic Levels:           1  (LUT5=1)
  Clock Path Skew:        -0.108ns (DCD - SCD + CPR)
    Destination Clock Delay (DCD):    3.084ns = ( 13.084 - 10.000 ) 
    Source Clock Delay      (SCD):    3.441ns
    Clock Pessimism Removal (CPR):    0.248ns
  Clock Uncertainty:      0.160ns  ((TSJ^2 + DJ^2)^1/2) / 2 + PE
    Total System Jitter     (TSJ):    0.071ns
    Discrete Jitter          (DJ):    0.312ns
    Phase Error              (PE):    0.000ns
  Clock Net Delay (Source):      3.174ns (routing 1.681ns, distribution 1.493ns)
  Clock Net Delay (Destination): 2.868ns (routing 1.538ns, distribution 1.330ns)

    Location             Delay type                Incr(ns)  Path(ns)    Netlist Resource(s)
  -------------------------------------------------------------------    -------------------
                         (clock clk_pl_0 rise edge)
                                                      0.000     0.000 r  
    PS8_X0Y0             PS8                          0.000     0.000 r  pccx_v002_system_i/zynq_ps/inst/PS8_i/PLCLK[0]
                         net (fo=1, routed)           0.229     0.229    pccx_v002_system_i/zynq_ps/inst/pl_clk_unbuffered[0]
    BUFG_PS_X0Y90        BUFG_PS (Prop_BUFG_PS_I_O)
                                                      0.038     0.267 r  pccx_v002_system_i/zynq_ps/inst/buffer_pl_clk_0.PL_CLK_0_BUFG/O
    X1Y1 (CLOCK_ROOT)    net (fo=82465, routed)       3.174     3.441    pccx_v002_system_i/rst_axi/U0/slowest_sync_clk
    SLICE_X59Y84         FDRE                                         r  pccx_v002_system_i/rst_axi/U0/ACTIVE_LOW_PR_OUT_DFF[0].FDRE_PER_N/C
  -------------------------------------------------------------------    -------------------
    SLICE_X59Y84         FDRE (Prop_AFF_SLICEL_C_Q)
                                                      0.114     3.555 r  pccx_v002_system_i/rst_axi/U0/ACTIVE_LOW_PR_OUT_DFF[0].FDRE_PER_N/Q
                         net (fo=408, routed)         3.646     7.200    pccx_v002_system_i/u_npu/inst/u_wrap/u_pccx_npu_top/u_npu_controller_top/u_npu_frontend/u_cmd_in/u_cmd_q/lopt
    SLICE_X36Y139        LUT5 (Prop_B6LUT_SLICEL_I0_O)
                                                      0.224     7.424 r  pccx_v002_system_i/u_npu/inst/u_wrap/u_pccx_npu_top/u_npu_controller_top/u_npu_frontend/u_cmd_in/u_cmd_q/q\\.mem[2][63]_i_1/O
                         net (fo=63, routed)          3.003    10.428    pccx_v002_system_i/u_npu/inst/u_wrap/u_pccx_npu_top/u_npu_controller_top/u_npu_frontend/u_cmd_in/u_cmd_q/q\\.mem[2][63]_i_1_n_0
    SLICE_X50Y117        FDRE                                         r  pccx_v002_system_i/u_npu/inst/u_wrap/u_pccx_npu_top/u_npu_controller_top/u_npu_frontend/u_cmd_in/u_cmd_q/q\\.mem_reg[2][7]/CE
  -------------------------------------------------------------------    -------------------

                         (clock clk_pl_0 rise edge)
                                                     10.000    10.000 r  
    PS8_X0Y0             PS8                          0.000    10.000 r  pccx_v002_system_i/zynq_ps/inst/PS8_i/PLCLK[0]
                         net (fo=1, routed)           0.181    10.181    pccx_v002_system_i/zynq_ps/inst/pl_clk_unbuffered[0]
    BUFG_PS_X0Y90        BUFG_PS (Prop_BUFG_PS_I_O)
                                                      0.035    10.216 r  pccx_v002_system_i/zynq_ps/inst/buffer_pl_clk_0.PL_CLK_0_BUFG/O
    X1Y1 (CLOCK_ROOT)    net (fo=82465, routed)       2.868    13.084    pccx_v002_system_i/u_npu/inst/u_wrap/u_pccx_npu_top/u_npu_controller_top/u_npu_frontend/u_cmd_in/u_cmd_q/clk_core
    SLICE_X50Y117        FDRE                                         r  pccx_v002_system_i/u_npu/inst/u_wrap/u_pccx_npu_top/u_npu_controller_top/u_npu_frontend/u_cmd_in/u_cmd_q/q\\.mem_reg[2][7]/C
                         clock pessimism              0.248    13.332    
                         clock uncertainty           -0.160    13.172    
    SLICE_X50Y117        FDRE (Setup_CFF_SLICEL_C_CE)
                                                     -0.079    13.093    pccx_v002_system_i/u_npu/inst/u_wrap/u_pccx_npu_top/u_npu_controller_top/u_npu_frontend/u_cmd_in/u_cmd_q/q\\.mem_reg[2][7]
  -------------------------------------------------------------------
                         required time                         13.093    
                         arrival time                         -10.428    
  -------------------------------------------------------------------
                         slack                                  2.666    

Slack (MET) :             2.715ns  (required time - arrival time)
  Source:                 pccx_v002_system_i/u_npu/inst/u_wrap/u_pccx_npu_top/u_mem_dispatcher/u_l2_cache/npu_direct_cmd_q_reg/C
                            (rising edge-triggered cell FDRE clocked by clk_pl_0  {rise@0.000ns fall@5.000ns period=10.000ns})
  Destination:            pccx_v002_system_i/u_npu/inst/u_wrap/u_pccx_npu_top/u_mem_dispatcher/u_l2_cache/u_l2_uram/u_l2_uram/xpm_memory_base_inst/gen_wr_a.gen_word_narrow.mem_reg_uram_52/DIN_B[20]
                            (rising edge-triggered cell URAM288 clocked by clk_pl_0  {rise@0.000ns fall@5.000ns period=10.000ns})
  Path Group:             clk_pl_0
  Path Type:              Setup (Max at Slow Process Corner)
  Requirement:            10.000ns  (clk_pl_0 rise@10.000ns - clk_pl_0 rise@0.000ns)
  Data Path Delay:        6.508ns  (logic 0.266ns (4.087%)  route 6.242ns (95.913%))
  Logic Levels:           1  (LUT2=1)
  Clock Path Skew:        -0.187ns (DCD - SCD + CPR)
    Destination Clock Delay (DCD):    3.067ns = ( 13.067 - 10.000 ) 
    Source Clock Delay      (SCD):    3.448ns
    Clock Pessimism Removal (CPR):    0.194ns
  Clock Uncertainty:      0.160ns  ((TSJ^2 + DJ^2)^1/2) / 2 + PE
    Total System Jitter     (TSJ):    0.071ns
    Discrete Jitter          (DJ):    0.312ns
    Phase Error              (PE):    0.000ns
  Clock Net Delay (Source):      3.181ns (routing 1.681ns, distribution 1.500ns)
  Clock Net Delay (Destination): 2.851ns (routing 1.538ns, distribution 1.313ns)

    Location             Delay type                Incr(ns)  Path(ns)    Netlist Resource(s)
  -------------------------------------------------------------------    -------------------
                         (clock clk_pl_0 rise edge)
                                                      0.000     0.000 r  
    PS8_X0Y0             PS8                          0.000     0.000 r  pccx_v002_system_i/zynq_ps/inst/PS8_i/PLCLK[0]
                         net (fo=1, routed)           0.229     0.229    pccx_v002_system_i/zynq_ps/inst/pl_clk_unbuffered[0]
    BUFG_PS_X0Y90        BUFG_PS (Prop_BUFG_PS_I_O)
                                                      0.038     0.267 r  pccx_v002_system_i/zynq_ps/inst/buffer_pl_clk_0.PL_CLK_0_BUFG/O
    X1Y1 (CLOCK_ROOT)    net (fo=82465, routed)       3.181     3.448    pccx_v002_system_i/u_npu/inst/u_wrap/u_pccx_npu_top/u_mem_dispatcher/u_l2_cache/clk_core
    SLICE_X48Y184        FDRE                                         r  pccx_v002_system_i/u_npu/inst/u_wrap/u_pccx_npu_top/u_mem_dispatcher/u_l2_cache/npu_direct_cmd_q_reg/C
  -------------------------------------------------------------------    -------------------
    SLICE_X48Y184        FDRE (Prop_AFF_SLICEL_C_Q)
                                                      0.114     3.562 r  pccx_v002_system_i/u_npu/inst/u_wrap/u_pccx_npu_top/u_mem_dispatcher/u_l2_cache/npu_direct_cmd_q_reg/Q
                         net (fo=150, routed)         1.095     4.657    pccx_v002_system_i/u_npu/inst/u_wrap/u_pccx_npu_top/u_mem_dispatcher/u_l2_cache/u_l2_uram/gen_wr_a.gen_word_narrow.mem_reg_uram_0
    SLICE_X49Y217        LUT2 (Prop_A6LUT_SLICEL_I0_O)
                                                      0.152     4.809 r  pccx_v002_system_i/u_npu/inst/u_wrap/u_pccx_npu_top/u_mem_dispatcher/u_l2_cache/u_l2_uram/u_l2_uram_i_55/O
                         net (fo=14, routed)          5.147     9.956    pccx_v002_system_i/u_npu/inst/u_wrap/u_pccx_npu_top/u_mem_dispatcher/u_l2_cache/u_l2_uram/u_l2_uram/xpm_memory_base_inst/dinb[92]
    URAM288_X0Y10        URAM288                                      r  pccx_v002_system_i/u_npu/inst/u_wrap/u_pccx_npu_top/u_mem_dispatcher/u_l2_cache/u_l2_uram/u_l2_uram/xpm_memory_base_inst/gen_wr_a.gen_word_narrow.mem_reg_uram_52/DIN_B[20]
  -------------------------------------------------------------------    -------------------

                         (clock clk_pl_0 rise edge)
                                                     10.000    10.000 r  
    PS8_X0Y0             PS8                          0.000    10.000 r  pccx_v002_system_i/zynq_ps/inst/PS8_i/PLCLK[0]
                         net (fo=1, routed)           0.181    10.181    pccx_v002_system_i/zynq_ps/inst/pl_clk_unbuffered[0]
    BUFG_PS_X0Y90        BUFG_PS (Prop_BUFG_PS_I_O)
                                                      0.035    10.216 r  pccx_v002_system_i/zynq_ps/inst/buffer_pl_clk_0.PL_CLK_0_BUFG/O
    X1Y1 (CLOCK_ROOT)    net (fo=82465, routed)       2.851    13.067    pccx_v002_system_i/u_npu/inst/u_wrap/u_pccx_npu_top/u_mem_dispatcher/u_l2_cache/u_l2_uram/u_l2_uram/xpm_memory_base_inst/clka
    URAM288_X0Y10        URAM288                                      r  pccx_v002_system_i/u_npu/inst/u_wrap/u_pccx_npu_top/u_mem_dispatcher/u_l2_cache/u_l2_uram/u_l2_uram/xpm_memory_base_inst/gen_wr_a.gen_word_narrow.mem_reg_uram_52/CLK
                         clock pessimism              0.194    13.261    
                         clock uncertainty           -0.160    13.101    
    URAM288_X0Y10        URAM288 (Setup_URAM_288K_INST_URAM288_CLK_DIN_B[20])
                                                     -0.430    12.671    pccx_v002_system_i/u_npu/inst/u_wrap/u_pccx_npu_top/u_mem_dispatcher/u_l2_cache/u_l2_uram/u_l2_uram/xpm_memory_base_inst/gen_wr_a.gen_word_narrow.mem_reg_uram_52
  -------------------------------------------------------------------
                         required time                         12.671    
                         arrival time                          -9.956    
  -------------------------------------------------------------------
                         slack                                  2.715    

Slack (MET) :             2.756ns  (required time - arrival time)
  Source:                 pccx_v002_system_i/rst_axi/U0/ACTIVE_LOW_PR_OUT_DFF[0].FDRE_PER_N/C
                            (rising edge-triggered cell FDRE clocked by clk_pl_0  {rise@0.000ns fall@5.000ns period=10.000ns})
  Destination:            pccx_v002_system_i/u_npu/inst/u_wrap/u_pccx_npu_top/u_npu_controller_top/u_npu_frontend/u_cmd_in/u_cmd_q/q\\.mem_reg[5][16]/CE
                            (rising edge-triggered cell FDRE clocked by clk_pl_0  {rise@0.000ns fall@5.000ns period=10.000ns})
  Path Group:             clk_pl_0
  Path Type:              Setup (Max at Slow Process Corner)
  Requirement:            10.000ns  (clk_pl_0 rise@10.000ns - clk_pl_0 rise@0.000ns)
  Data Path Delay:        6.913ns  (logic 0.338ns (4.889%)  route 6.575ns (95.111%))
  Logic Levels:           1  (LUT5=1)
  Clock Path Skew:        -0.091ns (DCD - SCD + CPR)
    Destination Clock Delay (DCD):    3.101ns = ( 13.101 - 10.000 ) 
    Source Clock Delay      (SCD):    3.441ns
    Clock Pessimism Removal (CPR):    0.248ns
  Clock Uncertainty:      0.160ns  ((TSJ^2 + DJ^2)^1/2) / 2 + PE
    Total System Jitter     (TSJ):    0.071ns
    Discrete Jitter          (DJ):    0.312ns
    Phase Error              (PE):    0.000ns
  Clock Net Delay (Source):      3.174ns (routing 1.681ns, distribution 1.493ns)
  Clock Net Delay (Destination): 2.885ns (routing 1.538ns, distribution 1.347ns)

    Location             Delay type                Incr(ns)  Path(ns)    Netlist Resource(s)
  -------------------------------------------------------------------    -------------------
                         (clock clk_pl_0 rise edge)
                                                      0.000     0.000 r  
    PS8_X0Y0             PS8                          0.000     0.000 r  pccx_v002_system_i/zynq_ps/inst/PS8_i/PLCLK[0]
                         net (fo=1, routed)           0.229     0.229    pccx_v002_system_i/zynq_ps/inst/pl_clk_unbuffered[0]
    BUFG_PS_X0Y90        BUFG_PS (Prop_BUFG_PS_I_O)
                                                      0.038     0.267 r  pccx_v002_system_i/zynq_ps/inst/buffer_pl_clk_0.PL_CLK_0_BUFG/O
    X1Y1 (CLOCK_ROOT)    net (fo=82465, routed)       3.174     3.441    pccx_v002_system_i/rst_axi/U0/slowest_sync_clk
    SLICE_X59Y84         FDRE                                         r  pccx_v002_system_i/rst_axi/U0/ACTIVE_LOW_PR_OUT_DFF[0].FDRE_PER_N/C
  -------------------------------------------------------------------    -------------------
    SLICE_X59Y84         FDRE (Prop_AFF_SLICEL_C_Q)
                                                      0.114     3.555 r  pccx_v002_system_i/rst_axi/U0/ACTIVE_LOW_PR_OUT_DFF[0].FDRE_PER_N/Q
                         net (fo=408, routed)         3.629     7.184    pccx_v002_system_i/u_npu/inst/u_wrap/u_pccx_npu_top/u_npu_controller_top/u_npu_frontend/u_cmd_in/u_cmd_q/lopt
    SLICE_X36Y139        LUT5 (Prop_A5LUT_SLICEL_I0_O)
                                                      0.224     7.408 r  pccx_v002_system_i/u_npu/inst/u_wrap/u_pccx_npu_top/u_npu_controller_top/u_npu_frontend/u_cmd_in/u_cmd_q/q\\.mem[5][63]_i_1/O
                         net (fo=63, routed)          2.946    10.354    pccx_v002_system_i/u_npu/inst/u_wrap/u_pccx_npu_top/u_npu_controller_top/u_npu_frontend/u_cmd_in/u_cmd_q/q\\.mem[5][63]_i_1_n_0
    SLICE_X57Y111        FDRE                                         r  pccx_v002_system_i/u_npu/inst/u_wrap/u_pccx_npu_top/u_npu_controller_top/u_npu_frontend/u_cmd_in/u_cmd_q/q\\.mem_reg[5][16]/CE
  -------------------------------------------------------------------    -------------------

                         (clock clk_pl_0 rise edge)
                                                     10.000    10.000 r  
    PS8_X0Y0             PS8                          0.000    10.000 r  pccx_v002_system_i/zynq_ps/inst/PS8_i/PLCLK[0]
                         net (fo=1, routed)           0.181    10.181    pccx_v002_system_i/zynq_ps/inst/pl_clk_unbuffered[0]
    BUFG_PS_X0Y90        BUFG_PS (Prop_BUFG_PS_I_O)
                                                      0.035    10.216 r  pccx_v002_system_i/zynq_ps/inst/buffer_pl_clk_0.PL_CLK_0_BUFG/O
    X1Y1 (CLOCK_ROOT)    net (fo=82465, routed)       2.885    13.101    pccx_v002_system_i/u_npu/inst/u_wrap/u_pccx_npu_top/u_npu_controller_top/u_npu_frontend/u_cmd_in/u_cmd_q/clk_core
    SLICE_X57Y111        FDRE                                         r  pccx_v002_system_i/u_npu/inst/u_wrap/u_pccx_npu_top/u_npu_controller_top/u_npu_frontend/u_cmd_in/u_cmd_q/q\\.mem_reg[5][16]/C
                         clock pessimism              0.248    13.349    
                         clock uncertainty           -0.160    13.189    
    SLICE_X57Y111        FDRE (Setup_HFF_SLICEL_C_CE)
                                                     -0.079    13.110    pccx_v002_system_i/u_npu/inst/u_wrap/u_pccx_npu_top/u_npu_controller_top/u_npu_frontend/u_cmd_in/u_cmd_q/q\\.mem_reg[5][16]
  -------------------------------------------------------------------
                         required time                         13.110    
                         arrival time                         -10.354    
  -------------------------------------------------------------------
                         slack                                  2.756    

Slack (MET) :             2.756ns  (required time - arrival time)
  Source:                 pccx_v002_system_i/rst_axi/U0/ACTIVE_LOW_PR_OUT_DFF[0].FDRE_PER_N/C
                            (rising edge-triggered cell FDRE clocked by clk_pl_0  {rise@0.000ns fall@5.000ns period=10.000ns})
  Destination:            pccx_v002_system_i/u_npu/inst/u_wrap/u_pccx_npu_top/u_npu_controller_top/u_npu_frontend/u_cmd_in/u_cmd_q/q\\.mem_reg[5][3]/CE
                            (rising edge-triggered cell FDRE clocked by clk_pl_0  {rise@0.000ns fall@5.000ns period=10.000ns})
  Path Group:             clk_pl_0
  Path Type:              Setup (Max at Slow Process Corner)
  Requirement:            10.000ns  (clk_pl_0 rise@10.000ns - clk_pl_0 rise@0.000ns)
  Data Path Delay:        6.913ns  (logic 0.338ns (4.889%)  route 6.575ns (95.111%))
  Logic Levels:           1  (LUT5=1)
  Clock Path Skew:        -0.091ns (DCD - SCD + CPR)
    Destination Clock Delay (DCD):    3.101ns = ( 13.101 - 10.000 ) 
    Source Clock Delay      (SCD):    3.441ns
    Clock Pessimism Removal (CPR):    0.248ns
  Clock Uncertainty:      0.160ns  ((TSJ^2 + DJ^2)^1/2) / 2 + PE
    Total System Jitter     (TSJ):    0.071ns
    Discrete Jitter          (DJ):    0.312ns
    Phase Error              (PE):    0.000ns
  Clock Net Delay (Source):      3.174ns (routing 1.681ns, distribution 1.493ns)
  Clock Net Delay (Destination): 2.885ns (routing 1.538ns, distribution 1.347ns)

    Location             Delay type                Incr(ns)  Path(ns)    Netlist Resource(s)
  -------------------------------------------------------------------    -------------------
                         (clock clk_pl_0 rise edge)
                                                      0.000     0.000 r  
    PS8_X0Y0             PS8                          0.000     0.000 r  pccx_v002_system_i/zynq_ps/inst/PS8_i/PLCLK[0]
                         net (fo=1, routed)           0.229     0.229    pccx_v002_system_i/zynq_ps/inst/pl_clk_unbuffered[0]
    BUFG_PS_X0Y90        BUFG_PS (Prop_BUFG_PS_I_O)
                                                      0.038     0.267 r  pccx_v002_system_i/zynq_ps/inst/buffer_pl_clk_0.PL_CLK_0_BUFG/O
    X1Y1 (CLOCK_ROOT)    net (fo=82465, routed)       3.174     3.441    pccx_v002_system_i/rst_axi/U0/slowest_sync_clk
    SLICE_X59Y84         FDRE                                         r  pccx_v002_system_i/rst_axi/U0/ACTIVE_LOW_PR_OUT_DFF[0].FDRE_PER_N/C
  -------------------------------------------------------------------    -------------------
    SLICE_X59Y84         FDRE (Prop_AFF_SLICEL_C_Q)
                                                      0.114     3.555 r  pccx_v002_system_i/rst_axi/U0/ACTIVE_LOW_PR_OUT_DFF[0].FDRE_PER_N/Q
                         net (fo=408, routed)         3.629     7.184    pccx_v002_system_i/u_npu/inst/u_wrap/u_pccx_npu_top/u_npu_controller_top/u_npu_frontend/u_cmd_in/u_cmd_q/lopt
    SLICE_X36Y139        LUT5 (Prop_A5LUT_SLICEL_I0_O)
                                                      0.224     7.408 r  pccx_v002_system_i/u_npu/inst/u_wrap/u_pccx_npu_top/u_npu_controller_top/u_npu_frontend/u_cmd_in/u_cmd_q/q\\.mem[5][63]_i_1/O
                         net (fo=63, routed)          2.946    10.354    pccx_v002_system_i/u_npu/inst/u_wrap/u_pccx_npu_top/u_npu_controller_top/u_npu_frontend/u_cmd_in/u_cmd_q/q\\.mem[5][63]_i_1_n_0
    SLICE_X57Y111        FDRE                                         r  pccx_v002_system_i/u_npu/inst/u_wrap/u_pccx_npu_top/u_npu_controller_top/u_npu_frontend/u_cmd_in/u_cmd_q/q\\.mem_reg[5][3]/CE
  -------------------------------------------------------------------    -------------------

                         (clock clk_pl_0 rise edge)
                                                     10.000    10.000 r  
    PS8_X0Y0             PS8                          0.000    10.000 r  pccx_v002_system_i/zynq_ps/inst/PS8_i/PLCLK[0]
                         net (fo=1, routed)           0.181    10.181    pccx_v002_system_i/zynq_ps/inst/pl_clk_unbuffered[0]
    BUFG_PS_X0Y90        BUFG_PS (Prop_BUFG_PS_I_O)
                                                      0.035    10.216 r  pccx_v002_system_i/zynq_ps/inst/buffer_pl_clk_0.PL_CLK_0_BUFG/O
    X1Y1 (CLOCK_ROOT)    net (fo=82465, routed)       2.885    13.101    pccx_v002_system_i/u_npu/inst/u_wrap/u_pccx_npu_top/u_npu_controller_top/u_npu_frontend/u_cmd_in/u_cmd_q/clk_core
    SLICE_X57Y111        FDRE                                         r  pccx_v002_system_i/u_npu/inst/u_wrap/u_pccx_npu_top/u_npu_controller_top/u_npu_frontend/u_cmd_in/u_cmd_q/q\\.mem_reg[5][3]/C
                         clock pessimism              0.248    13.349    
                         clock uncertainty           -0.160    13.189    
    SLICE_X57Y111        FDRE (Setup_GFF_SLICEL_C_CE)
                                                     -0.079    13.110    pccx_v002_system_i/u_npu/inst/u_wrap/u_pccx_npu_top/u_npu_controller_top/u_npu_frontend/u_cmd_in/u_cmd_q/q\\.mem_reg[5][3]
  -------------------------------------------------------------------
                         required time                         13.110    
                         arrival time                         -10.354    
  -------------------------------------------------------------------
                         slack                                  2.756    

Slack (MET) :             2.766ns  (required time - arrival time)
  Source:                 pccx_v002_system_i/u_npu/inst/u_wrap/u_pccx_npu_top/u_mem_dispatcher/u_l2_cache/npu_direct_cmd_q_reg/C
                            (rising edge-triggered cell FDRE clocked by clk_pl_0  {rise@0.000ns fall@5.000ns period=10.000ns})
  Destination:            pccx_v002_system_i/u_npu/inst/u_wrap/u_pccx_npu_top/u_mem_dispatcher/u_l2_cache/u_l2_uram/u_l2_uram/xpm_memory_base_inst/gen_wr_a.gen_word_narrow.mem_reg_uram_50/DIN_B[20]
                            (rising edge-triggered cell URAM288 clocked by clk_pl_0  {rise@0.000ns fall@5.000ns period=10.000ns})
  Path Group:             clk_pl_0
  Path Type:              Setup (Max at Slow Process Corner)
  Requirement:            10.000ns  (clk_pl_0 rise@10.000ns - clk_pl_0 rise@0.000ns)
  Data Path Delay:        6.460ns  (logic 0.266ns (4.117%)  route 6.194ns (95.883%))
  Logic Levels:           1  (LUT2=1)
  Clock Path Skew:        -0.184ns (DCD - SCD + CPR)
    Destination Clock Delay (DCD):    3.070ns = ( 13.070 - 10.000 ) 
    Source Clock Delay      (SCD):    3.448ns
    Clock Pessimism Removal (CPR):    0.194ns
  Clock Uncertainty:      0.160ns  ((TSJ^2 + DJ^2)^1/2) / 2 + PE
    Total System Jitter     (TSJ):    0.071ns
    Discrete Jitter          (DJ):    0.312ns
    Phase Error              (PE):    0.000ns
  Clock Net Delay (Source):      3.181ns (routing 1.681ns, distribution 1.500ns)
  Clock Net Delay (Destination): 2.854ns (routing 1.538ns, distribution 1.316ns)

    Location             Delay type                Incr(ns)  Path(ns)    Netlist Resource(s)
  -------------------------------------------------------------------    -------------------
                         (clock clk_pl_0 rise edge)
                                                      0.000     0.000 r  
    PS8_X0Y0             PS8                          0.000     0.000 r  pccx_v002_system_i/zynq_ps/inst/PS8_i/PLCLK[0]
                         net (fo=1, routed)           0.229     0.229    pccx_v002_system_i/zynq_ps/inst/pl_clk_unbuffered[0]
    BUFG_PS_X0Y90        BUFG_PS (Prop_BUFG_PS_I_O)
                                                      0.038     0.267 r  pccx_v002_system_i/zynq_ps/inst/buffer_pl_clk_0.PL_CLK_0_BUFG/O
    X1Y1 (CLOCK_ROOT)    net (fo=82465, routed)       3.181     3.448    pccx_v002_system_i/u_npu/inst/u_wrap/u_pccx_npu_top/u_mem_dispatcher/u_l2_cache/clk_core
    SLICE_X48Y184        FDRE                                         r  pccx_v002_system_i/u_npu/inst/u_wrap/u_pccx_npu_top/u_mem_dispatcher/u_l2_cache/npu_direct_cmd_q_reg/C
  -------------------------------------------------------------------    -------------------
    SLICE_X48Y184        FDRE (Prop_AFF_SLICEL_C_Q)
                                                      0.114     3.562 r  pccx_v002_system_i/u_npu/inst/u_wrap/u_pccx_npu_top/u_mem_dispatcher/u_l2_cache/npu_direct_cmd_q_reg/Q
                         net (fo=150, routed)         1.095     4.657    pccx_v002_system_i/u_npu/inst/u_wrap/u_pccx_npu_top/u_mem_dispatcher/u_l2_cache/u_l2_uram/gen_wr_a.gen_word_narrow.mem_reg_uram_0
    SLICE_X49Y217        LUT2 (Prop_A6LUT_SLICEL_I0_O)
                                                      0.152     4.809 r  pccx_v002_system_i/u_npu/inst/u_wrap/u_pccx_npu_top/u_mem_dispatcher/u_l2_cache/u_l2_uram/u_l2_uram_i_55/O
                         net (fo=14, routed)          5.099     9.908    pccx_v002_system_i/u_npu/inst/u_wrap/u_pccx_npu_top/u_mem_dispatcher/u_l2_cache/u_l2_uram/u_l2_uram/xpm_memory_base_inst/dinb[92]
    URAM288_X0Y8         URAM288                                      r  pccx_v002_system_i/u_npu/inst/u_wrap/u_pccx_npu_top/u_mem_dispatcher/u_l2_cache/u_l2_uram/u_l2_uram/xpm_memory_base_inst/gen_wr_a.gen_word_narrow.mem_reg_uram_50/DIN_B[20]
  -------------------------------------------------------------------    -------------------

                         (clock clk_pl_0 rise edge)
                                                     10.000    10.000 r  
    PS8_X0Y0             PS8                          0.000    10.000 r  pccx_v002_system_i/zynq_ps/inst/PS8_i/PLCLK[0]
                         net (fo=1, routed)           0.181    10.181    pccx_v002_system_i/zynq_ps/inst/pl_clk_unbuffered[0]
    BUFG_PS_X0Y90        BUFG_PS (Prop_BUFG_PS_I_O)
                                                      0.035    10.216 r  pccx_v002_system_i/zynq_ps/inst/buffer_pl_clk_0.PL_CLK_0_BUFG/O
    X1Y1 (CLOCK_ROOT)    net (fo=82465, routed)       2.854    13.070    pccx_v002_system_i/u_npu/inst/u_wrap/u_pccx_npu_top/u_mem_dispatcher/u_l2_cache/u_l2_uram/u_l2_uram/xpm_memory_base_inst/clka
    URAM288_X0Y8         URAM288                                      r  pccx_v002_system_i/u_npu/inst/u_wrap/u_pccx_npu_top/u_mem_dispatcher/u_l2_cache/u_l2_uram/u_l2_uram/xpm_memory_base_inst/gen_wr_a.gen_word_narrow.mem_reg_uram_50/CLK
                         clock pessimism              0.194    13.264    
                         clock uncertainty           -0.160    13.104    
    URAM288_X0Y8         URAM288 (Setup_URAM_288K_INST_URAM288_CLK_DIN_B[20])
                                                     -0.430    12.674    pccx_v002_system_i/u_npu/inst/u_wrap/u_pccx_npu_top/u_mem_dispatcher/u_l2_cache/u_l2_uram/u_l2_uram/xpm_memory_base_inst/gen_wr_a.gen_word_narrow.mem_reg_uram_50
  -------------------------------------------------------------------
                         required time                         12.674    
                         arrival time                          -9.908    
  -------------------------------------------------------------------
                         slack                                  2.766    

Slack (MET) :             2.797ns  (required time - arrival time)
  Source:                 pccx_v002_system_i/rst_axi/U0/ACTIVE_LOW_PR_OUT_DFF[0].FDRE_PER_N/C
                            (rising edge-triggered cell FDRE clocked by clk_pl_0  {rise@0.000ns fall@5.000ns period=10.000ns})
  Destination:            pccx_v002_system_i/u_npu/inst/u_wrap/u_pccx_npu_top/u_npu_controller_top/u_npu_frontend/u_cmd_in/u_cmd_q/q\\.mem_reg[2][11]/CE
                            (rising edge-triggered cell FDRE clocked by clk_pl_0  {rise@0.000ns fall@5.000ns period=10.000ns})
  Path Group:             clk_pl_0
  Path Type:              Setup (Max at Slow Process Corner)
  Requirement:            10.000ns  (clk_pl_0 rise@10.000ns - clk_pl_0 rise@0.000ns)
  Data Path Delay:        6.863ns  (logic 0.338ns (4.925%)  route 6.525ns (95.075%))
  Logic Levels:           1  (LUT5=1)
  Clock Path Skew:        -0.102ns (DCD - SCD + CPR)
    Destination Clock Delay (DCD):    3.090ns = ( 13.090 - 10.000 ) 
    Source Clock Delay      (SCD):    3.441ns
    Clock Pessimism Removal (CPR):    0.248ns
  Clock Uncertainty:      0.160ns  ((TSJ^2 + DJ^2)^1/2) / 2 + PE
    Total System Jitter     (TSJ):    0.071ns
    Discrete Jitter          (DJ):    0.312ns
    Phase Error              (PE):    0.000ns
  Clock Net Delay (Source):      3.174ns (routing 1.681ns, distribution 1.493ns)
  Clock Net Delay (Destination): 2.874ns (routing 1.538ns, distribution 1.336ns)

    Location             Delay type                Incr(ns)  Path(ns)    Netlist Resource(s)
  -------------------------------------------------------------------    -------------------
                         (clock clk_pl_0 rise edge)
                                                      0.000     0.000 r  
    PS8_X0Y0             PS8                          0.000     0.000 r  pccx_v002_system_i/zynq_ps/inst/PS8_i/PLCLK[0]
                         net (fo=1, routed)           0.229     0.229    pccx_v002_system_i/zynq_ps/inst/pl_clk_unbuffered[0]
    BUFG_PS_X0Y90        BUFG_PS (Prop_BUFG_PS_I_O)
                                                      0.038     0.267 r  pccx_v002_system_i/zynq_ps/inst/buffer_pl_clk_0.PL_CLK_0_BUFG/O
    X1Y1 (CLOCK_ROOT)    net (fo=82465, routed)       3.174     3.441    pccx_v002_system_i/rst_axi/U0/slowest_sync_clk
    SLICE_X59Y84         FDRE                                         r  pccx_v002_system_i/rst_axi/U0/ACTIVE_LOW_PR_OUT_DFF[0].FDRE_PER_N/C
  -------------------------------------------------------------------    -------------------
    SLICE_X59Y84         FDRE (Prop_AFF_SLICEL_C_Q)
                                                      0.114     3.555 r  pccx_v002_system_i/rst_axi/U0/ACTIVE_LOW_PR_OUT_DFF[0].FDRE_PER_N/Q
                         net (fo=408, routed)         3.646     7.200    pccx_v002_system_i/u_npu/inst/u_wrap/u_pccx_npu_top/u_npu_controller_top/u_npu_frontend/u_cmd_in/u_cmd_q/lopt
    SLICE_X36Y139        LUT5 (Prop_B6LUT_SLICEL_I0_O)
                                                      0.224     7.424 r  pccx_v002_system_i/u_npu/inst/u_wrap/u_pccx_npu_top/u_npu_controller_top/u_npu_frontend/u_cmd_in/u_cmd_q/q\\.mem[2][63]_i_1/O
                         net (fo=63, routed)          2.879    10.304    pccx_v002_system_i/u_npu/inst/u_wrap/u_pccx_npu_top/u_npu_controller_top/u_npu_frontend/u_cmd_in/u_cmd_q/q\\.mem[2][63]_i_1_n_0
    SLICE_X51Y114        FDRE                                         r  pccx_v002_system_i/u_npu/inst/u_wrap/u_pccx_npu_top/u_npu_controller_top/u_npu_frontend/u_cmd_in/u_cmd_q/q\\.mem_reg[2][11]/CE
  -------------------------------------------------------------------    -------------------

                         (clock clk_pl_0 rise edge)
                                                     10.000    10.000 r  
    PS8_X0Y0             PS8                          0.000    10.000 r  pccx_v002_system_i/zynq_ps/inst/PS8_i/PLCLK[0]
                         net (fo=1, routed)           0.181    10.181    pccx_v002_system_i/zynq_ps/inst/pl_clk_unbuffered[0]
    BUFG_PS_X0Y90        BUFG_PS (Prop_BUFG_PS_I_O)
                                                      0.035    10.216 r  pccx_v002_system_i/zynq_ps/inst/buffer_pl_clk_0.PL_CLK_0_BUFG/O
    X1Y1 (CLOCK_ROOT)    net (fo=82465, routed)       2.874    13.090    pccx_v002_system_i/u_npu/inst/u_wrap/u_pccx_npu_top/u_npu_controller_top/u_npu_frontend/u_cmd_in/u_cmd_q/clk_core
    SLICE_X51Y114        FDRE                                         r  pccx_v002_system_i/u_npu/inst/u_wrap/u_pccx_npu_top/u_npu_controller_top/u_npu_frontend/u_cmd_in/u_cmd_q/q\\.mem_reg[2][11]/C
                         clock pessimism              0.248    13.338    
                         clock uncertainty           -0.160    13.178    
    SLICE_X51Y114        FDRE (Setup_AFF2_SLICEL_C_CE)
                                                     -0.078    13.100    pccx_v002_system_i/u_npu/inst/u_wrap/u_pccx_npu_top/u_npu_controller_top/u_npu_frontend/u_cmd_in/u_cmd_q/q\\.mem_reg[2][11]
  -------------------------------------------------------------------
                         required time                         13.100    
                         arrival time                         -10.304    
  -------------------------------------------------------------------
                         slack                                  2.797    





Min Delay Paths
--------------------------------------------------------------------------------------
Slack (MET) :             0.010ns  (arrival time - required time)
  Source:                 pccx_v002_system_i/sc_axil/inst/m01_exit_pipeline/m01_exit/inst/w_reg/m_vector_i_reg[1054]/C
                            (rising edge-triggered cell FDRE clocked by clk_pl_0  {rise@0.000ns fall@5.000ns period=10.000ns})
  Destination:            pccx_v002_system_i/cmdsts_hp0/inst/u_body/wdata_q_reg[29]/D
                            (rising edge-triggered cell FDRE clocked by clk_pl_0  {rise@0.000ns fall@5.000ns period=10.000ns})
  Path Group:             clk_pl_0
  Path Type:              Hold (Min at Slow Process Corner)
  Requirement:            0.000ns  (clk_pl_0 rise@0.000ns - clk_pl_0 rise@0.000ns)
  Data Path Delay:        0.203ns  (logic 0.114ns (56.158%)  route 0.089ns (43.842%))
  Logic Levels:           0  
  Clock Path Skew:        0.090ns (DCD - SCD - CPR)
    Destination Clock Delay (DCD):    3.416ns
    Source Clock Delay      (SCD):    3.077ns
    Clock Pessimism Removal (CPR):    0.248ns
  Clock Net Delay (Source):      2.861ns (routing 1.538ns, distribution 1.323ns)
  Clock Net Delay (Destination): 3.149ns (routing 1.681ns, distribution 1.468ns)

    Location             Delay type                Incr(ns)  Path(ns)    Netlist Resource(s)
  -------------------------------------------------------------------    -------------------
                         (clock clk_pl_0 rise edge)
                                                      0.000     0.000 r  
    PS8_X0Y0             PS8                          0.000     0.000 r  pccx_v002_system_i/zynq_ps/inst/PS8_i/PLCLK[0]
                         net (fo=1, routed)           0.181     0.181    pccx_v002_system_i/zynq_ps/inst/pl_clk_unbuffered[0]
    BUFG_PS_X0Y90        BUFG_PS (Prop_BUFG_PS_I_O)
                                                      0.035     0.216 r  pccx_v002_system_i/zynq_ps/inst/buffer_pl_clk_0.PL_CLK_0_BUFG/O
    X1Y1 (CLOCK_ROOT)    net (fo=82465, routed)       2.861     3.077    pccx_v002_system_i/sc_axil/inst/m01_exit_pipeline/m01_exit/inst/w_reg/aclk
    SLICE_X50Y87         FDRE                                         r  pccx_v002_system_i/sc_axil/inst/m01_exit_pipeline/m01_exit/inst/w_reg/m_vector_i_reg[1054]/C
  -------------------------------------------------------------------    -------------------
    SLICE_X50Y87         FDRE (Prop_AFF2_SLICEL_C_Q)
                                                      0.114     3.191 r  pccx_v002_system_i/sc_axil/inst/m01_exit_pipeline/m01_exit/inst/w_reg/m_vector_i_reg[1054]/Q
                         net (fo=1, routed)           0.089     3.280    pccx_v002_system_i/cmdsts_hp0/inst/u_body/s_axil_wdata[29]
    SLICE_X49Y87         FDRE                                         r  pccx_v002_system_i/cmdsts_hp0/inst/u_body/wdata_q_reg[29]/D
  -------------------------------------------------------------------    -------------------

                         (clock clk_pl_0 rise edge)
                                                      0.000     0.000 r  
    PS8_X0Y0             PS8                          0.000     0.000 r  pccx_v002_system_i/zynq_ps/inst/PS8_i/PLCLK[0]
                         net (fo=1, routed)           0.229     0.229    pccx_v002_system_i/zynq_ps/inst/pl_clk_unbuffered[0]
    BUFG_PS_X0Y90        BUFG_PS (Prop_BUFG_PS_I_O)
                                                      0.038     0.267 r  pccx_v002_system_i/zynq_ps/inst/buffer_pl_clk_0.PL_CLK_0_BUFG/O
    X1Y1 (CLOCK_ROOT)    net (fo=82465, routed)       3.149     3.416    pccx_v002_system_i/cmdsts_hp0/inst/u_body/s_axil_aclk
    SLICE_X49Y87         FDRE                                         r  pccx_v002_system_i/cmdsts_hp0/inst/u_body/wdata_q_reg[29]/C
                         clock pessimism             -0.248     3.167    
    SLICE_X49Y87         FDRE (Hold_FFF2_SLICEL_C_D)
                                                      0.103     3.270    pccx_v002_system_i/cmdsts_hp0/inst/u_body/wdata_q_reg[29]
  -------------------------------------------------------------------
                         required time                         -3.270    
                         arrival time                           3.280    
  -------------------------------------------------------------------
                         slack                                  0.010    

Slack (MET) :             0.010ns  (arrival time - required time)
  Source:                 pccx_v002_system_i/u_npu/inst/u_wrap/u_pccx_npu_top/u_systolic_engine/u_compute_core/gemm_row_loop[17].gemm_col_loop[30].normal_row.dsp_unit/w_lower_reg_reg[1]/C
                            (rising edge-triggered cell FDRE clocked by clk_pl_0  {rise@0.000ns fall@5.000ns period=10.000ns})
  Destination:            pccx_v002_system_i/u_npu/inst/u_wrap/u_pccx_npu_top/u_systolic_engine/u_compute_core/gemm_row_loop[17].gemm_col_loop[31].normal_row.dsp_unit/w_lower_reg_reg[1]/D
                            (rising edge-triggered cell FDRE clocked by clk_pl_0  {rise@0.000ns fall@5.000ns period=10.000ns})
  Path Group:             clk_pl_0
  Path Type:              Hold (Min at Slow Process Corner)
  Requirement:            0.000ns  (clk_pl_0 rise@0.000ns - clk_pl_0 rise@0.000ns)
  Data Path Delay:        0.220ns  (logic 0.112ns (50.839%)  route 0.108ns (49.161%))
  Logic Levels:           0  
  Clock Path Skew:        0.108ns (DCD - SCD - CPR)
    Destination Clock Delay (DCD):    3.541ns
    Source Clock Delay      (SCD):    3.177ns
    Clock Pessimism Removal (CPR):    0.255ns
  Clock Net Delay (Source):      2.961ns (routing 1.538ns, distribution 1.423ns)
  Clock Net Delay (Destination): 3.274ns (routing 1.681ns, distribution 1.593ns)

    Location             Delay type                Incr(ns)  Path(ns)    Netlist Resource(s)
  -------------------------------------------------------------------    -------------------
                         (clock clk_pl_0 rise edge)
                                                      0.000     0.000 r  
    PS8_X0Y0             PS8                          0.000     0.000 r  pccx_v002_system_i/zynq_ps/inst/PS8_i/PLCLK[0]
                         net (fo=1, routed)           0.181     0.181    pccx_v002_system_i/zynq_ps/inst/pl_clk_unbuffered[0]
    BUFG_PS_X0Y90        BUFG_PS (Prop_BUFG_PS_I_O)
                                                      0.035     0.216 r  pccx_v002_system_i/zynq_ps/inst/buffer_pl_clk_0.PL_CLK_0_BUFG/O
    X1Y1 (CLOCK_ROOT)    net (fo=82465, routed)       2.961     3.177    pccx_v002_system_i/u_npu/inst/u_wrap/u_pccx_npu_top/u_systolic_engine/u_compute_core/gemm_row_loop[17].gemm_col_loop[30].normal_row.dsp_unit/clk_core
    SLICE_X13Y179        FDRE                                         r  pccx_v002_system_i/u_npu/inst/u_wrap/u_pccx_npu_top/u_systolic_engine/u_compute_core/gemm_row_loop[17].gemm_col_loop[30].normal_row.dsp_unit/w_lower_reg_reg[1]/C
  -------------------------------------------------------------------    -------------------
    SLICE_X13Y179        FDRE (Prop_EFF_SLICEM_C_Q)
                                                      0.112     3.289 r  pccx_v002_system_i/u_npu/inst/u_wrap/u_pccx_npu_top/u_systolic_engine/u_compute_core/gemm_row_loop[17].gemm_col_loop[30].normal_row.dsp_unit/w_lower_reg_reg[1]/Q
                         net (fo=2, routed)           0.108     3.397    pccx_v002_system_i/u_npu/inst/u_wrap/u_pccx_npu_top/u_systolic_engine/u_compute_core/gemm_row_loop[17].gemm_col_loop[31].normal_row.dsp_unit/w_lower_reg_reg[3]_1[1]
    SLICE_X15Y179        FDRE                                         r  pccx_v002_system_i/u_npu/inst/u_wrap/u_pccx_npu_top/u_systolic_engine/u_compute_core/gemm_row_loop[17].gemm_col_loop[31].normal_row.dsp_unit/w_lower_reg_reg[1]/D
  -------------------------------------------------------------------    -------------------

                         (clock clk_pl_0 rise edge)
                                                      0.000     0.000 r  
    PS8_X0Y0             PS8                          0.000     0.000 r  pccx_v002_system_i/zynq_ps/inst/PS8_i/PLCLK[0]
                         net (fo=1, routed)           0.229     0.229    pccx_v002_system_i/zynq_ps/inst/pl_clk_unbuffered[0]
    BUFG_PS_X0Y90        BUFG_PS (Prop_BUFG_PS_I_O)
                                                      0.038     0.267 r  pccx_v002_system_i/zynq_ps/inst/buffer_pl_clk_0.PL_CLK_0_BUFG/O
    X1Y1 (CLOCK_ROOT)    net (fo=82465, routed)       3.274     3.541    pccx_v002_system_i/u_npu/inst/u_wrap/u_pccx_npu_top/u_systolic_engine/u_compute_core/gemm_row_loop[17].gemm_col_loop[31].normal_row.dsp_unit/clk_core
    SLICE_X15Y179        FDRE                                         r  pccx_v002_system_i/u_npu/inst/u_wrap/u_pccx_npu_top/u_systolic_engine/u_compute_core/gemm_row_loop[17].gemm_col_loop[31].normal_row.dsp_unit/w_lower_reg_reg[1]/C
                         clock pessimism             -0.255     3.286    
    SLICE_X15Y179        FDRE (Hold_EFF2_SLICEL_C_D)
                                                      0.102     3.388    pccx_v002_system_i/u_npu/inst/u_wrap/u_pccx_npu_top/u_systolic_engine/u_compute_core/gemm_row_loop[17].gemm_col_loop[31].normal_row.dsp_unit/w_lower_reg_reg[1]
  -------------------------------------------------------------------
                         required time                         -3.388    
                         arrival time                           3.397    
  -------------------------------------------------------------------
                         slack                                  0.010    

Slack (MET) :             0.010ns  (arrival time - required time)
  Source:                 pccx_v002_system_i/sc_axil/inst/m00_exit_pipeline/m00_exit/inst/splitter_inst/gen_axi4lite.axilite_conv/s_axi_rdata_i_reg[23]/C
                            (rising edge-triggered cell FDRE clocked by clk_pl_0  {rise@0.000ns fall@5.000ns period=10.000ns})
  Destination:            pccx_v002_system_i/sc_axil/inst/m00_nodes/m00_r_node/inst/inst_mi_handler/gen_normal_area.gen_upsizer.inst_upsizer/gen_r_ch.accum_reg[bytes][2][userdata][7]/D
                            (rising edge-triggered cell FDRE clocked by clk_pl_0  {rise@0.000ns fall@5.000ns period=10.000ns})
  Path Group:             clk_pl_0
  Path Type:              Hold (Min at Slow Process Corner)
  Requirement:            0.000ns  (clk_pl_0 rise@0.000ns - clk_pl_0 rise@0.000ns)
  Data Path Delay:        0.225ns  (logic 0.115ns (51.036%)  route 0.110ns (48.964%))
  Logic Levels:           0  
  Clock Path Skew:        0.114ns (DCD - SCD - CPR)
    Destination Clock Delay (DCD):    3.319ns
    Source Clock Delay      (SCD):    3.010ns
    Clock Pessimism Removal (CPR):    0.194ns
  Clock Net Delay (Source):      2.794ns (routing 1.538ns, distribution 1.256ns)
  Clock Net Delay (Destination): 3.052ns (routing 1.681ns, distribution 1.371ns)

    Location             Delay type                Incr(ns)  Path(ns)    Netlist Resource(s)
  -------------------------------------------------------------------    -------------------
                         (clock clk_pl_0 rise edge)
                                                      0.000     0.000 r  
    PS8_X0Y0             PS8                          0.000     0.000 r  pccx_v002_system_i/zynq_ps/inst/PS8_i/PLCLK[0]
                         net (fo=1, routed)           0.181     0.181    pccx_v002_system_i/zynq_ps/inst/pl_clk_unbuffered[0]
    BUFG_PS_X0Y90        BUFG_PS (Prop_BUFG_PS_I_O)
                                                      0.035     0.216 r  pccx_v002_system_i/zynq_ps/inst/buffer_pl_clk_0.PL_CLK_0_BUFG/O
    X1Y1 (CLOCK_ROOT)    net (fo=82465, routed)       2.794     3.010    pccx_v002_system_i/sc_axil/inst/m00_exit_pipeline/m00_exit/inst/splitter_inst/gen_axi4lite.axilite_conv/aclk
    SLICE_X25Y120        FDRE                                         r  pccx_v002_system_i/sc_axil/inst/m00_exit_pipeline/m00_exit/inst/splitter_inst/gen_axi4lite.axilite_conv/s_axi_rdata_i_reg[23]/C
  -------------------------------------------------------------------    -------------------
    SLICE_X25Y120        FDRE (Prop_DFF2_SLICEM_C_Q)
                                                      0.115     3.125 r  pccx_v002_system_i/sc_axil/inst/m00_exit_pipeline/m00_exit/inst/splitter_inst/gen_axi4lite.axilite_conv/s_axi_rdata_i_reg[23]/Q
                         net (fo=2, routed)           0.110     3.236    pccx_v002_system_i/sc_axil/inst/m00_nodes/m00_r_node/inst/inst_mi_handler/gen_normal_area.gen_upsizer.inst_upsizer/s_sc_payld[29]
    SLICE_X25Y119        FDRE                                         r  pccx_v002_system_i/sc_axil/inst/m00_nodes/m00_r_node/inst/inst_mi_handler/gen_normal_area.gen_upsizer.inst_upsizer/gen_r_ch.accum_reg[bytes][2][userdata][7]/D
  -------------------------------------------------------------------    -------------------

                         (clock clk_pl_0 rise edge)
                                                      0.000     0.000 r  
    PS8_X0Y0             PS8                          0.000     0.000 r  pccx_v002_system_i/zynq_ps/inst/PS8_i/PLCLK[0]
                         net (fo=1, routed)           0.229     0.229    pccx_v002_system_i/zynq_ps/inst/pl_clk_unbuffered[0]
    BUFG_PS_X0Y90        BUFG_PS (Prop_BUFG_PS_I_O)
                                                      0.038     0.267 r  pccx_v002_system_i/zynq_ps/inst/buffer_pl_clk_0.PL_CLK_0_BUFG/O
    X1Y1 (CLOCK_ROOT)    net (fo=82465, routed)       3.052     3.319    pccx_v002_system_i/sc_axil/inst/m00_nodes/m00_r_node/inst/inst_mi_handler/gen_normal_area.gen_upsizer.inst_upsizer/s_sc_aclk
    SLICE_X25Y119        FDRE                                         r  pccx_v002_system_i/sc_axil/inst/m00_nodes/m00_r_node/inst/inst_mi_handler/gen_normal_area.gen_upsizer.inst_upsizer/gen_r_ch.accum_reg[bytes][2][userdata][7]/C
                         clock pessimism             -0.194     3.125    
    SLICE_X25Y119        FDRE (Hold_HFF_SLICEM_C_D)
                                                      0.101     3.226    pccx_v002_system_i/sc_axil/inst/m00_nodes/m00_r_node/inst/inst_mi_handler/gen_normal_area.gen_upsizer.inst_upsizer/gen_r_ch.accum_reg[bytes][2][userdata][7]
  -------------------------------------------------------------------
                         required time                         -3.226    
                         arrival time                           3.236    
  -------------------------------------------------------------------
                         slack                                  0.010    

Slack (MET) :             0.010ns  (arrival time - required time)
  Source:                 pccx_v002_system_i/sc_hp0_stage0/inst/s01_entry_pipeline/s01_mmu/inst/ar_sreg/m_vector_i_reg[1088]/C
                            (rising edge-triggered cell FDRE clocked by clk_pl_0  {rise@0.000ns fall@5.000ns period=10.000ns})
  Destination:            pccx_v002_system_i/sc_hp0_stage0/inst/s01_entry_pipeline/s01_mmu/inst/ar_reg_stall/skid_buffer_reg[1088]/D
                            (rising edge-triggered cell FDRE clocked by clk_pl_0  {rise@0.000ns fall@5.000ns period=10.000ns})
  Path Group:             clk_pl_0
  Path Type:              Hold (Min at Slow Process Corner)
  Requirement:            0.000ns  (clk_pl_0 rise@0.000ns - clk_pl_0 rise@0.000ns)
  Data Path Delay:        0.309ns  (logic 0.113ns (36.556%)  route 0.196ns (63.444%))
  Logic Levels:           0  
  Clock Path Skew:        0.198ns (DCD - SCD - CPR)
    Destination Clock Delay (DCD):    3.377ns
    Source Clock Delay      (SCD):    2.936ns
    Clock Pessimism Removal (CPR):    0.242ns
  Clock Net Delay (Source):      2.720ns (routing 1.538ns, distribution 1.182ns)
  Clock Net Delay (Destination): 3.110ns (routing 1.681ns, distribution 1.429ns)

    Location             Delay type                Incr(ns)  Path(ns)    Netlist Resource(s)
  -------------------------------------------------------------------    -------------------
                         (clock clk_pl_0 rise edge)
                                                      0.000     0.000 r  
    PS8_X0Y0             PS8                          0.000     0.000 r  pccx_v002_system_i/zynq_ps/inst/PS8_i/PLCLK[0]
                         net (fo=1, routed)           0.181     0.181    pccx_v002_system_i/zynq_ps/inst/pl_clk_unbuffered[0]
    BUFG_PS_X0Y90        BUFG_PS (Prop_BUFG_PS_I_O)
                                                      0.035     0.216 r  pccx_v002_system_i/zynq_ps/inst/buffer_pl_clk_0.PL_CLK_0_BUFG/O
    X1Y1 (CLOCK_ROOT)    net (fo=82465, routed)       2.720     2.936    pccx_v002_system_i/sc_hp0_stage0/inst/s01_entry_pipeline/s01_mmu/inst/ar_sreg/aclk
    SLICE_X39Y49         FDRE                                         r  pccx_v002_system_i/sc_hp0_stage0/inst/s01_entry_pipeline/s01_mmu/inst/ar_sreg/m_vector_i_reg[1088]/C
  -------------------------------------------------------------------    -------------------
    SLICE_X39Y49         FDRE (Prop_BFF2_SLICEL_C_Q)
                                                      0.113     3.049 r  pccx_v002_system_i/sc_hp0_stage0/inst/s01_entry_pipeline/s01_mmu/inst/ar_sreg/m_vector_i_reg[1088]/Q
                         net (fo=2, routed)           0.196     3.245    pccx_v002_system_i/sc_hp0_stage0/inst/s01_entry_pipeline/s01_mmu/inst/ar_reg_stall/skid_buffer_reg[1144]_0[32]
    SLICE_X42Y49         FDRE                                         r  pccx_v002_system_i/sc_hp0_stage0/inst/s01_entry_pipeline/s01_mmu/inst/ar_reg_stall/skid_buffer_reg[1088]/D
  -------------------------------------------------------------------    -------------------

                         (clock clk_pl_0 rise edge)
                                                      0.000     0.000 r  
    PS8_X0Y0             PS8                          0.000     0.000 r  pccx_v002_system_i/zynq_ps/inst/PS8_i/PLCLK[0]
                         net (fo=1, routed)           0.229     0.229    pccx_v002_system_i/zynq_ps/inst/pl_clk_unbuffered[0]
    BUFG_PS_X0Y90        BUFG_PS (Prop_BUFG_PS_I_O)
                                                      0.038     0.267 r  pccx_v002_system_i/zynq_ps/inst/buffer_pl_clk_0.PL_CLK_0_BUFG/O
    X1Y1 (CLOCK_ROOT)    net (fo=82465, routed)       3.110     3.377    pccx_v002_system_i/sc_hp0_stage0/inst/s01_entry_pipeline/s01_mmu/inst/ar_reg_stall/aclk
    SLICE_X42Y49         FDRE                                         r  pccx_v002_system_i/sc_hp0_stage0/inst/s01_entry_pipeline/s01_mmu/inst/ar_reg_stall/skid_buffer_reg[1088]/C
                         clock pessimism             -0.242     3.134    
    SLICE_X42Y49         FDRE (Hold_GFF_SLICEL_C_D)
                                                      0.101     3.235    pccx_v002_system_i/sc_hp0_stage0/inst/s01_entry_pipeline/s01_mmu/inst/ar_reg_stall/skid_buffer_reg[1088]
  -------------------------------------------------------------------
                         required time                         -3.235    
                         arrival time                           3.245    
  -------------------------------------------------------------------
                         slack                                  0.010    

Slack (MET) :             0.010ns  (arrival time - required time)
  Source:                 pccx_v002_system_i/sc_axil/inst/m04_exit_pipeline/m04_exit/inst/w_reg/m_vector_i_reg[2049]/C
                            (rising edge-triggered cell FDRE clocked by clk_pl_0  {rise@0.000ns fall@5.000ns period=10.000ns})
  Destination:            pccx_v002_system_i/cmdsts_hp3/inst/u_body/wstrb_q_reg[0]/D
                            (rising edge-triggered cell FDRE clocked by clk_pl_0  {rise@0.000ns fall@5.000ns period=10.000ns})
  Path Group:             clk_pl_0
  Path Type:              Hold (Min at Slow Process Corner)
  Requirement:            0.000ns  (clk_pl_0 rise@0.000ns - clk_pl_0 rise@0.000ns)
  Data Path Delay:        0.240ns  (logic 0.111ns (46.250%)  route 0.129ns (53.750%))
  Logic Levels:           0  
  Clock Path Skew:        0.129ns (DCD - SCD - CPR)
    Destination Clock Delay (DCD):    3.587ns
    Source Clock Delay      (SCD):    3.209ns
    Clock Pessimism Removal (CPR):    0.249ns
  Clock Net Delay (Source):      2.993ns (routing 1.538ns, distribution 1.455ns)
  Clock Net Delay (Destination): 3.320ns (routing 1.681ns, distribution 1.639ns)

    Location             Delay type                Incr(ns)  Path(ns)    Netlist Resource(s)
  -------------------------------------------------------------------    -------------------
                         (clock clk_pl_0 rise edge)
                                                      0.000     0.000 r  
    PS8_X0Y0             PS8                          0.000     0.000 r  pccx_v002_system_i/zynq_ps/inst/PS8_i/PLCLK[0]
                         net (fo=1, routed)           0.181     0.181    pccx_v002_system_i/zynq_ps/inst/pl_clk_unbuffered[0]
    BUFG_PS_X0Y90        BUFG_PS (Prop_BUFG_PS_I_O)
                                                      0.035     0.216 r  pccx_v002_system_i/zynq_ps/inst/buffer_pl_clk_0.PL_CLK_0_BUFG/O
    X1Y1 (CLOCK_ROOT)    net (fo=82465, routed)       2.993     3.209    pccx_v002_system_i/sc_axil/inst/m04_exit_pipeline/m04_exit/inst/w_reg/aclk
    SLICE_X7Y183         FDRE                                         r  pccx_v002_system_i/sc_axil/inst/m04_exit_pipeline/m04_exit/inst/w_reg/m_vector_i_reg[2049]/C
  -------------------------------------------------------------------    -------------------
    SLICE_X7Y183         FDRE (Prop_BFF_SLICEM_C_Q)
                                                      0.111     3.320 r  pccx_v002_system_i/sc_axil/inst/m04_exit_pipeline/m04_exit/inst/w_reg/m_vector_i_reg[2049]/Q
                         net (fo=1, routed)           0.129     3.449    pccx_v002_system_i/cmdsts_hp3/inst/u_body/s_axil_wstrb[0]
    SLICE_X6Y182         FDRE                                         r  pccx_v002_system_i/cmdsts_hp3/inst/u_body/wstrb_q_reg[0]/D
  -------------------------------------------------------------------    -------------------

                         (clock clk_pl_0 rise edge)
                                                      0.000     0.000 r  
    PS8_X0Y0             PS8                          0.000     0.000 r  pccx_v002_system_i/zynq_ps/inst/PS8_i/PLCLK[0]
                         net (fo=1, routed)           0.229     0.229    pccx_v002_system_i/zynq_ps/inst/pl_clk_unbuffered[0]
    BUFG_PS_X0Y90        BUFG_PS (Prop_BUFG_PS_I_O)
                                                      0.038     0.267 r  pccx_v002_system_i/zynq_ps/inst/buffer_pl_clk_0.PL_CLK_0_BUFG/O
    X1Y1 (CLOCK_ROOT)    net (fo=82465, routed)       3.320     3.587    pccx_v002_system_i/cmdsts_hp3/inst/u_body/s_axil_aclk
    SLICE_X6Y182         FDRE                                         r  pccx_v002_system_i/cmdsts_hp3/inst/u_body/wstrb_q_reg[0]/C
                         clock pessimism             -0.249     3.338    
    SLICE_X6Y182         FDRE (Hold_CFF_SLICEL_C_D)
                                                      0.101     3.439    pccx_v002_system_i/cmdsts_hp3/inst/u_body/wstrb_q_reg[0]
  -------------------------------------------------------------------
                         required time                         -3.439    
                         arrival time                           3.449    
  -------------------------------------------------------------------
                         slack                                  0.010    

Slack (MET) :             0.010ns  (arrival time - required time)
  Source:                 pccx_v002_system_i/sc_axil/inst/m04_nodes/m04_aw_node/inst/inst_mi_handler/gen_normal_area.gen_node_prog_full.inst_node_prog_full/gen_xpm_memory_fifo.inst_fifo/gen_wr.afull_r_reg/C
                            (rising edge-triggered cell FDSE clocked by clk_pl_0  {rise@0.000ns fall@5.000ns period=10.000ns})
  Destination:            pccx_v002_system_i/sc_axil/inst/m04_nodes/m04_aw_node/inst/inst_si_handler/arb_stall_r_reg/D
                            (rising edge-triggered cell FDSE clocked by clk_pl_0  {rise@0.000ns fall@5.000ns period=10.000ns})
  Path Group:             clk_pl_0
  Path Type:              Hold (Min at Slow Process Corner)
  Requirement:            0.000ns  (clk_pl_0 rise@0.000ns - clk_pl_0 rise@0.000ns)
  Data Path Delay:        0.222ns  (logic 0.112ns (50.450%)  route 0.110ns (49.550%))
  Logic Levels:           0  
  Clock Path Skew:        0.111ns (DCD - SCD - CPR)
    Destination Clock Delay (DCD):    3.524ns
    Source Clock Delay      (SCD):    3.158ns
    Clock Pessimism Removal (CPR):    0.255ns
  Clock Net Delay (Source):      2.942ns (routing 1.538ns, distribution 1.404ns)
  Clock Net Delay (Destination): 3.257ns (routing 1.681ns, distribution 1.576ns)

    Location             Delay type                Incr(ns)  Path(ns)    Netlist Resource(s)
  -------------------------------------------------------------------    -------------------
                         (clock clk_pl_0 rise edge)
                                                      0.000     0.000 r  
    PS8_X0Y0             PS8                          0.000     0.000 r  pccx_v002_system_i/zynq_ps/inst/PS8_i/PLCLK[0]
                         net (fo=1, routed)           0.181     0.181    pccx_v002_system_i/zynq_ps/inst/pl_clk_unbuffered[0]
    BUFG_PS_X0Y90        BUFG_PS (Prop_BUFG_PS_I_O)
                                                      0.035     0.216 r  pccx_v002_system_i/zynq_ps/inst/buffer_pl_clk_0.PL_CLK_0_BUFG/O
    X1Y1 (CLOCK_ROOT)    net (fo=82465, routed)       2.942     3.158    pccx_v002_system_i/sc_axil/inst/m04_nodes/m04_aw_node/inst/inst_mi_handler/gen_normal_area.gen_node_prog_full.inst_node_prog_full/gen_xpm_memory_fifo.inst_fifo/s_sc_aclk
    SLICE_X17Y172        FDSE                                         r  pccx_v002_system_i/sc_axil/inst/m04_nodes/m04_aw_node/inst/inst_mi_handler/gen_normal_area.gen_node_prog_full.inst_node_prog_full/gen_xpm_memory_fifo.inst_fifo/gen_wr.afull_r_reg/C
  -------------------------------------------------------------------    -------------------
    SLICE_X17Y172        FDSE (Prop_DFF_SLICEM_C_Q)
                                                      0.112     3.270 r  pccx_v002_system_i/sc_axil/inst/m04_nodes/m04_aw_node/inst/inst_mi_handler/gen_normal_area.gen_node_prog_full.inst_node_prog_full/gen_xpm_memory_fifo.inst_fifo/gen_wr.afull_r_reg/Q
                         net (fo=1, routed)           0.110     3.380    pccx_v002_system_i/sc_axil/inst/m04_nodes/m04_aw_node/inst/inst_si_handler/gen_wr.afull_r
    SLICE_X16Y172        FDSE                                         r  pccx_v002_system_i/sc_axil/inst/m04_nodes/m04_aw_node/inst/inst_si_handler/arb_stall_r_reg/D
  -------------------------------------------------------------------    -------------------

                         (clock clk_pl_0 rise edge)
                                                      0.000     0.000 r  
    PS8_X0Y0             PS8                          0.000     0.000 r  pccx_v002_system_i/zynq_ps/inst/PS8_i/PLCLK[0]
                         net (fo=1, routed)           0.229     0.229    pccx_v002_system_i/zynq_ps/inst/pl_clk_unbuffered[0]
    BUFG_PS_X0Y90        BUFG_PS (Prop_BUFG_PS_I_O)
                                                      0.038     0.267 r  pccx_v002_system_i/zynq_ps/inst/buffer_pl_clk_0.PL_CLK_0_BUFG/O
    X1Y1 (CLOCK_ROOT)    net (fo=82465, routed)       3.257     3.524    pccx_v002_system_i/sc_axil/inst/m04_nodes/m04_aw_node/inst/inst_si_handler/s_sc_aclk
    SLICE_X16Y172        FDSE                                         r  pccx_v002_system_i/sc_axil/inst/m04_nodes/m04_aw_node/inst/inst_si_handler/arb_stall_r_reg/C
                         clock pessimism             -0.255     3.269    
    SLICE_X16Y172        FDSE (Hold_EFF_SLICEL_C_D)
                                                      0.101     3.370    pccx_v002_system_i/sc_axil/inst/m04_nodes/m04_aw_node/inst/inst_si_handler/arb_stall_r_reg
  -------------------------------------------------------------------
                         required time                         -3.370    
                         arrival time                           3.380    
  -------------------------------------------------------------------
                         slack                                  0.010    

Slack (MET) :             0.011ns  (arrival time - required time)
  Source:                 pccx_v002_system_i/u_npu/inst/u_wrap/u_pccx_npu_top/gen_norm[9].u_norm_seq/s1_abs_data_reg[0]/C
                            (rising edge-triggered cell FDRE clocked by clk_pl_0  {rise@0.000ns fall@5.000ns period=10.000ns})
  Destination:            pccx_v002_system_i/u_npu/inst/u_wrap/u_pccx_npu_top/gen_norm[9].u_norm_seq/s2_abs_data_reg[0]/D
                            (rising edge-triggered cell FDRE clocked by clk_pl_0  {rise@0.000ns fall@5.000ns period=10.000ns})
  Path Group:             clk_pl_0
  Path Type:              Hold (Min at Slow Process Corner)
  Requirement:            0.000ns  (clk_pl_0 rise@0.000ns - clk_pl_0 rise@0.000ns)
  Data Path Delay:        0.226ns  (logic 0.112ns (49.558%)  route 0.114ns (50.443%))
  Logic Levels:           0  
  Clock Path Skew:        0.113ns (DCD - SCD - CPR)
    Destination Clock Delay (DCD):    3.325ns
    Source Clock Delay      (SCD):    2.968ns
    Clock Pessimism Removal (CPR):    0.243ns
  Clock Net Delay (Source):      2.752ns (routing 1.538ns, distribution 1.214ns)
  Clock Net Delay (Destination): 3.058ns (routing 1.681ns, distribution 1.377ns)

    Location             Delay type                Incr(ns)  Path(ns)    Netlist Resource(s)
  -------------------------------------------------------------------    -------------------
                         (clock clk_pl_0 rise edge)
                                                      0.000     0.000 r  
    PS8_X0Y0             PS8                          0.000     0.000 r  pccx_v002_system_i/zynq_ps/inst/PS8_i/PLCLK[0]
                         net (fo=1, routed)           0.181     0.181    pccx_v002_system_i/zynq_ps/inst/pl_clk_unbuffered[0]
    BUFG_PS_X0Y90        BUFG_PS (Prop_BUFG_PS_I_O)
                                                      0.035     0.216 r  pccx_v002_system_i/zynq_ps/inst/buffer_pl_clk_0.PL_CLK_0_BUFG/O
    X1Y1 (CLOCK_ROOT)    net (fo=82465, routed)       2.752     2.968    pccx_v002_system_i/u_npu/inst/u_wrap/u_pccx_npu_top/gen_norm[9].u_norm_seq/clk_core
    SLICE_X34Y222        FDRE                                         r  pccx_v002_system_i/u_npu/inst/u_wrap/u_pccx_npu_top/gen_norm[9].u_norm_seq/s1_abs_data_reg[0]/C
  -------------------------------------------------------------------    -------------------
    SLICE_X34Y222        FDRE (Prop_AFF_SLICEM_C_Q)
                                                      0.112     3.080 r  pccx_v002_system_i/u_npu/inst/u_wrap/u_pccx_npu_top/gen_norm[9].u_norm_seq/s1_abs_data_reg[0]/Q
                         net (fo=1, routed)           0.114     3.194    pccx_v002_system_i/u_npu/inst/u_wrap/u_pccx_npu_top/gen_norm[9].u_norm_seq/s1_abs_data_reg_n_0_[0]
    SLICE_X32Y222        FDRE                                         r  pccx_v002_system_i/u_npu/inst/u_wrap/u_pccx_npu_top/gen_norm[9].u_norm_seq/s2_abs_data_reg[0]/D
  -------------------------------------------------------------------    -------------------

                         (clock clk_pl_0 rise edge)
                                                      0.000     0.000 r  
    PS8_X0Y0             PS8                          0.000     0.000 r  pccx_v002_system_i/zynq_ps/inst/PS8_i/PLCLK[0]
                         net (fo=1, routed)           0.229     0.229    pccx_v002_system_i/zynq_ps/inst/pl_clk_unbuffered[0]
    BUFG_PS_X0Y90        BUFG_PS (Prop_BUFG_PS_I_O)
                                                      0.038     0.267 r  pccx_v002_system_i/zynq_ps/inst/buffer_pl_clk_0.PL_CLK_0_BUFG/O
    X1Y1 (CLOCK_ROOT)    net (fo=82465, routed)       3.058     3.325    pccx_v002_system_i/u_npu/inst/u_wrap/u_pccx_npu_top/gen_norm[9].u_norm_seq/clk_core
    SLICE_X32Y222        FDRE                                         r  pccx_v002_system_i/u_npu/inst/u_wrap/u_pccx_npu_top/gen_norm[9].u_norm_seq/s2_abs_data_reg[0]/C
                         clock pessimism             -0.243     3.082    
    SLICE_X32Y222        FDRE (Hold_AFF2_SLICEM_C_D)
                                                      0.102     3.184    pccx_v002_system_i/u_npu/inst/u_wrap/u_pccx_npu_top/gen_norm[9].u_norm_seq/s2_abs_data_reg[0]
  -------------------------------------------------------------------
                         required time                         -3.184    
                         arrival time                           3.194    
  -------------------------------------------------------------------
                         slack                                  0.011    

Slack (MET) :             0.011ns  (arrival time - required time)
  Source:                 pccx_v002_system_i/sc_axil/inst/m04_exit_pipeline/m04_exit/inst/w_reg/m_vector_i_reg[1033]/C
                            (rising edge-triggered cell FDRE clocked by clk_pl_0  {rise@0.000ns fall@5.000ns period=10.000ns})
  Destination:            pccx_v002_system_i/cmdsts_hp3/inst/u_body/wdata_q_reg[8]/D
                            (rising edge-triggered cell FDRE clocked by clk_pl_0  {rise@0.000ns fall@5.000ns period=10.000ns})
  Path Group:             clk_pl_0
  Path Type:              Hold (Min at Slow Process Corner)
  Requirement:            0.000ns  (clk_pl_0 rise@0.000ns - clk_pl_0 rise@0.000ns)
  Data Path Delay:        0.286ns  (logic 0.111ns (38.811%)  route 0.175ns (61.189%))
  Logic Levels:           0  
  Clock Path Skew:        0.173ns (DCD - SCD - CPR)
    Destination Clock Delay (DCD):    3.584ns
    Source Clock Delay      (SCD):    3.209ns
    Clock Pessimism Removal (CPR):    0.201ns
  Clock Net Delay (Source):      2.993ns (routing 1.538ns, distribution 1.455ns)
  Clock Net Delay (Destination): 3.317ns (routing 1.681ns, distribution 1.636ns)

    Location             Delay type                Incr(ns)  Path(ns)    Netlist Resource(s)
  -------------------------------------------------------------------    -------------------
                         (clock clk_pl_0 rise edge)
                                                      0.000     0.000 r  
    PS8_X0Y0             PS8                          0.000     0.000 r  pccx_v002_system_i/zynq_ps/inst/PS8_i/PLCLK[0]
                         net (fo=1, routed)           0.181     0.181    pccx_v002_system_i/zynq_ps/inst/pl_clk_unbuffered[0]
    BUFG_PS_X0Y90        BUFG_PS (Prop_BUFG_PS_I_O)
                                                      0.035     0.216 r  pccx_v002_system_i/zynq_ps/inst/buffer_pl_clk_0.PL_CLK_0_BUFG/O
    X1Y1 (CLOCK_ROOT)    net (fo=82465, routed)       2.993     3.209    pccx_v002_system_i/sc_axil/inst/m04_exit_pipeline/m04_exit/inst/w_reg/aclk
    SLICE_X7Y182         FDRE                                         r  pccx_v002_system_i/sc_axil/inst/m04_exit_pipeline/m04_exit/inst/w_reg/m_vector_i_reg[1033]/C
  -------------------------------------------------------------------    -------------------
    SLICE_X7Y182         FDRE (Prop_BFF_SLICEM_C_Q)
                                                      0.111     3.320 r  pccx_v002_system_i/sc_axil/inst/m04_exit_pipeline/m04_exit/inst/w_reg/m_vector_i_reg[1033]/Q
                         net (fo=1, routed)           0.175     3.495    pccx_v002_system_i/cmdsts_hp3/inst/u_body/s_axil_wdata[8]
    SLICE_X5Y178         FDRE                                         r  pccx_v002_system_i/cmdsts_hp3/inst/u_body/wdata_q_reg[8]/D
  -------------------------------------------------------------------    -------------------

                         (clock clk_pl_0 rise edge)
                                                      0.000     0.000 r  
    PS8_X0Y0             PS8                          0.000     0.000 r  pccx_v002_system_i/zynq_ps/inst/PS8_i/PLCLK[0]
                         net (fo=1, routed)           0.229     0.229    pccx_v002_system_i/zynq_ps/inst/pl_clk_unbuffered[0]
    BUFG_PS_X0Y90        BUFG_PS (Prop_BUFG_PS_I_O)
                                                      0.038     0.267 r  pccx_v002_system_i/zynq_ps/inst/buffer_pl_clk_0.PL_CLK_0_BUFG/O
    X1Y1 (CLOCK_ROOT)    net (fo=82465, routed)       3.317     3.584    pccx_v002_system_i/cmdsts_hp3/inst/u_body/s_axil_aclk
    SLICE_X5Y178         FDRE                                         r  pccx_v002_system_i/cmdsts_hp3/inst/u_body/wdata_q_reg[8]/C
                         clock pessimism             -0.201     3.383    
    SLICE_X5Y178         FDRE (Hold_FFF2_SLICEM_C_D)
                                                      0.102     3.485    pccx_v002_system_i/cmdsts_hp3/inst/u_body/wdata_q_reg[8]
  -------------------------------------------------------------------
                         required time                         -3.485    
                         arrival time                           3.495    
  -------------------------------------------------------------------
                         slack                                  0.011    

Slack (MET) :             0.011ns  (arrival time - required time)
  Source:                 pccx_v002_system_i/sc_axil/inst/m04_exit_pipeline/m04_exit/inst/w_reg/m_vector_i_reg[1056]/C
                            (rising edge-triggered cell FDRE clocked by clk_pl_0  {rise@0.000ns fall@5.000ns period=10.000ns})
  Destination:            pccx_v002_system_i/cmdsts_hp3/inst/u_body/wdata_q_reg[31]/D
                            (rising edge-triggered cell FDRE clocked by clk_pl_0  {rise@0.000ns fall@5.000ns period=10.000ns})
  Path Group:             clk_pl_0
  Path Type:              Hold (Min at Slow Process Corner)
  Requirement:            0.000ns  (clk_pl_0 rise@0.000ns - clk_pl_0 rise@0.000ns)
  Data Path Delay:        0.303ns  (logic 0.113ns (37.294%)  route 0.190ns (62.706%))
  Logic Levels:           0  
  Clock Path Skew:        0.190ns (DCD - SCD - CPR)
    Destination Clock Delay (DCD):    3.595ns
    Source Clock Delay      (SCD):    3.203ns
    Clock Pessimism Removal (CPR):    0.201ns
  Clock Net Delay (Source):      2.987ns (routing 1.538ns, distribution 1.449ns)
  Clock Net Delay (Destination): 3.328ns (routing 1.681ns, distribution 1.647ns)

    Location             Delay type                Incr(ns)  Path(ns)    Netlist Resource(s)
  -------------------------------------------------------------------    -------------------
                         (clock clk_pl_0 rise edge)
                                                      0.000     0.000 r  
    PS8_X0Y0             PS8                          0.000     0.000 r  pccx_v002_system_i/zynq_ps/inst/PS8_i/PLCLK[0]
                         net (fo=1, routed)           0.181     0.181    pccx_v002_system_i/zynq_ps/inst/pl_clk_unbuffered[0]
    BUFG_PS_X0Y90        BUFG_PS (Prop_BUFG_PS_I_O)
                                                      0.035     0.216 r  pccx_v002_system_i/zynq_ps/inst/buffer_pl_clk_0.PL_CLK_0_BUFG/O
    X1Y1 (CLOCK_ROOT)    net (fo=82465, routed)       2.987     3.203    pccx_v002_system_i/sc_axil/inst/m04_exit_pipeline/m04_exit/inst/w_reg/aclk
    SLICE_X6Y178         FDRE                                         r  pccx_v002_system_i/sc_axil/inst/m04_exit_pipeline/m04_exit/inst/w_reg/m_vector_i_reg[1056]/C
  -------------------------------------------------------------------    -------------------
    SLICE_X6Y178         FDRE (Prop_BFF2_SLICEL_C_Q)
                                                      0.113     3.316 r  pccx_v002_system_i/sc_axil/inst/m04_exit_pipeline/m04_exit/inst/w_reg/m_vector_i_reg[1056]/Q
                         net (fo=1, routed)           0.190     3.506    pccx_v002_system_i/cmdsts_hp3/inst/u_body/s_axil_wdata[31]
    SLICE_X3Y181         FDRE                                         r  pccx_v002_system_i/cmdsts_hp3/inst/u_body/wdata_q_reg[31]/D
  -------------------------------------------------------------------    -------------------

                         (clock clk_pl_0 rise edge)
                                                      0.000     0.000 r  
    PS8_X0Y0             PS8                          0.000     0.000 r  pccx_v002_system_i/zynq_ps/inst/PS8_i/PLCLK[0]
                         net (fo=1, routed)           0.229     0.229    pccx_v002_system_i/zynq_ps/inst/pl_clk_unbuffered[0]
    BUFG_PS_X0Y90        BUFG_PS (Prop_BUFG_PS_I_O)
                                                      0.038     0.267 r  pccx_v002_system_i/zynq_ps/inst/buffer_pl_clk_0.PL_CLK_0_BUFG/O
    X1Y1 (CLOCK_ROOT)    net (fo=82465, routed)       3.328     3.595    pccx_v002_system_i/cmdsts_hp3/inst/u_body/s_axil_aclk
    SLICE_X3Y181         FDRE                                         r  pccx_v002_system_i/cmdsts_hp3/inst/u_body/wdata_q_reg[31]/C
                         clock pessimism             -0.201     3.394    
    SLICE_X3Y181         FDRE (Hold_EFF2_SLICEL_C_D)
                                                      0.102     3.496    pccx_v002_system_i/cmdsts_hp3/inst/u_body/wdata_q_reg[31]
  -------------------------------------------------------------------
                         required time                         -3.496    
                         arrival time                           3.506    
  -------------------------------------------------------------------
                         slack                                  0.011    

Slack (MET) :             0.011ns  (arrival time - required time)
  Source:                 pccx_v002_system_i/u_npu/inst/u_wrap/u_pccx_npu_top/u_fmap_pre/active_emax_reg[2][0]/C
                            (rising edge-triggered cell FDRE clocked by clk_pl_0  {rise@0.000ns fall@5.000ns period=10.000ns})
  Destination:            pccx_v002_system_i/u_npu/inst/u_wrap/u_pccx_npu_top/u_fmap_pre/emax_cache_mem_reg_0/DINADIN[16]
                            (rising edge-triggered cell RAMB36E2 clocked by clk_pl_0  {rise@0.000ns fall@5.000ns period=10.000ns})
  Path Group:             clk_pl_0
  Path Type:              Hold (Min at Slow Process Corner)
  Requirement:            0.000ns  (clk_pl_0 rise@0.000ns - clk_pl_0 rise@0.000ns)
  Data Path Delay:        0.216ns  (logic 0.112ns (51.852%)  route 0.104ns (48.148%))
  Logic Levels:           0  
  Clock Path Skew:        0.253ns (DCD - SCD - CPR)
    Destination Clock Delay (DCD):    3.489ns
    Source Clock Delay      (SCD):    2.983ns
    Clock Pessimism Removal (CPR):    0.252ns
  Clock Net Delay (Source):      2.767ns (routing 1.538ns, distribution 1.229ns)
  Clock Net Delay (Destination): 3.222ns (routing 1.681ns, distribution 1.541ns)

    Location             Delay type                Incr(ns)  Path(ns)    Netlist Resource(s)
  -------------------------------------------------------------------    -------------------
                         (clock clk_pl_0 rise edge)
                                                      0.000     0.000 r  
    PS8_X0Y0             PS8                          0.000     0.000 r  pccx_v002_system_i/zynq_ps/inst/PS8_i/PLCLK[0]
                         net (fo=1, routed)           0.181     0.181    pccx_v002_system_i/zynq_ps/inst/pl_clk_unbuffered[0]
    BUFG_PS_X0Y90        BUFG_PS (Prop_BUFG_PS_I_O)
                                                      0.035     0.216 r  pccx_v002_system_i/zynq_ps/inst/buffer_pl_clk_0.PL_CLK_0_BUFG/O
    X1Y1 (CLOCK_ROOT)    net (fo=82465, routed)       2.767     2.983    pccx_v002_system_i/u_npu/inst/u_wrap/u_pccx_npu_top/u_fmap_pre/clk_core
    SLICE_X28Y175        FDRE                                         r  pccx_v002_system_i/u_npu/inst/u_wrap/u_pccx_npu_top/u_fmap_pre/active_emax_reg[2][0]/C
  -------------------------------------------------------------------    -------------------
    SLICE_X28Y175        FDRE (Prop_CFF_SLICEM_C_Q)
                                                      0.112     3.095 r  pccx_v002_system_i/u_npu/inst/u_wrap/u_pccx_npu_top/u_fmap_pre/active_emax_reg[2][0]/Q
                         net (fo=1, routed)           0.104     3.199    pccx_v002_system_i/u_npu/inst/u_wrap/u_pccx_npu_top/u_fmap_pre/emax_active_pack[16]
    RAMB36_X0Y35         RAMB36E2                                     r  pccx_v002_system_i/u_npu/inst/u_wrap/u_pccx_npu_top/u_fmap_pre/emax_cache_mem_reg_0/DINADIN[16]
  -------------------------------------------------------------------    -------------------

                         (clock clk_pl_0 rise edge)
                                                      0.000     0.000 r  
    PS8_X0Y0             PS8                          0.000     0.000 r  pccx_v002_system_i/zynq_ps/inst/PS8_i/PLCLK[0]
                         net (fo=1, routed)           0.229     0.229    pccx_v002_system_i/zynq_ps/inst/pl_clk_unbuffered[0]
    BUFG_PS_X0Y90        BUFG_PS (Prop_BUFG_PS_I_O)
                                                      0.038     0.267 r  pccx_v002_system_i/zynq_ps/inst/buffer_pl_clk_0.PL_CLK_0_BUFG/O
    X1Y1 (CLOCK_ROOT)    net (fo=82465, routed)       3.222     3.489    pccx_v002_system_i/u_npu/inst/u_wrap/u_pccx_npu_top/u_fmap_pre/clk_core
    RAMB36_X0Y35         RAMB36E2                                     r  pccx_v002_system_i/u_npu/inst/u_wrap/u_pccx_npu_top/u_fmap_pre/emax_cache_mem_reg_0/CLKBWRCLK
                         clock pessimism             -0.252     3.236    
    RAMB36_X0Y35         RAMB36E2 (Hold_RAMB36E2_RAMB36_CLKBWRCLK_DINADIN[16])
                                                     -0.048     3.188    pccx_v002_system_i/u_npu/inst/u_wrap/u_pccx_npu_top/u_fmap_pre/emax_cache_mem_reg_0
  -------------------------------------------------------------------
                         required time                         -3.188    
                         arrival time                           3.199    
  -------------------------------------------------------------------
                         slack                                  0.011    

Slack (MET) :             0.011ns  (arrival time - required time)
  Source:                 pccx_v002_system_i/u_npu/inst/u_wrap/u_pccx_npu_top/u_systolic_engine/u_compute_core/gemm_row_loop[22].gemm_col_loop[5].normal_row.dsp_unit/w_upper_reg_reg[2]/C
                            (rising edge-triggered cell FDRE clocked by clk_pl_0  {rise@0.000ns fall@5.000ns period=10.000ns})
  Destination:            pccx_v002_system_i/u_npu/inst/u_wrap/u_pccx_npu_top/u_systolic_engine/u_compute_core/gemm_row_loop[22].gemm_col_loop[6].normal_row.dsp_unit/w_upper_reg_reg[2]/D
                            (rising edge-triggered cell FDRE clocked by clk_pl_0  {rise@0.000ns fall@5.000ns period=10.000ns})
  Path Group:             clk_pl_0
  Path Type:              Hold (Min at Slow Process Corner)
  Requirement:            0.000ns  (clk_pl_0 rise@0.000ns - clk_pl_0 rise@0.000ns)
  Data Path Delay:        0.325ns  (logic 0.114ns (35.062%)  route 0.211ns (64.938%))
  Logic Levels:           0  
  Clock Path Skew:        0.211ns (DCD - SCD - CPR)
    Destination Clock Delay (DCD):    3.334ns
    Source Clock Delay      (SCD):    2.928ns
    Clock Pessimism Removal (CPR):    0.194ns
  Clock Net Delay (Source):      2.712ns (routing 1.538ns, distribution 1.174ns)
  Clock Net Delay (Destination): 3.067ns (routing 1.681ns, distribution 1.386ns)

    Location             Delay type                Incr(ns)  Path(ns)    Netlist Resource(s)
  -------------------------------------------------------------------    -------------------
                         (clock clk_pl_0 rise edge)
                                                      0.000     0.000 r  
    PS8_X0Y0             PS8                          0.000     0.000 r  pccx_v002_system_i/zynq_ps/inst/PS8_i/PLCLK[0]
                         net (fo=1, routed)           0.181     0.181    pccx_v002_system_i/zynq_ps/inst/pl_clk_unbuffered[0]
    BUFG_PS_X0Y90        BUFG_PS (Prop_BUFG_PS_I_O)
                                                      0.035     0.216 r  pccx_v002_system_i/zynq_ps/inst/buffer_pl_clk_0.PL_CLK_0_BUFG/O
    X1Y1 (CLOCK_ROOT)    net (fo=82465, routed)       2.712     2.928    pccx_v002_system_i/u_npu/inst/u_wrap/u_pccx_npu_top/u_systolic_engine/u_compute_core/gemm_row_loop[22].gemm_col_loop[5].normal_row.dsp_unit/clk_core
    SLICE_X36Y111        FDRE                                         r  pccx_v002_system_i/u_npu/inst/u_wrap/u_pccx_npu_top/u_systolic_engine/u_compute_core/gemm_row_loop[22].gemm_col_loop[5].normal_row.dsp_unit/w_upper_reg_reg[2]/C
  -------------------------------------------------------------------    -------------------
    SLICE_X36Y111        FDRE (Prop_GFF2_SLICEL_C_Q)
                                                      0.114     3.042 r  pccx_v002_system_i/u_npu/inst/u_wrap/u_pccx_npu_top/u_systolic_engine/u_compute_core/gemm_row_loop[22].gemm_col_loop[5].normal_row.dsp_unit/w_upper_reg_reg[2]/Q
                         net (fo=3, routed)           0.211     3.253    pccx_v002_system_i/u_npu/inst/u_wrap/u_pccx_npu_top/u_systolic_engine/u_compute_core/gemm_row_loop[22].gemm_col_loop[6].normal_row.dsp_unit/w_upper_reg_reg[3]_2[2]
    SLICE_X36Y125        FDRE                                         r  pccx_v002_system_i/u_npu/inst/u_wrap/u_pccx_npu_top/u_systolic_engine/u_compute_core/gemm_row_loop[22].gemm_col_loop[6].normal_row.dsp_unit/w_upper_reg_reg[2]/D
  -------------------------------------------------------------------    -------------------

                         (clock clk_pl_0 rise edge)
                                                      0.000     0.000 r  
    PS8_X0Y0             PS8                          0.000     0.000 r  pccx_v002_system_i/zynq_ps/inst/PS8_i/PLCLK[0]
                         net (fo=1, routed)           0.229     0.229    pccx_v002_system_i/zynq_ps/inst/pl_clk_unbuffered[0]
    BUFG_PS_X0Y90        BUFG_PS (Prop_BUFG_PS_I_O)
                                                      0.038     0.267 r  pccx_v002_system_i/zynq_ps/inst/buffer_pl_clk_0.PL_CLK_0_BUFG/O
    X1Y1 (CLOCK_ROOT)    net (fo=82465, routed)       3.067     3.334    pccx_v002_system_i/u_npu/inst/u_wrap/u_pccx_npu_top/u_systolic_engine/u_compute_core/gemm_row_loop[22].gemm_col_loop[6].normal_row.dsp_unit/clk_core
    SLICE_X36Y125        FDRE                                         r  pccx_v002_system_i/u_npu/inst/u_wrap/u_pccx_npu_top/u_systolic_engine/u_compute_core/gemm_row_loop[22].gemm_col_loop[6].normal_row.dsp_unit/w_upper_reg_reg[2]/C
                         clock pessimism             -0.194     3.140    
    SLICE_X36Y125        FDRE (Hold_CFF2_SLICEL_C_D)
                                                      0.103     3.243    pccx_v002_system_i/u_npu/inst/u_wrap/u_pccx_npu_top/u_systolic_engine/u_compute_core/gemm_row_loop[22].gemm_col_loop[6].normal_row.dsp_unit/w_upper_reg_reg[2]
  -------------------------------------------------------------------
                         required time                         -3.243    
                         arrival time                           3.253    
  -------------------------------------------------------------------
                         slack                                  0.011    

Slack (MET) :             0.011ns  (arrival time - required time)
  Source:                 pccx_v002_system_i/fmap_dm_acp/U0/GEN_MM2S_FULL.I_MM2S_FULL_WRAPPER/I_ADDR_CNTL/sig_next_addr_reg_reg[3]/C
                            (rising edge-triggered cell FDRE clocked by clk_pl_0  {rise@0.000ns fall@5.000ns period=10.000ns})
  Destination:            pccx_v002_system_i/sc_hp0_stage0/inst/s01_entry_pipeline/s01_mmu/inst/ar_sreg/skid_buffer_reg[1064]/D
                            (rising edge-triggered cell FDRE clocked by clk_pl_0  {rise@0.000ns fall@5.000ns period=10.000ns})
  Path Group:             clk_pl_0
  Path Type:              Hold (Min at Slow Process Corner)
  Requirement:            0.000ns  (clk_pl_0 rise@0.000ns - clk_pl_0 rise@0.000ns)
  Data Path Delay:        0.306ns  (logic 0.115ns (37.582%)  route 0.191ns (62.418%))
  Logic Levels:           0  
  Clock Path Skew:        0.193ns (DCD - SCD - CPR)
    Destination Clock Delay (DCD):    3.375ns
    Source Clock Delay      (SCD):    2.939ns
    Clock Pessimism Removal (CPR):    0.242ns
  Clock Net Delay (Source):      2.723ns (routing 1.538ns, distribution 1.185ns)
  Clock Net Delay (Destination): 3.108ns (routing 1.681ns, distribution 1.427ns)

    Location             Delay type                Incr(ns)  Path(ns)    Netlist Resource(s)
  -------------------------------------------------------------------    -------------------
                         (clock clk_pl_0 rise edge)
                                                      0.000     0.000 r  
    PS8_X0Y0             PS8                          0.000     0.000 r  pccx_v002_system_i/zynq_ps/inst/PS8_i/PLCLK[0]
                         net (fo=1, routed)           0.181     0.181    pccx_v002_system_i/zynq_ps/inst/pl_clk_unbuffered[0]
    BUFG_PS_X0Y90        BUFG_PS (Prop_BUFG_PS_I_O)
                                                      0.035     0.216 r  pccx_v002_system_i/zynq_ps/inst/buffer_pl_clk_0.PL_CLK_0_BUFG/O
    X1Y1 (CLOCK_ROOT)    net (fo=82465, routed)       2.723     2.939    pccx_v002_system_i/fmap_dm_acp/U0/GEN_MM2S_FULL.I_MM2S_FULL_WRAPPER/I_ADDR_CNTL/m_axi_mm2s_aclk
    SLICE_X38Y48         FDRE                                         r  pccx_v002_system_i/fmap_dm_acp/U0/GEN_MM2S_FULL.I_MM2S_FULL_WRAPPER/I_ADDR_CNTL/sig_next_addr_reg_reg[3]/C
  -------------------------------------------------------------------    -------------------
    SLICE_X38Y48         FDRE (Prop_DFF2_SLICEM_C_Q)
                                                      0.115     3.054 r  pccx_v002_system_i/fmap_dm_acp/U0/GEN_MM2S_FULL.I_MM2S_FULL_WRAPPER/I_ADDR_CNTL/sig_next_addr_reg_reg[3]/Q
                         net (fo=2, routed)           0.191     3.245    pccx_v002_system_i/sc_hp0_stage0/inst/s01_entry_pipeline/s01_mmu/inst/ar_sreg/skid_buffer_reg[1144]_0[9]
    SLICE_X41Y46         FDRE                                         r  pccx_v002_system_i/sc_hp0_stage0/inst/s01_entry_pipeline/s01_mmu/inst/ar_sreg/skid_buffer_reg[1064]/D
  -------------------------------------------------------------------    -------------------

                         (clock clk_pl_0 rise edge)
                                                      0.000     0.000 r  
    PS8_X0Y0             PS8                          0.000     0.000 r  pccx_v002_system_i/zynq_ps/inst/PS8_i/PLCLK[0]
                         net (fo=1, routed)           0.229     0.229    pccx_v002_system_i/zynq_ps/inst/pl_clk_unbuffered[0]
    BUFG_PS_X0Y90        BUFG_PS (Prop_BUFG_PS_I_O)
                                                      0.038     0.267 r  pccx_v002_system_i/zynq_ps/inst/buffer_pl_clk_0.PL_CLK_0_BUFG/O
    X1Y1 (CLOCK_ROOT)    net (fo=82465, routed)       3.108     3.375    pccx_v002_system_i/sc_hp0_stage0/inst/s01_entry_pipeline/s01_mmu/inst/ar_sreg/aclk
    SLICE_X41Y46         FDRE                                         r  pccx_v002_system_i/sc_hp0_stage0/inst/s01_entry_pipeline/s01_mmu/inst/ar_sreg/skid_buffer_reg[1064]/C
                         clock pessimism             -0.242     3.132    
    SLICE_X41Y46         FDRE (Hold_EFF2_SLICEM_C_D)
                                                      0.102     3.234    pccx_v002_system_i/sc_hp0_stage0/inst/s01_entry_pipeline/s01_mmu/inst/ar_sreg/skid_buffer_reg[1064]
  -------------------------------------------------------------------
                         required time                         -3.234    
                         arrival time                           3.245    
  -------------------------------------------------------------------
                         slack                                  0.011    

Slack (MET) :             0.011ns  (arrival time - required time)
  Source:                 pccx_v002_system_i/u_npu/inst/u_wrap/u_pccx_npu_top/u_systolic_engine/u_compute_core/v_delay_row[4].v_delay_col[10].gemm_in_V_fabric_reg[5][10][0]/C
                            (rising edge-triggered cell FDRE clocked by clk_pl_0  {rise@0.000ns fall@5.000ns period=10.000ns})
  Destination:            pccx_v002_system_i/u_npu/inst/u_wrap/u_pccx_npu_top/u_systolic_engine/u_compute_core/v_delay_row[5].v_delay_col[10].gemm_in_V_fabric_reg[6][10][0]/D
                            (rising edge-triggered cell FDRE clocked by clk_pl_0  {rise@0.000ns fall@5.000ns period=10.000ns})
  Path Group:             clk_pl_0
  Path Type:              Hold (Min at Slow Process Corner)
  Requirement:            0.000ns  (clk_pl_0 rise@0.000ns - clk_pl_0 rise@0.000ns)
  Data Path Delay:        0.313ns  (logic 0.112ns (35.783%)  route 0.201ns (64.217%))
  Logic Levels:           0  
  Clock Path Skew:        0.202ns (DCD - SCD - CPR)
    Destination Clock Delay (DCD):    3.431ns
    Source Clock Delay      (SCD):    2.982ns
    Clock Pessimism Removal (CPR):    0.246ns
  Clock Net Delay (Source):      2.766ns (routing 1.538ns, distribution 1.228ns)
  Clock Net Delay (Destination): 3.164ns (routing 1.681ns, distribution 1.483ns)

    Location             Delay type                Incr(ns)  Path(ns)    Netlist Resource(s)
  -------------------------------------------------------------------    -------------------
                         (clock clk_pl_0 rise edge)
                                                      0.000     0.000 r  
    PS8_X0Y0             PS8                          0.000     0.000 r  pccx_v002_system_i/zynq_ps/inst/PS8_i/PLCLK[0]
                         net (fo=1, routed)           0.181     0.181    pccx_v002_system_i/zynq_ps/inst/pl_clk_unbuffered[0]
    BUFG_PS_X0Y90        BUFG_PS (Prop_BUFG_PS_I_O)
                                                      0.035     0.216 r  pccx_v002_system_i/zynq_ps/inst/buffer_pl_clk_0.PL_CLK_0_BUFG/O
    X1Y1 (CLOCK_ROOT)    net (fo=82465, routed)       2.766     2.982    pccx_v002_system_i/u_npu/inst/u_wrap/u_pccx_npu_top/u_systolic_engine/u_compute_core/clk_core
    SLICE_X39Y196        FDRE                                         r  pccx_v002_system_i/u_npu/inst/u_wrap/u_pccx_npu_top/u_systolic_engine/u_compute_core/v_delay_row[4].v_delay_col[10].gemm_in_V_fabric_reg[5][10][0]/C
  -------------------------------------------------------------------    -------------------
    SLICE_X39Y196        FDRE (Prop_AFF_SLICEL_C_Q)
                                                      0.112     3.094 r  pccx_v002_system_i/u_npu/inst/u_wrap/u_pccx_npu_top/u_systolic_engine/u_compute_core/v_delay_row[4].v_delay_col[10].gemm_in_V_fabric_reg[5][10][0]/Q
                         net (fo=1, routed)           0.201     3.295    pccx_v002_system_i/u_npu/inst/u_wrap/u_pccx_npu_top/u_systolic_engine/u_compute_core/v_delay_row[4].v_delay_col[10].gemm_in_V_fabric_reg[5][10]_6595[0]
    SLICE_X41Y194        FDRE                                         r  pccx_v002_system_i/u_npu/inst/u_wrap/u_pccx_npu_top/u_systolic_engine/u_compute_core/v_delay_row[5].v_delay_col[10].gemm_in_V_fabric_reg[6][10][0]/D
  -------------------------------------------------------------------    -------------------

                         (clock clk_pl_0 rise edge)
                                                      0.000     0.000 r  
    PS8_X0Y0             PS8                          0.000     0.000 r  pccx_v002_system_i/zynq_ps/inst/PS8_i/PLCLK[0]
                         net (fo=1, routed)           0.229     0.229    pccx_v002_system_i/zynq_ps/inst/pl_clk_unbuffered[0]
    BUFG_PS_X0Y90        BUFG_PS (Prop_BUFG_PS_I_O)
                                                      0.038     0.267 r  pccx_v002_system_i/zynq_ps/inst/buffer_pl_clk_0.PL_CLK_0_BUFG/O
    X1Y1 (CLOCK_ROOT)    net (fo=82465, routed)       3.164     3.431    pccx_v002_system_i/u_npu/inst/u_wrap/u_pccx_npu_top/u_systolic_engine/u_compute_core/clk_core
    SLICE_X41Y194        FDRE                                         r  pccx_v002_system_i/u_npu/inst/u_wrap/u_pccx_npu_top/u_systolic_engine/u_compute_core/v_delay_row[5].v_delay_col[10].gemm_in_V_fabric_reg[6][10][0]/C
                         clock pessimism             -0.246     3.184    
    SLICE_X41Y194        FDRE (Hold_DFF_SLICEM_C_D)
                                                      0.100     3.284    pccx_v002_system_i/u_npu/inst/u_wrap/u_pccx_npu_top/u_systolic_engine/u_compute_core/v_delay_row[5].v_delay_col[10].gemm_in_V_fabric_reg[6][10][0]
  -------------------------------------------------------------------
                         required time                         -3.284    
                         arrival time                           3.295    
  -------------------------------------------------------------------
                         slack                                  0.011    

Slack (MET) :             0.011ns  (arrival time - required time)
  Source:                 pccx_v002_system_i/u_npu/inst/u_wrap/u_pccx_npu_top/u_systolic_engine/u_compute_core/gemm_row_loop[22].gemm_col_loop[30].normal_row.dsp_unit/w_upper_reg_reg[3]/C
                            (rising edge-triggered cell FDRE clocked by clk_pl_0  {rise@0.000ns fall@5.000ns period=10.000ns})
  Destination:            pccx_v002_system_i/u_npu/inst/u_wrap/u_pccx_npu_top/u_systolic_engine/u_compute_core/gemm_row_loop[22].gemm_col_loop[31].normal_row.dsp_unit/w_upper_reg_reg[3]/D
                            (rising edge-triggered cell FDRE clocked by clk_pl_0  {rise@0.000ns fall@5.000ns period=10.000ns})
  Path Group:             clk_pl_0
  Path Type:              Hold (Min at Slow Process Corner)
  Requirement:            0.000ns  (clk_pl_0 rise@0.000ns - clk_pl_0 rise@0.000ns)
  Data Path Delay:        0.214ns  (logic 0.112ns (52.262%)  route 0.102ns (47.738%))
  Logic Levels:           0  
  Clock Path Skew:        0.100ns (DCD - SCD - CPR)
    Destination Clock Delay (DCD):    3.541ns
    Source Clock Delay      (SCD):    3.191ns
    Clock Pessimism Removal (CPR):    0.249ns
  Clock Net Delay (Source):      2.975ns (routing 1.538ns, distribution 1.437ns)
  Clock Net Delay (Destination): 3.274ns (routing 1.681ns, distribution 1.593ns)

    Location             Delay type                Incr(ns)  Path(ns)    Netlist Resource(s)
  -------------------------------------------------------------------    -------------------
                         (clock clk_pl_0 rise edge)
                                                      0.000     0.000 r  
    PS8_X0Y0             PS8                          0.000     0.000 r  pccx_v002_system_i/zynq_ps/inst/PS8_i/PLCLK[0]
                         net (fo=1, routed)           0.181     0.181    pccx_v002_system_i/zynq_ps/inst/pl_clk_unbuffered[0]
    BUFG_PS_X0Y90        BUFG_PS (Prop_BUFG_PS_I_O)
                                                      0.035     0.216 r  pccx_v002_system_i/zynq_ps/inst/buffer_pl_clk_0.PL_CLK_0_BUFG/O
    X1Y1 (CLOCK_ROOT)    net (fo=82465, routed)       2.975     3.191    pccx_v002_system_i/u_npu/inst/u_wrap/u_pccx_npu_top/u_systolic_engine/u_compute_core/gemm_row_loop[22].gemm_col_loop[30].normal_row.dsp_unit/clk_core
    SLICE_X16Y193        FDRE                                         r  pccx_v002_system_i/u_npu/inst/u_wrap/u_pccx_npu_top/u_systolic_engine/u_compute_core/gemm_row_loop[22].gemm_col_loop[30].normal_row.dsp_unit/w_upper_reg_reg[3]/C
  -------------------------------------------------------------------    -------------------
    SLICE_X16Y193        FDRE (Prop_HFF_SLICEL_C_Q)
                                                      0.112     3.303 r  pccx_v002_system_i/u_npu/inst/u_wrap/u_pccx_npu_top/u_systolic_engine/u_compute_core/gemm_row_loop[22].gemm_col_loop[30].normal_row.dsp_unit/w_upper_reg_reg[3]/Q
                         net (fo=2, routed)           0.102     3.406    pccx_v002_system_i/u_npu/inst/u_wrap/u_pccx_npu_top/u_systolic_engine/u_compute_core/gemm_row_loop[22].gemm_col_loop[31].normal_row.dsp_unit/w_upper_reg_reg[3]_1[3]
    SLICE_X17Y193        FDRE                                         r  pccx_v002_system_i/u_npu/inst/u_wrap/u_pccx_npu_top/u_systolic_engine/u_compute_core/gemm_row_loop[22].gemm_col_loop[31].normal_row.dsp_unit/w_upper_reg_reg[3]/D
  -------------------------------------------------------------------    -------------------

                         (clock clk_pl_0 rise edge)
                                                      0.000     0.000 r  
    PS8_X0Y0             PS8                          0.000     0.000 r  pccx_v002_system_i/zynq_ps/inst/PS8_i/PLCLK[0]
                         net (fo=1, routed)           0.229     0.229    pccx_v002_system_i/zynq_ps/inst/pl_clk_unbuffered[0]
    BUFG_PS_X0Y90        BUFG_PS (Prop_BUFG_PS_I_O)
                                                      0.038     0.267 r  pccx_v002_system_i/zynq_ps/inst/buffer_pl_clk_0.PL_CLK_0_BUFG/O
    X1Y1 (CLOCK_ROOT)    net (fo=82465, routed)       3.274     3.541    pccx_v002_system_i/u_npu/inst/u_wrap/u_pccx_npu_top/u_systolic_engine/u_compute_core/gemm_row_loop[22].gemm_col_loop[31].normal_row.dsp_unit/clk_core
    SLICE_X17Y193        FDRE                                         r  pccx_v002_system_i/u_npu/inst/u_wrap/u_pccx_npu_top/u_systolic_engine/u_compute_core/gemm_row_loop[22].gemm_col_loop[31].normal_row.dsp_unit/w_upper_reg_reg[3]/C
                         clock pessimism             -0.249     3.292    
    SLICE_X17Y193        FDRE (Hold_HFF2_SLICEM_C_D)
                                                      0.103     3.395    pccx_v002_system_i/u_npu/inst/u_wrap/u_pccx_npu_top/u_systolic_engine/u_compute_core/gemm_row_loop[22].gemm_col_loop[31].normal_row.dsp_unit/w_upper_reg_reg[3]
  -------------------------------------------------------------------
                         required time                         -3.395    
                         arrival time                           3.406    
  -------------------------------------------------------------------
                         slack                                  0.011    

Slack (MET) :             0.011ns  (arrival time - required time)
  Source:                 pccx_v002_system_i/u_npu/inst/u_wrap/u_pccx_npu_top/gen_norm[31].u_norm_seq/data_out_reg[15]/C
                            (rising edge-triggered cell FDRE clocked by clk_pl_0  {rise@0.000ns fall@5.000ns period=10.000ns})
  Destination:            pccx_v002_system_i/u_npu/inst/u_wrap/u_pccx_npu_top/u_packer/capture_reg_reg[31][15]/D
                            (rising edge-triggered cell FDRE clocked by clk_pl_0  {rise@0.000ns fall@5.000ns period=10.000ns})
  Path Group:             clk_pl_0
  Path Type:              Hold (Min at Slow Process Corner)
  Requirement:            0.000ns  (clk_pl_0 rise@0.000ns - clk_pl_0 rise@0.000ns)
  Data Path Delay:        0.211ns  (logic 0.112ns (53.081%)  route 0.099ns (46.919%))
  Logic Levels:           0  
  Clock Path Skew:        0.097ns (DCD - SCD - CPR)
    Destination Clock Delay (DCD):    3.508ns
    Source Clock Delay      (SCD):    3.161ns
    Clock Pessimism Removal (CPR):    0.249ns
  Clock Net Delay (Source):      2.945ns (routing 1.538ns, distribution 1.407ns)
  Clock Net Delay (Destination): 3.241ns (routing 1.681ns, distribution 1.560ns)

    Location             Delay type                Incr(ns)  Path(ns)    Netlist Resource(s)
  -------------------------------------------------------------------    -------------------
                         (clock clk_pl_0 rise edge)
                                                      0.000     0.000 r  
    PS8_X0Y0             PS8                          0.000     0.000 r  pccx_v002_system_i/zynq_ps/inst/PS8_i/PLCLK[0]
                         net (fo=1, routed)           0.181     0.181    pccx_v002_system_i/zynq_ps/inst/pl_clk_unbuffered[0]
    BUFG_PS_X0Y90        BUFG_PS (Prop_BUFG_PS_I_O)
                                                      0.035     0.216 r  pccx_v002_system_i/zynq_ps/inst/buffer_pl_clk_0.PL_CLK_0_BUFG/O
    X1Y1 (CLOCK_ROOT)    net (fo=82465, routed)       2.945     3.161    pccx_v002_system_i/u_npu/inst/u_wrap/u_pccx_npu_top/gen_norm[31].u_norm_seq/clk_core
    SLICE_X19Y211        FDRE                                         r  pccx_v002_system_i/u_npu/inst/u_wrap/u_pccx_npu_top/gen_norm[31].u_norm_seq/data_out_reg[15]/C
  -------------------------------------------------------------------    -------------------
    SLICE_X19Y211        FDRE (Prop_HFF_SLICEL_C_Q)
                                                      0.112     3.273 r  pccx_v002_system_i/u_npu/inst/u_wrap/u_pccx_npu_top/gen_norm[31].u_norm_seq/data_out_reg[15]/Q
                         net (fo=1, routed)           0.099     3.372    pccx_v002_system_i/u_npu/inst/u_wrap/u_pccx_npu_top/u_packer/capture_reg_reg[31][15]_0[15]
    SLICE_X20Y211        FDRE                                         r  pccx_v002_system_i/u_npu/inst/u_wrap/u_pccx_npu_top/u_packer/capture_reg_reg[31][15]/D
  -------------------------------------------------------------------    -------------------

                         (clock clk_pl_0 rise edge)
                                                      0.000     0.000 r  
    PS8_X0Y0             PS8                          0.000     0.000 r  pccx_v002_system_i/zynq_ps/inst/PS8_i/PLCLK[0]
                         net (fo=1, routed)           0.229     0.229    pccx_v002_system_i/zynq_ps/inst/pl_clk_unbuffered[0]
    BUFG_PS_X0Y90        BUFG_PS (Prop_BUFG_PS_I_O)
                                                      0.038     0.267 r  pccx_v002_system_i/zynq_ps/inst/buffer_pl_clk_0.PL_CLK_0_BUFG/O
    X1Y1 (CLOCK_ROOT)    net (fo=82465, routed)       3.241     3.508    pccx_v002_system_i/u_npu/inst/u_wrap/u_pccx_npu_top/u_packer/clk_core
    SLICE_X20Y211        FDRE                                         r  pccx_v002_system_i/u_npu/inst/u_wrap/u_pccx_npu_top/u_packer/capture_reg_reg[31][15]/C
                         clock pessimism             -0.249     3.258    
    SLICE_X20Y211        FDRE (Hold_HFF2_SLICEM_C_D)
                                                      0.103     3.361    pccx_v002_system_i/u_npu/inst/u_wrap/u_pccx_npu_top/u_packer/capture_reg_reg[31][15]
  -------------------------------------------------------------------
                         required time                         -3.361    
                         arrival time                           3.372    
  -------------------------------------------------------------------
                         slack                                  0.011    

Slack (MET) :             0.011ns  (arrival time - required time)
  Source:                 pccx_v002_system_i/sc_axil/inst/m02_nodes/m02_r_node/inst/inst_mi_handler/gen_normal_area.gen_upsizer.inst_upsizer/gen_r_ch.accum_reg[bytes][3][userdata][7]/C
                            (rising edge-triggered cell FDRE clocked by clk_pl_0  {rise@0.000ns fall@5.000ns period=10.000ns})
  Destination:            pccx_v002_system_i/sc_axil/inst/m02_nodes/m02_r_node/inst/inst_mi_handler/gen_normal_area.inst_fifo_node_payld/gen_xpm_memory_fifo.inst_fifo/gen_mem_rep[0].inst_xpm_memory/xpm_memory_base_inst/gen_wr_a.gen_word_narrow.mem_reg_0_31_42_55/RAMF/I
                            (rising edge-triggered cell RAMD32 clocked by clk_pl_0  {rise@0.000ns fall@5.000ns period=10.000ns})
  Path Group:             clk_pl_0
  Path Type:              Hold (Min at Slow Process Corner)
  Requirement:            0.000ns  (clk_pl_0 rise@0.000ns - clk_pl_0 rise@0.000ns)
  Data Path Delay:        0.243ns  (logic 0.112ns (46.091%)  route 0.131ns (53.909%))
  Logic Levels:           0  
  Clock Path Skew:        0.129ns (DCD - SCD - CPR)
    Destination Clock Delay (DCD):    3.567ns
    Source Clock Delay      (SCD):    3.183ns
    Clock Pessimism Removal (CPR):    0.255ns
  Clock Net Delay (Source):      2.967ns (routing 1.538ns, distribution 1.429ns)
  Clock Net Delay (Destination): 3.300ns (routing 1.681ns, distribution 1.619ns)

    Location             Delay type                Incr(ns)  Path(ns)    Netlist Resource(s)
  -------------------------------------------------------------------    -------------------
                         (clock clk_pl_0 rise edge)
                                                      0.000     0.000 r  
    PS8_X0Y0             PS8                          0.000     0.000 r  pccx_v002_system_i/zynq_ps/inst/PS8_i/PLCLK[0]
                         net (fo=1, routed)           0.181     0.181    pccx_v002_system_i/zynq_ps/inst/pl_clk_unbuffered[0]
    BUFG_PS_X0Y90        BUFG_PS (Prop_BUFG_PS_I_O)
                                                      0.035     0.216 r  pccx_v002_system_i/zynq_ps/inst/buffer_pl_clk_0.PL_CLK_0_BUFG/O
    X1Y1 (CLOCK_ROOT)    net (fo=82465, routed)       2.967     3.183    pccx_v002_system_i/sc_axil/inst/m02_nodes/m02_r_node/inst/inst_mi_handler/gen_normal_area.gen_upsizer.inst_upsizer/s_sc_aclk
    SLICE_X11Y121        FDRE                                         r  pccx_v002_system_i/sc_axil/inst/m02_nodes/m02_r_node/inst/inst_mi_handler/gen_normal_area.gen_upsizer.inst_upsizer/gen_r_ch.accum_reg[bytes][3][userdata][7]/C
  -------------------------------------------------------------------    -------------------
    SLICE_X11Y121        FDRE (Prop_FFF_SLICEL_C_Q)
                                                      0.112     3.295 r  pccx_v002_system_i/sc_axil/inst/m02_nodes/m02_r_node/inst/inst_mi_handler/gen_normal_area.gen_upsizer.inst_upsizer/gen_r_ch.accum_reg[bytes][3][userdata][7]/Q
                         net (fo=1, routed)           0.131     3.426    pccx_v002_system_i/sc_axil/inst/m02_nodes/m02_r_node/inst/inst_mi_handler/gen_normal_area.inst_fifo_node_payld/gen_xpm_memory_fifo.inst_fifo/gen_mem_rep[0].inst_xpm_memory/xpm_memory_base_inst/gen_wr_a.gen_word_narrow.mem_reg_0_31_42_55/DIF0
    SLICE_X13Y121        RAMD32                                       r  pccx_v002_system_i/sc_axil/inst/m02_nodes/m02_r_node/inst/inst_mi_handler/gen_normal_area.inst_fifo_node_payld/gen_xpm_memory_fifo.inst_fifo/gen_mem_rep[0].inst_xpm_memory/xpm_memory_base_inst/gen_wr_a.gen_word_narrow.mem_reg_0_31_42_55/RAMF/I
  -------------------------------------------------------------------    -------------------

                         (clock clk_pl_0 rise edge)
                                                      0.000     0.000 r  
    PS8_X0Y0             PS8                          0.000     0.000 r  pccx_v002_system_i/zynq_ps/inst/PS8_i/PLCLK[0]
                         net (fo=1, routed)           0.229     0.229    pccx_v002_system_i/zynq_ps/inst/pl_clk_unbuffered[0]
    BUFG_PS_X0Y90        BUFG_PS (Prop_BUFG_PS_I_O)
                                                      0.038     0.267 r  pccx_v002_system_i/zynq_ps/inst/buffer_pl_clk_0.PL_CLK_0_BUFG/O
    X1Y1 (CLOCK_ROOT)    net (fo=82465, routed)       3.300     3.567    pccx_v002_system_i/sc_axil/inst/m02_nodes/m02_r_node/inst/inst_mi_handler/gen_normal_area.inst_fifo_node_payld/gen_xpm_memory_fifo.inst_fifo/gen_mem_rep[0].inst_xpm_memory/xpm_memory_base_inst/gen_wr_a.gen_word_narrow.mem_reg_0_31_42_55/WCLK
    SLICE_X13Y121        RAMD32                                       r  pccx_v002_system_i/sc_axil/inst/m02_nodes/m02_r_node/inst/inst_mi_handler/gen_normal_area.inst_fifo_node_payld/gen_xpm_memory_fifo.inst_fifo/gen_mem_rep[0].inst_xpm_memory/xpm_memory_base_inst/gen_wr_a.gen_word_narrow.mem_reg_0_31_42_55/RAMF/CLK
                         clock pessimism             -0.255     3.312    
    SLICE_X13Y121        RAMD32 (Hold_F5LUT_SLICEM_CLK_I)
                                                      0.103     3.415    pccx_v002_system_i/sc_axil/inst/m02_nodes/m02_r_node/inst/inst_mi_handler/gen_normal_area.inst_fifo_node_payld/gen_xpm_memory_fifo.inst_fifo/gen_mem_rep[0].inst_xpm_memory/xpm_memory_base_inst/gen_wr_a.gen_word_narrow.mem_reg_0_31_42_55/RAMF
  -------------------------------------------------------------------
                         required time                         -3.415    
                         arrival time                           3.426    
  -------------------------------------------------------------------
                         slack                                  0.011    

Slack (MET) :             0.011ns  (arrival time - required time)
  Source:                 pccx_v002_system_i/u_npu/inst/u_wrap/u_pccx_npu_top/u_systolic_engine/u_compute_core/v_delay_row[7].v_delay_col[31].gemm_in_V_fabric_reg[8][31][1]/C
                            (rising edge-triggered cell FDRE clocked by clk_pl_0  {rise@0.000ns fall@5.000ns period=10.000ns})
  Destination:            pccx_v002_system_i/u_npu/inst/u_wrap/u_pccx_npu_top/u_systolic_engine/u_compute_core/v_delay_row[8].v_delay_col[31].gemm_in_V_fabric_reg[9][31][1]/D
                            (rising edge-triggered cell FDRE clocked by clk_pl_0  {rise@0.000ns fall@5.000ns period=10.000ns})
  Path Group:             clk_pl_0
  Path Type:              Hold (Min at Slow Process Corner)
  Requirement:            0.000ns  (clk_pl_0 rise@0.000ns - clk_pl_0 rise@0.000ns)
  Data Path Delay:        0.219ns  (logic 0.112ns (51.142%)  route 0.107ns (48.858%))
  Logic Levels:           0  
  Clock Path Skew:        0.106ns (DCD - SCD - CPR)
    Destination Clock Delay (DCD):    3.541ns
    Source Clock Delay      (SCD):    3.186ns
    Clock Pessimism Removal (CPR):    0.249ns
  Clock Net Delay (Source):      2.970ns (routing 1.538ns, distribution 1.432ns)
  Clock Net Delay (Destination): 3.274ns (routing 1.681ns, distribution 1.593ns)

    Location             Delay type                Incr(ns)  Path(ns)    Netlist Resource(s)
  -------------------------------------------------------------------    -------------------
                         (clock clk_pl_0 rise edge)
                                                      0.000     0.000 r  
    PS8_X0Y0             PS8                          0.000     0.000 r  pccx_v002_system_i/zynq_ps/inst/PS8_i/PLCLK[0]
                         net (fo=1, routed)           0.181     0.181    pccx_v002_system_i/zynq_ps/inst/pl_clk_unbuffered[0]
    BUFG_PS_X0Y90        BUFG_PS (Prop_BUFG_PS_I_O)
                                                      0.035     0.216 r  pccx_v002_system_i/zynq_ps/inst/buffer_pl_clk_0.PL_CLK_0_BUFG/O
    X1Y1 (CLOCK_ROOT)    net (fo=82465, routed)       2.970     3.186    pccx_v002_system_i/u_npu/inst/u_wrap/u_pccx_npu_top/u_systolic_engine/u_compute_core/clk_core
    SLICE_X11Y192        FDRE                                         r  pccx_v002_system_i/u_npu/inst/u_wrap/u_pccx_npu_top/u_systolic_engine/u_compute_core/v_delay_row[7].v_delay_col[31].gemm_in_V_fabric_reg[8][31][1]/C
  -------------------------------------------------------------------    -------------------
    SLICE_X11Y192        FDRE (Prop_DFF_SLICEL_C_Q)
                                                      0.112     3.298 r  pccx_v002_system_i/u_npu/inst/u_wrap/u_pccx_npu_top/u_systolic_engine/u_compute_core/v_delay_row[7].v_delay_col[31].gemm_in_V_fabric_reg[8][31][1]/Q
                         net (fo=1, routed)           0.107     3.405    pccx_v002_system_i/u_npu/inst/u_wrap/u_pccx_npu_top/u_systolic_engine/u_compute_core/v_delay_row[7].v_delay_col[31].gemm_in_V_fabric_reg[8][31]_5268[1]
    SLICE_X12Y192        FDRE                                         r  pccx_v002_system_i/u_npu/inst/u_wrap/u_pccx_npu_top/u_systolic_engine/u_compute_core/v_delay_row[8].v_delay_col[31].gemm_in_V_fabric_reg[9][31][1]/D
  -------------------------------------------------------------------    -------------------

                         (clock clk_pl_0 rise edge)
                                                      0.000     0.000 r  
    PS8_X0Y0             PS8                          0.000     0.000 r  pccx_v002_system_i/zynq_ps/inst/PS8_i/PLCLK[0]
                         net (fo=1, routed)           0.229     0.229    pccx_v002_system_i/zynq_ps/inst/pl_clk_unbuffered[0]
    BUFG_PS_X0Y90        BUFG_PS (Prop_BUFG_PS_I_O)
                                                      0.038     0.267 r  pccx_v002_system_i/zynq_ps/inst/buffer_pl_clk_0.PL_CLK_0_BUFG/O
    X1Y1 (CLOCK_ROOT)    net (fo=82465, routed)       3.274     3.541    pccx_v002_system_i/u_npu/inst/u_wrap/u_pccx_npu_top/u_systolic_engine/u_compute_core/clk_core
    SLICE_X12Y192        FDRE                                         r  pccx_v002_system_i/u_npu/inst/u_wrap/u_pccx_npu_top/u_systolic_engine/u_compute_core/v_delay_row[8].v_delay_col[31].gemm_in_V_fabric_reg[9][31][1]/C
                         clock pessimism             -0.249     3.292    
    SLICE_X12Y192        FDRE (Hold_AFF2_SLICEM_C_D)
                                                      0.102     3.394    pccx_v002_system_i/u_npu/inst/u_wrap/u_pccx_npu_top/u_systolic_engine/u_compute_core/v_delay_row[8].v_delay_col[31].gemm_in_V_fabric_reg[9][31][1]
  -------------------------------------------------------------------
                         required time                         -3.394    
                         arrival time                           3.405    
  -------------------------------------------------------------------
                         slack                                  0.011    

Slack (MET) :             0.011ns  (arrival time - required time)
  Source:                 pccx_v002_system_i/sc_axil/inst/m03_nodes/m03_r_node/inst/inst_mi_handler/gen_normal_area.gen_upsizer.inst_upsizer/gen_r_ch.accum_reg[bytes][12][userdata][4]/C
                            (rising edge-triggered cell FDRE clocked by clk_pl_0  {rise@0.000ns fall@5.000ns period=10.000ns})
  Destination:            pccx_v002_system_i/sc_axil/inst/m03_nodes/m03_r_node/inst/inst_mi_handler/gen_normal_area.inst_fifo_node_payld/gen_xpm_memory_fifo.inst_fifo/gen_mem_rep[0].inst_xpm_memory/xpm_memory_base_inst/gen_wr_a.gen_word_narrow.mem_reg_0_31_112_125/RAME_D1/I
                            (rising edge-triggered cell RAMD32 clocked by clk_pl_0  {rise@0.000ns fall@5.000ns period=10.000ns})
  Path Group:             clk_pl_0
  Path Type:              Hold (Min at Slow Process Corner)
  Requirement:            0.000ns  (clk_pl_0 rise@0.000ns - clk_pl_0 rise@0.000ns)
  Data Path Delay:        0.215ns  (logic 0.112ns (52.093%)  route 0.103ns (47.907%))
  Logic Levels:           0  
  Clock Path Skew:        0.123ns (DCD - SCD - CPR)
    Destination Clock Delay (DCD):    3.559ns
    Source Clock Delay      (SCD):    3.181ns
    Clock Pessimism Removal (CPR):    0.255ns
  Clock Net Delay (Source):      2.965ns (routing 1.538ns, distribution 1.427ns)
  Clock Net Delay (Destination): 3.292ns (routing 1.681ns, distribution 1.611ns)

    Location             Delay type                Incr(ns)  Path(ns)    Netlist Resource(s)
  -------------------------------------------------------------------    -------------------
                         (clock clk_pl_0 rise edge)
                                                      0.000     0.000 r  
    PS8_X0Y0             PS8                          0.000     0.000 r  pccx_v002_system_i/zynq_ps/inst/PS8_i/PLCLK[0]
                         net (fo=1, routed)           0.181     0.181    pccx_v002_system_i/zynq_ps/inst/pl_clk_unbuffered[0]
    BUFG_PS_X0Y90        BUFG_PS (Prop_BUFG_PS_I_O)
                                                      0.035     0.216 r  pccx_v002_system_i/zynq_ps/inst/buffer_pl_clk_0.PL_CLK_0_BUFG/O
    X1Y1 (CLOCK_ROOT)    net (fo=82465, routed)       2.965     3.181    pccx_v002_system_i/sc_axil/inst/m03_nodes/m03_r_node/inst/inst_mi_handler/gen_normal_area.gen_upsizer.inst_upsizer/s_sc_aclk
    SLICE_X16Y125        FDRE                                         r  pccx_v002_system_i/sc_axil/inst/m03_nodes/m03_r_node/inst/inst_mi_handler/gen_normal_area.gen_upsizer.inst_upsizer/gen_r_ch.accum_reg[bytes][12][userdata][4]/C
  -------------------------------------------------------------------    -------------------
    SLICE_X16Y125        FDRE (Prop_DFF_SLICEL_C_Q)
                                                      0.112     3.293 r  pccx_v002_system_i/sc_axil/inst/m03_nodes/m03_r_node/inst/inst_mi_handler/gen_normal_area.gen_upsizer.inst_upsizer/gen_r_ch.accum_reg[bytes][12][userdata][4]/Q
                         net (fo=1, routed)           0.103     3.396    pccx_v002_system_i/sc_axil/inst/m03_nodes/m03_r_node/inst/inst_mi_handler/gen_normal_area.inst_fifo_node_payld/gen_xpm_memory_fifo.inst_fifo/gen_mem_rep[0].inst_xpm_memory/xpm_memory_base_inst/gen_wr_a.gen_word_narrow.mem_reg_0_31_112_125/DIE1
    SLICE_X17Y125        RAMD32                                       r  pccx_v002_system_i/sc_axil/inst/m03_nodes/m03_r_node/inst/inst_mi_handler/gen_normal_area.inst_fifo_node_payld/gen_xpm_memory_fifo.inst_fifo/gen_mem_rep[0].inst_xpm_memory/xpm_memory_base_inst/gen_wr_a.gen_word_narrow.mem_reg_0_31_112_125/RAME_D1/I
  -------------------------------------------------------------------    -------------------

                         (clock clk_pl_0 rise edge)
                                                      0.000     0.000 r  
    PS8_X0Y0             PS8                          0.000     0.000 r  pccx_v002_system_i/zynq_ps/inst/PS8_i/PLCLK[0]
                         net (fo=1, routed)           0.229     0.229    pccx_v002_system_i/zynq_ps/inst/pl_clk_unbuffered[0]
    BUFG_PS_X0Y90        BUFG_PS (Prop_BUFG_PS_I_O)
                                                      0.038     0.267 r  pccx_v002_system_i/zynq_ps/inst/buffer_pl_clk_0.PL_CLK_0_BUFG/O
    X1Y1 (CLOCK_ROOT)    net (fo=82465, routed)       3.292     3.559    pccx_v002_system_i/sc_axil/inst/m03_nodes/m03_r_node/inst/inst_mi_handler/gen_normal_area.inst_fifo_node_payld/gen_xpm_memory_fifo.inst_fifo/gen_mem_rep[0].inst_xpm_memory/xpm_memory_base_inst/gen_wr_a.gen_word_narrow.mem_reg_0_31_112_125/WCLK
    SLICE_X17Y125        RAMD32                                       r  pccx_v002_system_i/sc_axil/inst/m03_nodes/m03_r_node/inst/inst_mi_handler/gen_normal_area.inst_fifo_node_payld/gen_xpm_memory_fifo.inst_fifo/gen_mem_rep[0].inst_xpm_memory/xpm_memory_base_inst/gen_wr_a.gen_word_narrow.mem_reg_0_31_112_125/RAME_D1/CLK
                         clock pessimism             -0.255     3.304    
    SLICE_X17Y125        RAMD32 (Hold_E6LUT_SLICEM_CLK_I)
                                                      0.081     3.385    pccx_v002_system_i/sc_axil/inst/m03_nodes/m03_r_node/inst/inst_mi_handler/gen_normal_area.inst_fifo_node_payld/gen_xpm_memory_fifo.inst_fifo/gen_mem_rep[0].inst_xpm_memory/xpm_memory_base_inst/gen_wr_a.gen_word_narrow.mem_reg_0_31_112_125/RAME_D1
  -------------------------------------------------------------------
                         required time                         -3.385    
                         arrival time                           3.396    
  -------------------------------------------------------------------
                         slack                                  0.011    

Slack (MET) :             0.011ns  (arrival time - required time)
  Source:                 pccx_v002_system_i/u_npu/inst/u_wrap/u_pccx_npu_top/u_systolic_engine/u_compute_core/gemm_row_loop[25].gemm_col_loop[21].normal_row.dsp_unit/inst_valid_out_V_reg/C
                            (rising edge-triggered cell FDRE clocked by clk_pl_0  {rise@0.000ns fall@5.000ns period=10.000ns})
  Destination:            pccx_v002_system_i/u_npu/inst/u_wrap/u_pccx_npu_top/u_systolic_engine/u_compute_core/gemm_row_loop[26].gemm_col_loop[21].normal_row.dsp_unit/inst_valid_out_V_reg/D
                            (rising edge-triggered cell FDRE clocked by clk_pl_0  {rise@0.000ns fall@5.000ns period=10.000ns})
  Path Group:             clk_pl_0
  Path Type:              Hold (Min at Slow Process Corner)
  Requirement:            0.000ns  (clk_pl_0 rise@0.000ns - clk_pl_0 rise@0.000ns)
  Data Path Delay:        0.312ns  (logic 0.112ns (35.890%)  route 0.200ns (64.110%))
  Logic Levels:           0  
  Clock Path Skew:        0.200ns (DCD - SCD - CPR)
    Destination Clock Delay (DCD):    3.506ns
    Source Clock Delay      (SCD):    3.112ns
    Clock Pessimism Removal (CPR):    0.194ns
  Clock Net Delay (Source):      2.896ns (routing 1.538ns, distribution 1.358ns)
  Clock Net Delay (Destination): 3.239ns (routing 1.681ns, distribution 1.558ns)

    Location             Delay type                Incr(ns)  Path(ns)    Netlist Resource(s)
  -------------------------------------------------------------------    -------------------
                         (clock clk_pl_0 rise edge)
                                                      0.000     0.000 r  
    PS8_X0Y0             PS8                          0.000     0.000 r  pccx_v002_system_i/zynq_ps/inst/PS8_i/PLCLK[0]
                         net (fo=1, routed)           0.181     0.181    pccx_v002_system_i/zynq_ps/inst/pl_clk_unbuffered[0]
    BUFG_PS_X0Y90        BUFG_PS (Prop_BUFG_PS_I_O)
                                                      0.035     0.216 r  pccx_v002_system_i/zynq_ps/inst/buffer_pl_clk_0.PL_CLK_0_BUFG/O
    X1Y1 (CLOCK_ROOT)    net (fo=82465, routed)       2.896     3.112    pccx_v002_system_i/u_npu/inst/u_wrap/u_pccx_npu_top/u_systolic_engine/u_compute_core/gemm_row_loop[25].gemm_col_loop[21].normal_row.dsp_unit/clk_core
    SLICE_X22Y118        FDRE                                         r  pccx_v002_system_i/u_npu/inst/u_wrap/u_pccx_npu_top/u_systolic_engine/u_compute_core/gemm_row_loop[25].gemm_col_loop[21].normal_row.dsp_unit/inst_valid_out_V_reg/C
  -------------------------------------------------------------------    -------------------
    SLICE_X22Y118        FDRE (Prop_FFF_SLICEL_C_Q)
                                                      0.112     3.224 r  pccx_v002_system_i/u_npu/inst/u_wrap/u_pccx_npu_top/u_systolic_engine/u_compute_core/gemm_row_loop[25].gemm_col_loop[21].normal_row.dsp_unit/inst_valid_out_V_reg/Q
                         net (fo=3, routed)           0.200     3.424    pccx_v002_system_i/u_npu/inst/u_wrap/u_pccx_npu_top/u_systolic_engine/u_compute_core/gemm_row_loop[26].gemm_col_loop[21].normal_row.dsp_unit/gemm_inst_valid_wire[26][21]_3978
    SLICE_X21Y123        FDRE                                         r  pccx_v002_system_i/u_npu/inst/u_wrap/u_pccx_npu_top/u_systolic_engine/u_compute_core/gemm_row_loop[26].gemm_col_loop[21].normal_row.dsp_unit/inst_valid_out_V_reg/D
  -------------------------------------------------------------------    -------------------

                         (clock clk_pl_0 rise edge)
                                                      0.000     0.000 r  
    PS8_X0Y0             PS8                          0.000     0.000 r  pccx_v002_system_i/zynq_ps/inst/PS8_i/PLCLK[0]
                         net (fo=1, routed)           0.229     0.229    pccx_v002_system_i/zynq_ps/inst/pl_clk_unbuffered[0]
    BUFG_PS_X0Y90        BUFG_PS (Prop_BUFG_PS_I_O)
                                                      0.038     0.267 r  pccx_v002_system_i/zynq_ps/inst/buffer_pl_clk_0.PL_CLK_0_BUFG/O
    X1Y1 (CLOCK_ROOT)    net (fo=82465, routed)       3.239     3.506    pccx_v002_system_i/u_npu/inst/u_wrap/u_pccx_npu_top/u_systolic_engine/u_compute_core/gemm_row_loop[26].gemm_col_loop[21].normal_row.dsp_unit/clk_core
    SLICE_X21Y123        FDRE                                         r  pccx_v002_system_i/u_npu/inst/u_wrap/u_pccx_npu_top/u_systolic_engine/u_compute_core/gemm_row_loop[26].gemm_col_loop[21].normal_row.dsp_unit/inst_valid_out_V_reg/C
                         clock pessimism             -0.194     3.312    
    SLICE_X21Y123        FDRE (Hold_FFF_SLICEM_C_D)
                                                      0.101     3.413    pccx_v002_system_i/u_npu/inst/u_wrap/u_pccx_npu_top/u_systolic_engine/u_compute_core/gemm_row_loop[26].gemm_col_loop[21].normal_row.dsp_unit/inst_valid_out_V_reg
  -------------------------------------------------------------------
                         required time                         -3.413    
                         arrival time                           3.424    
  -------------------------------------------------------------------
                         slack                                  0.011    

Slack (MET) :             0.011ns  (arrival time - required time)
  Source:                 pccx_v002_system_i/u_npu/inst/u_wrap/u_pccx_npu_top/gen_norm[9].u_norm_seq/s1_abs_data_reg[47]/C
                            (rising edge-triggered cell FDRE clocked by clk_pl_0  {rise@0.000ns fall@5.000ns period=10.000ns})
  Destination:            pccx_v002_system_i/u_npu/inst/u_wrap/u_pccx_npu_top/gen_norm[9].u_norm_seq/s2_abs_data_reg[47]/D
                            (rising edge-triggered cell FDRE clocked by clk_pl_0  {rise@0.000ns fall@5.000ns period=10.000ns})
  Path Group:             clk_pl_0
  Path Type:              Hold (Min at Slow Process Corner)
  Requirement:            0.000ns  (clk_pl_0 rise@0.000ns - clk_pl_0 rise@0.000ns)
  Data Path Delay:        0.224ns  (logic 0.114ns (50.893%)  route 0.110ns (49.107%))
  Logic Levels:           0  
  Clock Path Skew:        0.112ns (DCD - SCD - CPR)
    Destination Clock Delay (DCD):    3.327ns
    Source Clock Delay      (SCD):    2.972ns
    Clock Pessimism Removal (CPR):    0.243ns
  Clock Net Delay (Source):      2.756ns (routing 1.538ns, distribution 1.218ns)
  Clock Net Delay (Destination): 3.060ns (routing 1.681ns, distribution 1.379ns)

    Location             Delay type                Incr(ns)  Path(ns)    Netlist Resource(s)
  -------------------------------------------------------------------    -------------------
                         (clock clk_pl_0 rise edge)
                                                      0.000     0.000 r  
    PS8_X0Y0             PS8                          0.000     0.000 r  pccx_v002_system_i/zynq_ps/inst/PS8_i/PLCLK[0]
                         net (fo=1, routed)           0.181     0.181    pccx_v002_system_i/zynq_ps/inst/pl_clk_unbuffered[0]
    BUFG_PS_X0Y90        BUFG_PS (Prop_BUFG_PS_I_O)
                                                      0.035     0.216 r  pccx_v002_system_i/zynq_ps/inst/buffer_pl_clk_0.PL_CLK_0_BUFG/O
    X1Y1 (CLOCK_ROOT)    net (fo=82465, routed)       2.756     2.972    pccx_v002_system_i/u_npu/inst/u_wrap/u_pccx_npu_top/gen_norm[9].u_norm_seq/clk_core
    SLICE_X34Y227        FDRE                                         r  pccx_v002_system_i/u_npu/inst/u_wrap/u_pccx_npu_top/gen_norm[9].u_norm_seq/s1_abs_data_reg[47]/C
  -------------------------------------------------------------------    -------------------
    SLICE_X34Y227        FDRE (Prop_GFF2_SLICEM_C_Q)
                                                      0.114     3.086 r  pccx_v002_system_i/u_npu/inst/u_wrap/u_pccx_npu_top/gen_norm[9].u_norm_seq/s1_abs_data_reg[47]/Q
                         net (fo=1, routed)           0.110     3.196    pccx_v002_system_i/u_npu/inst/u_wrap/u_pccx_npu_top/gen_norm[9].u_norm_seq/s1_abs_data_reg_n_0_[47]
    SLICE_X33Y227        FDRE                                         r  pccx_v002_system_i/u_npu/inst/u_wrap/u_pccx_npu_top/gen_norm[9].u_norm_seq/s2_abs_data_reg[47]/D
  -------------------------------------------------------------------    -------------------

                         (clock clk_pl_0 rise edge)
                                                      0.000     0.000 r  
    PS8_X0Y0             PS8                          0.000     0.000 r  pccx_v002_system_i/zynq_ps/inst/PS8_i/PLCLK[0]
                         net (fo=1, routed)           0.229     0.229    pccx_v002_system_i/zynq_ps/inst/pl_clk_unbuffered[0]
    BUFG_PS_X0Y90        BUFG_PS (Prop_BUFG_PS_I_O)
                                                      0.038     0.267 r  pccx_v002_system_i/zynq_ps/inst/buffer_pl_clk_0.PL_CLK_0_BUFG/O
    X1Y1 (CLOCK_ROOT)    net (fo=82465, routed)       3.060     3.327    pccx_v002_system_i/u_npu/inst/u_wrap/u_pccx_npu_top/gen_norm[9].u_norm_seq/clk_core
    SLICE_X33Y227        FDRE                                         r  pccx_v002_system_i/u_npu/inst/u_wrap/u_pccx_npu_top/gen_norm[9].u_norm_seq/s2_abs_data_reg[47]/C
                         clock pessimism             -0.243     3.084    
    SLICE_X33Y227        FDRE (Hold_EFF_SLICEL_C_D)
                                                      0.101     3.185    pccx_v002_system_i/u_npu/inst/u_wrap/u_pccx_npu_top/gen_norm[9].u_norm_seq/s2_abs_data_reg[47]
  -------------------------------------------------------------------
                         required time                         -3.185    
                         arrival time                           3.196    
  -------------------------------------------------------------------
                         slack                                  0.011    





Pulse Width Checks
--------------------------------------------------------------------------------------
Clock Name:         clk_pl_0
Waveform(ns):       { 0.000 5.000 }
Period(ns):         10.000
Sources:            { pccx_v002_system_i/zynq_ps/inst/PS8_i/PLCLK[0] }

Check Type        Corner  Lib Pin          Reference Pin  Required(ns)  Actual(ns)  Slack(ns)  Location       Pin
Min Period        n/a     PS8/MAXIGP0ACLK  n/a            3.000         10.000      7.000      PS8_X0Y0       pccx_v002_system_i/zynq_ps/inst/PS8_i/MAXIGP0ACLK
Min Period        n/a     PS8/SAXIACPACLK  n/a            3.000         10.000      7.000      PS8_X0Y0       pccx_v002_system_i/zynq_ps/inst/PS8_i/SAXIACPACLK
Min Period        n/a     PS8/SAXIGP2RCLK  n/a            3.000         10.000      7.000      PS8_X0Y0       pccx_v002_system_i/zynq_ps/inst/PS8_i/SAXIGP2RCLK
Min Period        n/a     PS8/SAXIGP2WCLK  n/a            3.000         10.000      7.000      PS8_X0Y0       pccx_v002_system_i/zynq_ps/inst/PS8_i/SAXIGP2WCLK
Min Period        n/a     PS8/SAXIGP3RCLK  n/a            3.000         10.000      7.000      PS8_X0Y0       pccx_v002_system_i/zynq_ps/inst/PS8_i/SAXIGP3RCLK
Min Period        n/a     PS8/SAXIGP3WCLK  n/a            3.000         10.000      7.000      PS8_X0Y0       pccx_v002_system_i/zynq_ps/inst/PS8_i/SAXIGP3WCLK
Min Period        n/a     PS8/SAXIGP4RCLK  n/a            3.000         10.000      7.000      PS8_X0Y0       pccx_v002_system_i/zynq_ps/inst/PS8_i/SAXIGP4RCLK
Min Period        n/a     PS8/SAXIGP4WCLK  n/a            3.000         10.000      7.000      PS8_X0Y0       pccx_v002_system_i/zynq_ps/inst/PS8_i/SAXIGP4WCLK
Min Period        n/a     PS8/SAXIGP5RCLK  n/a            3.000         10.000      7.000      PS8_X0Y0       pccx_v002_system_i/zynq_ps/inst/PS8_i/SAXIGP5RCLK
Min Period        n/a     PS8/SAXIGP5WCLK  n/a            3.000         10.000      7.000      PS8_X0Y0       pccx_v002_system_i/zynq_ps/inst/PS8_i/SAXIGP5WCLK
Min Period        n/a     URAM288/CLK      n/a            2.000         10.000      8.000      URAM288_X0Y28  pccx_v002_system_i/u_npu/inst/u_wrap/u_pccx_npu_top/u_mem_dispatcher/u_l2_cache/u_l2_uram/u_l2_uram/xpm_memory_base_inst/gen_wr_a.gen_word_narrow.mem_reg_uram_0/CLK
Min Period        n/a     URAM288/CLK      n/a            2.000         10.000      8.000      URAM288_X0Y29  pccx_v002_system_i/u_npu/inst/u_wrap/u_pccx_npu_top/u_mem_dispatcher/u_l2_cache/u_l2_uram/u_l2_uram/xpm_memory_base_inst/gen_wr_a.gen_word_narrow.mem_reg_uram_1/CLK
Min Period        n/a     URAM288/CLK      n/a            2.000         10.000      8.000      URAM288_X0Y32  pccx_v002_system_i/u_npu/inst/u_wrap/u_pccx_npu_top/u_mem_dispatcher/u_l2_cache/u_l2_uram/u_l2_uram/xpm_memory_base_inst/gen_wr_a.gen_word_narrow.mem_reg_uram_10/CLK
Min Period        n/a     URAM288/CLK      n/a            2.000         10.000      8.000      URAM288_X0Y33  pccx_v002_system_i/u_npu/inst/u_wrap/u_pccx_npu_top/u_mem_dispatcher/u_l2_cache/u_l2_uram/u_l2_uram/xpm_memory_base_inst/gen_wr_a.gen_word_narrow.mem_reg_uram_11/CLK
Min Period        n/a     URAM288/CLK      n/a            2.000         10.000      8.000      URAM288_X0Y24  pccx_v002_system_i/u_npu/inst/u_wrap/u_pccx_npu_top/u_mem_dispatcher/u_l2_cache/u_l2_uram/u_l2_uram/xpm_memory_base_inst/gen_wr_a.gen_word_narrow.mem_reg_uram_12/CLK
Min Period        n/a     URAM288/CLK      n/a            2.000         10.000      8.000      URAM288_X0Y25  pccx_v002_system_i/u_npu/inst/u_wrap/u_pccx_npu_top/u_mem_dispatcher/u_l2_cache/u_l2_uram/u_l2_uram/xpm_memory_base_inst/gen_wr_a.gen_word_narrow.mem_reg_uram_13/CLK
Min Period        n/a     URAM288/CLK      n/a            2.000         10.000      8.000      URAM288_X0Y16  pccx_v002_system_i/u_npu/inst/u_wrap/u_pccx_npu_top/u_mem_dispatcher/u_l2_cache/u_l2_uram/u_l2_uram/xpm_memory_base_inst/gen_wr_a.gen_word_narrow.mem_reg_uram_14/CLK
Min Period        n/a     URAM288/CLK      n/a            2.000         10.000      8.000      URAM288_X0Y17  pccx_v002_system_i/u_npu/inst/u_wrap/u_pccx_npu_top/u_mem_dispatcher/u_l2_cache/u_l2_uram/u_l2_uram/xpm_memory_base_inst/gen_wr_a.gen_word_narrow.mem_reg_uram_15/CLK
Min Period        n/a     URAM288/CLK      n/a            2.000         10.000      8.000      URAM288_X0Y18  pccx_v002_system_i/u_npu/inst/u_wrap/u_pccx_npu_top/u_mem_dispatcher/u_l2_cache/u_l2_uram/u_l2_uram/xpm_memory_base_inst/gen_wr_a.gen_word_narrow.mem_reg_uram_16/CLK
Min Period        n/a     URAM288/CLK      n/a            2.000         10.000      8.000      URAM288_X0Y19  pccx_v002_system_i/u_npu/inst/u_wrap/u_pccx_npu_top/u_mem_dispatcher/u_l2_cache/u_l2_uram/u_l2_uram/xpm_memory_base_inst/gen_wr_a.gen_word_narrow.mem_reg_uram_17/CLK
Low Pulse Width   Slow    PS8/MAXIGP0ACLK  n/a            1.500         5.000       3.500      PS8_X0Y0       pccx_v002_system_i/zynq_ps/inst/PS8_i/MAXIGP0ACLK
Low Pulse Width   Fast    PS8/MAXIGP0ACLK  n/a            1.500         5.000       3.500      PS8_X0Y0       pccx_v002_system_i/zynq_ps/inst/PS8_i/MAXIGP0ACLK
Low Pulse Width   Slow    PS8/SAXIACPACLK  n/a            1.500         5.000       3.500      PS8_X0Y0       pccx_v002_system_i/zynq_ps/inst/PS8_i/SAXIACPACLK
Low Pulse Width   Fast    PS8/SAXIACPACLK  n/a            1.500         5.000       3.500      PS8_X0Y0       pccx_v002_system_i/zynq_ps/inst/PS8_i/SAXIACPACLK
Low Pulse Width   Slow    PS8/SAXIGP2RCLK  n/a            1.500         5.000       3.500      PS8_X0Y0       pccx_v002_system_i/zynq_ps/inst/PS8_i/SAXIGP2RCLK
Low Pulse Width   Fast    PS8/SAXIGP2RCLK  n/a            1.500         5.000       3.500      PS8_X0Y0       pccx_v002_system_i/zynq_ps/inst/PS8_i/SAXIGP2RCLK
Low Pulse Width   Slow    PS8/SAXIGP2WCLK  n/a            1.500         5.000       3.500      PS8_X0Y0       pccx_v002_system_i/zynq_ps/inst/PS8_i/SAXIGP2WCLK
Low Pulse Width   Fast    PS8/SAXIGP2WCLK  n/a            1.500         5.000       3.500      PS8_X0Y0       pccx_v002_system_i/zynq_ps/inst/PS8_i/SAXIGP2WCLK
Low Pulse Width   Slow    PS8/SAXIGP3RCLK  n/a            1.500         5.000       3.500      PS8_X0Y0       pccx_v002_system_i/zynq_ps/inst/PS8_i/SAXIGP3RCLK
Low Pulse Width   Fast    PS8/SAXIGP3RCLK  n/a            1.500         5.000       3.500      PS8_X0Y0       pccx_v002_system_i/zynq_ps/inst/PS8_i/SAXIGP3RCLK
Low Pulse Width   Slow    PS8/SAXIGP3WCLK  n/a            1.500         5.000       3.500      PS8_X0Y0       pccx_v002_system_i/zynq_ps/inst/PS8_i/SAXIGP3WCLK
Low Pulse Width   Fast    PS8/SAXIGP3WCLK  n/a            1.500         5.000       3.500      PS8_X0Y0       pccx_v002_system_i/zynq_ps/inst/PS8_i/SAXIGP3WCLK
Low Pulse Width   Slow    PS8/SAXIGP4RCLK  n/a            1.500         5.000       3.500      PS8_X0Y0       pccx_v002_system_i/zynq_ps/inst/PS8_i/SAXIGP4RCLK
Low Pulse Width   Fast    PS8/SAXIGP4RCLK  n/a            1.500         5.000       3.500      PS8_X0Y0       pccx_v002_system_i/zynq_ps/inst/PS8_i/SAXIGP4RCLK
Low Pulse Width   Slow    PS8/SAXIGP4WCLK  n/a            1.500         5.000       3.500      PS8_X0Y0       pccx_v002_system_i/zynq_ps/inst/PS8_i/SAXIGP4WCLK
Low Pulse Width   Fast    PS8/SAXIGP4WCLK  n/a            1.500         5.000       3.500      PS8_X0Y0       pccx_v002_system_i/zynq_ps/inst/PS8_i/SAXIGP4WCLK
Low Pulse Width   Slow    PS8/SAXIGP5RCLK  n/a            1.500         5.000       3.500      PS8_X0Y0       pccx_v002_system_i/zynq_ps/inst/PS8_i/SAXIGP5RCLK
Low Pulse Width   Fast    PS8/SAXIGP5RCLK  n/a            1.500         5.000       3.500      PS8_X0Y0       pccx_v002_system_i/zynq_ps/inst/PS8_i/SAXIGP5RCLK
Low Pulse Width   Slow    PS8/SAXIGP5WCLK  n/a            1.500         5.000       3.500      PS8_X0Y0       pccx_v002_system_i/zynq_ps/inst/PS8_i/SAXIGP5WCLK
Low Pulse Width   Fast    PS8/SAXIGP5WCLK  n/a            1.500         5.000       3.500      PS8_X0Y0       pccx_v002_system_i/zynq_ps/inst/PS8_i/SAXIGP5WCLK
High Pulse Width  Slow    PS8/MAXIGP0ACLK  n/a            1.500         5.000       3.500      PS8_X0Y0       pccx_v002_system_i/zynq_ps/inst/PS8_i/MAXIGP0ACLK
High Pulse Width  Fast    PS8/MAXIGP0ACLK  n/a            1.500         5.000       3.500      PS8_X0Y0       pccx_v002_system_i/zynq_ps/inst/PS8_i/MAXIGP0ACLK
High Pulse Width  Slow    PS8/SAXIACPACLK  n/a            1.500         5.000       3.500      PS8_X0Y0       pccx_v002_system_i/zynq_ps/inst/PS8_i/SAXIACPACLK
High Pulse Width  Fast    PS8/SAXIACPACLK  n/a            1.500         5.000       3.500      PS8_X0Y0       pccx_v002_system_i/zynq_ps/inst/PS8_i/SAXIACPACLK
High Pulse Width  Slow    PS8/SAXIGP2RCLK  n/a            1.500         5.000       3.500      PS8_X0Y0       pccx_v002_system_i/zynq_ps/inst/PS8_i/SAXIGP2RCLK
High Pulse Width  Fast    PS8/SAXIGP2RCLK  n/a            1.500         5.000       3.500      PS8_X0Y0       pccx_v002_system_i/zynq_ps/inst/PS8_i/SAXIGP2RCLK
High Pulse Width  Slow    PS8/SAXIGP2WCLK  n/a            1.500         5.000       3.500      PS8_X0Y0       pccx_v002_system_i/zynq_ps/inst/PS8_i/SAXIGP2WCLK
High Pulse Width  Fast    PS8/SAXIGP2WCLK  n/a            1.500         5.000       3.500      PS8_X0Y0       pccx_v002_system_i/zynq_ps/inst/PS8_i/SAXIGP2WCLK
High Pulse Width  Slow    PS8/SAXIGP3RCLK  n/a            1.500         5.000       3.500      PS8_X0Y0       pccx_v002_system_i/zynq_ps/inst/PS8_i/SAXIGP3RCLK
High Pulse Width  Fast    PS8/SAXIGP3RCLK  n/a            1.500         5.000       3.500      PS8_X0Y0       pccx_v002_system_i/zynq_ps/inst/PS8_i/SAXIGP3RCLK
High Pulse Width  Slow    PS8/SAXIGP3WCLK  n/a            1.500         5.000       3.500      PS8_X0Y0       pccx_v002_system_i/zynq_ps/inst/PS8_i/SAXIGP3WCLK
High Pulse Width  Fast    PS8/SAXIGP3WCLK  n/a            1.500         5.000       3.500      PS8_X0Y0       pccx_v002_system_i/zynq_ps/inst/PS8_i/SAXIGP3WCLK
High Pulse Width  Slow    PS8/SAXIGP4RCLK  n/a            1.500         5.000       3.500      PS8_X0Y0       pccx_v002_system_i/zynq_ps/inst/PS8_i/SAXIGP4RCLK
High Pulse Width  Fast    PS8/SAXIGP4RCLK  n/a            1.500         5.000       3.500      PS8_X0Y0       pccx_v002_system_i/zynq_ps/inst/PS8_i/SAXIGP4RCLK
High Pulse Width  Slow    PS8/SAXIGP4WCLK  n/a            1.500         5.000       3.500      PS8_X0Y0       pccx_v002_system_i/zynq_ps/inst/PS8_i/SAXIGP4WCLK
High Pulse Width  Fast    PS8/SAXIGP4WCLK  n/a            1.500         5.000       3.500      PS8_X0Y0       pccx_v002_system_i/zynq_ps/inst/PS8_i/SAXIGP4WCLK
High Pulse Width  Slow    PS8/SAXIGP5RCLK  n/a            1.500         5.000       3.500      PS8_X0Y0       pccx_v002_system_i/zynq_ps/inst/PS8_i/SAXIGP5RCLK
High Pulse Width  Fast    PS8/SAXIGP5RCLK  n/a            1.500         5.000       3.500      PS8_X0Y0       pccx_v002_system_i/zynq_ps/inst/PS8_i/SAXIGP5RCLK
High Pulse Width  Slow    PS8/SAXIGP5WCLK  n/a            1.500         5.000       3.500      PS8_X0Y0       pccx_v002_system_i/zynq_ps/inst/PS8_i/SAXIGP5WCLK
High Pulse Width  Fast    PS8/SAXIGP5WCLK  n/a            1.500         5.000       3.500      PS8_X0Y0       pccx_v002_system_i/zynq_ps/inst/PS8_i/SAXIGP5WCLK



--------------------------------------------------------------------------------------
Path Group:  (none)
From Clock:  
  To Clock:  clk_pl_0

Max Delay             1 Endpoint
Min Delay             1 Endpoint
--------------------------------------------------------------------------------------


Max Delay Paths
--------------------------------------------------------------------------------------
Slack:                    inf
  Source:                 pccx_v002_system_i/zynq_ps/inst/PS8_i/EMIOGPIOO[95]
                            (internal pin)
  Destination:            pccx_v002_system_i/rst_axi/U0/EXT_LPF/ACTIVE_LOW_EXT.ACT_LO_EXT/syncstages_ff_reg[0]/D
                            (rising edge-triggered cell FDRE clocked by clk_pl_0  {rise@0.000ns fall@5.000ns period=10.000ns})
  Path Group:             (none)
  Path Type:              Setup (Max at Slow Process Corner)
  Data Path Delay:        3.774ns  (logic 0.153ns (4.054%)  route 3.621ns (95.946%))
  Logic Levels:           1  (LUT1=1)
  Clock Uncertainty:      0.158ns  ((TSJ^2 + DJ^2)^1/2) / 2 + PE
    Total System Jitter     (TSJ):    0.050ns
    Discrete Jitter          (DJ):    0.312ns
    Phase Error              (PE):    0.000ns
  Clock Net Delay (Destination): 2.869ns (routing 1.538ns, distribution 1.331ns)
  Timing Exception:       False Path

    Location             Delay type                Incr(ns)  Path(ns)    Netlist Resource(s)
  -------------------------------------------------------------------    -------------------
    PS8_X0Y0             PS8                          0.000     0.000 f  pccx_v002_system_i/zynq_ps/inst/PS8_i/EMIOGPIOO[95]
                         net (fo=1, routed)           3.412     3.412    pccx_v002_system_i/rst_axi/U0/EXT_LPF/ext_reset_in
    SLICE_X59Y84         LUT1 (Prop_H6LUT_SLICEL_I0_O)
                                                      0.153     3.565 r  pccx_v002_system_i/rst_axi/U0/EXT_LPF/ACTIVE_LOW_EXT.ACT_LO_EXT_i_1/O
                         net (fo=1, routed)           0.209     3.774    pccx_v002_system_i/rst_axi/U0/EXT_LPF/ACTIVE_LOW_EXT.ACT_LO_EXT/src_in
    SLICE_X59Y84         FDRE                                         r  pccx_v002_system_i/rst_axi/U0/EXT_LPF/ACTIVE_LOW_EXT.ACT_LO_EXT/syncstages_ff_reg[0]/D
  -------------------------------------------------------------------    -------------------

                         (clock clk_pl_0 rise edge)
                                                      0.000     0.000 r  
    PS8_X0Y0             PS8                          0.000     0.000 r  pccx_v002_system_i/zynq_ps/inst/PS8_i/PLCLK[0]
                         net (fo=1, routed)           0.181     0.181    pccx_v002_system_i/zynq_ps/inst/pl_clk_unbuffered[0]
    BUFG_PS_X0Y90        BUFG_PS (Prop_BUFG_PS_I_O)
                                                      0.035     0.216 r  pccx_v002_system_i/zynq_ps/inst/buffer_pl_clk_0.PL_CLK_0_BUFG/O
    X1Y1 (CLOCK_ROOT)    net (fo=82465, routed)       2.869     3.085    pccx_v002_system_i/rst_axi/U0/EXT_LPF/ACTIVE_LOW_EXT.ACT_LO_EXT/dest_clk
    SLICE_X59Y84         FDRE                                         r  pccx_v002_system_i/rst_axi/U0/EXT_LPF/ACTIVE_LOW_EXT.ACT_LO_EXT/syncstages_ff_reg[0]/C





Min Delay Paths
--------------------------------------------------------------------------------------
Slack:                    inf
  Source:                 pccx_v002_system_i/zynq_ps/inst/PS8_i/EMIOGPIOO[95]
                            (internal pin)
  Destination:            pccx_v002_system_i/rst_axi/U0/EXT_LPF/ACTIVE_LOW_EXT.ACT_LO_EXT/syncstages_ff_reg[0]/D
                            (rising edge-triggered cell FDRE clocked by clk_pl_0  {rise@0.000ns fall@5.000ns period=10.000ns})
  Path Group:             (none)
  Path Type:              Hold (Min at Fast Process Corner)
  Data Path Delay:        1.590ns  (logic 0.077ns (4.843%)  route 1.513ns (95.157%))
  Logic Levels:           1  (LUT1=1)
  Clock Uncertainty:      0.158ns  ((TSJ^2 + DJ^2)^1/2) / 2 + PE
    Total System Jitter     (TSJ):    0.050ns
    Discrete Jitter          (DJ):    0.312ns
    Phase Error              (PE):    0.000ns
  Clock Net Delay (Destination): 1.908ns (routing 1.033ns, distribution 0.875ns)
  Timing Exception:       False Path

    Location             Delay type                Incr(ns)  Path(ns)    Netlist Resource(s)
  -------------------------------------------------------------------    -------------------
    PS8_X0Y0             PS8                          0.000     0.000 f  pccx_v002_system_i/zynq_ps/inst/PS8_i/EMIOGPIOO[95]
                         net (fo=1, routed)           1.459     1.459    pccx_v002_system_i/rst_axi/U0/EXT_LPF/ext_reset_in
    SLICE_X59Y84         LUT1 (Prop_H6LUT_SLICEL_I0_O)
                                                      0.077     1.536 r  pccx_v002_system_i/rst_axi/U0/EXT_LPF/ACTIVE_LOW_EXT.ACT_LO_EXT_i_1/O
                         net (fo=1, routed)           0.054     1.590    pccx_v002_system_i/rst_axi/U0/EXT_LPF/ACTIVE_LOW_EXT.ACT_LO_EXT/src_in
    SLICE_X59Y84         FDRE                                         r  pccx_v002_system_i/rst_axi/U0/EXT_LPF/ACTIVE_LOW_EXT.ACT_LO_EXT/syncstages_ff_reg[0]/D
  -------------------------------------------------------------------    -------------------

                         (clock clk_pl_0 rise edge)
                                                      0.000     0.000 r  
    PS8_X0Y0             PS8                          0.000     0.000 r  pccx_v002_system_i/zynq_ps/inst/PS8_i/PLCLK[0]
                         net (fo=1, routed)           0.164     0.164    pccx_v002_system_i/zynq_ps/inst/pl_clk_unbuffered[0]
    BUFG_PS_X0Y90        BUFG_PS (Prop_BUFG_PS_I_O)
                                                      0.023     0.187 r  pccx_v002_system_i/zynq_ps/inst/buffer_pl_clk_0.PL_CLK_0_BUFG/O
    X1Y1 (CLOCK_ROOT)    net (fo=82465, routed)       1.908     2.095    pccx_v002_system_i/rst_axi/U0/EXT_LPF/ACTIVE_LOW_EXT.ACT_LO_EXT/dest_clk
    SLICE_X59Y84         FDRE                                         r  pccx_v002_system_i/rst_axi/U0/EXT_LPF/ACTIVE_LOW_EXT.ACT_LO_EXT/syncstages_ff_reg[0]/C





--------------------------------------------------------------------------------------
Path Group:  (none)
From Clock:  clk_pl_0
  To Clock:  clk_pl_0

Max Delay           237 Endpoints
Min Delay           237 Endpoints
--------------------------------------------------------------------------------------


Max Delay Paths
--------------------------------------------------------------------------------------
Slack:                    inf
  Source:                 pccx_v002_system_i/sc_axil/inst/clk_map/psr_aclk/U0/ACTIVE_LOW_BSR_OUT_DFF[0].FDRE_BSR_N/C
                            (rising edge-triggered cell FDRE clocked by clk_pl_0  {rise@0.000ns fall@5.000ns period=10.000ns})
  Destination:            pccx_v002_system_i/sc_axil/inst/s00_entry_pipeline/s00_transaction_regulator/inst/xpm_cdc_async_rst_inst/arststages_ff_reg[0]/CLR
                            (recovery check against rising-edge clock clk_pl_0  {rise@0.000ns fall@5.000ns period=10.000ns})
  Path Group:             (none)
  Path Type:              Recovery (Max at Slow Process Corner)
  Data Path Delay:        5.045ns  (logic 0.113ns (2.240%)  route 4.932ns (97.760%))
  Logic Levels:           0  
  Clock Path Skew:        -0.294ns (DCD - SCD + CPR)
    Destination Clock Delay (DCD):    3.168ns
    Source Clock Delay      (SCD):    3.463ns
    Clock Pessimism Removal (CPR):    0.000ns
  Clock Uncertainty:      0.160ns  ((TSJ^2 + DJ^2)^1/2) / 2 + PE
    Total System Jitter     (TSJ):    0.071ns
    Discrete Jitter          (DJ):    0.312ns
    Phase Error              (PE):    0.000ns
  Clock Net Delay (Source):      3.196ns (routing 1.681ns, distribution 1.515ns)
  Clock Net Delay (Destination): 2.952ns (routing 1.538ns, distribution 1.414ns)
  Timing Exception:       False Path

    Location             Delay type                Incr(ns)  Path(ns)    Netlist Resource(s)
  -------------------------------------------------------------------    -------------------
                         (clock clk_pl_0 rise edge)
                                                      0.000     0.000 r  
    PS8_X0Y0             PS8                          0.000     0.000 r  pccx_v002_system_i/zynq_ps/inst/PS8_i/PLCLK[0]
                         net (fo=1, routed)           0.229     0.229    pccx_v002_system_i/zynq_ps/inst/pl_clk_unbuffered[0]
    BUFG_PS_X0Y90        BUFG_PS (Prop_BUFG_PS_I_O)
                                                      0.038     0.267 r  pccx_v002_system_i/zynq_ps/inst/buffer_pl_clk_0.PL_CLK_0_BUFG/O
    X1Y1 (CLOCK_ROOT)    net (fo=82465, routed)       3.196     3.463    pccx_v002_system_i/sc_axil/inst/clk_map/psr_aclk/U0/aclk
    SLICE_X58Y100        FDRE                                         r  pccx_v002_system_i/sc_axil/inst/clk_map/psr_aclk/U0/ACTIVE_LOW_BSR_OUT_DFF[0].FDRE_BSR_N/C
  -------------------------------------------------------------------    -------------------
    SLICE_X58Y100        FDRE (Prop_EFF_SLICEM_C_Q)
                                                      0.113     3.576 r  pccx_v002_system_i/sc_axil/inst/clk_map/psr_aclk/U0/ACTIVE_LOW_BSR_OUT_DFF[0].FDRE_BSR_N/Q
                         net (fo=150, routed)         4.932     8.508    pccx_v002_system_i/sc_axil/inst/s00_entry_pipeline/s00_transaction_regulator/inst/xpm_cdc_async_rst_inst/src_arst
    SLICE_X6Y48          FDCE                                         f  pccx_v002_system_i/sc_axil/inst/s00_entry_pipeline/s00_transaction_regulator/inst/xpm_cdc_async_rst_inst/arststages_ff_reg[0]/CLR  (IS_INVERTED)
  -------------------------------------------------------------------    -------------------

                         (clock clk_pl_0 rise edge)
                                                      0.000     0.000 r  
    PS8_X0Y0             PS8                          0.000     0.000 r  pccx_v002_system_i/zynq_ps/inst/PS8_i/PLCLK[0]
                         net (fo=1, routed)           0.181     0.181    pccx_v002_system_i/zynq_ps/inst/pl_clk_unbuffered[0]
    BUFG_PS_X0Y90        BUFG_PS (Prop_BUFG_PS_I_O)
                                                      0.035     0.216 r  pccx_v002_system_i/zynq_ps/inst/buffer_pl_clk_0.PL_CLK_0_BUFG/O
    X1Y1 (CLOCK_ROOT)    net (fo=82465, routed)       2.952     3.168    pccx_v002_system_i/sc_axil/inst/s00_entry_pipeline/s00_transaction_regulator/inst/xpm_cdc_async_rst_inst/dest_clk
    SLICE_X6Y48          FDCE                                         r  pccx_v002_system_i/sc_axil/inst/s00_entry_pipeline/s00_transaction_regulator/inst/xpm_cdc_async_rst_inst/arststages_ff_reg[0]/C

Slack:                    inf
  Source:                 pccx_v002_system_i/sc_axil/inst/clk_map/psr_aclk/U0/ACTIVE_LOW_BSR_OUT_DFF[0].FDRE_BSR_N/C
                            (rising edge-triggered cell FDRE clocked by clk_pl_0  {rise@0.000ns fall@5.000ns period=10.000ns})
  Destination:            pccx_v002_system_i/sc_axil/inst/s00_entry_pipeline/s00_transaction_regulator/inst/xpm_cdc_async_rst_inst/arststages_ff_reg[1]/CLR
                            (recovery check against rising-edge clock clk_pl_0  {rise@0.000ns fall@5.000ns period=10.000ns})
  Path Group:             (none)
  Path Type:              Recovery (Max at Slow Process Corner)
  Data Path Delay:        5.045ns  (logic 0.113ns (2.240%)  route 4.932ns (97.760%))
  Logic Levels:           0  
  Clock Path Skew:        -0.294ns (DCD - SCD + CPR)
    Destination Clock Delay (DCD):    3.168ns
    Source Clock Delay      (SCD):    3.463ns
    Clock Pessimism Removal (CPR):    0.000ns
  Clock Uncertainty:      0.160ns  ((TSJ^2 + DJ^2)^1/2) / 2 + PE
    Total System Jitter     (TSJ):    0.071ns
    Discrete Jitter          (DJ):    0.312ns
    Phase Error              (PE):    0.000ns
  Clock Net Delay (Source):      3.196ns (routing 1.681ns, distribution 1.515ns)
  Clock Net Delay (Destination): 2.952ns (routing 1.538ns, distribution 1.414ns)
  Timing Exception:       False Path

    Location             Delay type                Incr(ns)  Path(ns)    Netlist Resource(s)
  -------------------------------------------------------------------    -------------------
                         (clock clk_pl_0 rise edge)
                                                      0.000     0.000 r  
    PS8_X0Y0             PS8                          0.000     0.000 r  pccx_v002_system_i/zynq_ps/inst/PS8_i/PLCLK[0]
                         net (fo=1, routed)           0.229     0.229    pccx_v002_system_i/zynq_ps/inst/pl_clk_unbuffered[0]
    BUFG_PS_X0Y90        BUFG_PS (Prop_BUFG_PS_I_O)
                                                      0.038     0.267 r  pccx_v002_system_i/zynq_ps/inst/buffer_pl_clk_0.PL_CLK_0_BUFG/O
    X1Y1 (CLOCK_ROOT)    net (fo=82465, routed)       3.196     3.463    pccx_v002_system_i/sc_axil/inst/clk_map/psr_aclk/U0/aclk
    SLICE_X58Y100        FDRE                                         r  pccx_v002_system_i/sc_axil/inst/clk_map/psr_aclk/U0/ACTIVE_LOW_BSR_OUT_DFF[0].FDRE_BSR_N/C
  -------------------------------------------------------------------    -------------------
    SLICE_X58Y100        FDRE (Prop_EFF_SLICEM_C_Q)
                                                      0.113     3.576 r  pccx_v002_system_i/sc_axil/inst/clk_map/psr_aclk/U0/ACTIVE_LOW_BSR_OUT_DFF[0].FDRE_BSR_N/Q
                         net (fo=150, routed)         4.932     8.508    pccx_v002_system_i/sc_axil/inst/s00_entry_pipeline/s00_transaction_regulator/inst/xpm_cdc_async_rst_inst/src_arst
    SLICE_X6Y48          FDCE                                         f  pccx_v002_system_i/sc_axil/inst/s00_entry_pipeline/s00_transaction_regulator/inst/xpm_cdc_async_rst_inst/arststages_ff_reg[1]/CLR  (IS_INVERTED)
  -------------------------------------------------------------------    -------------------

                         (clock clk_pl_0 rise edge)
                                                      0.000     0.000 r  
    PS8_X0Y0             PS8                          0.000     0.000 r  pccx_v002_system_i/zynq_ps/inst/PS8_i/PLCLK[0]
                         net (fo=1, routed)           0.181     0.181    pccx_v002_system_i/zynq_ps/inst/pl_clk_unbuffered[0]
    BUFG_PS_X0Y90        BUFG_PS (Prop_BUFG_PS_I_O)
                                                      0.035     0.216 r  pccx_v002_system_i/zynq_ps/inst/buffer_pl_clk_0.PL_CLK_0_BUFG/O
    X1Y1 (CLOCK_ROOT)    net (fo=82465, routed)       2.952     3.168    pccx_v002_system_i/sc_axil/inst/s00_entry_pipeline/s00_transaction_regulator/inst/xpm_cdc_async_rst_inst/dest_clk
    SLICE_X6Y48          FDCE                                         r  pccx_v002_system_i/sc_axil/inst/s00_entry_pipeline/s00_transaction_regulator/inst/xpm_cdc_async_rst_inst/arststages_ff_reg[1]/C

Slack:                    inf
  Source:                 pccx_v002_system_i/sc_axil/inst/clk_map/psr_aclk/U0/ACTIVE_LOW_BSR_OUT_DFF[0].FDRE_BSR_N/C
                            (rising edge-triggered cell FDRE clocked by clk_pl_0  {rise@0.000ns fall@5.000ns period=10.000ns})
  Destination:            pccx_v002_system_i/sc_axil/inst/s00_entry_pipeline/s00_transaction_regulator/inst/xpm_cdc_async_rst_inst/arststages_ff_reg[2]/CLR
                            (recovery check against rising-edge clock clk_pl_0  {rise@0.000ns fall@5.000ns period=10.000ns})
  Path Group:             (none)
  Path Type:              Recovery (Max at Slow Process Corner)
  Data Path Delay:        5.045ns  (logic 0.113ns (2.240%)  route 4.932ns (97.760%))
  Logic Levels:           0  
  Clock Path Skew:        -0.294ns (DCD - SCD + CPR)
    Destination Clock Delay (DCD):    3.168ns
    Source Clock Delay      (SCD):    3.463ns
    Clock Pessimism Removal (CPR):    0.000ns
  Clock Uncertainty:      0.160ns  ((TSJ^2 + DJ^2)^1/2) / 2 + PE
    Total System Jitter     (TSJ):    0.071ns
    Discrete Jitter          (DJ):    0.312ns
    Phase Error              (PE):    0.000ns
  Clock Net Delay (Source):      3.196ns (routing 1.681ns, distribution 1.515ns)
  Clock Net Delay (Destination): 2.952ns (routing 1.538ns, distribution 1.414ns)
  Timing Exception:       False Path

    Location             Delay type                Incr(ns)  Path(ns)    Netlist Resource(s)
  -------------------------------------------------------------------    -------------------
                         (clock clk_pl_0 rise edge)
                                                      0.000     0.000 r  
    PS8_X0Y0             PS8                          0.000     0.000 r  pccx_v002_system_i/zynq_ps/inst/PS8_i/PLCLK[0]
                         net (fo=1, routed)           0.229     0.229    pccx_v002_system_i/zynq_ps/inst/pl_clk_unbuffered[0]
    BUFG_PS_X0Y90        BUFG_PS (Prop_BUFG_PS_I_O)
                                                      0.038     0.267 r  pccx_v002_system_i/zynq_ps/inst/buffer_pl_clk_0.PL_CLK_0_BUFG/O
    X1Y1 (CLOCK_ROOT)    net (fo=82465, routed)       3.196     3.463    pccx_v002_system_i/sc_axil/inst/clk_map/psr_aclk/U0/aclk
    SLICE_X58Y100        FDRE                                         r  pccx_v002_system_i/sc_axil/inst/clk_map/psr_aclk/U0/ACTIVE_LOW_BSR_OUT_DFF[0].FDRE_BSR_N/C
  -------------------------------------------------------------------    -------------------
    SLICE_X58Y100        FDRE (Prop_EFF_SLICEM_C_Q)
                                                      0.113     3.576 r  pccx_v002_system_i/sc_axil/inst/clk_map/psr_aclk/U0/ACTIVE_LOW_BSR_OUT_DFF[0].FDRE_BSR_N/Q
                         net (fo=150, routed)         4.932     8.508    pccx_v002_system_i/sc_axil/inst/s00_entry_pipeline/s00_transaction_regulator/inst/xpm_cdc_async_rst_inst/src_arst
    SLICE_X6Y48          FDCE                                         f  pccx_v002_system_i/sc_axil/inst/s00_entry_pipeline/s00_transaction_regulator/inst/xpm_cdc_async_rst_inst/arststages_ff_reg[2]/CLR  (IS_INVERTED)
  -------------------------------------------------------------------    -------------------

                         (clock clk_pl_0 rise edge)
                                                      0.000     0.000 r  
    PS8_X0Y0             PS8                          0.000     0.000 r  pccx_v002_system_i/zynq_ps/inst/PS8_i/PLCLK[0]
                         net (fo=1, routed)           0.181     0.181    pccx_v002_system_i/zynq_ps/inst/pl_clk_unbuffered[0]
    BUFG_PS_X0Y90        BUFG_PS (Prop_BUFG_PS_I_O)
                                                      0.035     0.216 r  pccx_v002_system_i/zynq_ps/inst/buffer_pl_clk_0.PL_CLK_0_BUFG/O
    X1Y1 (CLOCK_ROOT)    net (fo=82465, routed)       2.952     3.168    pccx_v002_system_i/sc_axil/inst/s00_entry_pipeline/s00_transaction_regulator/inst/xpm_cdc_async_rst_inst/dest_clk
    SLICE_X6Y48          FDCE                                         r  pccx_v002_system_i/sc_axil/inst/s00_entry_pipeline/s00_transaction_regulator/inst/xpm_cdc_async_rst_inst/arststages_ff_reg[2]/C

Slack:                    inf
  Source:                 pccx_v002_system_i/sc_axil/inst/clk_map/psr_aclk/U0/ACTIVE_LOW_BSR_OUT_DFF[0].FDRE_BSR_N/C
                            (rising edge-triggered cell FDRE clocked by clk_pl_0  {rise@0.000ns fall@5.000ns period=10.000ns})
  Destination:            pccx_v002_system_i/sc_axil/inst/m02_nodes/m02_b_node/inst/s_sc_xpm_cdc_async_rst_inst/arststages_ff_reg[0]/CLR
                            (recovery check against rising-edge clock clk_pl_0  {rise@0.000ns fall@5.000ns period=10.000ns})
  Path Group:             (none)
  Path Type:              Recovery (Max at Slow Process Corner)
  Data Path Delay:        4.679ns  (logic 0.113ns (2.415%)  route 4.566ns (97.585%))
  Logic Levels:           0  
  Clock Path Skew:        -0.310ns (DCD - SCD + CPR)
    Destination Clock Delay (DCD):    3.152ns
    Source Clock Delay      (SCD):    3.463ns
    Clock Pessimism Removal (CPR):    0.000ns
  Clock Uncertainty:      0.160ns  ((TSJ^2 + DJ^2)^1/2) / 2 + PE
    Total System Jitter     (TSJ):    0.071ns
    Discrete Jitter          (DJ):    0.312ns
    Phase Error              (PE):    0.000ns
  Clock Net Delay (Source):      3.196ns (routing 1.681ns, distribution 1.515ns)
  Clock Net Delay (Destination): 2.936ns (routing 1.538ns, distribution 1.398ns)
  Timing Exception:       False Path

    Location             Delay type                Incr(ns)  Path(ns)    Netlist Resource(s)
  -------------------------------------------------------------------    -------------------
                         (clock clk_pl_0 rise edge)
                                                      0.000     0.000 r  
    PS8_X0Y0             PS8                          0.000     0.000 r  pccx_v002_system_i/zynq_ps/inst/PS8_i/PLCLK[0]
                         net (fo=1, routed)           0.229     0.229    pccx_v002_system_i/zynq_ps/inst/pl_clk_unbuffered[0]
    BUFG_PS_X0Y90        BUFG_PS (Prop_BUFG_PS_I_O)
                                                      0.038     0.267 r  pccx_v002_system_i/zynq_ps/inst/buffer_pl_clk_0.PL_CLK_0_BUFG/O
    X1Y1 (CLOCK_ROOT)    net (fo=82465, routed)       3.196     3.463    pccx_v002_system_i/sc_axil/inst/clk_map/psr_aclk/U0/aclk
    SLICE_X58Y100        FDRE                                         r  pccx_v002_system_i/sc_axil/inst/clk_map/psr_aclk/U0/ACTIVE_LOW_BSR_OUT_DFF[0].FDRE_BSR_N/C
  -------------------------------------------------------------------    -------------------
    SLICE_X58Y100        FDRE (Prop_EFF_SLICEM_C_Q)
                                                      0.113     3.576 r  pccx_v002_system_i/sc_axil/inst/clk_map/psr_aclk/U0/ACTIVE_LOW_BSR_OUT_DFF[0].FDRE_BSR_N/Q
                         net (fo=150, routed)         4.566     8.142    pccx_v002_system_i/sc_axil/inst/m02_nodes/m02_b_node/inst/s_sc_xpm_cdc_async_rst_inst/src_arst
    SLICE_X21Y163        FDCE                                         f  pccx_v002_system_i/sc_axil/inst/m02_nodes/m02_b_node/inst/s_sc_xpm_cdc_async_rst_inst/arststages_ff_reg[0]/CLR  (IS_INVERTED)
  -------------------------------------------------------------------    -------------------

                         (clock clk_pl_0 rise edge)
                                                      0.000     0.000 r  
    PS8_X0Y0             PS8                          0.000     0.000 r  pccx_v002_system_i/zynq_ps/inst/PS8_i/PLCLK[0]
                         net (fo=1, routed)           0.181     0.181    pccx_v002_system_i/zynq_ps/inst/pl_clk_unbuffered[0]
    BUFG_PS_X0Y90        BUFG_PS (Prop_BUFG_PS_I_O)
                                                      0.035     0.216 r  pccx_v002_system_i/zynq_ps/inst/buffer_pl_clk_0.PL_CLK_0_BUFG/O
    X1Y1 (CLOCK_ROOT)    net (fo=82465, routed)       2.936     3.152    pccx_v002_system_i/sc_axil/inst/m02_nodes/m02_b_node/inst/s_sc_xpm_cdc_async_rst_inst/dest_clk
    SLICE_X21Y163        FDCE                                         r  pccx_v002_system_i/sc_axil/inst/m02_nodes/m02_b_node/inst/s_sc_xpm_cdc_async_rst_inst/arststages_ff_reg[0]/C

Slack:                    inf
  Source:                 pccx_v002_system_i/sc_axil/inst/clk_map/psr_aclk/U0/ACTIVE_LOW_BSR_OUT_DFF[0].FDRE_BSR_N/C
                            (rising edge-triggered cell FDRE clocked by clk_pl_0  {rise@0.000ns fall@5.000ns period=10.000ns})
  Destination:            pccx_v002_system_i/sc_axil/inst/m02_nodes/m02_b_node/inst/s_sc_xpm_cdc_async_rst_inst/arststages_ff_reg[1]/CLR
                            (recovery check against rising-edge clock clk_pl_0  {rise@0.000ns fall@5.000ns period=10.000ns})
  Path Group:             (none)
  Path Type:              Recovery (Max at Slow Process Corner)
  Data Path Delay:        4.679ns  (logic 0.113ns (2.415%)  route 4.566ns (97.585%))
  Logic Levels:           0  
  Clock Path Skew:        -0.310ns (DCD - SCD + CPR)
    Destination Clock Delay (DCD):    3.152ns
    Source Clock Delay      (SCD):    3.463ns
    Clock Pessimism Removal (CPR):    0.000ns
  Clock Uncertainty:      0.160ns  ((TSJ^2 + DJ^2)^1/2) / 2 + PE
    Total System Jitter     (TSJ):    0.071ns
    Discrete Jitter          (DJ):    0.312ns
    Phase Error              (PE):    0.000ns
  Clock Net Delay (Source):      3.196ns (routing 1.681ns, distribution 1.515ns)
  Clock Net Delay (Destination): 2.936ns (routing 1.538ns, distribution 1.398ns)
  Timing Exception:       False Path

    Location             Delay type                Incr(ns)  Path(ns)    Netlist Resource(s)
  -------------------------------------------------------------------    -------------------
                         (clock clk_pl_0 rise edge)
                                                      0.000     0.000 r  
    PS8_X0Y0             PS8                          0.000     0.000 r  pccx_v002_system_i/zynq_ps/inst/PS8_i/PLCLK[0]
                         net (fo=1, routed)           0.229     0.229    pccx_v002_system_i/zynq_ps/inst/pl_clk_unbuffered[0]
    BUFG_PS_X0Y90        BUFG_PS (Prop_BUFG_PS_I_O)
                                                      0.038     0.267 r  pccx_v002_system_i/zynq_ps/inst/buffer_pl_clk_0.PL_CLK_0_BUFG/O
    X1Y1 (CLOCK_ROOT)    net (fo=82465, routed)       3.196     3.463    pccx_v002_system_i/sc_axil/inst/clk_map/psr_aclk/U0/aclk
    SLICE_X58Y100        FDRE                                         r  pccx_v002_system_i/sc_axil/inst/clk_map/psr_aclk/U0/ACTIVE_LOW_BSR_OUT_DFF[0].FDRE_BSR_N/C
  -------------------------------------------------------------------    -------------------
    SLICE_X58Y100        FDRE (Prop_EFF_SLICEM_C_Q)
                                                      0.113     3.576 r  pccx_v002_system_i/sc_axil/inst/clk_map/psr_aclk/U0/ACTIVE_LOW_BSR_OUT_DFF[0].FDRE_BSR_N/Q
                         net (fo=150, routed)         4.566     8.142    pccx_v002_system_i/sc_axil/inst/m02_nodes/m02_b_node/inst/s_sc_xpm_cdc_async_rst_inst/src_arst
    SLICE_X21Y163        FDCE                                         f  pccx_v002_system_i/sc_axil/inst/m02_nodes/m02_b_node/inst/s_sc_xpm_cdc_async_rst_inst/arststages_ff_reg[1]/CLR  (IS_INVERTED)
  -------------------------------------------------------------------    -------------------

                         (clock clk_pl_0 rise edge)
                                                      0.000     0.000 r  
    PS8_X0Y0             PS8                          0.000     0.000 r  pccx_v002_system_i/zynq_ps/inst/PS8_i/PLCLK[0]
                         net (fo=1, routed)           0.181     0.181    pccx_v002_system_i/zynq_ps/inst/pl_clk_unbuffered[0]
    BUFG_PS_X0Y90        BUFG_PS (Prop_BUFG_PS_I_O)
                                                      0.035     0.216 r  pccx_v002_system_i/zynq_ps/inst/buffer_pl_clk_0.PL_CLK_0_BUFG/O
    X1Y1 (CLOCK_ROOT)    net (fo=82465, routed)       2.936     3.152    pccx_v002_system_i/sc_axil/inst/m02_nodes/m02_b_node/inst/s_sc_xpm_cdc_async_rst_inst/dest_clk
    SLICE_X21Y163        FDCE                                         r  pccx_v002_system_i/sc_axil/inst/m02_nodes/m02_b_node/inst/s_sc_xpm_cdc_async_rst_inst/arststages_ff_reg[1]/C

Slack:                    inf
  Source:                 pccx_v002_system_i/sc_axil/inst/clk_map/psr_aclk/U0/ACTIVE_LOW_BSR_OUT_DFF[0].FDRE_BSR_N/C
                            (rising edge-triggered cell FDRE clocked by clk_pl_0  {rise@0.000ns fall@5.000ns period=10.000ns})
  Destination:            pccx_v002_system_i/sc_axil/inst/m02_nodes/m02_b_node/inst/s_sc_xpm_cdc_async_rst_inst/arststages_ff_reg[2]/CLR
                            (recovery check against rising-edge clock clk_pl_0  {rise@0.000ns fall@5.000ns period=10.000ns})
  Path Group:             (none)
  Path Type:              Recovery (Max at Slow Process Corner)
  Data Path Delay:        4.679ns  (logic 0.113ns (2.415%)  route 4.566ns (97.585%))
  Logic Levels:           0  
  Clock Path Skew:        -0.310ns (DCD - SCD + CPR)
    Destination Clock Delay (DCD):    3.152ns
    Source Clock Delay      (SCD):    3.463ns
    Clock Pessimism Removal (CPR):    0.000ns
  Clock Uncertainty:      0.160ns  ((TSJ^2 + DJ^2)^1/2) / 2 + PE
    Total System Jitter     (TSJ):    0.071ns
    Discrete Jitter          (DJ):    0.312ns
    Phase Error              (PE):    0.000ns
  Clock Net Delay (Source):      3.196ns (routing 1.681ns, distribution 1.515ns)
  Clock Net Delay (Destination): 2.936ns (routing 1.538ns, distribution 1.398ns)
  Timing Exception:       False Path

    Location             Delay type                Incr(ns)  Path(ns)    Netlist Resource(s)
  -------------------------------------------------------------------    -------------------
                         (clock clk_pl_0 rise edge)
                                                      0.000     0.000 r  
    PS8_X0Y0             PS8                          0.000     0.000 r  pccx_v002_system_i/zynq_ps/inst/PS8_i/PLCLK[0]
                         net (fo=1, routed)           0.229     0.229    pccx_v002_system_i/zynq_ps/inst/pl_clk_unbuffered[0]
    BUFG_PS_X0Y90        BUFG_PS (Prop_BUFG_PS_I_O)
                                                      0.038     0.267 r  pccx_v002_system_i/zynq_ps/inst/buffer_pl_clk_0.PL_CLK_0_BUFG/O
    X1Y1 (CLOCK_ROOT)    net (fo=82465, routed)       3.196     3.463    pccx_v002_system_i/sc_axil/inst/clk_map/psr_aclk/U0/aclk
    SLICE_X58Y100        FDRE                                         r  pccx_v002_system_i/sc_axil/inst/clk_map/psr_aclk/U0/ACTIVE_LOW_BSR_OUT_DFF[0].FDRE_BSR_N/C
  -------------------------------------------------------------------    -------------------
    SLICE_X58Y100        FDRE (Prop_EFF_SLICEM_C_Q)
                                                      0.113     3.576 r  pccx_v002_system_i/sc_axil/inst/clk_map/psr_aclk/U0/ACTIVE_LOW_BSR_OUT_DFF[0].FDRE_BSR_N/Q
                         net (fo=150, routed)         4.566     8.142    pccx_v002_system_i/sc_axil/inst/m02_nodes/m02_b_node/inst/s_sc_xpm_cdc_async_rst_inst/src_arst
    SLICE_X21Y163        FDCE                                         f  pccx_v002_system_i/sc_axil/inst/m02_nodes/m02_b_node/inst/s_sc_xpm_cdc_async_rst_inst/arststages_ff_reg[2]/CLR  (IS_INVERTED)
  -------------------------------------------------------------------    -------------------

                         (clock clk_pl_0 rise edge)
                                                      0.000     0.000 r  
    PS8_X0Y0             PS8                          0.000     0.000 r  pccx_v002_system_i/zynq_ps/inst/PS8_i/PLCLK[0]
                         net (fo=1, routed)           0.181     0.181    pccx_v002_system_i/zynq_ps/inst/pl_clk_unbuffered[0]
    BUFG_PS_X0Y90        BUFG_PS (Prop_BUFG_PS_I_O)
                                                      0.035     0.216 r  pccx_v002_system_i/zynq_ps/inst/buffer_pl_clk_0.PL_CLK_0_BUFG/O
    X1Y1 (CLOCK_ROOT)    net (fo=82465, routed)       2.936     3.152    pccx_v002_system_i/sc_axil/inst/m02_nodes/m02_b_node/inst/s_sc_xpm_cdc_async_rst_inst/dest_clk
    SLICE_X21Y163        FDCE                                         r  pccx_v002_system_i/sc_axil/inst/m02_nodes/m02_b_node/inst/s_sc_xpm_cdc_async_rst_inst/arststages_ff_reg[2]/C

Slack:                    inf
  Source:                 pccx_v002_system_i/sc_axil/inst/clk_map/psr_aclk/U0/ACTIVE_LOW_BSR_OUT_DFF[0].FDRE_BSR_N/C
                            (rising edge-triggered cell FDRE clocked by clk_pl_0  {rise@0.000ns fall@5.000ns period=10.000ns})
  Destination:            pccx_v002_system_i/sc_axil/inst/m06_exit_pipeline/m06_exit/inst/xpm_cdc_async_rst_inst/arststages_ff_reg[0]/CLR
                            (recovery check against rising-edge clock clk_pl_0  {rise@0.000ns fall@5.000ns period=10.000ns})
  Path Group:             (none)
  Path Type:              Recovery (Max at Slow Process Corner)
  Data Path Delay:        4.494ns  (logic 0.113ns (2.514%)  route 4.381ns (97.486%))
  Logic Levels:           0  
  Clock Path Skew:        -0.517ns (DCD - SCD + CPR)
    Destination Clock Delay (DCD):    2.945ns
    Source Clock Delay      (SCD):    3.463ns
    Clock Pessimism Removal (CPR):    0.000ns
  Clock Uncertainty:      0.160ns  ((TSJ^2 + DJ^2)^1/2) / 2 + PE
    Total System Jitter     (TSJ):    0.071ns
    Discrete Jitter          (DJ):    0.312ns
    Phase Error              (PE):    0.000ns
  Clock Net Delay (Source):      3.196ns (routing 1.681ns, distribution 1.515ns)
  Clock Net Delay (Destination): 2.729ns (routing 1.538ns, distribution 1.191ns)
  Timing Exception:       False Path

    Location             Delay type                Incr(ns)  Path(ns)    Netlist Resource(s)
  -------------------------------------------------------------------    -------------------
                         (clock clk_pl_0 rise edge)
                                                      0.000     0.000 r  
    PS8_X0Y0             PS8                          0.000     0.000 r  pccx_v002_system_i/zynq_ps/inst/PS8_i/PLCLK[0]
                         net (fo=1, routed)           0.229     0.229    pccx_v002_system_i/zynq_ps/inst/pl_clk_unbuffered[0]
    BUFG_PS_X0Y90        BUFG_PS (Prop_BUFG_PS_I_O)
                                                      0.038     0.267 r  pccx_v002_system_i/zynq_ps/inst/buffer_pl_clk_0.PL_CLK_0_BUFG/O
    X1Y1 (CLOCK_ROOT)    net (fo=82465, routed)       3.196     3.463    pccx_v002_system_i/sc_axil/inst/clk_map/psr_aclk/U0/aclk
    SLICE_X58Y100        FDRE                                         r  pccx_v002_system_i/sc_axil/inst/clk_map/psr_aclk/U0/ACTIVE_LOW_BSR_OUT_DFF[0].FDRE_BSR_N/C
  -------------------------------------------------------------------    -------------------
    SLICE_X58Y100        FDRE (Prop_EFF_SLICEM_C_Q)
                                                      0.113     3.576 r  pccx_v002_system_i/sc_axil/inst/clk_map/psr_aclk/U0/ACTIVE_LOW_BSR_OUT_DFF[0].FDRE_BSR_N/Q
                         net (fo=150, routed)         4.381     7.957    pccx_v002_system_i/sc_axil/inst/m06_exit_pipeline/m06_exit/inst/xpm_cdc_async_rst_inst/src_arst
    SLICE_X28Y48         FDCE                                         f  pccx_v002_system_i/sc_axil/inst/m06_exit_pipeline/m06_exit/inst/xpm_cdc_async_rst_inst/arststages_ff_reg[0]/CLR  (IS_INVERTED)
  -------------------------------------------------------------------    -------------------

                         (clock clk_pl_0 rise edge)
                                                      0.000     0.000 r  
    PS8_X0Y0             PS8                          0.000     0.000 r  pccx_v002_system_i/zynq_ps/inst/PS8_i/PLCLK[0]
                         net (fo=1, routed)           0.181     0.181    pccx_v002_system_i/zynq_ps/inst/pl_clk_unbuffered[0]
    BUFG_PS_X0Y90        BUFG_PS (Prop_BUFG_PS_I_O)
                                                      0.035     0.216 r  pccx_v002_system_i/zynq_ps/inst/buffer_pl_clk_0.PL_CLK_0_BUFG/O
    X1Y1 (CLOCK_ROOT)    net (fo=82465, routed)       2.729     2.945    pccx_v002_system_i/sc_axil/inst/m06_exit_pipeline/m06_exit/inst/xpm_cdc_async_rst_inst/dest_clk
    SLICE_X28Y48         FDCE                                         r  pccx_v002_system_i/sc_axil/inst/m06_exit_pipeline/m06_exit/inst/xpm_cdc_async_rst_inst/arststages_ff_reg[0]/C

Slack:                    inf
  Source:                 pccx_v002_system_i/sc_axil/inst/clk_map/psr_aclk/U0/ACTIVE_LOW_BSR_OUT_DFF[0].FDRE_BSR_N/C
                            (rising edge-triggered cell FDRE clocked by clk_pl_0  {rise@0.000ns fall@5.000ns period=10.000ns})
  Destination:            pccx_v002_system_i/sc_axil/inst/m06_exit_pipeline/m06_exit/inst/xpm_cdc_async_rst_inst/arststages_ff_reg[1]/CLR
                            (recovery check against rising-edge clock clk_pl_0  {rise@0.000ns fall@5.000ns period=10.000ns})
  Path Group:             (none)
  Path Type:              Recovery (Max at Slow Process Corner)
  Data Path Delay:        4.494ns  (logic 0.113ns (2.514%)  route 4.381ns (97.486%))
  Logic Levels:           0  
  Clock Path Skew:        -0.517ns (DCD - SCD + CPR)
    Destination Clock Delay (DCD):    2.945ns
    Source Clock Delay      (SCD):    3.463ns
    Clock Pessimism Removal (CPR):    0.000ns
  Clock Uncertainty:      0.160ns  ((TSJ^2 + DJ^2)^1/2) / 2 + PE
    Total System Jitter     (TSJ):    0.071ns
    Discrete Jitter          (DJ):    0.312ns
    Phase Error              (PE):    0.000ns
  Clock Net Delay (Source):      3.196ns (routing 1.681ns, distribution 1.515ns)
  Clock Net Delay (Destination): 2.729ns (routing 1.538ns, distribution 1.191ns)
  Timing Exception:       False Path

    Location             Delay type                Incr(ns)  Path(ns)    Netlist Resource(s)
  -------------------------------------------------------------------    -------------------
                         (clock clk_pl_0 rise edge)
                                                      0.000     0.000 r  
    PS8_X0Y0             PS8                          0.000     0.000 r  pccx_v002_system_i/zynq_ps/inst/PS8_i/PLCLK[0]
                         net (fo=1, routed)           0.229     0.229    pccx_v002_system_i/zynq_ps/inst/pl_clk_unbuffered[0]
    BUFG_PS_X0Y90        BUFG_PS (Prop_BUFG_PS_I_O)
                                                      0.038     0.267 r  pccx_v002_system_i/zynq_ps/inst/buffer_pl_clk_0.PL_CLK_0_BUFG/O
    X1Y1 (CLOCK_ROOT)    net (fo=82465, routed)       3.196     3.463    pccx_v002_system_i/sc_axil/inst/clk_map/psr_aclk/U0/aclk
    SLICE_X58Y100        FDRE                                         r  pccx_v002_system_i/sc_axil/inst/clk_map/psr_aclk/U0/ACTIVE_LOW_BSR_OUT_DFF[0].FDRE_BSR_N/C
  -------------------------------------------------------------------    -------------------
    SLICE_X58Y100        FDRE (Prop_EFF_SLICEM_C_Q)
                                                      0.113     3.576 r  pccx_v002_system_i/sc_axil/inst/clk_map/psr_aclk/U0/ACTIVE_LOW_BSR_OUT_DFF[0].FDRE_BSR_N/Q
                         net (fo=150, routed)         4.381     7.957    pccx_v002_system_i/sc_axil/inst/m06_exit_pipeline/m06_exit/inst/xpm_cdc_async_rst_inst/src_arst
    SLICE_X28Y48         FDCE                                         f  pccx_v002_system_i/sc_axil/inst/m06_exit_pipeline/m06_exit/inst/xpm_cdc_async_rst_inst/arststages_ff_reg[1]/CLR  (IS_INVERTED)
  -------------------------------------------------------------------    -------------------

                         (clock clk_pl_0 rise edge)
                                                      0.000     0.000 r  
    PS8_X0Y0             PS8                          0.000     0.000 r  pccx_v002_system_i/zynq_ps/inst/PS8_i/PLCLK[0]
                         net (fo=1, routed)           0.181     0.181    pccx_v002_system_i/zynq_ps/inst/pl_clk_unbuffered[0]
    BUFG_PS_X0Y90        BUFG_PS (Prop_BUFG_PS_I_O)
                                                      0.035     0.216 r  pccx_v002_system_i/zynq_ps/inst/buffer_pl_clk_0.PL_CLK_0_BUFG/O
    X1Y1 (CLOCK_ROOT)    net (fo=82465, routed)       2.729     2.945    pccx_v002_system_i/sc_axil/inst/m06_exit_pipeline/m06_exit/inst/xpm_cdc_async_rst_inst/dest_clk
    SLICE_X28Y48         FDCE                                         r  pccx_v002_system_i/sc_axil/inst/m06_exit_pipeline/m06_exit/inst/xpm_cdc_async_rst_inst/arststages_ff_reg[1]/C

Slack:                    inf
  Source:                 pccx_v002_system_i/sc_axil/inst/clk_map/psr_aclk/U0/ACTIVE_LOW_BSR_OUT_DFF[0].FDRE_BSR_N/C
                            (rising edge-triggered cell FDRE clocked by clk_pl_0  {rise@0.000ns fall@5.000ns period=10.000ns})
  Destination:            pccx_v002_system_i/sc_axil/inst/m06_exit_pipeline/m06_exit/inst/xpm_cdc_async_rst_inst/arststages_ff_reg[2]/CLR
                            (recovery check against rising-edge clock clk_pl_0  {rise@0.000ns fall@5.000ns period=10.000ns})
  Path Group:             (none)
  Path Type:              Recovery (Max at Slow Process Corner)
  Data Path Delay:        4.494ns  (logic 0.113ns (2.514%)  route 4.381ns (97.486%))
  Logic Levels:           0  
  Clock Path Skew:        -0.517ns (DCD - SCD + CPR)
    Destination Clock Delay (DCD):    2.945ns
    Source Clock Delay      (SCD):    3.463ns
    Clock Pessimism Removal (CPR):    0.000ns
  Clock Uncertainty:      0.160ns  ((TSJ^2 + DJ^2)^1/2) / 2 + PE
    Total System Jitter     (TSJ):    0.071ns
    Discrete Jitter          (DJ):    0.312ns
    Phase Error              (PE):    0.000ns
  Clock Net Delay (Source):      3.196ns (routing 1.681ns, distribution 1.515ns)
  Clock Net Delay (Destination): 2.729ns (routing 1.538ns, distribution 1.191ns)
  Timing Exception:       False Path

    Location             Delay type                Incr(ns)  Path(ns)    Netlist Resource(s)
  -------------------------------------------------------------------    -------------------
                         (clock clk_pl_0 rise edge)
                                                      0.000     0.000 r  
    PS8_X0Y0             PS8                          0.000     0.000 r  pccx_v002_system_i/zynq_ps/inst/PS8_i/PLCLK[0]
                         net (fo=1, routed)           0.229     0.229    pccx_v002_system_i/zynq_ps/inst/pl_clk_unbuffered[0]
    BUFG_PS_X0Y90        BUFG_PS (Prop_BUFG_PS_I_O)
                                                      0.038     0.267 r  pccx_v002_system_i/zynq_ps/inst/buffer_pl_clk_0.PL_CLK_0_BUFG/O
    X1Y1 (CLOCK_ROOT)    net (fo=82465, routed)       3.196     3.463    pccx_v002_system_i/sc_axil/inst/clk_map/psr_aclk/U0/aclk
    SLICE_X58Y100        FDRE                                         r  pccx_v002_system_i/sc_axil/inst/clk_map/psr_aclk/U0/ACTIVE_LOW_BSR_OUT_DFF[0].FDRE_BSR_N/C
  -------------------------------------------------------------------    -------------------
    SLICE_X58Y100        FDRE (Prop_EFF_SLICEM_C_Q)
                                                      0.113     3.576 r  pccx_v002_system_i/sc_axil/inst/clk_map/psr_aclk/U0/ACTIVE_LOW_BSR_OUT_DFF[0].FDRE_BSR_N/Q
                         net (fo=150, routed)         4.381     7.957    pccx_v002_system_i/sc_axil/inst/m06_exit_pipeline/m06_exit/inst/xpm_cdc_async_rst_inst/src_arst
    SLICE_X28Y48         FDCE                                         f  pccx_v002_system_i/sc_axil/inst/m06_exit_pipeline/m06_exit/inst/xpm_cdc_async_rst_inst/arststages_ff_reg[2]/CLR  (IS_INVERTED)
  -------------------------------------------------------------------    -------------------

                         (clock clk_pl_0 rise edge)
                                                      0.000     0.000 r  
    PS8_X0Y0             PS8                          0.000     0.000 r  pccx_v002_system_i/zynq_ps/inst/PS8_i/PLCLK[0]
                         net (fo=1, routed)           0.181     0.181    pccx_v002_system_i/zynq_ps/inst/pl_clk_unbuffered[0]
    BUFG_PS_X0Y90        BUFG_PS (Prop_BUFG_PS_I_O)
                                                      0.035     0.216 r  pccx_v002_system_i/zynq_ps/inst/buffer_pl_clk_0.PL_CLK_0_BUFG/O
    X1Y1 (CLOCK_ROOT)    net (fo=82465, routed)       2.729     2.945    pccx_v002_system_i/sc_axil/inst/m06_exit_pipeline/m06_exit/inst/xpm_cdc_async_rst_inst/dest_clk
    SLICE_X28Y48         FDCE                                         r  pccx_v002_system_i/sc_axil/inst/m06_exit_pipeline/m06_exit/inst/xpm_cdc_async_rst_inst/arststages_ff_reg[2]/C

Slack:                    inf
  Source:                 pccx_v002_system_i/sc_axil/inst/clk_map/psr_aclk/U0/ACTIVE_LOW_BSR_OUT_DFF[0].FDRE_BSR_N/C
                            (rising edge-triggered cell FDRE clocked by clk_pl_0  {rise@0.000ns fall@5.000ns period=10.000ns})
  Destination:            pccx_v002_system_i/sc_axil/inst/m05_nodes/m05_ar_node/inst/s_sc_xpm_cdc_async_rst_inst/arststages_ff_reg[0]/CLR
                            (recovery check against rising-edge clock clk_pl_0  {rise@0.000ns fall@5.000ns period=10.000ns})
  Path Group:             (none)
  Path Type:              Recovery (Max at Slow Process Corner)
  Data Path Delay:        4.248ns  (logic 0.113ns (2.660%)  route 4.135ns (97.340%))
  Logic Levels:           0  
  Clock Path Skew:        -0.497ns (DCD - SCD + CPR)
    Destination Clock Delay (DCD):    2.965ns
    Source Clock Delay      (SCD):    3.463ns
    Clock Pessimism Removal (CPR):    0.000ns
  Clock Uncertainty:      0.160ns  ((TSJ^2 + DJ^2)^1/2) / 2 + PE
    Total System Jitter     (TSJ):    0.071ns
    Discrete Jitter          (DJ):    0.312ns
    Phase Error              (PE):    0.000ns
  Clock Net Delay (Source):      3.196ns (routing 1.681ns, distribution 1.515ns)
  Clock Net Delay (Destination): 2.749ns (routing 1.538ns, distribution 1.211ns)
  Timing Exception:       False Path

    Location             Delay type                Incr(ns)  Path(ns)    Netlist Resource(s)
  -------------------------------------------------------------------    -------------------
                         (clock clk_pl_0 rise edge)
                                                      0.000     0.000 r  
    PS8_X0Y0             PS8                          0.000     0.000 r  pccx_v002_system_i/zynq_ps/inst/PS8_i/PLCLK[0]
                         net (fo=1, routed)           0.229     0.229    pccx_v002_system_i/zynq_ps/inst/pl_clk_unbuffered[0]
    BUFG_PS_X0Y90        BUFG_PS (Prop_BUFG_PS_I_O)
                                                      0.038     0.267 r  pccx_v002_system_i/zynq_ps/inst/buffer_pl_clk_0.PL_CLK_0_BUFG/O
    X1Y1 (CLOCK_ROOT)    net (fo=82465, routed)       3.196     3.463    pccx_v002_system_i/sc_axil/inst/clk_map/psr_aclk/U0/aclk
    SLICE_X58Y100        FDRE                                         r  pccx_v002_system_i/sc_axil/inst/clk_map/psr_aclk/U0/ACTIVE_LOW_BSR_OUT_DFF[0].FDRE_BSR_N/C
  -------------------------------------------------------------------    -------------------
    SLICE_X58Y100        FDRE (Prop_EFF_SLICEM_C_Q)
                                                      0.113     3.576 r  pccx_v002_system_i/sc_axil/inst/clk_map/psr_aclk/U0/ACTIVE_LOW_BSR_OUT_DFF[0].FDRE_BSR_N/Q
                         net (fo=150, routed)         4.135     7.711    pccx_v002_system_i/sc_axil/inst/m05_nodes/m05_ar_node/inst/s_sc_xpm_cdc_async_rst_inst/src_arst
    SLICE_X26Y52         FDCE                                         f  pccx_v002_system_i/sc_axil/inst/m05_nodes/m05_ar_node/inst/s_sc_xpm_cdc_async_rst_inst/arststages_ff_reg[0]/CLR  (IS_INVERTED)
  -------------------------------------------------------------------    -------------------

                         (clock clk_pl_0 rise edge)
                                                      0.000     0.000 r  
    PS8_X0Y0             PS8                          0.000     0.000 r  pccx_v002_system_i/zynq_ps/inst/PS8_i/PLCLK[0]
                         net (fo=1, routed)           0.181     0.181    pccx_v002_system_i/zynq_ps/inst/pl_clk_unbuffered[0]
    BUFG_PS_X0Y90        BUFG_PS (Prop_BUFG_PS_I_O)
                                                      0.035     0.216 r  pccx_v002_system_i/zynq_ps/inst/buffer_pl_clk_0.PL_CLK_0_BUFG/O
    X1Y1 (CLOCK_ROOT)    net (fo=82465, routed)       2.749     2.965    pccx_v002_system_i/sc_axil/inst/m05_nodes/m05_ar_node/inst/s_sc_xpm_cdc_async_rst_inst/dest_clk
    SLICE_X26Y52         FDCE                                         r  pccx_v002_system_i/sc_axil/inst/m05_nodes/m05_ar_node/inst/s_sc_xpm_cdc_async_rst_inst/arststages_ff_reg[0]/C

Slack:                    inf
  Source:                 pccx_v002_system_i/sc_axil/inst/clk_map/psr_aclk/U0/ACTIVE_LOW_BSR_OUT_DFF[0].FDRE_BSR_N/C
                            (rising edge-triggered cell FDRE clocked by clk_pl_0  {rise@0.000ns fall@5.000ns period=10.000ns})
  Destination:            pccx_v002_system_i/sc_axil/inst/m05_nodes/m05_ar_node/inst/s_sc_xpm_cdc_async_rst_inst/arststages_ff_reg[1]/CLR
                            (recovery check against rising-edge clock clk_pl_0  {rise@0.000ns fall@5.000ns period=10.000ns})
  Path Group:             (none)
  Path Type:              Recovery (Max at Slow Process Corner)
  Data Path Delay:        4.248ns  (logic 0.113ns (2.660%)  route 4.135ns (97.340%))
  Logic Levels:           0  
  Clock Path Skew:        -0.497ns (DCD - SCD + CPR)
    Destination Clock Delay (DCD):    2.965ns
    Source Clock Delay      (SCD):    3.463ns
    Clock Pessimism Removal (CPR):    0.000ns
  Clock Uncertainty:      0.160ns  ((TSJ^2 + DJ^2)^1/2) / 2 + PE
    Total System Jitter     (TSJ):    0.071ns
    Discrete Jitter          (DJ):    0.312ns
    Phase Error              (PE):    0.000ns
  Clock Net Delay (Source):      3.196ns (routing 1.681ns, distribution 1.515ns)
  Clock Net Delay (Destination): 2.749ns (routing 1.538ns, distribution 1.211ns)
  Timing Exception:       False Path

    Location             Delay type                Incr(ns)  Path(ns)    Netlist Resource(s)
  -------------------------------------------------------------------    -------------------
                         (clock clk_pl_0 rise edge)
                                                      0.000     0.000 r  
    PS8_X0Y0             PS8                          0.000     0.000 r  pccx_v002_system_i/zynq_ps/inst/PS8_i/PLCLK[0]
                         net (fo=1, routed)           0.229     0.229    pccx_v002_system_i/zynq_ps/inst/pl_clk_unbuffered[0]
    BUFG_PS_X0Y90        BUFG_PS (Prop_BUFG_PS_I_O)
                                                      0.038     0.267 r  pccx_v002_system_i/zynq_ps/inst/buffer_pl_clk_0.PL_CLK_0_BUFG/O
    X1Y1 (CLOCK_ROOT)    net (fo=82465, routed)       3.196     3.463    pccx_v002_system_i/sc_axil/inst/clk_map/psr_aclk/U0/aclk
    SLICE_X58Y100        FDRE                                         r  pccx_v002_system_i/sc_axil/inst/clk_map/psr_aclk/U0/ACTIVE_LOW_BSR_OUT_DFF[0].FDRE_BSR_N/C
  -------------------------------------------------------------------    -------------------
    SLICE_X58Y100        FDRE (Prop_EFF_SLICEM_C_Q)
                                                      0.113     3.576 r  pccx_v002_system_i/sc_axil/inst/clk_map/psr_aclk/U0/ACTIVE_LOW_BSR_OUT_DFF[0].FDRE_BSR_N/Q
                         net (fo=150, routed)         4.135     7.711    pccx_v002_system_i/sc_axil/inst/m05_nodes/m05_ar_node/inst/s_sc_xpm_cdc_async_rst_inst/src_arst
    SLICE_X26Y52         FDCE                                         f  pccx_v002_system_i/sc_axil/inst/m05_nodes/m05_ar_node/inst/s_sc_xpm_cdc_async_rst_inst/arststages_ff_reg[1]/CLR  (IS_INVERTED)
  -------------------------------------------------------------------    -------------------

                         (clock clk_pl_0 rise edge)
                                                      0.000     0.000 r  
    PS8_X0Y0             PS8                          0.000     0.000 r  pccx_v002_system_i/zynq_ps/inst/PS8_i/PLCLK[0]
                         net (fo=1, routed)           0.181     0.181    pccx_v002_system_i/zynq_ps/inst/pl_clk_unbuffered[0]
    BUFG_PS_X0Y90        BUFG_PS (Prop_BUFG_PS_I_O)
                                                      0.035     0.216 r  pccx_v002_system_i/zynq_ps/inst/buffer_pl_clk_0.PL_CLK_0_BUFG/O
    X1Y1 (CLOCK_ROOT)    net (fo=82465, routed)       2.749     2.965    pccx_v002_system_i/sc_axil/inst/m05_nodes/m05_ar_node/inst/s_sc_xpm_cdc_async_rst_inst/dest_clk
    SLICE_X26Y52         FDCE                                         r  pccx_v002_system_i/sc_axil/inst/m05_nodes/m05_ar_node/inst/s_sc_xpm_cdc_async_rst_inst/arststages_ff_reg[1]/C

Slack:                    inf
  Source:                 pccx_v002_system_i/sc_axil/inst/clk_map/psr_aclk/U0/ACTIVE_LOW_BSR_OUT_DFF[0].FDRE_BSR_N/C
                            (rising edge-triggered cell FDRE clocked by clk_pl_0  {rise@0.000ns fall@5.000ns period=10.000ns})
  Destination:            pccx_v002_system_i/sc_axil/inst/m05_nodes/m05_ar_node/inst/s_sc_xpm_cdc_async_rst_inst/arststages_ff_reg[2]/CLR
                            (recovery check against rising-edge clock clk_pl_0  {rise@0.000ns fall@5.000ns period=10.000ns})
  Path Group:             (none)
  Path Type:              Recovery (Max at Slow Process Corner)
  Data Path Delay:        4.248ns  (logic 0.113ns (2.660%)  route 4.135ns (97.340%))
  Logic Levels:           0  
  Clock Path Skew:        -0.497ns (DCD - SCD + CPR)
    Destination Clock Delay (DCD):    2.965ns
    Source Clock Delay      (SCD):    3.463ns
    Clock Pessimism Removal (CPR):    0.000ns
  Clock Uncertainty:      0.160ns  ((TSJ^2 + DJ^2)^1/2) / 2 + PE
    Total System Jitter     (TSJ):    0.071ns
    Discrete Jitter          (DJ):    0.312ns
    Phase Error              (PE):    0.000ns
  Clock Net Delay (Source):      3.196ns (routing 1.681ns, distribution 1.515ns)
  Clock Net Delay (Destination): 2.749ns (routing 1.538ns, distribution 1.211ns)
  Timing Exception:       False Path

    Location             Delay type                Incr(ns)  Path(ns)    Netlist Resource(s)
  -------------------------------------------------------------------    -------------------
                         (clock clk_pl_0 rise edge)
                                                      0.000     0.000 r  
    PS8_X0Y0             PS8                          0.000     0.000 r  pccx_v002_system_i/zynq_ps/inst/PS8_i/PLCLK[0]
                         net (fo=1, routed)           0.229     0.229    pccx_v002_system_i/zynq_ps/inst/pl_clk_unbuffered[0]
    BUFG_PS_X0Y90        BUFG_PS (Prop_BUFG_PS_I_O)
                                                      0.038     0.267 r  pccx_v002_system_i/zynq_ps/inst/buffer_pl_clk_0.PL_CLK_0_BUFG/O
    X1Y1 (CLOCK_ROOT)    net (fo=82465, routed)       3.196     3.463    pccx_v002_system_i/sc_axil/inst/clk_map/psr_aclk/U0/aclk
    SLICE_X58Y100        FDRE                                         r  pccx_v002_system_i/sc_axil/inst/clk_map/psr_aclk/U0/ACTIVE_LOW_BSR_OUT_DFF[0].FDRE_BSR_N/C
  -------------------------------------------------------------------    -------------------
    SLICE_X58Y100        FDRE (Prop_EFF_SLICEM_C_Q)
                                                      0.113     3.576 r  pccx_v002_system_i/sc_axil/inst/clk_map/psr_aclk/U0/ACTIVE_LOW_BSR_OUT_DFF[0].FDRE_BSR_N/Q
                         net (fo=150, routed)         4.135     7.711    pccx_v002_system_i/sc_axil/inst/m05_nodes/m05_ar_node/inst/s_sc_xpm_cdc_async_rst_inst/src_arst
    SLICE_X26Y52         FDCE                                         f  pccx_v002_system_i/sc_axil/inst/m05_nodes/m05_ar_node/inst/s_sc_xpm_cdc_async_rst_inst/arststages_ff_reg[2]/CLR  (IS_INVERTED)
  -------------------------------------------------------------------    -------------------

                         (clock clk_pl_0 rise edge)
                                                      0.000     0.000 r  
    PS8_X0Y0             PS8                          0.000     0.000 r  pccx_v002_system_i/zynq_ps/inst/PS8_i/PLCLK[0]
                         net (fo=1, routed)           0.181     0.181    pccx_v002_system_i/zynq_ps/inst/pl_clk_unbuffered[0]
    BUFG_PS_X0Y90        BUFG_PS (Prop_BUFG_PS_I_O)
                                                      0.035     0.216 r  pccx_v002_system_i/zynq_ps/inst/buffer_pl_clk_0.PL_CLK_0_BUFG/O
    X1Y1 (CLOCK_ROOT)    net (fo=82465, routed)       2.749     2.965    pccx_v002_system_i/sc_axil/inst/m05_nodes/m05_ar_node/inst/s_sc_xpm_cdc_async_rst_inst/dest_clk
    SLICE_X26Y52         FDCE                                         r  pccx_v002_system_i/sc_axil/inst/m05_nodes/m05_ar_node/inst/s_sc_xpm_cdc_async_rst_inst/arststages_ff_reg[2]/C

Slack:                    inf
  Source:                 pccx_v002_system_i/rst_axi/U0/ACTIVE_LOW_PR_OUT_DFF[0].FDRE_PER_N_lopt_replica/C
                            (rising edge-triggered cell FDRE clocked by clk_pl_0  {rise@0.000ns fall@5.000ns period=10.000ns})
  Destination:            pccx_v002_system_i/u_npu/inst/u_wrap/u_pccx_npu_top/u_mem_dispatcher/u_l2_cache/u_acp_cdc/u_acp_tx_fifo/gaxis_rst_sync.xpm_cdc_sync_rst_inst/syncstages_ff_reg[0]/D
                            (rising edge-triggered cell FDRE clocked by clk_pl_0  {rise@0.000ns fall@5.000ns period=10.000ns})
  Path Group:             (none)
  Path Type:              Setup (Max at Slow Process Corner)
  Data Path Delay:        4.136ns  (logic 0.380ns (9.187%)  route 3.756ns (90.813%))
  Logic Levels:           2  (BUFGCE=1 LUT1=1)
  Clock Path Skew:        -0.408ns (DCD - SCD + CPR)
    Destination Clock Delay (DCD):    3.033ns
    Source Clock Delay      (SCD):    3.441ns
    Clock Pessimism Removal (CPR):    0.000ns
  Clock Uncertainty:      0.160ns  ((TSJ^2 + DJ^2)^1/2) / 2 + PE
    Total System Jitter     (TSJ):    0.071ns
    Discrete Jitter          (DJ):    0.312ns
    Phase Error              (PE):    0.000ns
  Clock Net Delay (Source):      3.174ns (routing 1.681ns, distribution 1.493ns)
  Clock Net Delay (Destination): 2.817ns (routing 1.538ns, distribution 1.279ns)
  Timing Exception:       False Path

    Location             Delay type                Incr(ns)  Path(ns)    Netlist Resource(s)
  -------------------------------------------------------------------    -------------------
                         (clock clk_pl_0 rise edge)
                                                      0.000     0.000 r  
    PS8_X0Y0             PS8                          0.000     0.000 r  pccx_v002_system_i/zynq_ps/inst/PS8_i/PLCLK[0]
                         net (fo=1, routed)           0.229     0.229    pccx_v002_system_i/zynq_ps/inst/pl_clk_unbuffered[0]
    BUFG_PS_X0Y90        BUFG_PS (Prop_BUFG_PS_I_O)
                                                      0.038     0.267 r  pccx_v002_system_i/zynq_ps/inst/buffer_pl_clk_0.PL_CLK_0_BUFG/O
    X1Y1 (CLOCK_ROOT)    net (fo=82465, routed)       3.174     3.441    pccx_v002_system_i/rst_axi/U0/slowest_sync_clk
    SLICE_X59Y84         FDRE                                         r  pccx_v002_system_i/rst_axi/U0/ACTIVE_LOW_PR_OUT_DFF[0].FDRE_PER_N_lopt_replica/C
  -------------------------------------------------------------------    -------------------
    SLICE_X59Y84         FDRE (Prop_BFF_SLICEL_C_Q)
                                                      0.113     3.554 f  pccx_v002_system_i/rst_axi/U0/ACTIVE_LOW_PR_OUT_DFF[0].FDRE_PER_N_lopt_replica/Q
                         net (fo=1, routed)           1.475     5.029    pccx_v002_system_i/rst_axi/U0/Q_replN
    BUFGCE_X0Y24         BUFGCE (Prop_BUFCE_BUFGCE_I_O)
                                                      0.044     5.073 f  pccx_v002_system_i/rst_axi/U0/peripheral_aresetn[0]_BUFG_inst/O
                         net (fo=31859, routed)       1.799     6.872    pccx_v002_system_i/u_npu/inst/u_wrap/u_pccx_npu_top/u_mem_dispatcher/u_l2_cache/u_acp_cdc/u_acp_tx_fifo/s_aresetn
    SLICE_X45Y24         LUT1 (Prop_E6LUT_SLICEM_I0_O)
                                                      0.223     7.095 r  pccx_v002_system_i/u_npu/inst/u_wrap/u_pccx_npu_top/u_mem_dispatcher/u_l2_cache/u_acp_cdc/u_acp_tx_fifo/gaxis_rst_sync.xpm_cdc_sync_rst_inst_i_1/O
                         net (fo=1, routed)           0.482     7.577    pccx_v002_system_i/u_npu/inst/u_wrap/u_pccx_npu_top/u_mem_dispatcher/u_l2_cache/u_acp_cdc/u_acp_tx_fifo/gaxis_rst_sync.xpm_cdc_sync_rst_inst/src_rst
    SLICE_X45Y24         FDRE                                         r  pccx_v002_system_i/u_npu/inst/u_wrap/u_pccx_npu_top/u_mem_dispatcher/u_l2_cache/u_acp_cdc/u_acp_tx_fifo/gaxis_rst_sync.xpm_cdc_sync_rst_inst/syncstages_ff_reg[0]/D
  -------------------------------------------------------------------    -------------------

                         (clock clk_pl_0 rise edge)
                                                      0.000     0.000 r  
    PS8_X0Y0             PS8                          0.000     0.000 r  pccx_v002_system_i/zynq_ps/inst/PS8_i/PLCLK[0]
                         net (fo=1, routed)           0.181     0.181    pccx_v002_system_i/zynq_ps/inst/pl_clk_unbuffered[0]
    BUFG_PS_X0Y90        BUFG_PS (Prop_BUFG_PS_I_O)
                                                      0.035     0.216 r  pccx_v002_system_i/zynq_ps/inst/buffer_pl_clk_0.PL_CLK_0_BUFG/O
    X1Y1 (CLOCK_ROOT)    net (fo=82465, routed)       2.817     3.033    pccx_v002_system_i/u_npu/inst/u_wrap/u_pccx_npu_top/u_mem_dispatcher/u_l2_cache/u_acp_cdc/u_acp_tx_fifo/gaxis_rst_sync.xpm_cdc_sync_rst_inst/dest_clk
    SLICE_X45Y24         FDRE                                         r  pccx_v002_system_i/u_npu/inst/u_wrap/u_pccx_npu_top/u_mem_dispatcher/u_l2_cache/u_acp_cdc/u_acp_tx_fifo/gaxis_rst_sync.xpm_cdc_sync_rst_inst/syncstages_ff_reg[0]/C

Slack:                    inf
  Source:                 pccx_v002_system_i/sc_axil/inst/clk_map/psr_aclk/U0/ACTIVE_LOW_BSR_OUT_DFF[0].FDRE_BSR_N/C
                            (rising edge-triggered cell FDRE clocked by clk_pl_0  {rise@0.000ns fall@5.000ns period=10.000ns})
  Destination:            pccx_v002_system_i/sc_axil/inst/m03_exit_pipeline/m03_exit/inst/xpm_cdc_async_rst_inst/arststages_ff_reg[0]/CLR
                            (recovery check against rising-edge clock clk_pl_0  {rise@0.000ns fall@5.000ns period=10.000ns})
  Path Group:             (none)
  Path Type:              Recovery (Max at Slow Process Corner)
  Data Path Delay:        4.080ns  (logic 0.113ns (2.770%)  route 3.967ns (97.230%))
  Logic Levels:           0  
  Clock Path Skew:        -0.314ns (DCD - SCD + CPR)
    Destination Clock Delay (DCD):    3.148ns
    Source Clock Delay      (SCD):    3.463ns
    Clock Pessimism Removal (CPR):    0.000ns
  Clock Uncertainty:      0.160ns  ((TSJ^2 + DJ^2)^1/2) / 2 + PE
    Total System Jitter     (TSJ):    0.071ns
    Discrete Jitter          (DJ):    0.312ns
    Phase Error              (PE):    0.000ns
  Clock Net Delay (Source):      3.196ns (routing 1.681ns, distribution 1.515ns)
  Clock Net Delay (Destination): 2.932ns (routing 1.538ns, distribution 1.394ns)
  Timing Exception:       False Path

    Location             Delay type                Incr(ns)  Path(ns)    Netlist Resource(s)
  -------------------------------------------------------------------    -------------------
                         (clock clk_pl_0 rise edge)
                                                      0.000     0.000 r  
    PS8_X0Y0             PS8                          0.000     0.000 r  pccx_v002_system_i/zynq_ps/inst/PS8_i/PLCLK[0]
                         net (fo=1, routed)           0.229     0.229    pccx_v002_system_i/zynq_ps/inst/pl_clk_unbuffered[0]
    BUFG_PS_X0Y90        BUFG_PS (Prop_BUFG_PS_I_O)
                                                      0.038     0.267 r  pccx_v002_system_i/zynq_ps/inst/buffer_pl_clk_0.PL_CLK_0_BUFG/O
    X1Y1 (CLOCK_ROOT)    net (fo=82465, routed)       3.196     3.463    pccx_v002_system_i/sc_axil/inst/clk_map/psr_aclk/U0/aclk
    SLICE_X58Y100        FDRE                                         r  pccx_v002_system_i/sc_axil/inst/clk_map/psr_aclk/U0/ACTIVE_LOW_BSR_OUT_DFF[0].FDRE_BSR_N/C
  -------------------------------------------------------------------    -------------------
    SLICE_X58Y100        FDRE (Prop_EFF_SLICEM_C_Q)
                                                      0.113     3.576 r  pccx_v002_system_i/sc_axil/inst/clk_map/psr_aclk/U0/ACTIVE_LOW_BSR_OUT_DFF[0].FDRE_BSR_N/Q
                         net (fo=150, routed)         3.967     7.543    pccx_v002_system_i/sc_axil/inst/m03_exit_pipeline/m03_exit/inst/xpm_cdc_async_rst_inst/src_arst
    SLICE_X22Y176        FDCE                                         f  pccx_v002_system_i/sc_axil/inst/m03_exit_pipeline/m03_exit/inst/xpm_cdc_async_rst_inst/arststages_ff_reg[0]/CLR  (IS_INVERTED)
  -------------------------------------------------------------------    -------------------

                         (clock clk_pl_0 rise edge)
                                                      0.000     0.000 r  
    PS8_X0Y0             PS8                          0.000     0.000 r  pccx_v002_system_i/zynq_ps/inst/PS8_i/PLCLK[0]
                         net (fo=1, routed)           0.181     0.181    pccx_v002_system_i/zynq_ps/inst/pl_clk_unbuffered[0]
    BUFG_PS_X0Y90        BUFG_PS (Prop_BUFG_PS_I_O)
                                                      0.035     0.216 r  pccx_v002_system_i/zynq_ps/inst/buffer_pl_clk_0.PL_CLK_0_BUFG/O
    X1Y1 (CLOCK_ROOT)    net (fo=82465, routed)       2.932     3.148    pccx_v002_system_i/sc_axil/inst/m03_exit_pipeline/m03_exit/inst/xpm_cdc_async_rst_inst/dest_clk
    SLICE_X22Y176        FDCE                                         r  pccx_v002_system_i/sc_axil/inst/m03_exit_pipeline/m03_exit/inst/xpm_cdc_async_rst_inst/arststages_ff_reg[0]/C

Slack:                    inf
  Source:                 pccx_v002_system_i/sc_axil/inst/clk_map/psr_aclk/U0/ACTIVE_LOW_BSR_OUT_DFF[0].FDRE_BSR_N/C
                            (rising edge-triggered cell FDRE clocked by clk_pl_0  {rise@0.000ns fall@5.000ns period=10.000ns})
  Destination:            pccx_v002_system_i/sc_axil/inst/m03_exit_pipeline/m03_exit/inst/xpm_cdc_async_rst_inst/arststages_ff_reg[1]/CLR
                            (recovery check against rising-edge clock clk_pl_0  {rise@0.000ns fall@5.000ns period=10.000ns})
  Path Group:             (none)
  Path Type:              Recovery (Max at Slow Process Corner)
  Data Path Delay:        4.080ns  (logic 0.113ns (2.770%)  route 3.967ns (97.230%))
  Logic Levels:           0  
  Clock Path Skew:        -0.314ns (DCD - SCD + CPR)
    Destination Clock Delay (DCD):    3.148ns
    Source Clock Delay      (SCD):    3.463ns
    Clock Pessimism Removal (CPR):    0.000ns
  Clock Uncertainty:      0.160ns  ((TSJ^2 + DJ^2)^1/2) / 2 + PE
    Total System Jitter     (TSJ):    0.071ns
    Discrete Jitter          (DJ):    0.312ns
    Phase Error              (PE):    0.000ns
  Clock Net Delay (Source):      3.196ns (routing 1.681ns, distribution 1.515ns)
  Clock Net Delay (Destination): 2.932ns (routing 1.538ns, distribution 1.394ns)
  Timing Exception:       False Path

    Location             Delay type                Incr(ns)  Path(ns)    Netlist Resource(s)
  -------------------------------------------------------------------    -------------------
                         (clock clk_pl_0 rise edge)
                                                      0.000     0.000 r  
    PS8_X0Y0             PS8                          0.000     0.000 r  pccx_v002_system_i/zynq_ps/inst/PS8_i/PLCLK[0]
                         net (fo=1, routed)           0.229     0.229    pccx_v002_system_i/zynq_ps/inst/pl_clk_unbuffered[0]
    BUFG_PS_X0Y90        BUFG_PS (Prop_BUFG_PS_I_O)
                                                      0.038     0.267 r  pccx_v002_system_i/zynq_ps/inst/buffer_pl_clk_0.PL_CLK_0_BUFG/O
    X1Y1 (CLOCK_ROOT)    net (fo=82465, routed)       3.196     3.463    pccx_v002_system_i/sc_axil/inst/clk_map/psr_aclk/U0/aclk
    SLICE_X58Y100        FDRE                                         r  pccx_v002_system_i/sc_axil/inst/clk_map/psr_aclk/U0/ACTIVE_LOW_BSR_OUT_DFF[0].FDRE_BSR_N/C
  -------------------------------------------------------------------    -------------------
    SLICE_X58Y100        FDRE (Prop_EFF_SLICEM_C_Q)
                                                      0.113     3.576 r  pccx_v002_system_i/sc_axil/inst/clk_map/psr_aclk/U0/ACTIVE_LOW_BSR_OUT_DFF[0].FDRE_BSR_N/Q
                         net (fo=150, routed)         3.967     7.543    pccx_v002_system_i/sc_axil/inst/m03_exit_pipeline/m03_exit/inst/xpm_cdc_async_rst_inst/src_arst
    SLICE_X22Y176        FDCE                                         f  pccx_v002_system_i/sc_axil/inst/m03_exit_pipeline/m03_exit/inst/xpm_cdc_async_rst_inst/arststages_ff_reg[1]/CLR  (IS_INVERTED)
  -------------------------------------------------------------------    -------------------

                         (clock clk_pl_0 rise edge)
                                                      0.000     0.000 r  
    PS8_X0Y0             PS8                          0.000     0.000 r  pccx_v002_system_i/zynq_ps/inst/PS8_i/PLCLK[0]
                         net (fo=1, routed)           0.181     0.181    pccx_v002_system_i/zynq_ps/inst/pl_clk_unbuffered[0]
    BUFG_PS_X0Y90        BUFG_PS (Prop_BUFG_PS_I_O)
                                                      0.035     0.216 r  pccx_v002_system_i/zynq_ps/inst/buffer_pl_clk_0.PL_CLK_0_BUFG/O
    X1Y1 (CLOCK_ROOT)    net (fo=82465, routed)       2.932     3.148    pccx_v002_system_i/sc_axil/inst/m03_exit_pipeline/m03_exit/inst/xpm_cdc_async_rst_inst/dest_clk
    SLICE_X22Y176        FDCE                                         r  pccx_v002_system_i/sc_axil/inst/m03_exit_pipeline/m03_exit/inst/xpm_cdc_async_rst_inst/arststages_ff_reg[1]/C

Slack:                    inf
  Source:                 pccx_v002_system_i/sc_axil/inst/clk_map/psr_aclk/U0/ACTIVE_LOW_BSR_OUT_DFF[0].FDRE_BSR_N/C
                            (rising edge-triggered cell FDRE clocked by clk_pl_0  {rise@0.000ns fall@5.000ns period=10.000ns})
  Destination:            pccx_v002_system_i/sc_axil/inst/m03_exit_pipeline/m03_exit/inst/xpm_cdc_async_rst_inst/arststages_ff_reg[2]/CLR
                            (recovery check against rising-edge clock clk_pl_0  {rise@0.000ns fall@5.000ns period=10.000ns})
  Path Group:             (none)
  Path Type:              Recovery (Max at Slow Process Corner)
  Data Path Delay:        4.080ns  (logic 0.113ns (2.770%)  route 3.967ns (97.230%))
  Logic Levels:           0  
  Clock Path Skew:        -0.314ns (DCD - SCD + CPR)
    Destination Clock Delay (DCD):    3.148ns
    Source Clock Delay      (SCD):    3.463ns
    Clock Pessimism Removal (CPR):    0.000ns
  Clock Uncertainty:      0.160ns  ((TSJ^2 + DJ^2)^1/2) / 2 + PE
    Total System Jitter     (TSJ):    0.071ns
    Discrete Jitter          (DJ):    0.312ns
    Phase Error              (PE):    0.000ns
  Clock Net Delay (Source):      3.196ns (routing 1.681ns, distribution 1.515ns)
  Clock Net Delay (Destination): 2.932ns (routing 1.538ns, distribution 1.394ns)
  Timing Exception:       False Path

    Location             Delay type                Incr(ns)  Path(ns)    Netlist Resource(s)
  -------------------------------------------------------------------    -------------------
                         (clock clk_pl_0 rise edge)
                                                      0.000     0.000 r  
    PS8_X0Y0             PS8                          0.000     0.000 r  pccx_v002_system_i/zynq_ps/inst/PS8_i/PLCLK[0]
                         net (fo=1, routed)           0.229     0.229    pccx_v002_system_i/zynq_ps/inst/pl_clk_unbuffered[0]
    BUFG_PS_X0Y90        BUFG_PS (Prop_BUFG_PS_I_O)
                                                      0.038     0.267 r  pccx_v002_system_i/zynq_ps/inst/buffer_pl_clk_0.PL_CLK_0_BUFG/O
    X1Y1 (CLOCK_ROOT)    net (fo=82465, routed)       3.196     3.463    pccx_v002_system_i/sc_axil/inst/clk_map/psr_aclk/U0/aclk
    SLICE_X58Y100        FDRE                                         r  pccx_v002_system_i/sc_axil/inst/clk_map/psr_aclk/U0/ACTIVE_LOW_BSR_OUT_DFF[0].FDRE_BSR_N/C
  -------------------------------------------------------------------    -------------------
    SLICE_X58Y100        FDRE (Prop_EFF_SLICEM_C_Q)
                                                      0.113     3.576 r  pccx_v002_system_i/sc_axil/inst/clk_map/psr_aclk/U0/ACTIVE_LOW_BSR_OUT_DFF[0].FDRE_BSR_N/Q
                         net (fo=150, routed)         3.967     7.543    pccx_v002_system_i/sc_axil/inst/m03_exit_pipeline/m03_exit/inst/xpm_cdc_async_rst_inst/src_arst
    SLICE_X22Y176        FDCE                                         f  pccx_v002_system_i/sc_axil/inst/m03_exit_pipeline/m03_exit/inst/xpm_cdc_async_rst_inst/arststages_ff_reg[2]/CLR  (IS_INVERTED)
  -------------------------------------------------------------------    -------------------

                         (clock clk_pl_0 rise edge)
                                                      0.000     0.000 r  
    PS8_X0Y0             PS8                          0.000     0.000 r  pccx_v002_system_i/zynq_ps/inst/PS8_i/PLCLK[0]
                         net (fo=1, routed)           0.181     0.181    pccx_v002_system_i/zynq_ps/inst/pl_clk_unbuffered[0]
    BUFG_PS_X0Y90        BUFG_PS (Prop_BUFG_PS_I_O)
                                                      0.035     0.216 r  pccx_v002_system_i/zynq_ps/inst/buffer_pl_clk_0.PL_CLK_0_BUFG/O
    X1Y1 (CLOCK_ROOT)    net (fo=82465, routed)       2.932     3.148    pccx_v002_system_i/sc_axil/inst/m03_exit_pipeline/m03_exit/inst/xpm_cdc_async_rst_inst/dest_clk
    SLICE_X22Y176        FDCE                                         r  pccx_v002_system_i/sc_axil/inst/m03_exit_pipeline/m03_exit/inst/xpm_cdc_async_rst_inst/arststages_ff_reg[2]/C

Slack:                    inf
  Source:                 pccx_v002_system_i/sc_axil/inst/clk_map/psr_aclk/U0/ACTIVE_LOW_BSR_OUT_DFF[0].FDRE_BSR_N/C
                            (rising edge-triggered cell FDRE clocked by clk_pl_0  {rise@0.000ns fall@5.000ns period=10.000ns})
  Destination:            pccx_v002_system_i/sc_axil/inst/m04_nodes/m04_aw_node/inst/s_sc_xpm_cdc_async_rst_inst/arststages_ff_reg[0]/CLR
                            (recovery check against rising-edge clock clk_pl_0  {rise@0.000ns fall@5.000ns period=10.000ns})
  Path Group:             (none)
  Path Type:              Recovery (Max at Slow Process Corner)
  Data Path Delay:        4.052ns  (logic 0.113ns (2.788%)  route 3.939ns (97.212%))
  Logic Levels:           0  
  Clock Path Skew:        -0.283ns (DCD - SCD + CPR)
    Destination Clock Delay (DCD):    3.179ns
    Source Clock Delay      (SCD):    3.463ns
    Clock Pessimism Removal (CPR):    0.000ns
  Clock Uncertainty:      0.160ns  ((TSJ^2 + DJ^2)^1/2) / 2 + PE
    Total System Jitter     (TSJ):    0.071ns
    Discrete Jitter          (DJ):    0.312ns
    Phase Error              (PE):    0.000ns
  Clock Net Delay (Source):      3.196ns (routing 1.681ns, distribution 1.515ns)
  Clock Net Delay (Destination): 2.963ns (routing 1.538ns, distribution 1.425ns)
  Timing Exception:       False Path

    Location             Delay type                Incr(ns)  Path(ns)    Netlist Resource(s)
  -------------------------------------------------------------------    -------------------
                         (clock clk_pl_0 rise edge)
                                                      0.000     0.000 r  
    PS8_X0Y0             PS8                          0.000     0.000 r  pccx_v002_system_i/zynq_ps/inst/PS8_i/PLCLK[0]
                         net (fo=1, routed)           0.229     0.229    pccx_v002_system_i/zynq_ps/inst/pl_clk_unbuffered[0]
    BUFG_PS_X0Y90        BUFG_PS (Prop_BUFG_PS_I_O)
                                                      0.038     0.267 r  pccx_v002_system_i/zynq_ps/inst/buffer_pl_clk_0.PL_CLK_0_BUFG/O
    X1Y1 (CLOCK_ROOT)    net (fo=82465, routed)       3.196     3.463    pccx_v002_system_i/sc_axil/inst/clk_map/psr_aclk/U0/aclk
    SLICE_X58Y100        FDRE                                         r  pccx_v002_system_i/sc_axil/inst/clk_map/psr_aclk/U0/ACTIVE_LOW_BSR_OUT_DFF[0].FDRE_BSR_N/C
  -------------------------------------------------------------------    -------------------
    SLICE_X58Y100        FDRE (Prop_EFF_SLICEM_C_Q)
                                                      0.113     3.576 r  pccx_v002_system_i/sc_axil/inst/clk_map/psr_aclk/U0/ACTIVE_LOW_BSR_OUT_DFF[0].FDRE_BSR_N/Q
                         net (fo=150, routed)         3.939     7.515    pccx_v002_system_i/sc_axil/inst/m04_nodes/m04_aw_node/inst/s_sc_xpm_cdc_async_rst_inst/src_arst
    SLICE_X14Y176        FDCE                                         f  pccx_v002_system_i/sc_axil/inst/m04_nodes/m04_aw_node/inst/s_sc_xpm_cdc_async_rst_inst/arststages_ff_reg[0]/CLR  (IS_INVERTED)
  -------------------------------------------------------------------    -------------------

                         (clock clk_pl_0 rise edge)
                                                      0.000     0.000 r  
    PS8_X0Y0             PS8                          0.000     0.000 r  pccx_v002_system_i/zynq_ps/inst/PS8_i/PLCLK[0]
                         net (fo=1, routed)           0.181     0.181    pccx_v002_system_i/zynq_ps/inst/pl_clk_unbuffered[0]
    BUFG_PS_X0Y90        BUFG_PS (Prop_BUFG_PS_I_O)
                                                      0.035     0.216 r  pccx_v002_system_i/zynq_ps/inst/buffer_pl_clk_0.PL_CLK_0_BUFG/O
    X1Y1 (CLOCK_ROOT)    net (fo=82465, routed)       2.963     3.179    pccx_v002_system_i/sc_axil/inst/m04_nodes/m04_aw_node/inst/s_sc_xpm_cdc_async_rst_inst/dest_clk
    SLICE_X14Y176        FDCE                                         r  pccx_v002_system_i/sc_axil/inst/m04_nodes/m04_aw_node/inst/s_sc_xpm_cdc_async_rst_inst/arststages_ff_reg[0]/C

Slack:                    inf
  Source:                 pccx_v002_system_i/sc_axil/inst/clk_map/psr_aclk/U0/ACTIVE_LOW_BSR_OUT_DFF[0].FDRE_BSR_N/C
                            (rising edge-triggered cell FDRE clocked by clk_pl_0  {rise@0.000ns fall@5.000ns period=10.000ns})
  Destination:            pccx_v002_system_i/sc_axil/inst/m04_nodes/m04_aw_node/inst/s_sc_xpm_cdc_async_rst_inst/arststages_ff_reg[1]/CLR
                            (recovery check against rising-edge clock clk_pl_0  {rise@0.000ns fall@5.000ns period=10.000ns})
  Path Group:             (none)
  Path Type:              Recovery (Max at Slow Process Corner)
  Data Path Delay:        4.052ns  (logic 0.113ns (2.788%)  route 3.939ns (97.212%))
  Logic Levels:           0  
  Clock Path Skew:        -0.283ns (DCD - SCD + CPR)
    Destination Clock Delay (DCD):    3.179ns
    Source Clock Delay      (SCD):    3.463ns
    Clock Pessimism Removal (CPR):    0.000ns
  Clock Uncertainty:      0.160ns  ((TSJ^2 + DJ^2)^1/2) / 2 + PE
    Total System Jitter     (TSJ):    0.071ns
    Discrete Jitter          (DJ):    0.312ns
    Phase Error              (PE):    0.000ns
  Clock Net Delay (Source):      3.196ns (routing 1.681ns, distribution 1.515ns)
  Clock Net Delay (Destination): 2.963ns (routing 1.538ns, distribution 1.425ns)
  Timing Exception:       False Path

    Location             Delay type                Incr(ns)  Path(ns)    Netlist Resource(s)
  -------------------------------------------------------------------    -------------------
                         (clock clk_pl_0 rise edge)
                                                      0.000     0.000 r  
    PS8_X0Y0             PS8                          0.000     0.000 r  pccx_v002_system_i/zynq_ps/inst/PS8_i/PLCLK[0]
                         net (fo=1, routed)           0.229     0.229    pccx_v002_system_i/zynq_ps/inst/pl_clk_unbuffered[0]
    BUFG_PS_X0Y90        BUFG_PS (Prop_BUFG_PS_I_O)
                                                      0.038     0.267 r  pccx_v002_system_i/zynq_ps/inst/buffer_pl_clk_0.PL_CLK_0_BUFG/O
    X1Y1 (CLOCK_ROOT)    net (fo=82465, routed)       3.196     3.463    pccx_v002_system_i/sc_axil/inst/clk_map/psr_aclk/U0/aclk
    SLICE_X58Y100        FDRE                                         r  pccx_v002_system_i/sc_axil/inst/clk_map/psr_aclk/U0/ACTIVE_LOW_BSR_OUT_DFF[0].FDRE_BSR_N/C
  -------------------------------------------------------------------    -------------------
    SLICE_X58Y100        FDRE (Prop_EFF_SLICEM_C_Q)
                                                      0.113     3.576 r  pccx_v002_system_i/sc_axil/inst/clk_map/psr_aclk/U0/ACTIVE_LOW_BSR_OUT_DFF[0].FDRE_BSR_N/Q
                         net (fo=150, routed)         3.939     7.515    pccx_v002_system_i/sc_axil/inst/m04_nodes/m04_aw_node/inst/s_sc_xpm_cdc_async_rst_inst/src_arst
    SLICE_X14Y176        FDCE                                         f  pccx_v002_system_i/sc_axil/inst/m04_nodes/m04_aw_node/inst/s_sc_xpm_cdc_async_rst_inst/arststages_ff_reg[1]/CLR  (IS_INVERTED)
  -------------------------------------------------------------------    -------------------

                         (clock clk_pl_0 rise edge)
                                                      0.000     0.000 r  
    PS8_X0Y0             PS8                          0.000     0.000 r  pccx_v002_system_i/zynq_ps/inst/PS8_i/PLCLK[0]
                         net (fo=1, routed)           0.181     0.181    pccx_v002_system_i/zynq_ps/inst/pl_clk_unbuffered[0]
    BUFG_PS_X0Y90        BUFG_PS (Prop_BUFG_PS_I_O)
                                                      0.035     0.216 r  pccx_v002_system_i/zynq_ps/inst/buffer_pl_clk_0.PL_CLK_0_BUFG/O
    X1Y1 (CLOCK_ROOT)    net (fo=82465, routed)       2.963     3.179    pccx_v002_system_i/sc_axil/inst/m04_nodes/m04_aw_node/inst/s_sc_xpm_cdc_async_rst_inst/dest_clk
    SLICE_X14Y176        FDCE                                         r  pccx_v002_system_i/sc_axil/inst/m04_nodes/m04_aw_node/inst/s_sc_xpm_cdc_async_rst_inst/arststages_ff_reg[1]/C

Slack:                    inf
  Source:                 pccx_v002_system_i/sc_axil/inst/clk_map/psr_aclk/U0/ACTIVE_LOW_BSR_OUT_DFF[0].FDRE_BSR_N/C
                            (rising edge-triggered cell FDRE clocked by clk_pl_0  {rise@0.000ns fall@5.000ns period=10.000ns})
  Destination:            pccx_v002_system_i/sc_axil/inst/m04_nodes/m04_aw_node/inst/s_sc_xpm_cdc_async_rst_inst/arststages_ff_reg[2]/CLR
                            (recovery check against rising-edge clock clk_pl_0  {rise@0.000ns fall@5.000ns period=10.000ns})
  Path Group:             (none)
  Path Type:              Recovery (Max at Slow Process Corner)
  Data Path Delay:        4.052ns  (logic 0.113ns (2.788%)  route 3.939ns (97.212%))
  Logic Levels:           0  
  Clock Path Skew:        -0.283ns (DCD - SCD + CPR)
    Destination Clock Delay (DCD):    3.179ns
    Source Clock Delay      (SCD):    3.463ns
    Clock Pessimism Removal (CPR):    0.000ns
  Clock Uncertainty:      0.160ns  ((TSJ^2 + DJ^2)^1/2) / 2 + PE
    Total System Jitter     (TSJ):    0.071ns
    Discrete Jitter          (DJ):    0.312ns
    Phase Error              (PE):    0.000ns
  Clock Net Delay (Source):      3.196ns (routing 1.681ns, distribution 1.515ns)
  Clock Net Delay (Destination): 2.963ns (routing 1.538ns, distribution 1.425ns)
  Timing Exception:       False Path

    Location             Delay type                Incr(ns)  Path(ns)    Netlist Resource(s)
  -------------------------------------------------------------------    -------------------
                         (clock clk_pl_0 rise edge)
                                                      0.000     0.000 r  
    PS8_X0Y0             PS8                          0.000     0.000 r  pccx_v002_system_i/zynq_ps/inst/PS8_i/PLCLK[0]
                         net (fo=1, routed)           0.229     0.229    pccx_v002_system_i/zynq_ps/inst/pl_clk_unbuffered[0]
    BUFG_PS_X0Y90        BUFG_PS (Prop_BUFG_PS_I_O)
                                                      0.038     0.267 r  pccx_v002_system_i/zynq_ps/inst/buffer_pl_clk_0.PL_CLK_0_BUFG/O
    X1Y1 (CLOCK_ROOT)    net (fo=82465, routed)       3.196     3.463    pccx_v002_system_i/sc_axil/inst/clk_map/psr_aclk/U0/aclk
    SLICE_X58Y100        FDRE                                         r  pccx_v002_system_i/sc_axil/inst/clk_map/psr_aclk/U0/ACTIVE_LOW_BSR_OUT_DFF[0].FDRE_BSR_N/C
  -------------------------------------------------------------------    -------------------
    SLICE_X58Y100        FDRE (Prop_EFF_SLICEM_C_Q)
                                                      0.113     3.576 r  pccx_v002_system_i/sc_axil/inst/clk_map/psr_aclk/U0/ACTIVE_LOW_BSR_OUT_DFF[0].FDRE_BSR_N/Q
                         net (fo=150, routed)         3.939     7.515    pccx_v002_system_i/sc_axil/inst/m04_nodes/m04_aw_node/inst/s_sc_xpm_cdc_async_rst_inst/src_arst
    SLICE_X14Y176        FDCE                                         f  pccx_v002_system_i/sc_axil/inst/m04_nodes/m04_aw_node/inst/s_sc_xpm_cdc_async_rst_inst/arststages_ff_reg[2]/CLR  (IS_INVERTED)
  -------------------------------------------------------------------    -------------------

                         (clock clk_pl_0 rise edge)
                                                      0.000     0.000 r  
    PS8_X0Y0             PS8                          0.000     0.000 r  pccx_v002_system_i/zynq_ps/inst/PS8_i/PLCLK[0]
                         net (fo=1, routed)           0.181     0.181    pccx_v002_system_i/zynq_ps/inst/pl_clk_unbuffered[0]
    BUFG_PS_X0Y90        BUFG_PS (Prop_BUFG_PS_I_O)
                                                      0.035     0.216 r  pccx_v002_system_i/zynq_ps/inst/buffer_pl_clk_0.PL_CLK_0_BUFG/O
    X1Y1 (CLOCK_ROOT)    net (fo=82465, routed)       2.963     3.179    pccx_v002_system_i/sc_axil/inst/m04_nodes/m04_aw_node/inst/s_sc_xpm_cdc_async_rst_inst/dest_clk
    SLICE_X14Y176        FDCE                                         r  pccx_v002_system_i/sc_axil/inst/m04_nodes/m04_aw_node/inst/s_sc_xpm_cdc_async_rst_inst/arststages_ff_reg[2]/C

Slack:                    inf
  Source:                 pccx_v002_system_i/sc_hp0_stage0/inst/clk_map/psr_aclk/U0/ACTIVE_LOW_BSR_OUT_DFF[0].FDRE_BSR_N/C
                            (rising edge-triggered cell FDRE clocked by clk_pl_0  {rise@0.000ns fall@5.000ns period=10.000ns})
  Destination:            pccx_v002_system_i/sc_hp0_stage0/inst/s00_entry_pipeline/s00_mmu/inst/xpm_cdc_async_rst_inst/arststages_ff_reg[0]/CLR
                            (recovery check against rising-edge clock clk_pl_0  {rise@0.000ns fall@5.000ns period=10.000ns})
  Path Group:             (none)
  Path Type:              Recovery (Max at Slow Process Corner)
  Data Path Delay:        4.011ns  (logic 0.114ns (2.842%)  route 3.897ns (97.158%))
  Logic Levels:           0  
  Clock Path Skew:        -0.406ns (DCD - SCD + CPR)
    Destination Clock Delay (DCD):    3.097ns
    Source Clock Delay      (SCD):    3.504ns
    Clock Pessimism Removal (CPR):    0.000ns
  Clock Uncertainty:      0.160ns  ((TSJ^2 + DJ^2)^1/2) / 2 + PE
    Total System Jitter     (TSJ):    0.071ns
    Discrete Jitter          (DJ):    0.312ns
    Phase Error              (PE):    0.000ns
  Clock Net Delay (Source):      3.237ns (routing 1.681ns, distribution 1.556ns)
  Clock Net Delay (Destination): 2.881ns (routing 1.538ns, distribution 1.343ns)
  Timing Exception:       False Path

    Location             Delay type                Incr(ns)  Path(ns)    Netlist Resource(s)
  -------------------------------------------------------------------    -------------------
                         (clock clk_pl_0 rise edge)
                                                      0.000     0.000 r  
    PS8_X0Y0             PS8                          0.000     0.000 r  pccx_v002_system_i/zynq_ps/inst/PS8_i/PLCLK[0]
                         net (fo=1, routed)           0.229     0.229    pccx_v002_system_i/zynq_ps/inst/pl_clk_unbuffered[0]
    BUFG_PS_X0Y90        BUFG_PS (Prop_BUFG_PS_I_O)
                                                      0.038     0.267 r  pccx_v002_system_i/zynq_ps/inst/buffer_pl_clk_0.PL_CLK_0_BUFG/O
    X1Y1 (CLOCK_ROOT)    net (fo=82465, routed)       3.237     3.504    pccx_v002_system_i/sc_hp0_stage0/inst/clk_map/psr_aclk/U0/aclk
    SLICE_X18Y6          FDRE                                         r  pccx_v002_system_i/sc_hp0_stage0/inst/clk_map/psr_aclk/U0/ACTIVE_LOW_BSR_OUT_DFF[0].FDRE_BSR_N/C
  -------------------------------------------------------------------    -------------------
    SLICE_X18Y6          FDRE (Prop_HFF_SLICEM_C_Q)
                                                      0.114     3.618 r  pccx_v002_system_i/sc_hp0_stage0/inst/clk_map/psr_aclk/U0/ACTIVE_LOW_BSR_OUT_DFF[0].FDRE_BSR_N/Q
                         net (fo=66, routed)          3.897     7.515    pccx_v002_system_i/sc_hp0_stage0/inst/s00_entry_pipeline/s00_mmu/inst/xpm_cdc_async_rst_inst/src_arst
    SLICE_X58Y61         FDCE                                         f  pccx_v002_system_i/sc_hp0_stage0/inst/s00_entry_pipeline/s00_mmu/inst/xpm_cdc_async_rst_inst/arststages_ff_reg[0]/CLR  (IS_INVERTED)
  -------------------------------------------------------------------    -------------------

                         (clock clk_pl_0 rise edge)
                                                      0.000     0.000 r  
    PS8_X0Y0             PS8                          0.000     0.000 r  pccx_v002_system_i/zynq_ps/inst/PS8_i/PLCLK[0]
                         net (fo=1, routed)           0.181     0.181    pccx_v002_system_i/zynq_ps/inst/pl_clk_unbuffered[0]
    BUFG_PS_X0Y90        BUFG_PS (Prop_BUFG_PS_I_O)
                                                      0.035     0.216 r  pccx_v002_system_i/zynq_ps/inst/buffer_pl_clk_0.PL_CLK_0_BUFG/O
    X1Y1 (CLOCK_ROOT)    net (fo=82465, routed)       2.881     3.097    pccx_v002_system_i/sc_hp0_stage0/inst/s00_entry_pipeline/s00_mmu/inst/xpm_cdc_async_rst_inst/dest_clk
    SLICE_X58Y61         FDCE                                         r  pccx_v002_system_i/sc_hp0_stage0/inst/s00_entry_pipeline/s00_mmu/inst/xpm_cdc_async_rst_inst/arststages_ff_reg[0]/C





Min Delay Paths
--------------------------------------------------------------------------------------
Slack:                    inf
  Source:                 pccx_v002_system_i/u_npu/inst/u_wrap/u_pccx_npu_top/u_mem_dispatcher/u_l2_cache/u_acp_cdc/u_acp_rx_fifo/xpm_fifo_base_inst/xpm_fifo_rst_inst/gen_rst_ic.fifo_wr_rst_ic_reg/C
                            (rising edge-triggered cell FDRE clocked by clk_pl_0  {rise@0.000ns fall@5.000ns period=10.000ns})
  Destination:            pccx_v002_system_i/u_npu/inst/u_wrap/u_pccx_npu_top/u_mem_dispatcher/u_l2_cache/u_acp_cdc/u_acp_rx_fifo/xpm_fifo_base_inst/xpm_fifo_rst_inst/gen_rst_ic.wrst_rd_inst/syncstages_ff_reg[0]/D
                            (rising edge-triggered cell FDRE clocked by clk_pl_0  {rise@0.000ns fall@5.000ns period=10.000ns})
  Path Group:             (none)
  Path Type:              Hold (Min at Fast Process Corner)
  Data Path Delay:        0.120ns  (logic 0.084ns (70.005%)  route 0.036ns (29.995%))
  Logic Levels:           0  
  Clock Path Skew:        0.201ns (DCD - SCD - CPR)
    Destination Clock Delay (DCD):    2.086ns
    Source Clock Delay      (SCD):    1.886ns
    Clock Pessimism Removal (CPR):    -0.000ns
  Clock Uncertainty:      0.160ns  ((TSJ^2 + DJ^2)^1/2) / 2 + PE
    Total System Jitter     (TSJ):    0.071ns
    Discrete Jitter          (DJ):    0.312ns
    Phase Error              (PE):    0.000ns
  Clock Net Delay (Source):      1.735ns (routing 0.940ns, distribution 0.795ns)
  Clock Net Delay (Destination): 1.899ns (routing 1.033ns, distribution 0.866ns)
  Timing Exception:       False Path

    Location             Delay type                Incr(ns)  Path(ns)    Netlist Resource(s)
  -------------------------------------------------------------------    -------------------
                         (clock clk_pl_0 rise edge)
                                                      0.000     0.000 r  
    PS8_X0Y0             PS8                          0.000     0.000 r  pccx_v002_system_i/zynq_ps/inst/PS8_i/PLCLK[0]
                         net (fo=1, routed)           0.129     0.129    pccx_v002_system_i/zynq_ps/inst/pl_clk_unbuffered[0]
    BUFG_PS_X0Y90        BUFG_PS (Prop_BUFG_PS_I_O)
                                                      0.022     0.151 r  pccx_v002_system_i/zynq_ps/inst/buffer_pl_clk_0.PL_CLK_0_BUFG/O
    X1Y1 (CLOCK_ROOT)    net (fo=82465, routed)       1.735     1.886    pccx_v002_system_i/u_npu/inst/u_wrap/u_pccx_npu_top/u_mem_dispatcher/u_l2_cache/u_acp_cdc/u_acp_rx_fifo/xpm_fifo_base_inst/xpm_fifo_rst_inst/wr_clk
    SLICE_X50Y97         FDRE                                         r  pccx_v002_system_i/u_npu/inst/u_wrap/u_pccx_npu_top/u_mem_dispatcher/u_l2_cache/u_acp_cdc/u_acp_rx_fifo/xpm_fifo_base_inst/xpm_fifo_rst_inst/gen_rst_ic.fifo_wr_rst_ic_reg/C
  -------------------------------------------------------------------    -------------------
    SLICE_X50Y97         FDRE (Prop_HFF_SLICEL_C_Q)
                                                      0.084     1.970 r  pccx_v002_system_i/u_npu/inst/u_wrap/u_pccx_npu_top/u_mem_dispatcher/u_l2_cache/u_acp_cdc/u_acp_rx_fifo/xpm_fifo_base_inst/xpm_fifo_rst_inst/gen_rst_ic.fifo_wr_rst_ic_reg/Q
                         net (fo=2, routed)           0.036     2.006    pccx_v002_system_i/u_npu/inst/u_wrap/u_pccx_npu_top/u_mem_dispatcher/u_l2_cache/u_acp_cdc/u_acp_rx_fifo/xpm_fifo_base_inst/xpm_fifo_rst_inst/gen_rst_ic.wrst_rd_inst/src_rst
    SLICE_X50Y97         FDRE                                         r  pccx_v002_system_i/u_npu/inst/u_wrap/u_pccx_npu_top/u_mem_dispatcher/u_l2_cache/u_acp_cdc/u_acp_rx_fifo/xpm_fifo_base_inst/xpm_fifo_rst_inst/gen_rst_ic.wrst_rd_inst/syncstages_ff_reg[0]/D
  -------------------------------------------------------------------    -------------------

                         (clock clk_pl_0 rise edge)
                                                      0.000     0.000 r  
    PS8_X0Y0             PS8                          0.000     0.000 r  pccx_v002_system_i/zynq_ps/inst/PS8_i/PLCLK[0]
                         net (fo=1, routed)           0.164     0.164    pccx_v002_system_i/zynq_ps/inst/pl_clk_unbuffered[0]
    BUFG_PS_X0Y90        BUFG_PS (Prop_BUFG_PS_I_O)
                                                      0.023     0.187 r  pccx_v002_system_i/zynq_ps/inst/buffer_pl_clk_0.PL_CLK_0_BUFG/O
    X1Y1 (CLOCK_ROOT)    net (fo=82465, routed)       1.899     2.086    pccx_v002_system_i/u_npu/inst/u_wrap/u_pccx_npu_top/u_mem_dispatcher/u_l2_cache/u_acp_cdc/u_acp_rx_fifo/xpm_fifo_base_inst/xpm_fifo_rst_inst/gen_rst_ic.wrst_rd_inst/dest_clk
    SLICE_X50Y97         FDRE                                         r  pccx_v002_system_i/u_npu/inst/u_wrap/u_pccx_npu_top/u_mem_dispatcher/u_l2_cache/u_acp_cdc/u_acp_rx_fifo/xpm_fifo_base_inst/xpm_fifo_rst_inst/gen_rst_ic.wrst_rd_inst/syncstages_ff_reg[0]/C

Slack:                    inf
  Source:                 pccx_v002_system_i/u_npu/inst/u_wrap/u_pccx_npu_top/u_HP_buffer/u_hp0_weight_fifo/xpm_fifo_base_inst/xpm_fifo_rst_inst/gen_rst_ic.fifo_wr_rst_ic_reg/C
                            (rising edge-triggered cell FDRE clocked by clk_pl_0  {rise@0.000ns fall@5.000ns period=10.000ns})
  Destination:            pccx_v002_system_i/u_npu/inst/u_wrap/u_pccx_npu_top/u_HP_buffer/u_hp0_weight_fifo/xpm_fifo_base_inst/xpm_fifo_rst_inst/gen_rst_ic.wrst_rd_inst/syncstages_ff_reg[0]/D
                            (rising edge-triggered cell FDRE clocked by clk_pl_0  {rise@0.000ns fall@5.000ns period=10.000ns})
  Path Group:             (none)
  Path Type:              Hold (Min at Fast Process Corner)
  Data Path Delay:        0.122ns  (logic 0.084ns (68.858%)  route 0.038ns (31.142%))
  Logic Levels:           0  
  Clock Path Skew:        0.192ns (DCD - SCD - CPR)
    Destination Clock Delay (DCD):    2.104ns
    Source Clock Delay      (SCD):    1.912ns
    Clock Pessimism Removal (CPR):    -0.000ns
  Clock Uncertainty:      0.160ns  ((TSJ^2 + DJ^2)^1/2) / 2 + PE
    Total System Jitter     (TSJ):    0.071ns
    Discrete Jitter          (DJ):    0.312ns
    Phase Error              (PE):    0.000ns
  Clock Net Delay (Source):      1.761ns (routing 0.940ns, distribution 0.821ns)
  Clock Net Delay (Destination): 1.917ns (routing 1.033ns, distribution 0.884ns)
  Timing Exception:       False Path

    Location             Delay type                Incr(ns)  Path(ns)    Netlist Resource(s)
  -------------------------------------------------------------------    -------------------
                         (clock clk_pl_0 rise edge)
                                                      0.000     0.000 r  
    PS8_X0Y0             PS8                          0.000     0.000 r  pccx_v002_system_i/zynq_ps/inst/PS8_i/PLCLK[0]
                         net (fo=1, routed)           0.129     0.129    pccx_v002_system_i/zynq_ps/inst/pl_clk_unbuffered[0]
    BUFG_PS_X0Y90        BUFG_PS (Prop_BUFG_PS_I_O)
                                                      0.022     0.151 r  pccx_v002_system_i/zynq_ps/inst/buffer_pl_clk_0.PL_CLK_0_BUFG/O
    X1Y1 (CLOCK_ROOT)    net (fo=82465, routed)       1.761     1.912    pccx_v002_system_i/u_npu/inst/u_wrap/u_pccx_npu_top/u_HP_buffer/u_hp0_weight_fifo/xpm_fifo_base_inst/xpm_fifo_rst_inst/wr_clk
    SLICE_X59Y24         FDRE                                         r  pccx_v002_system_i/u_npu/inst/u_wrap/u_pccx_npu_top/u_HP_buffer/u_hp0_weight_fifo/xpm_fifo_base_inst/xpm_fifo_rst_inst/gen_rst_ic.fifo_wr_rst_ic_reg/C
  -------------------------------------------------------------------    -------------------
    SLICE_X59Y24         FDRE (Prop_DFF_SLICEL_C_Q)
                                                      0.084     1.996 r  pccx_v002_system_i/u_npu/inst/u_wrap/u_pccx_npu_top/u_HP_buffer/u_hp0_weight_fifo/xpm_fifo_base_inst/xpm_fifo_rst_inst/gen_rst_ic.fifo_wr_rst_ic_reg/Q
                         net (fo=2, routed)           0.038     2.034    pccx_v002_system_i/u_npu/inst/u_wrap/u_pccx_npu_top/u_HP_buffer/u_hp0_weight_fifo/xpm_fifo_base_inst/xpm_fifo_rst_inst/gen_rst_ic.wrst_rd_inst/src_rst
    SLICE_X59Y24         FDRE                                         r  pccx_v002_system_i/u_npu/inst/u_wrap/u_pccx_npu_top/u_HP_buffer/u_hp0_weight_fifo/xpm_fifo_base_inst/xpm_fifo_rst_inst/gen_rst_ic.wrst_rd_inst/syncstages_ff_reg[0]/D
  -------------------------------------------------------------------    -------------------

                         (clock clk_pl_0 rise edge)
                                                      0.000     0.000 r  
    PS8_X0Y0             PS8                          0.000     0.000 r  pccx_v002_system_i/zynq_ps/inst/PS8_i/PLCLK[0]
                         net (fo=1, routed)           0.164     0.164    pccx_v002_system_i/zynq_ps/inst/pl_clk_unbuffered[0]
    BUFG_PS_X0Y90        BUFG_PS (Prop_BUFG_PS_I_O)
                                                      0.023     0.187 r  pccx_v002_system_i/zynq_ps/inst/buffer_pl_clk_0.PL_CLK_0_BUFG/O
    X1Y1 (CLOCK_ROOT)    net (fo=82465, routed)       1.917     2.104    pccx_v002_system_i/u_npu/inst/u_wrap/u_pccx_npu_top/u_HP_buffer/u_hp0_weight_fifo/xpm_fifo_base_inst/xpm_fifo_rst_inst/gen_rst_ic.wrst_rd_inst/dest_clk
    SLICE_X59Y24         FDRE                                         r  pccx_v002_system_i/u_npu/inst/u_wrap/u_pccx_npu_top/u_HP_buffer/u_hp0_weight_fifo/xpm_fifo_base_inst/xpm_fifo_rst_inst/gen_rst_ic.wrst_rd_inst/syncstages_ff_reg[0]/C

Slack:                    inf
  Source:                 pccx_v002_system_i/u_npu/inst/u_wrap/u_pccx_npu_top/u_mem_dispatcher/u_l2_cache/u_acp_cdc/u_acp_tx_fifo/xpm_fifo_base_inst/xpm_fifo_rst_inst/gen_rst_ic.fifo_wr_rst_ic_reg/C
                            (rising edge-triggered cell FDRE clocked by clk_pl_0  {rise@0.000ns fall@5.000ns period=10.000ns})
  Destination:            pccx_v002_system_i/u_npu/inst/u_wrap/u_pccx_npu_top/u_mem_dispatcher/u_l2_cache/u_acp_cdc/u_acp_tx_fifo/xpm_fifo_base_inst/xpm_fifo_rst_inst/gen_rst_ic.wrst_rd_inst/syncstages_ff_reg[0]/D
                            (rising edge-triggered cell FDRE clocked by clk_pl_0  {rise@0.000ns fall@5.000ns period=10.000ns})
  Path Group:             (none)
  Path Type:              Hold (Min at Fast Process Corner)
  Data Path Delay:        0.165ns  (logic 0.083ns (50.261%)  route 0.082ns (49.739%))
  Logic Levels:           0  
  Clock Path Skew:        0.183ns (DCD - SCD - CPR)
    Destination Clock Delay (DCD):    2.062ns
    Source Clock Delay      (SCD):    1.880ns
    Clock Pessimism Removal (CPR):    -0.000ns
  Clock Uncertainty:      0.160ns  ((TSJ^2 + DJ^2)^1/2) / 2 + PE
    Total System Jitter     (TSJ):    0.071ns
    Discrete Jitter          (DJ):    0.312ns
    Phase Error              (PE):    0.000ns
  Clock Net Delay (Source):      1.729ns (routing 0.940ns, distribution 0.789ns)
  Clock Net Delay (Destination): 1.875ns (routing 1.033ns, distribution 0.842ns)
  Timing Exception:       False Path

    Location             Delay type                Incr(ns)  Path(ns)    Netlist Resource(s)
  -------------------------------------------------------------------    -------------------
                         (clock clk_pl_0 rise edge)
                                                      0.000     0.000 r  
    PS8_X0Y0             PS8                          0.000     0.000 r  pccx_v002_system_i/zynq_ps/inst/PS8_i/PLCLK[0]
                         net (fo=1, routed)           0.129     0.129    pccx_v002_system_i/zynq_ps/inst/pl_clk_unbuffered[0]
    BUFG_PS_X0Y90        BUFG_PS (Prop_BUFG_PS_I_O)
                                                      0.022     0.151 r  pccx_v002_system_i/zynq_ps/inst/buffer_pl_clk_0.PL_CLK_0_BUFG/O
    X1Y1 (CLOCK_ROOT)    net (fo=82465, routed)       1.729     1.880    pccx_v002_system_i/u_npu/inst/u_wrap/u_pccx_npu_top/u_mem_dispatcher/u_l2_cache/u_acp_cdc/u_acp_tx_fifo/xpm_fifo_base_inst/xpm_fifo_rst_inst/wr_clk
    SLICE_X45Y23         FDRE                                         r  pccx_v002_system_i/u_npu/inst/u_wrap/u_pccx_npu_top/u_mem_dispatcher/u_l2_cache/u_acp_cdc/u_acp_tx_fifo/xpm_fifo_base_inst/xpm_fifo_rst_inst/gen_rst_ic.fifo_wr_rst_ic_reg/C
  -------------------------------------------------------------------    -------------------
    SLICE_X45Y23         FDRE (Prop_HFF_SLICEM_C_Q)
                                                      0.083     1.963 r  pccx_v002_system_i/u_npu/inst/u_wrap/u_pccx_npu_top/u_mem_dispatcher/u_l2_cache/u_acp_cdc/u_acp_tx_fifo/xpm_fifo_base_inst/xpm_fifo_rst_inst/gen_rst_ic.fifo_wr_rst_ic_reg/Q
                         net (fo=2, routed)           0.082     2.045    pccx_v002_system_i/u_npu/inst/u_wrap/u_pccx_npu_top/u_mem_dispatcher/u_l2_cache/u_acp_cdc/u_acp_tx_fifo/xpm_fifo_base_inst/xpm_fifo_rst_inst/gen_rst_ic.wrst_rd_inst/src_rst
    SLICE_X45Y26         FDRE                                         r  pccx_v002_system_i/u_npu/inst/u_wrap/u_pccx_npu_top/u_mem_dispatcher/u_l2_cache/u_acp_cdc/u_acp_tx_fifo/xpm_fifo_base_inst/xpm_fifo_rst_inst/gen_rst_ic.wrst_rd_inst/syncstages_ff_reg[0]/D
  -------------------------------------------------------------------    -------------------

                         (clock clk_pl_0 rise edge)
                                                      0.000     0.000 r  
    PS8_X0Y0             PS8                          0.000     0.000 r  pccx_v002_system_i/zynq_ps/inst/PS8_i/PLCLK[0]
                         net (fo=1, routed)           0.164     0.164    pccx_v002_system_i/zynq_ps/inst/pl_clk_unbuffered[0]
    BUFG_PS_X0Y90        BUFG_PS (Prop_BUFG_PS_I_O)
                                                      0.023     0.187 r  pccx_v002_system_i/zynq_ps/inst/buffer_pl_clk_0.PL_CLK_0_BUFG/O
    X1Y1 (CLOCK_ROOT)    net (fo=82465, routed)       1.875     2.062    pccx_v002_system_i/u_npu/inst/u_wrap/u_pccx_npu_top/u_mem_dispatcher/u_l2_cache/u_acp_cdc/u_acp_tx_fifo/xpm_fifo_base_inst/xpm_fifo_rst_inst/gen_rst_ic.wrst_rd_inst/dest_clk
    SLICE_X45Y26         FDRE                                         r  pccx_v002_system_i/u_npu/inst/u_wrap/u_pccx_npu_top/u_mem_dispatcher/u_l2_cache/u_acp_cdc/u_acp_tx_fifo/xpm_fifo_base_inst/xpm_fifo_rst_inst/gen_rst_ic.wrst_rd_inst/syncstages_ff_reg[0]/C

Slack:                    inf
  Source:                 pccx_v002_system_i/u_npu/inst/u_wrap/u_pccx_npu_top/u_HP_buffer/u_hp1_weight_fifo/xpm_fifo_base_inst/xpm_fifo_rst_inst/gen_rst_ic.fifo_rd_rst_ic_reg/C
                            (rising edge-triggered cell FDRE clocked by clk_pl_0  {rise@0.000ns fall@5.000ns period=10.000ns})
  Destination:            pccx_v002_system_i/u_npu/inst/u_wrap/u_pccx_npu_top/u_HP_buffer/u_hp1_weight_fifo/xpm_fifo_base_inst/xpm_fifo_rst_inst/gen_rst_ic.rrst_wr_inst/syncstages_ff_reg[0]/D
                            (rising edge-triggered cell FDRE clocked by clk_pl_0  {rise@0.000ns fall@5.000ns period=10.000ns})
  Path Group:             (none)
  Path Type:              Hold (Min at Fast Process Corner)
  Data Path Delay:        0.147ns  (logic 0.084ns (57.285%)  route 0.063ns (42.715%))
  Logic Levels:           0  
  Clock Path Skew:        0.192ns (DCD - SCD - CPR)
    Destination Clock Delay (DCD):    2.104ns
    Source Clock Delay      (SCD):    1.913ns
    Clock Pessimism Removal (CPR):    -0.000ns
  Clock Uncertainty:      0.160ns  ((TSJ^2 + DJ^2)^1/2) / 2 + PE
    Total System Jitter     (TSJ):    0.071ns
    Discrete Jitter          (DJ):    0.312ns
    Phase Error              (PE):    0.000ns
  Clock Net Delay (Source):      1.762ns (routing 0.940ns, distribution 0.822ns)
  Clock Net Delay (Destination): 1.917ns (routing 1.033ns, distribution 0.884ns)
  Timing Exception:       False Path

    Location             Delay type                Incr(ns)  Path(ns)    Netlist Resource(s)
  -------------------------------------------------------------------    -------------------
                         (clock clk_pl_0 rise edge)
                                                      0.000     0.000 r  
    PS8_X0Y0             PS8                          0.000     0.000 r  pccx_v002_system_i/zynq_ps/inst/PS8_i/PLCLK[0]
                         net (fo=1, routed)           0.129     0.129    pccx_v002_system_i/zynq_ps/inst/pl_clk_unbuffered[0]
    BUFG_PS_X0Y90        BUFG_PS (Prop_BUFG_PS_I_O)
                                                      0.022     0.151 r  pccx_v002_system_i/zynq_ps/inst/buffer_pl_clk_0.PL_CLK_0_BUFG/O
    X1Y1 (CLOCK_ROOT)    net (fo=82465, routed)       1.762     1.913    pccx_v002_system_i/u_npu/inst/u_wrap/u_pccx_npu_top/u_HP_buffer/u_hp1_weight_fifo/xpm_fifo_base_inst/xpm_fifo_rst_inst/rd_clk
    SLICE_X59Y48         FDRE                                         r  pccx_v002_system_i/u_npu/inst/u_wrap/u_pccx_npu_top/u_HP_buffer/u_hp1_weight_fifo/xpm_fifo_base_inst/xpm_fifo_rst_inst/gen_rst_ic.fifo_rd_rst_ic_reg/C
  -------------------------------------------------------------------    -------------------
    SLICE_X59Y48         FDRE (Prop_BFF_SLICEL_C_Q)
                                                      0.084     1.997 r  pccx_v002_system_i/u_npu/inst/u_wrap/u_pccx_npu_top/u_HP_buffer/u_hp1_weight_fifo/xpm_fifo_base_inst/xpm_fifo_rst_inst/gen_rst_ic.fifo_rd_rst_ic_reg/Q
                         net (fo=49, routed)          0.063     2.059    pccx_v002_system_i/u_npu/inst/u_wrap/u_pccx_npu_top/u_HP_buffer/u_hp1_weight_fifo/xpm_fifo_base_inst/xpm_fifo_rst_inst/gen_rst_ic.rrst_wr_inst/src_rst
    SLICE_X59Y48         FDRE                                         r  pccx_v002_system_i/u_npu/inst/u_wrap/u_pccx_npu_top/u_HP_buffer/u_hp1_weight_fifo/xpm_fifo_base_inst/xpm_fifo_rst_inst/gen_rst_ic.rrst_wr_inst/syncstages_ff_reg[0]/D
  -------------------------------------------------------------------    -------------------

                         (clock clk_pl_0 rise edge)
                                                      0.000     0.000 r  
    PS8_X0Y0             PS8                          0.000     0.000 r  pccx_v002_system_i/zynq_ps/inst/PS8_i/PLCLK[0]
                         net (fo=1, routed)           0.164     0.164    pccx_v002_system_i/zynq_ps/inst/pl_clk_unbuffered[0]
    BUFG_PS_X0Y90        BUFG_PS (Prop_BUFG_PS_I_O)
                                                      0.023     0.187 r  pccx_v002_system_i/zynq_ps/inst/buffer_pl_clk_0.PL_CLK_0_BUFG/O
    X1Y1 (CLOCK_ROOT)    net (fo=82465, routed)       1.917     2.104    pccx_v002_system_i/u_npu/inst/u_wrap/u_pccx_npu_top/u_HP_buffer/u_hp1_weight_fifo/xpm_fifo_base_inst/xpm_fifo_rst_inst/gen_rst_ic.rrst_wr_inst/dest_clk
    SLICE_X59Y48         FDRE                                         r  pccx_v002_system_i/u_npu/inst/u_wrap/u_pccx_npu_top/u_HP_buffer/u_hp1_weight_fifo/xpm_fifo_base_inst/xpm_fifo_rst_inst/gen_rst_ic.rrst_wr_inst/syncstages_ff_reg[0]/C

Slack:                    inf
  Source:                 pccx_v002_system_i/u_npu/inst/u_wrap/u_pccx_npu_top/u_HP_buffer/u_hp1_weight_fifo/xpm_fifo_base_inst/xpm_fifo_rst_inst/gen_rst_ic.fifo_wr_rst_ic_reg/C
                            (rising edge-triggered cell FDRE clocked by clk_pl_0  {rise@0.000ns fall@5.000ns period=10.000ns})
  Destination:            pccx_v002_system_i/u_npu/inst/u_wrap/u_pccx_npu_top/u_HP_buffer/u_hp1_weight_fifo/xpm_fifo_base_inst/xpm_fifo_rst_inst/gen_rst_ic.wrst_rd_inst/syncstages_ff_reg[0]/D
                            (rising edge-triggered cell FDRE clocked by clk_pl_0  {rise@0.000ns fall@5.000ns period=10.000ns})
  Path Group:             (none)
  Path Type:              Hold (Min at Fast Process Corner)
  Data Path Delay:        0.168ns  (logic 0.084ns (49.959%)  route 0.084ns (50.041%))
  Logic Levels:           0  
  Clock Path Skew:        0.192ns (DCD - SCD - CPR)
    Destination Clock Delay (DCD):    2.108ns
    Source Clock Delay      (SCD):    1.916ns
    Clock Pessimism Removal (CPR):    -0.000ns
  Clock Uncertainty:      0.160ns  ((TSJ^2 + DJ^2)^1/2) / 2 + PE
    Total System Jitter     (TSJ):    0.071ns
    Discrete Jitter          (DJ):    0.312ns
    Phase Error              (PE):    0.000ns
  Clock Net Delay (Source):      1.765ns (routing 0.940ns, distribution 0.825ns)
  Clock Net Delay (Destination): 1.921ns (routing 1.033ns, distribution 0.888ns)
  Timing Exception:       False Path

    Location             Delay type                Incr(ns)  Path(ns)    Netlist Resource(s)
  -------------------------------------------------------------------    -------------------
                         (clock clk_pl_0 rise edge)
                                                      0.000     0.000 r  
    PS8_X0Y0             PS8                          0.000     0.000 r  pccx_v002_system_i/zynq_ps/inst/PS8_i/PLCLK[0]
                         net (fo=1, routed)           0.129     0.129    pccx_v002_system_i/zynq_ps/inst/pl_clk_unbuffered[0]
    BUFG_PS_X0Y90        BUFG_PS (Prop_BUFG_PS_I_O)
                                                      0.022     0.151 r  pccx_v002_system_i/zynq_ps/inst/buffer_pl_clk_0.PL_CLK_0_BUFG/O
    X1Y1 (CLOCK_ROOT)    net (fo=82465, routed)       1.765     1.916    pccx_v002_system_i/u_npu/inst/u_wrap/u_pccx_npu_top/u_HP_buffer/u_hp1_weight_fifo/xpm_fifo_base_inst/xpm_fifo_rst_inst/wr_clk
    SLICE_X59Y47         FDRE                                         r  pccx_v002_system_i/u_npu/inst/u_wrap/u_pccx_npu_top/u_HP_buffer/u_hp1_weight_fifo/xpm_fifo_base_inst/xpm_fifo_rst_inst/gen_rst_ic.fifo_wr_rst_ic_reg/C
  -------------------------------------------------------------------    -------------------
    SLICE_X59Y47         FDRE (Prop_DFF_SLICEL_C_Q)
                                                      0.084     2.000 r  pccx_v002_system_i/u_npu/inst/u_wrap/u_pccx_npu_top/u_HP_buffer/u_hp1_weight_fifo/xpm_fifo_base_inst/xpm_fifo_rst_inst/gen_rst_ic.fifo_wr_rst_ic_reg/Q
                         net (fo=2, routed)           0.084     2.084    pccx_v002_system_i/u_npu/inst/u_wrap/u_pccx_npu_top/u_HP_buffer/u_hp1_weight_fifo/xpm_fifo_base_inst/xpm_fifo_rst_inst/gen_rst_ic.wrst_rd_inst/src_rst
    SLICE_X59Y47         FDRE                                         r  pccx_v002_system_i/u_npu/inst/u_wrap/u_pccx_npu_top/u_HP_buffer/u_hp1_weight_fifo/xpm_fifo_base_inst/xpm_fifo_rst_inst/gen_rst_ic.wrst_rd_inst/syncstages_ff_reg[0]/D
  -------------------------------------------------------------------    -------------------

                         (clock clk_pl_0 rise edge)
                                                      0.000     0.000 r  
    PS8_X0Y0             PS8                          0.000     0.000 r  pccx_v002_system_i/zynq_ps/inst/PS8_i/PLCLK[0]
                         net (fo=1, routed)           0.164     0.164    pccx_v002_system_i/zynq_ps/inst/pl_clk_unbuffered[0]
    BUFG_PS_X0Y90        BUFG_PS (Prop_BUFG_PS_I_O)
                                                      0.023     0.187 r  pccx_v002_system_i/zynq_ps/inst/buffer_pl_clk_0.PL_CLK_0_BUFG/O
    X1Y1 (CLOCK_ROOT)    net (fo=82465, routed)       1.921     2.108    pccx_v002_system_i/u_npu/inst/u_wrap/u_pccx_npu_top/u_HP_buffer/u_hp1_weight_fifo/xpm_fifo_base_inst/xpm_fifo_rst_inst/gen_rst_ic.wrst_rd_inst/dest_clk
    SLICE_X59Y47         FDRE                                         r  pccx_v002_system_i/u_npu/inst/u_wrap/u_pccx_npu_top/u_HP_buffer/u_hp1_weight_fifo/xpm_fifo_base_inst/xpm_fifo_rst_inst/gen_rst_ic.wrst_rd_inst/syncstages_ff_reg[0]/C

Slack:                    inf
  Source:                 pccx_v002_system_i/u_npu/inst/u_wrap/u_pccx_npu_top/u_mem_dispatcher/u_l2_cache/u_acp_cdc/u_acp_rx_fifo/xpm_fifo_base_inst/xpm_fifo_rst_inst/gen_rst_ic.fifo_rd_rst_ic_reg/C
                            (rising edge-triggered cell FDRE clocked by clk_pl_0  {rise@0.000ns fall@5.000ns period=10.000ns})
  Destination:            pccx_v002_system_i/u_npu/inst/u_wrap/u_pccx_npu_top/u_mem_dispatcher/u_l2_cache/u_acp_cdc/u_acp_rx_fifo/xpm_fifo_base_inst/xpm_fifo_rst_inst/gen_rst_ic.rrst_wr_inst/syncstages_ff_reg[0]/D
                            (rising edge-triggered cell FDRE clocked by clk_pl_0  {rise@0.000ns fall@5.000ns period=10.000ns})
  Path Group:             (none)
  Path Type:              Hold (Min at Fast Process Corner)
  Data Path Delay:        0.206ns  (logic 0.084ns (40.799%)  route 0.122ns (59.201%))
  Logic Levels:           0  
  Clock Path Skew:        0.190ns (DCD - SCD - CPR)
    Destination Clock Delay (DCD):    2.081ns
    Source Clock Delay      (SCD):    1.891ns
    Clock Pessimism Removal (CPR):    -0.000ns
  Clock Uncertainty:      0.160ns  ((TSJ^2 + DJ^2)^1/2) / 2 + PE
    Total System Jitter     (TSJ):    0.071ns
    Discrete Jitter          (DJ):    0.312ns
    Phase Error              (PE):    0.000ns
  Clock Net Delay (Source):      1.740ns (routing 0.940ns, distribution 0.800ns)
  Clock Net Delay (Destination): 1.894ns (routing 1.033ns, distribution 0.861ns)
  Timing Exception:       False Path

    Location             Delay type                Incr(ns)  Path(ns)    Netlist Resource(s)
  -------------------------------------------------------------------    -------------------
                         (clock clk_pl_0 rise edge)
                                                      0.000     0.000 r  
    PS8_X0Y0             PS8                          0.000     0.000 r  pccx_v002_system_i/zynq_ps/inst/PS8_i/PLCLK[0]
                         net (fo=1, routed)           0.129     0.129    pccx_v002_system_i/zynq_ps/inst/pl_clk_unbuffered[0]
    BUFG_PS_X0Y90        BUFG_PS (Prop_BUFG_PS_I_O)
                                                      0.022     0.151 r  pccx_v002_system_i/zynq_ps/inst/buffer_pl_clk_0.PL_CLK_0_BUFG/O
    X1Y1 (CLOCK_ROOT)    net (fo=82465, routed)       1.740     1.891    pccx_v002_system_i/u_npu/inst/u_wrap/u_pccx_npu_top/u_mem_dispatcher/u_l2_cache/u_acp_cdc/u_acp_rx_fifo/xpm_fifo_base_inst/xpm_fifo_rst_inst/rd_clk
    SLICE_X51Y102        FDRE                                         r  pccx_v002_system_i/u_npu/inst/u_wrap/u_pccx_npu_top/u_mem_dispatcher/u_l2_cache/u_acp_cdc/u_acp_rx_fifo/xpm_fifo_base_inst/xpm_fifo_rst_inst/gen_rst_ic.fifo_rd_rst_ic_reg/C
  -------------------------------------------------------------------    -------------------
    SLICE_X51Y102        FDRE (Prop_BFF_SLICEL_C_Q)
                                                      0.084     1.975 r  pccx_v002_system_i/u_npu/inst/u_wrap/u_pccx_npu_top/u_mem_dispatcher/u_l2_cache/u_acp_cdc/u_acp_rx_fifo/xpm_fifo_base_inst/xpm_fifo_rst_inst/gen_rst_ic.fifo_rd_rst_ic_reg/Q
                         net (fo=43, routed)          0.122     2.097    pccx_v002_system_i/u_npu/inst/u_wrap/u_pccx_npu_top/u_mem_dispatcher/u_l2_cache/u_acp_cdc/u_acp_rx_fifo/xpm_fifo_base_inst/xpm_fifo_rst_inst/gen_rst_ic.rrst_wr_inst/src_rst
    SLICE_X50Y96         FDRE                                         r  pccx_v002_system_i/u_npu/inst/u_wrap/u_pccx_npu_top/u_mem_dispatcher/u_l2_cache/u_acp_cdc/u_acp_rx_fifo/xpm_fifo_base_inst/xpm_fifo_rst_inst/gen_rst_ic.rrst_wr_inst/syncstages_ff_reg[0]/D
  -------------------------------------------------------------------    -------------------

                         (clock clk_pl_0 rise edge)
                                                      0.000     0.000 r  
    PS8_X0Y0             PS8                          0.000     0.000 r  pccx_v002_system_i/zynq_ps/inst/PS8_i/PLCLK[0]
                         net (fo=1, routed)           0.164     0.164    pccx_v002_system_i/zynq_ps/inst/pl_clk_unbuffered[0]
    BUFG_PS_X0Y90        BUFG_PS (Prop_BUFG_PS_I_O)
                                                      0.023     0.187 r  pccx_v002_system_i/zynq_ps/inst/buffer_pl_clk_0.PL_CLK_0_BUFG/O
    X1Y1 (CLOCK_ROOT)    net (fo=82465, routed)       1.894     2.081    pccx_v002_system_i/u_npu/inst/u_wrap/u_pccx_npu_top/u_mem_dispatcher/u_l2_cache/u_acp_cdc/u_acp_rx_fifo/xpm_fifo_base_inst/xpm_fifo_rst_inst/gen_rst_ic.rrst_wr_inst/dest_clk
    SLICE_X50Y96         FDRE                                         r  pccx_v002_system_i/u_npu/inst/u_wrap/u_pccx_npu_top/u_mem_dispatcher/u_l2_cache/u_acp_cdc/u_acp_rx_fifo/xpm_fifo_base_inst/xpm_fifo_rst_inst/gen_rst_ic.rrst_wr_inst/syncstages_ff_reg[0]/C

Slack:                    inf
  Source:                 pccx_v002_system_i/u_npu/inst/u_wrap/u_pccx_npu_top/u_HP_buffer/u_hp3_weight_fifo/xpm_fifo_base_inst/xpm_fifo_rst_inst/gen_rst_ic.fifo_wr_rst_ic_reg/C
                            (rising edge-triggered cell FDRE clocked by clk_pl_0  {rise@0.000ns fall@5.000ns period=10.000ns})
  Destination:            pccx_v002_system_i/u_npu/inst/u_wrap/u_pccx_npu_top/u_HP_buffer/u_hp3_weight_fifo/xpm_fifo_base_inst/xpm_fifo_rst_inst/gen_rst_ic.wrst_rd_inst/syncstages_ff_reg[0]/D
                            (rising edge-triggered cell FDRE clocked by clk_pl_0  {rise@0.000ns fall@5.000ns period=10.000ns})
  Path Group:             (none)
  Path Type:              Hold (Min at Fast Process Corner)
  Data Path Delay:        0.145ns  (logic 0.084ns (57.935%)  route 0.061ns (42.065%))
  Logic Levels:           0  
  Clock Path Skew:        0.198ns (DCD - SCD - CPR)
    Destination Clock Delay (DCD):    2.151ns
    Source Clock Delay      (SCD):    1.953ns
    Clock Pessimism Removal (CPR):    -0.000ns
  Clock Uncertainty:      0.160ns  ((TSJ^2 + DJ^2)^1/2) / 2 + PE
    Total System Jitter     (TSJ):    0.071ns
    Discrete Jitter          (DJ):    0.312ns
    Phase Error              (PE):    0.000ns
  Clock Net Delay (Source):      1.802ns (routing 0.940ns, distribution 0.862ns)
  Clock Net Delay (Destination): 1.964ns (routing 1.033ns, distribution 0.931ns)
  Timing Exception:       False Path

    Location             Delay type                Incr(ns)  Path(ns)    Netlist Resource(s)
  -------------------------------------------------------------------    -------------------
                         (clock clk_pl_0 rise edge)
                                                      0.000     0.000 r  
    PS8_X0Y0             PS8                          0.000     0.000 r  pccx_v002_system_i/zynq_ps/inst/PS8_i/PLCLK[0]
                         net (fo=1, routed)           0.129     0.129    pccx_v002_system_i/zynq_ps/inst/pl_clk_unbuffered[0]
    BUFG_PS_X0Y90        BUFG_PS (Prop_BUFG_PS_I_O)
                                                      0.022     0.151 r  pccx_v002_system_i/zynq_ps/inst/buffer_pl_clk_0.PL_CLK_0_BUFG/O
    X1Y1 (CLOCK_ROOT)    net (fo=82465, routed)       1.802     1.953    pccx_v002_system_i/u_npu/inst/u_wrap/u_pccx_npu_top/u_HP_buffer/u_hp3_weight_fifo/xpm_fifo_base_inst/xpm_fifo_rst_inst/wr_clk
    SLICE_X59Y225        FDRE                                         r  pccx_v002_system_i/u_npu/inst/u_wrap/u_pccx_npu_top/u_HP_buffer/u_hp3_weight_fifo/xpm_fifo_base_inst/xpm_fifo_rst_inst/gen_rst_ic.fifo_wr_rst_ic_reg/C
  -------------------------------------------------------------------    -------------------
    SLICE_X59Y225        FDRE (Prop_CFF_SLICEL_C_Q)
                                                      0.084     2.037 r  pccx_v002_system_i/u_npu/inst/u_wrap/u_pccx_npu_top/u_HP_buffer/u_hp3_weight_fifo/xpm_fifo_base_inst/xpm_fifo_rst_inst/gen_rst_ic.fifo_wr_rst_ic_reg/Q
                         net (fo=2, routed)           0.061     2.098    pccx_v002_system_i/u_npu/inst/u_wrap/u_pccx_npu_top/u_HP_buffer/u_hp3_weight_fifo/xpm_fifo_base_inst/xpm_fifo_rst_inst/gen_rst_ic.wrst_rd_inst/src_rst
    SLICE_X59Y225        FDRE                                         r  pccx_v002_system_i/u_npu/inst/u_wrap/u_pccx_npu_top/u_HP_buffer/u_hp3_weight_fifo/xpm_fifo_base_inst/xpm_fifo_rst_inst/gen_rst_ic.wrst_rd_inst/syncstages_ff_reg[0]/D
  -------------------------------------------------------------------    -------------------

                         (clock clk_pl_0 rise edge)
                                                      0.000     0.000 r  
    PS8_X0Y0             PS8                          0.000     0.000 r  pccx_v002_system_i/zynq_ps/inst/PS8_i/PLCLK[0]
                         net (fo=1, routed)           0.164     0.164    pccx_v002_system_i/zynq_ps/inst/pl_clk_unbuffered[0]
    BUFG_PS_X0Y90        BUFG_PS (Prop_BUFG_PS_I_O)
                                                      0.023     0.187 r  pccx_v002_system_i/zynq_ps/inst/buffer_pl_clk_0.PL_CLK_0_BUFG/O
    X1Y1 (CLOCK_ROOT)    net (fo=82465, routed)       1.964     2.151    pccx_v002_system_i/u_npu/inst/u_wrap/u_pccx_npu_top/u_HP_buffer/u_hp3_weight_fifo/xpm_fifo_base_inst/xpm_fifo_rst_inst/gen_rst_ic.wrst_rd_inst/dest_clk
    SLICE_X59Y225        FDRE                                         r  pccx_v002_system_i/u_npu/inst/u_wrap/u_pccx_npu_top/u_HP_buffer/u_hp3_weight_fifo/xpm_fifo_base_inst/xpm_fifo_rst_inst/gen_rst_ic.wrst_rd_inst/syncstages_ff_reg[0]/C

Slack:                    inf
  Source:                 pccx_v002_system_i/u_npu/inst/u_wrap/u_pccx_npu_top/u_HP_buffer/u_hp0_weight_fifo/xpm_fifo_base_inst/xpm_fifo_rst_inst/gen_rst_ic.fifo_rd_rst_ic_reg/C
                            (rising edge-triggered cell FDRE clocked by clk_pl_0  {rise@0.000ns fall@5.000ns period=10.000ns})
  Destination:            pccx_v002_system_i/u_npu/inst/u_wrap/u_pccx_npu_top/u_HP_buffer/u_hp0_weight_fifo/xpm_fifo_base_inst/xpm_fifo_rst_inst/gen_rst_ic.rrst_wr_inst/syncstages_ff_reg[0]/D
                            (rising edge-triggered cell FDRE clocked by clk_pl_0  {rise@0.000ns fall@5.000ns period=10.000ns})
  Path Group:             (none)
  Path Type:              Hold (Min at Fast Process Corner)
  Data Path Delay:        0.197ns  (logic 0.084ns (42.719%)  route 0.113ns (57.282%))
  Logic Levels:           0  
  Clock Path Skew:        0.201ns (DCD - SCD - CPR)
    Destination Clock Delay (DCD):    2.102ns
    Source Clock Delay      (SCD):    1.901ns
    Clock Pessimism Removal (CPR):    -0.000ns
  Clock Uncertainty:      0.160ns  ((TSJ^2 + DJ^2)^1/2) / 2 + PE
    Total System Jitter     (TSJ):    0.071ns
    Discrete Jitter          (DJ):    0.312ns
    Phase Error              (PE):    0.000ns
  Clock Net Delay (Source):      1.750ns (routing 0.940ns, distribution 0.810ns)
  Clock Net Delay (Destination): 1.915ns (routing 1.033ns, distribution 0.882ns)
  Timing Exception:       False Path

    Location             Delay type                Incr(ns)  Path(ns)    Netlist Resource(s)
  -------------------------------------------------------------------    -------------------
                         (clock clk_pl_0 rise edge)
                                                      0.000     0.000 r  
    PS8_X0Y0             PS8                          0.000     0.000 r  pccx_v002_system_i/zynq_ps/inst/PS8_i/PLCLK[0]
                         net (fo=1, routed)           0.129     0.129    pccx_v002_system_i/zynq_ps/inst/pl_clk_unbuffered[0]
    BUFG_PS_X0Y90        BUFG_PS (Prop_BUFG_PS_I_O)
                                                      0.022     0.151 r  pccx_v002_system_i/zynq_ps/inst/buffer_pl_clk_0.PL_CLK_0_BUFG/O
    X1Y1 (CLOCK_ROOT)    net (fo=82465, routed)       1.750     1.901    pccx_v002_system_i/u_npu/inst/u_wrap/u_pccx_npu_top/u_HP_buffer/u_hp0_weight_fifo/xpm_fifo_base_inst/xpm_fifo_rst_inst/rd_clk
    SLICE_X59Y27         FDRE                                         r  pccx_v002_system_i/u_npu/inst/u_wrap/u_pccx_npu_top/u_HP_buffer/u_hp0_weight_fifo/xpm_fifo_base_inst/xpm_fifo_rst_inst/gen_rst_ic.fifo_rd_rst_ic_reg/C
  -------------------------------------------------------------------    -------------------
    SLICE_X59Y27         FDRE (Prop_BFF_SLICEL_C_Q)
                                                      0.084     1.985 r  pccx_v002_system_i/u_npu/inst/u_wrap/u_pccx_npu_top/u_HP_buffer/u_hp0_weight_fifo/xpm_fifo_base_inst/xpm_fifo_rst_inst/gen_rst_ic.fifo_rd_rst_ic_reg/Q
                         net (fo=49, routed)          0.113     2.098    pccx_v002_system_i/u_npu/inst/u_wrap/u_pccx_npu_top/u_HP_buffer/u_hp0_weight_fifo/xpm_fifo_base_inst/xpm_fifo_rst_inst/gen_rst_ic.rrst_wr_inst/src_rst
    SLICE_X60Y24         FDRE                                         r  pccx_v002_system_i/u_npu/inst/u_wrap/u_pccx_npu_top/u_HP_buffer/u_hp0_weight_fifo/xpm_fifo_base_inst/xpm_fifo_rst_inst/gen_rst_ic.rrst_wr_inst/syncstages_ff_reg[0]/D
  -------------------------------------------------------------------    -------------------

                         (clock clk_pl_0 rise edge)
                                                      0.000     0.000 r  
    PS8_X0Y0             PS8                          0.000     0.000 r  pccx_v002_system_i/zynq_ps/inst/PS8_i/PLCLK[0]
                         net (fo=1, routed)           0.164     0.164    pccx_v002_system_i/zynq_ps/inst/pl_clk_unbuffered[0]
    BUFG_PS_X0Y90        BUFG_PS (Prop_BUFG_PS_I_O)
                                                      0.023     0.187 r  pccx_v002_system_i/zynq_ps/inst/buffer_pl_clk_0.PL_CLK_0_BUFG/O
    X1Y1 (CLOCK_ROOT)    net (fo=82465, routed)       1.915     2.102    pccx_v002_system_i/u_npu/inst/u_wrap/u_pccx_npu_top/u_HP_buffer/u_hp0_weight_fifo/xpm_fifo_base_inst/xpm_fifo_rst_inst/gen_rst_ic.rrst_wr_inst/dest_clk
    SLICE_X60Y24         FDRE                                         r  pccx_v002_system_i/u_npu/inst/u_wrap/u_pccx_npu_top/u_HP_buffer/u_hp0_weight_fifo/xpm_fifo_base_inst/xpm_fifo_rst_inst/gen_rst_ic.rrst_wr_inst/syncstages_ff_reg[0]/C

Slack:                    inf
  Source:                 pccx_v002_system_i/u_npu/inst/u_wrap/u_pccx_npu_top/u_HP_buffer/u_hp3_weight_fifo/xpm_fifo_base_inst/xpm_fifo_rst_inst/gen_rst_ic.fifo_rd_rst_ic_reg/C
                            (rising edge-triggered cell FDRE clocked by clk_pl_0  {rise@0.000ns fall@5.000ns period=10.000ns})
  Destination:            pccx_v002_system_i/u_npu/inst/u_wrap/u_pccx_npu_top/u_HP_buffer/u_hp3_weight_fifo/xpm_fifo_base_inst/xpm_fifo_rst_inst/gen_rst_ic.rrst_wr_inst/syncstages_ff_reg[0]/D
                            (rising edge-triggered cell FDRE clocked by clk_pl_0  {rise@0.000ns fall@5.000ns period=10.000ns})
  Path Group:             (none)
  Path Type:              Hold (Min at Fast Process Corner)
  Data Path Delay:        0.179ns  (logic 0.083ns (46.273%)  route 0.096ns (53.727%))
  Logic Levels:           0  
  Clock Path Skew:        0.202ns (DCD - SCD - CPR)
    Destination Clock Delay (DCD):    2.157ns
    Source Clock Delay      (SCD):    1.955ns
    Clock Pessimism Removal (CPR):    -0.000ns
  Clock Uncertainty:      0.160ns  ((TSJ^2 + DJ^2)^1/2) / 2 + PE
    Total System Jitter     (TSJ):    0.071ns
    Discrete Jitter          (DJ):    0.312ns
    Phase Error              (PE):    0.000ns
  Clock Net Delay (Source):      1.804ns (routing 0.940ns, distribution 0.864ns)
  Clock Net Delay (Destination): 1.970ns (routing 1.033ns, distribution 0.937ns)
  Timing Exception:       False Path

    Location             Delay type                Incr(ns)  Path(ns)    Netlist Resource(s)
  -------------------------------------------------------------------    -------------------
                         (clock clk_pl_0 rise edge)
                                                      0.000     0.000 r  
    PS8_X0Y0             PS8                          0.000     0.000 r  pccx_v002_system_i/zynq_ps/inst/PS8_i/PLCLK[0]
                         net (fo=1, routed)           0.129     0.129    pccx_v002_system_i/zynq_ps/inst/pl_clk_unbuffered[0]
    BUFG_PS_X0Y90        BUFG_PS (Prop_BUFG_PS_I_O)
                                                      0.022     0.151 r  pccx_v002_system_i/zynq_ps/inst/buffer_pl_clk_0.PL_CLK_0_BUFG/O
    X1Y1 (CLOCK_ROOT)    net (fo=82465, routed)       1.804     1.955    pccx_v002_system_i/u_npu/inst/u_wrap/u_pccx_npu_top/u_HP_buffer/u_hp3_weight_fifo/xpm_fifo_base_inst/xpm_fifo_rst_inst/rd_clk
    SLICE_X57Y225        FDRE                                         r  pccx_v002_system_i/u_npu/inst/u_wrap/u_pccx_npu_top/u_HP_buffer/u_hp3_weight_fifo/xpm_fifo_base_inst/xpm_fifo_rst_inst/gen_rst_ic.fifo_rd_rst_ic_reg/C
  -------------------------------------------------------------------    -------------------
    SLICE_X57Y225        FDRE (Prop_FFF_SLICEL_C_Q)
                                                      0.083     2.038 r  pccx_v002_system_i/u_npu/inst/u_wrap/u_pccx_npu_top/u_HP_buffer/u_hp3_weight_fifo/xpm_fifo_base_inst/xpm_fifo_rst_inst/gen_rst_ic.fifo_rd_rst_ic_reg/Q
                         net (fo=49, routed)          0.096     2.134    pccx_v002_system_i/u_npu/inst/u_wrap/u_pccx_npu_top/u_HP_buffer/u_hp3_weight_fifo/xpm_fifo_base_inst/xpm_fifo_rst_inst/gen_rst_ic.rrst_wr_inst/src_rst
    SLICE_X58Y225        FDRE                                         r  pccx_v002_system_i/u_npu/inst/u_wrap/u_pccx_npu_top/u_HP_buffer/u_hp3_weight_fifo/xpm_fifo_base_inst/xpm_fifo_rst_inst/gen_rst_ic.rrst_wr_inst/syncstages_ff_reg[0]/D
  -------------------------------------------------------------------    -------------------

                         (clock clk_pl_0 rise edge)
                                                      0.000     0.000 r  
    PS8_X0Y0             PS8                          0.000     0.000 r  pccx_v002_system_i/zynq_ps/inst/PS8_i/PLCLK[0]
                         net (fo=1, routed)           0.164     0.164    pccx_v002_system_i/zynq_ps/inst/pl_clk_unbuffered[0]
    BUFG_PS_X0Y90        BUFG_PS (Prop_BUFG_PS_I_O)
                                                      0.023     0.187 r  pccx_v002_system_i/zynq_ps/inst/buffer_pl_clk_0.PL_CLK_0_BUFG/O
    X1Y1 (CLOCK_ROOT)    net (fo=82465, routed)       1.970     2.157    pccx_v002_system_i/u_npu/inst/u_wrap/u_pccx_npu_top/u_HP_buffer/u_hp3_weight_fifo/xpm_fifo_base_inst/xpm_fifo_rst_inst/gen_rst_ic.rrst_wr_inst/dest_clk
    SLICE_X58Y225        FDRE                                         r  pccx_v002_system_i/u_npu/inst/u_wrap/u_pccx_npu_top/u_HP_buffer/u_hp3_weight_fifo/xpm_fifo_base_inst/xpm_fifo_rst_inst/gen_rst_ic.rrst_wr_inst/syncstages_ff_reg[0]/C

Slack:                    inf
  Source:                 pccx_v002_system_i/u_npu/inst/u_wrap/u_pccx_npu_top/u_mem_dispatcher/u_l2_cache/u_acp_cdc/u_acp_tx_fifo/xpm_fifo_base_inst/xpm_fifo_rst_inst/gen_rst_ic.fifo_rd_rst_ic_reg/C
                            (rising edge-triggered cell FDRE clocked by clk_pl_0  {rise@0.000ns fall@5.000ns period=10.000ns})
  Destination:            pccx_v002_system_i/u_npu/inst/u_wrap/u_pccx_npu_top/u_mem_dispatcher/u_l2_cache/u_acp_cdc/u_acp_tx_fifo/xpm_fifo_base_inst/xpm_fifo_rst_inst/gen_rst_ic.rrst_wr_inst/syncstages_ff_reg[0]/D
                            (rising edge-triggered cell FDRE clocked by clk_pl_0  {rise@0.000ns fall@5.000ns period=10.000ns})
  Path Group:             (none)
  Path Type:              Hold (Min at Fast Process Corner)
  Data Path Delay:        0.264ns  (logic 0.082ns (31.013%)  route 0.182ns (68.987%))
  Logic Levels:           0  
  Clock Path Skew:        0.188ns (DCD - SCD - CPR)
    Destination Clock Delay (DCD):    2.061ns
    Source Clock Delay      (SCD):    1.873ns
    Clock Pessimism Removal (CPR):    -0.000ns
  Clock Uncertainty:      0.160ns  ((TSJ^2 + DJ^2)^1/2) / 2 + PE
    Total System Jitter     (TSJ):    0.071ns
    Discrete Jitter          (DJ):    0.312ns
    Phase Error              (PE):    0.000ns
  Clock Net Delay (Source):      1.722ns (routing 0.940ns, distribution 0.782ns)
  Clock Net Delay (Destination): 1.874ns (routing 1.033ns, distribution 0.841ns)
  Timing Exception:       False Path

    Location             Delay type                Incr(ns)  Path(ns)    Netlist Resource(s)
  -------------------------------------------------------------------    -------------------
                         (clock clk_pl_0 rise edge)
                                                      0.000     0.000 r  
    PS8_X0Y0             PS8                          0.000     0.000 r  pccx_v002_system_i/zynq_ps/inst/PS8_i/PLCLK[0]
                         net (fo=1, routed)           0.129     0.129    pccx_v002_system_i/zynq_ps/inst/pl_clk_unbuffered[0]
    BUFG_PS_X0Y90        BUFG_PS (Prop_BUFG_PS_I_O)
                                                      0.022     0.151 r  pccx_v002_system_i/zynq_ps/inst/buffer_pl_clk_0.PL_CLK_0_BUFG/O
    X1Y1 (CLOCK_ROOT)    net (fo=82465, routed)       1.722     1.873    pccx_v002_system_i/u_npu/inst/u_wrap/u_pccx_npu_top/u_mem_dispatcher/u_l2_cache/u_acp_cdc/u_acp_tx_fifo/xpm_fifo_base_inst/xpm_fifo_rst_inst/rd_clk
    SLICE_X45Y26         FDRE                                         r  pccx_v002_system_i/u_npu/inst/u_wrap/u_pccx_npu_top/u_mem_dispatcher/u_l2_cache/u_acp_cdc/u_acp_tx_fifo/xpm_fifo_base_inst/xpm_fifo_rst_inst/gen_rst_ic.fifo_rd_rst_ic_reg/C
  -------------------------------------------------------------------    -------------------
    SLICE_X45Y26         FDRE (Prop_FFF_SLICEM_C_Q)
                                                      0.082     1.955 r  pccx_v002_system_i/u_npu/inst/u_wrap/u_pccx_npu_top/u_mem_dispatcher/u_l2_cache/u_acp_cdc/u_acp_tx_fifo/xpm_fifo_base_inst/xpm_fifo_rst_inst/gen_rst_ic.fifo_rd_rst_ic_reg/Q
                         net (fo=24, routed)          0.182     2.137    pccx_v002_system_i/u_npu/inst/u_wrap/u_pccx_npu_top/u_mem_dispatcher/u_l2_cache/u_acp_cdc/u_acp_tx_fifo/xpm_fifo_base_inst/xpm_fifo_rst_inst/gen_rst_ic.rrst_wr_inst/src_rst
    SLICE_X45Y24         FDRE                                         r  pccx_v002_system_i/u_npu/inst/u_wrap/u_pccx_npu_top/u_mem_dispatcher/u_l2_cache/u_acp_cdc/u_acp_tx_fifo/xpm_fifo_base_inst/xpm_fifo_rst_inst/gen_rst_ic.rrst_wr_inst/syncstages_ff_reg[0]/D
  -------------------------------------------------------------------    -------------------

                         (clock clk_pl_0 rise edge)
                                                      0.000     0.000 r  
    PS8_X0Y0             PS8                          0.000     0.000 r  pccx_v002_system_i/zynq_ps/inst/PS8_i/PLCLK[0]
                         net (fo=1, routed)           0.164     0.164    pccx_v002_system_i/zynq_ps/inst/pl_clk_unbuffered[0]
    BUFG_PS_X0Y90        BUFG_PS (Prop_BUFG_PS_I_O)
                                                      0.023     0.187 r  pccx_v002_system_i/zynq_ps/inst/buffer_pl_clk_0.PL_CLK_0_BUFG/O
    X1Y1 (CLOCK_ROOT)    net (fo=82465, routed)       1.874     2.061    pccx_v002_system_i/u_npu/inst/u_wrap/u_pccx_npu_top/u_mem_dispatcher/u_l2_cache/u_acp_cdc/u_acp_tx_fifo/xpm_fifo_base_inst/xpm_fifo_rst_inst/gen_rst_ic.rrst_wr_inst/dest_clk
    SLICE_X45Y24         FDRE                                         r  pccx_v002_system_i/u_npu/inst/u_wrap/u_pccx_npu_top/u_mem_dispatcher/u_l2_cache/u_acp_cdc/u_acp_tx_fifo/xpm_fifo_base_inst/xpm_fifo_rst_inst/gen_rst_ic.rrst_wr_inst/syncstages_ff_reg[0]/C

Slack:                    inf
  Source:                 pccx_v002_system_i/u_npu/inst/u_wrap/u_pccx_npu_top/u_HP_buffer/u_hp2_weight_fifo/xpm_fifo_base_inst/xpm_fifo_rst_inst/gen_rst_ic.fifo_wr_rst_ic_reg/C
                            (rising edge-triggered cell FDRE clocked by clk_pl_0  {rise@0.000ns fall@5.000ns period=10.000ns})
  Destination:            pccx_v002_system_i/u_npu/inst/u_wrap/u_pccx_npu_top/u_HP_buffer/u_hp2_weight_fifo/xpm_fifo_base_inst/xpm_fifo_rst_inst/gen_rst_ic.wrst_rd_inst/syncstages_ff_reg[0]/D
                            (rising edge-triggered cell FDRE clocked by clk_pl_0  {rise@0.000ns fall@5.000ns period=10.000ns})
  Path Group:             (none)
  Path Type:              Hold (Min at Fast Process Corner)
  Data Path Delay:        0.195ns  (logic 0.084ns (43.158%)  route 0.111ns (56.843%))
  Logic Levels:           0  
  Clock Path Skew:        0.208ns (DCD - SCD - CPR)
    Destination Clock Delay (DCD):    2.154ns
    Source Clock Delay      (SCD):    1.946ns
    Clock Pessimism Removal (CPR):    -0.000ns
  Clock Uncertainty:      0.160ns  ((TSJ^2 + DJ^2)^1/2) / 2 + PE
    Total System Jitter     (TSJ):    0.071ns
    Discrete Jitter          (DJ):    0.312ns
    Phase Error              (PE):    0.000ns
  Clock Net Delay (Source):      1.795ns (routing 0.940ns, distribution 0.855ns)
  Clock Net Delay (Destination): 1.967ns (routing 1.033ns, distribution 0.934ns)
  Timing Exception:       False Path

    Location             Delay type                Incr(ns)  Path(ns)    Netlist Resource(s)
  -------------------------------------------------------------------    -------------------
                         (clock clk_pl_0 rise edge)
                                                      0.000     0.000 r  
    PS8_X0Y0             PS8                          0.000     0.000 r  pccx_v002_system_i/zynq_ps/inst/PS8_i/PLCLK[0]
                         net (fo=1, routed)           0.129     0.129    pccx_v002_system_i/zynq_ps/inst/pl_clk_unbuffered[0]
    BUFG_PS_X0Y90        BUFG_PS (Prop_BUFG_PS_I_O)
                                                      0.022     0.151 r  pccx_v002_system_i/zynq_ps/inst/buffer_pl_clk_0.PL_CLK_0_BUFG/O
    X1Y1 (CLOCK_ROOT)    net (fo=82465, routed)       1.795     1.946    pccx_v002_system_i/u_npu/inst/u_wrap/u_pccx_npu_top/u_HP_buffer/u_hp2_weight_fifo/xpm_fifo_base_inst/xpm_fifo_rst_inst/wr_clk
    SLICE_X59Y230        FDRE                                         r  pccx_v002_system_i/u_npu/inst/u_wrap/u_pccx_npu_top/u_HP_buffer/u_hp2_weight_fifo/xpm_fifo_base_inst/xpm_fifo_rst_inst/gen_rst_ic.fifo_wr_rst_ic_reg/C
  -------------------------------------------------------------------    -------------------
    SLICE_X59Y230        FDRE (Prop_DFF_SLICEL_C_Q)
                                                      0.084     2.030 r  pccx_v002_system_i/u_npu/inst/u_wrap/u_pccx_npu_top/u_HP_buffer/u_hp2_weight_fifo/xpm_fifo_base_inst/xpm_fifo_rst_inst/gen_rst_ic.fifo_wr_rst_ic_reg/Q
                         net (fo=2, routed)           0.111     2.140    pccx_v002_system_i/u_npu/inst/u_wrap/u_pccx_npu_top/u_HP_buffer/u_hp2_weight_fifo/xpm_fifo_base_inst/xpm_fifo_rst_inst/gen_rst_ic.wrst_rd_inst/src_rst
    SLICE_X57Y236        FDRE                                         r  pccx_v002_system_i/u_npu/inst/u_wrap/u_pccx_npu_top/u_HP_buffer/u_hp2_weight_fifo/xpm_fifo_base_inst/xpm_fifo_rst_inst/gen_rst_ic.wrst_rd_inst/syncstages_ff_reg[0]/D
  -------------------------------------------------------------------    -------------------

                         (clock clk_pl_0 rise edge)
                                                      0.000     0.000 r  
    PS8_X0Y0             PS8                          0.000     0.000 r  pccx_v002_system_i/zynq_ps/inst/PS8_i/PLCLK[0]
                         net (fo=1, routed)           0.164     0.164    pccx_v002_system_i/zynq_ps/inst/pl_clk_unbuffered[0]
    BUFG_PS_X0Y90        BUFG_PS (Prop_BUFG_PS_I_O)
                                                      0.023     0.187 r  pccx_v002_system_i/zynq_ps/inst/buffer_pl_clk_0.PL_CLK_0_BUFG/O
    X1Y1 (CLOCK_ROOT)    net (fo=82465, routed)       1.967     2.154    pccx_v002_system_i/u_npu/inst/u_wrap/u_pccx_npu_top/u_HP_buffer/u_hp2_weight_fifo/xpm_fifo_base_inst/xpm_fifo_rst_inst/gen_rst_ic.wrst_rd_inst/dest_clk
    SLICE_X57Y236        FDRE                                         r  pccx_v002_system_i/u_npu/inst/u_wrap/u_pccx_npu_top/u_HP_buffer/u_hp2_weight_fifo/xpm_fifo_base_inst/xpm_fifo_rst_inst/gen_rst_ic.wrst_rd_inst/syncstages_ff_reg[0]/C

Slack:                    inf
  Source:                 pccx_v002_system_i/u_npu/inst/u_wrap/u_pccx_npu_top/u_HP_buffer/u_hp2_weight_fifo/xpm_fifo_base_inst/xpm_fifo_rst_inst/gen_rst_ic.fifo_rd_rst_ic_reg/C
                            (rising edge-triggered cell FDRE clocked by clk_pl_0  {rise@0.000ns fall@5.000ns period=10.000ns})
  Destination:            pccx_v002_system_i/u_npu/inst/u_wrap/u_pccx_npu_top/u_HP_buffer/u_hp2_weight_fifo/xpm_fifo_base_inst/xpm_fifo_rst_inst/gen_rst_ic.rrst_wr_inst/syncstages_ff_reg[0]/D
                            (rising edge-triggered cell FDRE clocked by clk_pl_0  {rise@0.000ns fall@5.000ns period=10.000ns})
  Path Group:             (none)
  Path Type:              Hold (Min at Fast Process Corner)
  Data Path Delay:        0.297ns  (logic 0.084ns (28.309%)  route 0.213ns (71.691%))
  Logic Levels:           0  
  Clock Path Skew:        0.186ns (DCD - SCD - CPR)
    Destination Clock Delay (DCD):    2.141ns
    Source Clock Delay      (SCD):    1.956ns
    Clock Pessimism Removal (CPR):    -0.000ns
  Clock Uncertainty:      0.160ns  ((TSJ^2 + DJ^2)^1/2) / 2 + PE
    Total System Jitter     (TSJ):    0.071ns
    Discrete Jitter          (DJ):    0.312ns
    Phase Error              (PE):    0.000ns
  Clock Net Delay (Source):      1.805ns (routing 0.940ns, distribution 0.865ns)
  Clock Net Delay (Destination): 1.954ns (routing 1.033ns, distribution 0.921ns)
  Timing Exception:       False Path

    Location             Delay type                Incr(ns)  Path(ns)    Netlist Resource(s)
  -------------------------------------------------------------------    -------------------
                         (clock clk_pl_0 rise edge)
                                                      0.000     0.000 r  
    PS8_X0Y0             PS8                          0.000     0.000 r  pccx_v002_system_i/zynq_ps/inst/PS8_i/PLCLK[0]
                         net (fo=1, routed)           0.129     0.129    pccx_v002_system_i/zynq_ps/inst/pl_clk_unbuffered[0]
    BUFG_PS_X0Y90        BUFG_PS (Prop_BUFG_PS_I_O)
                                                      0.022     0.151 r  pccx_v002_system_i/zynq_ps/inst/buffer_pl_clk_0.PL_CLK_0_BUFG/O
    X1Y1 (CLOCK_ROOT)    net (fo=82465, routed)       1.805     1.956    pccx_v002_system_i/u_npu/inst/u_wrap/u_pccx_npu_top/u_HP_buffer/u_hp2_weight_fifo/xpm_fifo_base_inst/xpm_fifo_rst_inst/rd_clk
    SLICE_X57Y236        FDRE                                         r  pccx_v002_system_i/u_npu/inst/u_wrap/u_pccx_npu_top/u_HP_buffer/u_hp2_weight_fifo/xpm_fifo_base_inst/xpm_fifo_rst_inst/gen_rst_ic.fifo_rd_rst_ic_reg/C
  -------------------------------------------------------------------    -------------------
    SLICE_X57Y236        FDRE (Prop_BFF_SLICEL_C_Q)
                                                      0.084     2.040 r  pccx_v002_system_i/u_npu/inst/u_wrap/u_pccx_npu_top/u_HP_buffer/u_hp2_weight_fifo/xpm_fifo_base_inst/xpm_fifo_rst_inst/gen_rst_ic.fifo_rd_rst_ic_reg/Q
                         net (fo=49, routed)          0.213     2.252    pccx_v002_system_i/u_npu/inst/u_wrap/u_pccx_npu_top/u_HP_buffer/u_hp2_weight_fifo/xpm_fifo_base_inst/xpm_fifo_rst_inst/gen_rst_ic.rrst_wr_inst/src_rst
    SLICE_X59Y229        FDRE                                         r  pccx_v002_system_i/u_npu/inst/u_wrap/u_pccx_npu_top/u_HP_buffer/u_hp2_weight_fifo/xpm_fifo_base_inst/xpm_fifo_rst_inst/gen_rst_ic.rrst_wr_inst/syncstages_ff_reg[0]/D
  -------------------------------------------------------------------    -------------------

                         (clock clk_pl_0 rise edge)
                                                      0.000     0.000 r  
    PS8_X0Y0             PS8                          0.000     0.000 r  pccx_v002_system_i/zynq_ps/inst/PS8_i/PLCLK[0]
                         net (fo=1, routed)           0.164     0.164    pccx_v002_system_i/zynq_ps/inst/pl_clk_unbuffered[0]
    BUFG_PS_X0Y90        BUFG_PS (Prop_BUFG_PS_I_O)
                                                      0.023     0.187 r  pccx_v002_system_i/zynq_ps/inst/buffer_pl_clk_0.PL_CLK_0_BUFG/O
    X1Y1 (CLOCK_ROOT)    net (fo=82465, routed)       1.954     2.141    pccx_v002_system_i/u_npu/inst/u_wrap/u_pccx_npu_top/u_HP_buffer/u_hp2_weight_fifo/xpm_fifo_base_inst/xpm_fifo_rst_inst/gen_rst_ic.rrst_wr_inst/dest_clk
    SLICE_X59Y229        FDRE                                         r  pccx_v002_system_i/u_npu/inst/u_wrap/u_pccx_npu_top/u_HP_buffer/u_hp2_weight_fifo/xpm_fifo_base_inst/xpm_fifo_rst_inst/gen_rst_ic.rrst_wr_inst/syncstages_ff_reg[0]/C

Slack:                    inf
  Source:                 pccx_v002_system_i/sc_hp0_stage0/inst/clk_map/psr_aclk/U0/ACTIVE_LOW_BSR_OUT_DFF[0].FDRE_BSR_N/C
                            (rising edge-triggered cell FDRE clocked by clk_pl_0  {rise@0.000ns fall@5.000ns period=10.000ns})
  Destination:            pccx_v002_system_i/sc_hp0_stage0/inst/s02_nodes/s02_b_node/inst/s_sc_xpm_cdc_async_rst_inst/arststages_ff_reg[0]/CLR
                            (removal check against rising-edge clock clk_pl_0  {rise@0.000ns fall@5.000ns period=10.000ns})
  Path Group:             (none)
  Path Type:              Removal (Min at Fast Process Corner)
  Data Path Delay:        0.365ns  (logic 0.083ns (22.742%)  route 0.282ns (77.258%))
  Logic Levels:           0  
  Clock Path Skew:        0.210ns (DCD - SCD - CPR)
    Destination Clock Delay (DCD):    2.148ns
    Source Clock Delay      (SCD):    1.939ns
    Clock Pessimism Removal (CPR):    -0.000ns
  Clock Uncertainty:      0.160ns  ((TSJ^2 + DJ^2)^1/2) / 2 + PE
    Total System Jitter     (TSJ):    0.071ns
    Discrete Jitter          (DJ):    0.312ns
    Phase Error              (PE):    0.000ns
  Clock Net Delay (Source):      1.788ns (routing 0.940ns, distribution 0.848ns)
  Clock Net Delay (Destination): 1.961ns (routing 1.033ns, distribution 0.928ns)
  Timing Exception:       False Path

    Location             Delay type                Incr(ns)  Path(ns)    Netlist Resource(s)
  -------------------------------------------------------------------    -------------------
                         (clock clk_pl_0 rise edge)
                                                      0.000     0.000 r  
    PS8_X0Y0             PS8                          0.000     0.000 r  pccx_v002_system_i/zynq_ps/inst/PS8_i/PLCLK[0]
                         net (fo=1, routed)           0.129     0.129    pccx_v002_system_i/zynq_ps/inst/pl_clk_unbuffered[0]
    BUFG_PS_X0Y90        BUFG_PS (Prop_BUFG_PS_I_O)
                                                      0.022     0.151 r  pccx_v002_system_i/zynq_ps/inst/buffer_pl_clk_0.PL_CLK_0_BUFG/O
    X1Y1 (CLOCK_ROOT)    net (fo=82465, routed)       1.788     1.939    pccx_v002_system_i/sc_hp0_stage0/inst/clk_map/psr_aclk/U0/aclk
    SLICE_X18Y6          FDRE                                         r  pccx_v002_system_i/sc_hp0_stage0/inst/clk_map/psr_aclk/U0/ACTIVE_LOW_BSR_OUT_DFF[0].FDRE_BSR_N/C
  -------------------------------------------------------------------    -------------------
    SLICE_X18Y6          FDRE (Prop_HFF_SLICEM_C_Q)
                                                      0.083     2.022 r  pccx_v002_system_i/sc_hp0_stage0/inst/clk_map/psr_aclk/U0/ACTIVE_LOW_BSR_OUT_DFF[0].FDRE_BSR_N/Q
                         net (fo=66, routed)          0.282     2.304    pccx_v002_system_i/sc_hp0_stage0/inst/s02_nodes/s02_b_node/inst/s_sc_xpm_cdc_async_rst_inst/src_arst
    SLICE_X8Y11          FDCE                                         f  pccx_v002_system_i/sc_hp0_stage0/inst/s02_nodes/s02_b_node/inst/s_sc_xpm_cdc_async_rst_inst/arststages_ff_reg[0]/CLR  (IS_INVERTED)
  -------------------------------------------------------------------    -------------------

                         (clock clk_pl_0 rise edge)
                                                      0.000     0.000 r  
    PS8_X0Y0             PS8                          0.000     0.000 r  pccx_v002_system_i/zynq_ps/inst/PS8_i/PLCLK[0]
                         net (fo=1, routed)           0.164     0.164    pccx_v002_system_i/zynq_ps/inst/pl_clk_unbuffered[0]
    BUFG_PS_X0Y90        BUFG_PS (Prop_BUFG_PS_I_O)
                                                      0.023     0.187 r  pccx_v002_system_i/zynq_ps/inst/buffer_pl_clk_0.PL_CLK_0_BUFG/O
    X1Y1 (CLOCK_ROOT)    net (fo=82465, routed)       1.961     2.148    pccx_v002_system_i/sc_hp0_stage0/inst/s02_nodes/s02_b_node/inst/s_sc_xpm_cdc_async_rst_inst/dest_clk
    SLICE_X8Y11          FDCE                                         r  pccx_v002_system_i/sc_hp0_stage0/inst/s02_nodes/s02_b_node/inst/s_sc_xpm_cdc_async_rst_inst/arststages_ff_reg[0]/C

Slack:                    inf
  Source:                 pccx_v002_system_i/sc_hp0_stage0/inst/clk_map/psr_aclk/U0/ACTIVE_LOW_BSR_OUT_DFF[0].FDRE_BSR_N/C
                            (rising edge-triggered cell FDRE clocked by clk_pl_0  {rise@0.000ns fall@5.000ns period=10.000ns})
  Destination:            pccx_v002_system_i/sc_hp0_stage0/inst/s02_nodes/s02_b_node/inst/s_sc_xpm_cdc_async_rst_inst/arststages_ff_reg[1]/CLR
                            (removal check against rising-edge clock clk_pl_0  {rise@0.000ns fall@5.000ns period=10.000ns})
  Path Group:             (none)
  Path Type:              Removal (Min at Fast Process Corner)
  Data Path Delay:        0.365ns  (logic 0.083ns (22.742%)  route 0.282ns (77.258%))
  Logic Levels:           0  
  Clock Path Skew:        0.210ns (DCD - SCD - CPR)
    Destination Clock Delay (DCD):    2.148ns
    Source Clock Delay      (SCD):    1.939ns
    Clock Pessimism Removal (CPR):    -0.000ns
  Clock Uncertainty:      0.160ns  ((TSJ^2 + DJ^2)^1/2) / 2 + PE
    Total System Jitter     (TSJ):    0.071ns
    Discrete Jitter          (DJ):    0.312ns
    Phase Error              (PE):    0.000ns
  Clock Net Delay (Source):      1.788ns (routing 0.940ns, distribution 0.848ns)
  Clock Net Delay (Destination): 1.961ns (routing 1.033ns, distribution 0.928ns)
  Timing Exception:       False Path

    Location             Delay type                Incr(ns)  Path(ns)    Netlist Resource(s)
  -------------------------------------------------------------------    -------------------
                         (clock clk_pl_0 rise edge)
                                                      0.000     0.000 r  
    PS8_X0Y0             PS8                          0.000     0.000 r  pccx_v002_system_i/zynq_ps/inst/PS8_i/PLCLK[0]
                         net (fo=1, routed)           0.129     0.129    pccx_v002_system_i/zynq_ps/inst/pl_clk_unbuffered[0]
    BUFG_PS_X0Y90        BUFG_PS (Prop_BUFG_PS_I_O)
                                                      0.022     0.151 r  pccx_v002_system_i/zynq_ps/inst/buffer_pl_clk_0.PL_CLK_0_BUFG/O
    X1Y1 (CLOCK_ROOT)    net (fo=82465, routed)       1.788     1.939    pccx_v002_system_i/sc_hp0_stage0/inst/clk_map/psr_aclk/U0/aclk
    SLICE_X18Y6          FDRE                                         r  pccx_v002_system_i/sc_hp0_stage0/inst/clk_map/psr_aclk/U0/ACTIVE_LOW_BSR_OUT_DFF[0].FDRE_BSR_N/C
  -------------------------------------------------------------------    -------------------
    SLICE_X18Y6          FDRE (Prop_HFF_SLICEM_C_Q)
                                                      0.083     2.022 r  pccx_v002_system_i/sc_hp0_stage0/inst/clk_map/psr_aclk/U0/ACTIVE_LOW_BSR_OUT_DFF[0].FDRE_BSR_N/Q
                         net (fo=66, routed)          0.282     2.304    pccx_v002_system_i/sc_hp0_stage0/inst/s02_nodes/s02_b_node/inst/s_sc_xpm_cdc_async_rst_inst/src_arst
    SLICE_X8Y11          FDCE                                         f  pccx_v002_system_i/sc_hp0_stage0/inst/s02_nodes/s02_b_node/inst/s_sc_xpm_cdc_async_rst_inst/arststages_ff_reg[1]/CLR  (IS_INVERTED)
  -------------------------------------------------------------------    -------------------

                         (clock clk_pl_0 rise edge)
                                                      0.000     0.000 r  
    PS8_X0Y0             PS8                          0.000     0.000 r  pccx_v002_system_i/zynq_ps/inst/PS8_i/PLCLK[0]
                         net (fo=1, routed)           0.164     0.164    pccx_v002_system_i/zynq_ps/inst/pl_clk_unbuffered[0]
    BUFG_PS_X0Y90        BUFG_PS (Prop_BUFG_PS_I_O)
                                                      0.023     0.187 r  pccx_v002_system_i/zynq_ps/inst/buffer_pl_clk_0.PL_CLK_0_BUFG/O
    X1Y1 (CLOCK_ROOT)    net (fo=82465, routed)       1.961     2.148    pccx_v002_system_i/sc_hp0_stage0/inst/s02_nodes/s02_b_node/inst/s_sc_xpm_cdc_async_rst_inst/dest_clk
    SLICE_X8Y11          FDCE                                         r  pccx_v002_system_i/sc_hp0_stage0/inst/s02_nodes/s02_b_node/inst/s_sc_xpm_cdc_async_rst_inst/arststages_ff_reg[1]/C

Slack:                    inf
  Source:                 pccx_v002_system_i/sc_hp0_stage0/inst/clk_map/psr_aclk/U0/ACTIVE_LOW_BSR_OUT_DFF[0].FDRE_BSR_N/C
                            (rising edge-triggered cell FDRE clocked by clk_pl_0  {rise@0.000ns fall@5.000ns period=10.000ns})
  Destination:            pccx_v002_system_i/sc_hp0_stage0/inst/s02_nodes/s02_b_node/inst/s_sc_xpm_cdc_async_rst_inst/arststages_ff_reg[2]/CLR
                            (removal check against rising-edge clock clk_pl_0  {rise@0.000ns fall@5.000ns period=10.000ns})
  Path Group:             (none)
  Path Type:              Removal (Min at Fast Process Corner)
  Data Path Delay:        0.365ns  (logic 0.083ns (22.742%)  route 0.282ns (77.258%))
  Logic Levels:           0  
  Clock Path Skew:        0.210ns (DCD - SCD - CPR)
    Destination Clock Delay (DCD):    2.148ns
    Source Clock Delay      (SCD):    1.939ns
    Clock Pessimism Removal (CPR):    -0.000ns
  Clock Uncertainty:      0.160ns  ((TSJ^2 + DJ^2)^1/2) / 2 + PE
    Total System Jitter     (TSJ):    0.071ns
    Discrete Jitter          (DJ):    0.312ns
    Phase Error              (PE):    0.000ns
  Clock Net Delay (Source):      1.788ns (routing 0.940ns, distribution 0.848ns)
  Clock Net Delay (Destination): 1.961ns (routing 1.033ns, distribution 0.928ns)
  Timing Exception:       False Path

    Location             Delay type                Incr(ns)  Path(ns)    Netlist Resource(s)
  -------------------------------------------------------------------    -------------------
                         (clock clk_pl_0 rise edge)
                                                      0.000     0.000 r  
    PS8_X0Y0             PS8                          0.000     0.000 r  pccx_v002_system_i/zynq_ps/inst/PS8_i/PLCLK[0]
                         net (fo=1, routed)           0.129     0.129    pccx_v002_system_i/zynq_ps/inst/pl_clk_unbuffered[0]
    BUFG_PS_X0Y90        BUFG_PS (Prop_BUFG_PS_I_O)
                                                      0.022     0.151 r  pccx_v002_system_i/zynq_ps/inst/buffer_pl_clk_0.PL_CLK_0_BUFG/O
    X1Y1 (CLOCK_ROOT)    net (fo=82465, routed)       1.788     1.939    pccx_v002_system_i/sc_hp0_stage0/inst/clk_map/psr_aclk/U0/aclk
    SLICE_X18Y6          FDRE                                         r  pccx_v002_system_i/sc_hp0_stage0/inst/clk_map/psr_aclk/U0/ACTIVE_LOW_BSR_OUT_DFF[0].FDRE_BSR_N/C
  -------------------------------------------------------------------    -------------------
    SLICE_X18Y6          FDRE (Prop_HFF_SLICEM_C_Q)
                                                      0.083     2.022 r  pccx_v002_system_i/sc_hp0_stage0/inst/clk_map/psr_aclk/U0/ACTIVE_LOW_BSR_OUT_DFF[0].FDRE_BSR_N/Q
                         net (fo=66, routed)          0.282     2.304    pccx_v002_system_i/sc_hp0_stage0/inst/s02_nodes/s02_b_node/inst/s_sc_xpm_cdc_async_rst_inst/src_arst
    SLICE_X8Y11          FDCE                                         f  pccx_v002_system_i/sc_hp0_stage0/inst/s02_nodes/s02_b_node/inst/s_sc_xpm_cdc_async_rst_inst/arststages_ff_reg[2]/CLR  (IS_INVERTED)
  -------------------------------------------------------------------    -------------------

                         (clock clk_pl_0 rise edge)
                                                      0.000     0.000 r  
    PS8_X0Y0             PS8                          0.000     0.000 r  pccx_v002_system_i/zynq_ps/inst/PS8_i/PLCLK[0]
                         net (fo=1, routed)           0.164     0.164    pccx_v002_system_i/zynq_ps/inst/pl_clk_unbuffered[0]
    BUFG_PS_X0Y90        BUFG_PS (Prop_BUFG_PS_I_O)
                                                      0.023     0.187 r  pccx_v002_system_i/zynq_ps/inst/buffer_pl_clk_0.PL_CLK_0_BUFG/O
    X1Y1 (CLOCK_ROOT)    net (fo=82465, routed)       1.961     2.148    pccx_v002_system_i/sc_hp0_stage0/inst/s02_nodes/s02_b_node/inst/s_sc_xpm_cdc_async_rst_inst/dest_clk
    SLICE_X8Y11          FDCE                                         r  pccx_v002_system_i/sc_hp0_stage0/inst/s02_nodes/s02_b_node/inst/s_sc_xpm_cdc_async_rst_inst/arststages_ff_reg[2]/C

Slack:                    inf
  Source:                 pccx_v002_system_i/sc_hp0_stage0/inst/clk_map/psr_aclk/U0/ACTIVE_LOW_BSR_OUT_DFF[0].FDRE_BSR_N/C
                            (rising edge-triggered cell FDRE clocked by clk_pl_0  {rise@0.000ns fall@5.000ns period=10.000ns})
  Destination:            pccx_v002_system_i/sc_hp0_stage0/inst/m00_nodes/m00_b_node/inst/s_sc_xpm_cdc_async_rst_inst/arststages_ff_reg[0]/CLR
                            (removal check against rising-edge clock clk_pl_0  {rise@0.000ns fall@5.000ns period=10.000ns})
  Path Group:             (none)
  Path Type:              Removal (Min at Fast Process Corner)
  Data Path Delay:        0.435ns  (logic 0.083ns (19.095%)  route 0.352ns (80.905%))
  Logic Levels:           0  
  Clock Path Skew:        0.209ns (DCD - SCD - CPR)
    Destination Clock Delay (DCD):    2.148ns
    Source Clock Delay      (SCD):    1.939ns
    Clock Pessimism Removal (CPR):    -0.000ns
  Clock Uncertainty:      0.160ns  ((TSJ^2 + DJ^2)^1/2) / 2 + PE
    Total System Jitter     (TSJ):    0.071ns
    Discrete Jitter          (DJ):    0.312ns
    Phase Error              (PE):    0.000ns
  Clock Net Delay (Source):      1.788ns (routing 0.940ns, distribution 0.848ns)
  Clock Net Delay (Destination): 1.961ns (routing 1.033ns, distribution 0.928ns)
  Timing Exception:       False Path

    Location             Delay type                Incr(ns)  Path(ns)    Netlist Resource(s)
  -------------------------------------------------------------------    -------------------
                         (clock clk_pl_0 rise edge)
                                                      0.000     0.000 r  
    PS8_X0Y0             PS8                          0.000     0.000 r  pccx_v002_system_i/zynq_ps/inst/PS8_i/PLCLK[0]
                         net (fo=1, routed)           0.129     0.129    pccx_v002_system_i/zynq_ps/inst/pl_clk_unbuffered[0]
    BUFG_PS_X0Y90        BUFG_PS (Prop_BUFG_PS_I_O)
                                                      0.022     0.151 r  pccx_v002_system_i/zynq_ps/inst/buffer_pl_clk_0.PL_CLK_0_BUFG/O
    X1Y1 (CLOCK_ROOT)    net (fo=82465, routed)       1.788     1.939    pccx_v002_system_i/sc_hp0_stage0/inst/clk_map/psr_aclk/U0/aclk
    SLICE_X18Y6          FDRE                                         r  pccx_v002_system_i/sc_hp0_stage0/inst/clk_map/psr_aclk/U0/ACTIVE_LOW_BSR_OUT_DFF[0].FDRE_BSR_N/C
  -------------------------------------------------------------------    -------------------
    SLICE_X18Y6          FDRE (Prop_HFF_SLICEM_C_Q)
                                                      0.083     2.022 r  pccx_v002_system_i/sc_hp0_stage0/inst/clk_map/psr_aclk/U0/ACTIVE_LOW_BSR_OUT_DFF[0].FDRE_BSR_N/Q
                         net (fo=66, routed)          0.352     2.373    pccx_v002_system_i/sc_hp0_stage0/inst/m00_nodes/m00_b_node/inst/s_sc_xpm_cdc_async_rst_inst/src_arst
    SLICE_X2Y9           FDCE                                         f  pccx_v002_system_i/sc_hp0_stage0/inst/m00_nodes/m00_b_node/inst/s_sc_xpm_cdc_async_rst_inst/arststages_ff_reg[0]/CLR  (IS_INVERTED)
  -------------------------------------------------------------------    -------------------

                         (clock clk_pl_0 rise edge)
                                                      0.000     0.000 r  
    PS8_X0Y0             PS8                          0.000     0.000 r  pccx_v002_system_i/zynq_ps/inst/PS8_i/PLCLK[0]
                         net (fo=1, routed)           0.164     0.164    pccx_v002_system_i/zynq_ps/inst/pl_clk_unbuffered[0]
    BUFG_PS_X0Y90        BUFG_PS (Prop_BUFG_PS_I_O)
                                                      0.023     0.187 r  pccx_v002_system_i/zynq_ps/inst/buffer_pl_clk_0.PL_CLK_0_BUFG/O
    X1Y1 (CLOCK_ROOT)    net (fo=82465, routed)       1.961     2.148    pccx_v002_system_i/sc_hp0_stage0/inst/m00_nodes/m00_b_node/inst/s_sc_xpm_cdc_async_rst_inst/dest_clk
    SLICE_X2Y9           FDCE                                         r  pccx_v002_system_i/sc_hp0_stage0/inst/m00_nodes/m00_b_node/inst/s_sc_xpm_cdc_async_rst_inst/arststages_ff_reg[0]/C

Slack:                    inf
  Source:                 pccx_v002_system_i/sc_hp0_stage0/inst/clk_map/psr_aclk/U0/ACTIVE_LOW_BSR_OUT_DFF[0].FDRE_BSR_N/C
                            (rising edge-triggered cell FDRE clocked by clk_pl_0  {rise@0.000ns fall@5.000ns period=10.000ns})
  Destination:            pccx_v002_system_i/sc_hp0_stage0/inst/m00_nodes/m00_b_node/inst/s_sc_xpm_cdc_async_rst_inst/arststages_ff_reg[1]/CLR
                            (removal check against rising-edge clock clk_pl_0  {rise@0.000ns fall@5.000ns period=10.000ns})
  Path Group:             (none)
  Path Type:              Removal (Min at Fast Process Corner)
  Data Path Delay:        0.435ns  (logic 0.083ns (19.095%)  route 0.352ns (80.905%))
  Logic Levels:           0  
  Clock Path Skew:        0.209ns (DCD - SCD - CPR)
    Destination Clock Delay (DCD):    2.148ns
    Source Clock Delay      (SCD):    1.939ns
    Clock Pessimism Removal (CPR):    -0.000ns
  Clock Uncertainty:      0.160ns  ((TSJ^2 + DJ^2)^1/2) / 2 + PE
    Total System Jitter     (TSJ):    0.071ns
    Discrete Jitter          (DJ):    0.312ns
    Phase Error              (PE):    0.000ns
  Clock Net Delay (Source):      1.788ns (routing 0.940ns, distribution 0.848ns)
  Clock Net Delay (Destination): 1.961ns (routing 1.033ns, distribution 0.928ns)
  Timing Exception:       False Path

    Location             Delay type                Incr(ns)  Path(ns)    Netlist Resource(s)
  -------------------------------------------------------------------    -------------------
                         (clock clk_pl_0 rise edge)
                                                      0.000     0.000 r  
    PS8_X0Y0             PS8                          0.000     0.000 r  pccx_v002_system_i/zynq_ps/inst/PS8_i/PLCLK[0]
                         net (fo=1, routed)           0.129     0.129    pccx_v002_system_i/zynq_ps/inst/pl_clk_unbuffered[0]
    BUFG_PS_X0Y90        BUFG_PS (Prop_BUFG_PS_I_O)
                                                      0.022     0.151 r  pccx_v002_system_i/zynq_ps/inst/buffer_pl_clk_0.PL_CLK_0_BUFG/O
    X1Y1 (CLOCK_ROOT)    net (fo=82465, routed)       1.788     1.939    pccx_v002_system_i/sc_hp0_stage0/inst/clk_map/psr_aclk/U0/aclk
    SLICE_X18Y6          FDRE                                         r  pccx_v002_system_i/sc_hp0_stage0/inst/clk_map/psr_aclk/U0/ACTIVE_LOW_BSR_OUT_DFF[0].FDRE_BSR_N/C
  -------------------------------------------------------------------    -------------------
    SLICE_X18Y6          FDRE (Prop_HFF_SLICEM_C_Q)
                                                      0.083     2.022 r  pccx_v002_system_i/sc_hp0_stage0/inst/clk_map/psr_aclk/U0/ACTIVE_LOW_BSR_OUT_DFF[0].FDRE_BSR_N/Q
                         net (fo=66, routed)          0.352     2.373    pccx_v002_system_i/sc_hp0_stage0/inst/m00_nodes/m00_b_node/inst/s_sc_xpm_cdc_async_rst_inst/src_arst
    SLICE_X2Y9           FDCE                                         f  pccx_v002_system_i/sc_hp0_stage0/inst/m00_nodes/m00_b_node/inst/s_sc_xpm_cdc_async_rst_inst/arststages_ff_reg[1]/CLR  (IS_INVERTED)
  -------------------------------------------------------------------    -------------------

                         (clock clk_pl_0 rise edge)
                                                      0.000     0.000 r  
    PS8_X0Y0             PS8                          0.000     0.000 r  pccx_v002_system_i/zynq_ps/inst/PS8_i/PLCLK[0]
                         net (fo=1, routed)           0.164     0.164    pccx_v002_system_i/zynq_ps/inst/pl_clk_unbuffered[0]
    BUFG_PS_X0Y90        BUFG_PS (Prop_BUFG_PS_I_O)
                                                      0.023     0.187 r  pccx_v002_system_i/zynq_ps/inst/buffer_pl_clk_0.PL_CLK_0_BUFG/O
    X1Y1 (CLOCK_ROOT)    net (fo=82465, routed)       1.961     2.148    pccx_v002_system_i/sc_hp0_stage0/inst/m00_nodes/m00_b_node/inst/s_sc_xpm_cdc_async_rst_inst/dest_clk
    SLICE_X2Y9           FDCE                                         r  pccx_v002_system_i/sc_hp0_stage0/inst/m00_nodes/m00_b_node/inst/s_sc_xpm_cdc_async_rst_inst/arststages_ff_reg[1]/C

Slack:                    inf
  Source:                 pccx_v002_system_i/sc_hp0_stage0/inst/clk_map/psr_aclk/U0/ACTIVE_LOW_BSR_OUT_DFF[0].FDRE_BSR_N/C
                            (rising edge-triggered cell FDRE clocked by clk_pl_0  {rise@0.000ns fall@5.000ns period=10.000ns})
  Destination:            pccx_v002_system_i/sc_hp0_stage0/inst/m00_nodes/m00_b_node/inst/s_sc_xpm_cdc_async_rst_inst/arststages_ff_reg[2]/CLR
                            (removal check against rising-edge clock clk_pl_0  {rise@0.000ns fall@5.000ns period=10.000ns})
  Path Group:             (none)
  Path Type:              Removal (Min at Fast Process Corner)
  Data Path Delay:        0.435ns  (logic 0.083ns (19.095%)  route 0.352ns (80.905%))
  Logic Levels:           0  
  Clock Path Skew:        0.209ns (DCD - SCD - CPR)
    Destination Clock Delay (DCD):    2.148ns
    Source Clock Delay      (SCD):    1.939ns
    Clock Pessimism Removal (CPR):    -0.000ns
  Clock Uncertainty:      0.160ns  ((TSJ^2 + DJ^2)^1/2) / 2 + PE
    Total System Jitter     (TSJ):    0.071ns
    Discrete Jitter          (DJ):    0.312ns
    Phase Error              (PE):    0.000ns
  Clock Net Delay (Source):      1.788ns (routing 0.940ns, distribution 0.848ns)
  Clock Net Delay (Destination): 1.961ns (routing 1.033ns, distribution 0.928ns)
  Timing Exception:       False Path

    Location             Delay type                Incr(ns)  Path(ns)    Netlist Resource(s)
  -------------------------------------------------------------------    -------------------
                         (clock clk_pl_0 rise edge)
                                                      0.000     0.000 r  
    PS8_X0Y0             PS8                          0.000     0.000 r  pccx_v002_system_i/zynq_ps/inst/PS8_i/PLCLK[0]
                         net (fo=1, routed)           0.129     0.129    pccx_v002_system_i/zynq_ps/inst/pl_clk_unbuffered[0]
    BUFG_PS_X0Y90        BUFG_PS (Prop_BUFG_PS_I_O)
                                                      0.022     0.151 r  pccx_v002_system_i/zynq_ps/inst/buffer_pl_clk_0.PL_CLK_0_BUFG/O
    X1Y1 (CLOCK_ROOT)    net (fo=82465, routed)       1.788     1.939    pccx_v002_system_i/sc_hp0_stage0/inst/clk_map/psr_aclk/U0/aclk
    SLICE_X18Y6          FDRE                                         r  pccx_v002_system_i/sc_hp0_stage0/inst/clk_map/psr_aclk/U0/ACTIVE_LOW_BSR_OUT_DFF[0].FDRE_BSR_N/C
  -------------------------------------------------------------------    -------------------
    SLICE_X18Y6          FDRE (Prop_HFF_SLICEM_C_Q)
                                                      0.083     2.022 r  pccx_v002_system_i/sc_hp0_stage0/inst/clk_map/psr_aclk/U0/ACTIVE_LOW_BSR_OUT_DFF[0].FDRE_BSR_N/Q
                         net (fo=66, routed)          0.352     2.373    pccx_v002_system_i/sc_hp0_stage0/inst/m00_nodes/m00_b_node/inst/s_sc_xpm_cdc_async_rst_inst/src_arst
    SLICE_X2Y9           FDCE                                         f  pccx_v002_system_i/sc_hp0_stage0/inst/m00_nodes/m00_b_node/inst/s_sc_xpm_cdc_async_rst_inst/arststages_ff_reg[2]/CLR  (IS_INVERTED)
  -------------------------------------------------------------------    -------------------

                         (clock clk_pl_0 rise edge)
                                                      0.000     0.000 r  
    PS8_X0Y0             PS8                          0.000     0.000 r  pccx_v002_system_i/zynq_ps/inst/PS8_i/PLCLK[0]
                         net (fo=1, routed)           0.164     0.164    pccx_v002_system_i/zynq_ps/inst/pl_clk_unbuffered[0]
    BUFG_PS_X0Y90        BUFG_PS (Prop_BUFG_PS_I_O)
                                                      0.023     0.187 r  pccx_v002_system_i/zynq_ps/inst/buffer_pl_clk_0.PL_CLK_0_BUFG/O
    X1Y1 (CLOCK_ROOT)    net (fo=82465, routed)       1.961     2.148    pccx_v002_system_i/sc_hp0_stage0/inst/m00_nodes/m00_b_node/inst/s_sc_xpm_cdc_async_rst_inst/dest_clk
    SLICE_X2Y9           FDCE                                         r  pccx_v002_system_i/sc_hp0_stage0/inst/m00_nodes/m00_b_node/inst/s_sc_xpm_cdc_async_rst_inst/arststages_ff_reg[2]/C

Slack:                    inf
  Source:                 pccx_v002_system_i/sc_axil/inst/clk_map/psr_aclk/U0/ACTIVE_LOW_BSR_OUT_DFF[0].FDRE_BSR_N/C
                            (rising edge-triggered cell FDRE clocked by clk_pl_0  {rise@0.000ns fall@5.000ns period=10.000ns})
  Destination:            pccx_v002_system_i/sc_axil/inst/m05_nodes/m05_w_node/inst/s_sc_xpm_cdc_async_rst_inst/arststages_ff_reg[0]/CLR
                            (removal check against rising-edge clock clk_pl_0  {rise@0.000ns fall@5.000ns period=10.000ns})
  Path Group:             (none)
  Path Type:              Removal (Min at Fast Process Corner)
  Data Path Delay:        0.488ns  (logic 0.082ns (16.796%)  route 0.406ns (83.204%))
  Logic Levels:           0  
  Clock Path Skew:        0.129ns (DCD - SCD - CPR)
    Destination Clock Delay (DCD):    2.030ns
    Source Clock Delay      (SCD):    1.902ns
    Clock Pessimism Removal (CPR):    -0.000ns
  Clock Uncertainty:      0.160ns  ((TSJ^2 + DJ^2)^1/2) / 2 + PE
    Total System Jitter     (TSJ):    0.071ns
    Discrete Jitter          (DJ):    0.312ns
    Phase Error              (PE):    0.000ns
  Clock Net Delay (Source):      1.751ns (routing 0.940ns, distribution 0.811ns)
  Clock Net Delay (Destination): 1.843ns (routing 1.033ns, distribution 0.810ns)
  Timing Exception:       False Path

    Location             Delay type                Incr(ns)  Path(ns)    Netlist Resource(s)
  -------------------------------------------------------------------    -------------------
                         (clock clk_pl_0 rise edge)
                                                      0.000     0.000 r  
    PS8_X0Y0             PS8                          0.000     0.000 r  pccx_v002_system_i/zynq_ps/inst/PS8_i/PLCLK[0]
                         net (fo=1, routed)           0.129     0.129    pccx_v002_system_i/zynq_ps/inst/pl_clk_unbuffered[0]
    BUFG_PS_X0Y90        BUFG_PS (Prop_BUFG_PS_I_O)
                                                      0.022     0.151 r  pccx_v002_system_i/zynq_ps/inst/buffer_pl_clk_0.PL_CLK_0_BUFG/O
    X1Y1 (CLOCK_ROOT)    net (fo=82465, routed)       1.751     1.902    pccx_v002_system_i/sc_axil/inst/clk_map/psr_aclk/U0/aclk
    SLICE_X58Y100        FDRE                                         r  pccx_v002_system_i/sc_axil/inst/clk_map/psr_aclk/U0/ACTIVE_LOW_BSR_OUT_DFF[0].FDRE_BSR_N/C
  -------------------------------------------------------------------    -------------------
    SLICE_X58Y100        FDRE (Prop_EFF_SLICEM_C_Q)
                                                      0.082     1.984 r  pccx_v002_system_i/sc_axil/inst/clk_map/psr_aclk/U0/ACTIVE_LOW_BSR_OUT_DFF[0].FDRE_BSR_N/Q
                         net (fo=150, routed)         0.406     2.390    pccx_v002_system_i/sc_axil/inst/m05_nodes/m05_w_node/inst/s_sc_xpm_cdc_async_rst_inst/src_arst
    SLICE_X41Y91         FDCE                                         f  pccx_v002_system_i/sc_axil/inst/m05_nodes/m05_w_node/inst/s_sc_xpm_cdc_async_rst_inst/arststages_ff_reg[0]/CLR  (IS_INVERTED)
  -------------------------------------------------------------------    -------------------

                         (clock clk_pl_0 rise edge)
                                                      0.000     0.000 r  
    PS8_X0Y0             PS8                          0.000     0.000 r  pccx_v002_system_i/zynq_ps/inst/PS8_i/PLCLK[0]
                         net (fo=1, routed)           0.164     0.164    pccx_v002_system_i/zynq_ps/inst/pl_clk_unbuffered[0]
    BUFG_PS_X0Y90        BUFG_PS (Prop_BUFG_PS_I_O)
                                                      0.023     0.187 r  pccx_v002_system_i/zynq_ps/inst/buffer_pl_clk_0.PL_CLK_0_BUFG/O
    X1Y1 (CLOCK_ROOT)    net (fo=82465, routed)       1.843     2.030    pccx_v002_system_i/sc_axil/inst/m05_nodes/m05_w_node/inst/s_sc_xpm_cdc_async_rst_inst/dest_clk
    SLICE_X41Y91         FDCE                                         r  pccx_v002_system_i/sc_axil/inst/m05_nodes/m05_w_node/inst/s_sc_xpm_cdc_async_rst_inst/arststages_ff_reg[0]/C

Slack:                    inf
  Source:                 pccx_v002_system_i/sc_axil/inst/clk_map/psr_aclk/U0/ACTIVE_LOW_BSR_OUT_DFF[0].FDRE_BSR_N/C
                            (rising edge-triggered cell FDRE clocked by clk_pl_0  {rise@0.000ns fall@5.000ns period=10.000ns})
  Destination:            pccx_v002_system_i/sc_axil/inst/m05_nodes/m05_w_node/inst/s_sc_xpm_cdc_async_rst_inst/arststages_ff_reg[1]/CLR
                            (removal check against rising-edge clock clk_pl_0  {rise@0.000ns fall@5.000ns period=10.000ns})
  Path Group:             (none)
  Path Type:              Removal (Min at Fast Process Corner)
  Data Path Delay:        0.488ns  (logic 0.082ns (16.796%)  route 0.406ns (83.204%))
  Logic Levels:           0  
  Clock Path Skew:        0.129ns (DCD - SCD - CPR)
    Destination Clock Delay (DCD):    2.030ns
    Source Clock Delay      (SCD):    1.902ns
    Clock Pessimism Removal (CPR):    -0.000ns
  Clock Uncertainty:      0.160ns  ((TSJ^2 + DJ^2)^1/2) / 2 + PE
    Total System Jitter     (TSJ):    0.071ns
    Discrete Jitter          (DJ):    0.312ns
    Phase Error              (PE):    0.000ns
  Clock Net Delay (Source):      1.751ns (routing 0.940ns, distribution 0.811ns)
  Clock Net Delay (Destination): 1.843ns (routing 1.033ns, distribution 0.810ns)
  Timing Exception:       False Path

    Location             Delay type                Incr(ns)  Path(ns)    Netlist Resource(s)
  -------------------------------------------------------------------    -------------------
                         (clock clk_pl_0 rise edge)
                                                      0.000     0.000 r  
    PS8_X0Y0             PS8                          0.000     0.000 r  pccx_v002_system_i/zynq_ps/inst/PS8_i/PLCLK[0]
                         net (fo=1, routed)           0.129     0.129    pccx_v002_system_i/zynq_ps/inst/pl_clk_unbuffered[0]
    BUFG_PS_X0Y90        BUFG_PS (Prop_BUFG_PS_I_O)
                                                      0.022     0.151 r  pccx_v002_system_i/zynq_ps/inst/buffer_pl_clk_0.PL_CLK_0_BUFG/O
    X1Y1 (CLOCK_ROOT)    net (fo=82465, routed)       1.751     1.902    pccx_v002_system_i/sc_axil/inst/clk_map/psr_aclk/U0/aclk
    SLICE_X58Y100        FDRE                                         r  pccx_v002_system_i/sc_axil/inst/clk_map/psr_aclk/U0/ACTIVE_LOW_BSR_OUT_DFF[0].FDRE_BSR_N/C
  -------------------------------------------------------------------    -------------------
    SLICE_X58Y100        FDRE (Prop_EFF_SLICEM_C_Q)
                                                      0.082     1.984 r  pccx_v002_system_i/sc_axil/inst/clk_map/psr_aclk/U0/ACTIVE_LOW_BSR_OUT_DFF[0].FDRE_BSR_N/Q
                         net (fo=150, routed)         0.406     2.390    pccx_v002_system_i/sc_axil/inst/m05_nodes/m05_w_node/inst/s_sc_xpm_cdc_async_rst_inst/src_arst
    SLICE_X41Y91         FDCE                                         f  pccx_v002_system_i/sc_axil/inst/m05_nodes/m05_w_node/inst/s_sc_xpm_cdc_async_rst_inst/arststages_ff_reg[1]/CLR  (IS_INVERTED)
  -------------------------------------------------------------------    -------------------

                         (clock clk_pl_0 rise edge)
                                                      0.000     0.000 r  
    PS8_X0Y0             PS8                          0.000     0.000 r  pccx_v002_system_i/zynq_ps/inst/PS8_i/PLCLK[0]
                         net (fo=1, routed)           0.164     0.164    pccx_v002_system_i/zynq_ps/inst/pl_clk_unbuffered[0]
    BUFG_PS_X0Y90        BUFG_PS (Prop_BUFG_PS_I_O)
                                                      0.023     0.187 r  pccx_v002_system_i/zynq_ps/inst/buffer_pl_clk_0.PL_CLK_0_BUFG/O
    X1Y1 (CLOCK_ROOT)    net (fo=82465, routed)       1.843     2.030    pccx_v002_system_i/sc_axil/inst/m05_nodes/m05_w_node/inst/s_sc_xpm_cdc_async_rst_inst/dest_clk
    SLICE_X41Y91         FDCE                                         r  pccx_v002_system_i/sc_axil/inst/m05_nodes/m05_w_node/inst/s_sc_xpm_cdc_async_rst_inst/arststages_ff_reg[1]/C





--------------------------------------------------------------------------------------
Path Group:  (none)
From Clock:  
  To Clock:  clk_pl_0

Max Delay           324 Endpoints
Min Delay           324 Endpoints
--------------------------------------------------------------------------------------


Max Delay Paths
--------------------------------------------------------------------------------------
Slack:                    inf
  Source:                 pccx_v002_system_i/u_npu/inst/u_wrap/u_pccx_npu_top/u_mem_dispatcher/u_l2_cache/u_l2_uram/u_l2_uram/xpm_memory_base_inst/gen_wr_a.gen_word_narrow.mem_reg_uram_0/CAS_OUT_ADDR_A[18]
                            (internal pin)
  Destination:            pccx_v002_system_i/u_npu/inst/u_wrap/u_pccx_npu_top/u_mem_dispatcher/u_l2_cache/u_l2_uram/u_l2_uram/xpm_memory_base_inst/gen_wr_a.gen_word_narrow.mem_reg_uram_1/CAS_IN_ADDR_A[18]
                            (rising edge-triggered cell URAM288 clocked by clk_pl_0  {rise@0.000ns fall@5.000ns period=10.000ns})
  Path Group:             (none)
  Path Type:              Setup (Max at Slow Process Corner)
  Data Path Delay:        0.003ns  (logic 0.000ns (0.000%)  route 0.003ns (100.000%))
  Logic Levels:           0  
  Clock Uncertainty:      0.158ns  ((TSJ^2 + DJ^2)^1/2) / 2 + PE
    Total System Jitter     (TSJ):    0.050ns
    Discrete Jitter          (DJ):    0.312ns
    Phase Error              (PE):    0.000ns
  Clock Net Delay (Destination): 2.849ns (routing 1.538ns, distribution 1.311ns)

    Location             Delay type                Incr(ns)  Path(ns)    Netlist Resource(s)
  -------------------------------------------------------------------    -------------------
    URAM288_X0Y28        URAM288                      0.000     0.000 r  pccx_v002_system_i/u_npu/inst/u_wrap/u_pccx_npu_top/u_mem_dispatcher/u_l2_cache/u_l2_uram/u_l2_uram/xpm_memory_base_inst/gen_wr_a.gen_word_narrow.mem_reg_uram_0/CAS_OUT_ADDR_A[18]
                         net (fo=1, routed)           0.003     0.003    pccx_v002_system_i/u_npu/inst/u_wrap/u_pccx_npu_top/u_mem_dispatcher/u_l2_cache/u_l2_uram/u_l2_uram/xpm_memory_base_inst/gen_wr_a.gen_word_narrow.mem_reg_uram_1_Cas_AddrA_1[18]
    URAM288_X0Y29        URAM288                                      r  pccx_v002_system_i/u_npu/inst/u_wrap/u_pccx_npu_top/u_mem_dispatcher/u_l2_cache/u_l2_uram/u_l2_uram/xpm_memory_base_inst/gen_wr_a.gen_word_narrow.mem_reg_uram_1/CAS_IN_ADDR_A[18]
  -------------------------------------------------------------------    -------------------

                         (clock clk_pl_0 rise edge)
                                                      0.000     0.000 r  
    PS8_X0Y0             PS8                          0.000     0.000 r  pccx_v002_system_i/zynq_ps/inst/PS8_i/PLCLK[0]
                         net (fo=1, routed)           0.181     0.181    pccx_v002_system_i/zynq_ps/inst/pl_clk_unbuffered[0]
    BUFG_PS_X0Y90        BUFG_PS (Prop_BUFG_PS_I_O)
                                                      0.035     0.216 r  pccx_v002_system_i/zynq_ps/inst/buffer_pl_clk_0.PL_CLK_0_BUFG/O
    X1Y1 (CLOCK_ROOT)    net (fo=82465, routed)       2.849     3.065    pccx_v002_system_i/u_npu/inst/u_wrap/u_pccx_npu_top/u_mem_dispatcher/u_l2_cache/u_l2_uram/u_l2_uram/xpm_memory_base_inst/clka
    URAM288_X0Y29        URAM288                                      r  pccx_v002_system_i/u_npu/inst/u_wrap/u_pccx_npu_top/u_mem_dispatcher/u_l2_cache/u_l2_uram/u_l2_uram/xpm_memory_base_inst/gen_wr_a.gen_word_narrow.mem_reg_uram_1/CLK

Slack:                    inf
  Source:                 pccx_v002_system_i/u_npu/inst/u_wrap/u_pccx_npu_top/u_mem_dispatcher/u_l2_cache/u_l2_uram/u_l2_uram/xpm_memory_base_inst/gen_wr_a.gen_word_narrow.mem_reg_uram_28/CAS_OUT_ADDR_A[18]
                            (internal pin)
  Destination:            pccx_v002_system_i/u_npu/inst/u_wrap/u_pccx_npu_top/u_mem_dispatcher/u_l2_cache/u_l2_uram/u_l2_uram/xpm_memory_base_inst/gen_wr_a.gen_word_narrow.mem_reg_uram_29/CAS_IN_ADDR_A[18]
                            (rising edge-triggered cell URAM288 clocked by clk_pl_0  {rise@0.000ns fall@5.000ns period=10.000ns})
  Path Group:             (none)
  Path Type:              Setup (Max at Slow Process Corner)
  Data Path Delay:        0.003ns  (logic 0.000ns (0.000%)  route 0.003ns (100.000%))
  Logic Levels:           0  
  Clock Uncertainty:      0.158ns  ((TSJ^2 + DJ^2)^1/2) / 2 + PE
    Total System Jitter     (TSJ):    0.050ns
    Discrete Jitter          (DJ):    0.312ns
    Phase Error              (PE):    0.000ns
  Clock Net Delay (Destination): 2.893ns (routing 1.538ns, distribution 1.355ns)

    Location             Delay type                Incr(ns)  Path(ns)    Netlist Resource(s)
  -------------------------------------------------------------------    -------------------
    URAM288_X0Y44        URAM288                      0.000     0.000 r  pccx_v002_system_i/u_npu/inst/u_wrap/u_pccx_npu_top/u_mem_dispatcher/u_l2_cache/u_l2_uram/u_l2_uram/xpm_memory_base_inst/gen_wr_a.gen_word_narrow.mem_reg_uram_28/CAS_OUT_ADDR_A[18]
                         net (fo=1, routed)           0.003     0.003    pccx_v002_system_i/u_npu/inst/u_wrap/u_pccx_npu_top/u_mem_dispatcher/u_l2_cache/u_l2_uram/u_l2_uram/xpm_memory_base_inst/gen_wr_a.gen_word_narrow.mem_reg_uram_29_Cas_AddrA_1[18]
    URAM288_X0Y45        URAM288                                      r  pccx_v002_system_i/u_npu/inst/u_wrap/u_pccx_npu_top/u_mem_dispatcher/u_l2_cache/u_l2_uram/u_l2_uram/xpm_memory_base_inst/gen_wr_a.gen_word_narrow.mem_reg_uram_29/CAS_IN_ADDR_A[18]
  -------------------------------------------------------------------    -------------------

                         (clock clk_pl_0 rise edge)
                                                      0.000     0.000 r  
    PS8_X0Y0             PS8                          0.000     0.000 r  pccx_v002_system_i/zynq_ps/inst/PS8_i/PLCLK[0]
                         net (fo=1, routed)           0.181     0.181    pccx_v002_system_i/zynq_ps/inst/pl_clk_unbuffered[0]
    BUFG_PS_X0Y90        BUFG_PS (Prop_BUFG_PS_I_O)
                                                      0.035     0.216 r  pccx_v002_system_i/zynq_ps/inst/buffer_pl_clk_0.PL_CLK_0_BUFG/O
    X1Y1 (CLOCK_ROOT)    net (fo=82465, routed)       2.893     3.109    pccx_v002_system_i/u_npu/inst/u_wrap/u_pccx_npu_top/u_mem_dispatcher/u_l2_cache/u_l2_uram/u_l2_uram/xpm_memory_base_inst/clka
    URAM288_X0Y45        URAM288                                      r  pccx_v002_system_i/u_npu/inst/u_wrap/u_pccx_npu_top/u_mem_dispatcher/u_l2_cache/u_l2_uram/u_l2_uram/xpm_memory_base_inst/gen_wr_a.gen_word_narrow.mem_reg_uram_29/CLK

Slack:                    inf
  Source:                 pccx_v002_system_i/u_npu/inst/u_wrap/u_pccx_npu_top/u_mem_dispatcher/u_l2_cache/u_l2_uram/u_l2_uram/xpm_memory_base_inst/gen_wr_a.gen_word_narrow.mem_reg_uram_2/CAS_OUT_ADDR_A[18]
                            (internal pin)
  Destination:            pccx_v002_system_i/u_npu/inst/u_wrap/u_pccx_npu_top/u_mem_dispatcher/u_l2_cache/u_l2_uram/u_l2_uram/xpm_memory_base_inst/gen_wr_a.gen_word_narrow.mem_reg_uram_3/CAS_IN_ADDR_A[18]
                            (rising edge-triggered cell URAM288 clocked by clk_pl_0  {rise@0.000ns fall@5.000ns period=10.000ns})
  Path Group:             (none)
  Path Type:              Setup (Max at Slow Process Corner)
  Data Path Delay:        0.003ns  (logic 0.000ns (0.000%)  route 0.003ns (100.000%))
  Logic Levels:           0  
  Clock Uncertainty:      0.158ns  ((TSJ^2 + DJ^2)^1/2) / 2 + PE
    Total System Jitter     (TSJ):    0.050ns
    Discrete Jitter          (DJ):    0.312ns
    Phase Error              (PE):    0.000ns
  Clock Net Delay (Destination): 2.862ns (routing 1.538ns, distribution 1.324ns)

    Location             Delay type                Incr(ns)  Path(ns)    Netlist Resource(s)
  -------------------------------------------------------------------    -------------------
    URAM288_X0Y30        URAM288                      0.000     0.000 r  pccx_v002_system_i/u_npu/inst/u_wrap/u_pccx_npu_top/u_mem_dispatcher/u_l2_cache/u_l2_uram/u_l2_uram/xpm_memory_base_inst/gen_wr_a.gen_word_narrow.mem_reg_uram_2/CAS_OUT_ADDR_A[18]
                         net (fo=1, routed)           0.003     0.003    pccx_v002_system_i/u_npu/inst/u_wrap/u_pccx_npu_top/u_mem_dispatcher/u_l2_cache/u_l2_uram/u_l2_uram/xpm_memory_base_inst/gen_wr_a.gen_word_narrow.mem_reg_uram_3_Cas_AddrA_1[18]
    URAM288_X0Y31        URAM288                                      r  pccx_v002_system_i/u_npu/inst/u_wrap/u_pccx_npu_top/u_mem_dispatcher/u_l2_cache/u_l2_uram/u_l2_uram/xpm_memory_base_inst/gen_wr_a.gen_word_narrow.mem_reg_uram_3/CAS_IN_ADDR_A[18]
  -------------------------------------------------------------------    -------------------

                         (clock clk_pl_0 rise edge)
                                                      0.000     0.000 r  
    PS8_X0Y0             PS8                          0.000     0.000 r  pccx_v002_system_i/zynq_ps/inst/PS8_i/PLCLK[0]
                         net (fo=1, routed)           0.181     0.181    pccx_v002_system_i/zynq_ps/inst/pl_clk_unbuffered[0]
    BUFG_PS_X0Y90        BUFG_PS (Prop_BUFG_PS_I_O)
                                                      0.035     0.216 r  pccx_v002_system_i/zynq_ps/inst/buffer_pl_clk_0.PL_CLK_0_BUFG/O
    X1Y1 (CLOCK_ROOT)    net (fo=82465, routed)       2.862     3.078    pccx_v002_system_i/u_npu/inst/u_wrap/u_pccx_npu_top/u_mem_dispatcher/u_l2_cache/u_l2_uram/u_l2_uram/xpm_memory_base_inst/clka
    URAM288_X0Y31        URAM288                                      r  pccx_v002_system_i/u_npu/inst/u_wrap/u_pccx_npu_top/u_mem_dispatcher/u_l2_cache/u_l2_uram/u_l2_uram/xpm_memory_base_inst/gen_wr_a.gen_word_narrow.mem_reg_uram_3/CLK

Slack:                    inf
  Source:                 pccx_v002_system_i/u_npu/inst/u_wrap/u_pccx_npu_top/u_mem_dispatcher/u_l2_cache/u_l2_uram/u_l2_uram/xpm_memory_base_inst/gen_wr_a.gen_word_narrow.mem_reg_uram_30/CAS_OUT_ADDR_A[18]
                            (internal pin)
  Destination:            pccx_v002_system_i/u_npu/inst/u_wrap/u_pccx_npu_top/u_mem_dispatcher/u_l2_cache/u_l2_uram/u_l2_uram/xpm_memory_base_inst/gen_wr_a.gen_word_narrow.mem_reg_uram_31/CAS_IN_ADDR_A[18]
                            (rising edge-triggered cell URAM288 clocked by clk_pl_0  {rise@0.000ns fall@5.000ns period=10.000ns})
  Path Group:             (none)
  Path Type:              Setup (Max at Slow Process Corner)
  Data Path Delay:        0.003ns  (logic 0.000ns (0.000%)  route 0.003ns (100.000%))
  Logic Levels:           0  
  Clock Uncertainty:      0.158ns  ((TSJ^2 + DJ^2)^1/2) / 2 + PE
    Total System Jitter     (TSJ):    0.050ns
    Discrete Jitter          (DJ):    0.312ns
    Phase Error              (PE):    0.000ns
  Clock Net Delay (Destination): 2.906ns (routing 1.538ns, distribution 1.368ns)

    Location             Delay type                Incr(ns)  Path(ns)    Netlist Resource(s)
  -------------------------------------------------------------------    -------------------
    URAM288_X0Y46        URAM288                      0.000     0.000 r  pccx_v002_system_i/u_npu/inst/u_wrap/u_pccx_npu_top/u_mem_dispatcher/u_l2_cache/u_l2_uram/u_l2_uram/xpm_memory_base_inst/gen_wr_a.gen_word_narrow.mem_reg_uram_30/CAS_OUT_ADDR_A[18]
                         net (fo=1, routed)           0.003     0.003    pccx_v002_system_i/u_npu/inst/u_wrap/u_pccx_npu_top/u_mem_dispatcher/u_l2_cache/u_l2_uram/u_l2_uram/xpm_memory_base_inst/gen_wr_a.gen_word_narrow.mem_reg_uram_31_Cas_AddrA_1[18]
    URAM288_X0Y47        URAM288                                      r  pccx_v002_system_i/u_npu/inst/u_wrap/u_pccx_npu_top/u_mem_dispatcher/u_l2_cache/u_l2_uram/u_l2_uram/xpm_memory_base_inst/gen_wr_a.gen_word_narrow.mem_reg_uram_31/CAS_IN_ADDR_A[18]
  -------------------------------------------------------------------    -------------------

                         (clock clk_pl_0 rise edge)
                                                      0.000     0.000 r  
    PS8_X0Y0             PS8                          0.000     0.000 r  pccx_v002_system_i/zynq_ps/inst/PS8_i/PLCLK[0]
                         net (fo=1, routed)           0.181     0.181    pccx_v002_system_i/zynq_ps/inst/pl_clk_unbuffered[0]
    BUFG_PS_X0Y90        BUFG_PS (Prop_BUFG_PS_I_O)
                                                      0.035     0.216 r  pccx_v002_system_i/zynq_ps/inst/buffer_pl_clk_0.PL_CLK_0_BUFG/O
    X1Y1 (CLOCK_ROOT)    net (fo=82465, routed)       2.906     3.122    pccx_v002_system_i/u_npu/inst/u_wrap/u_pccx_npu_top/u_mem_dispatcher/u_l2_cache/u_l2_uram/u_l2_uram/xpm_memory_base_inst/clka
    URAM288_X0Y47        URAM288                                      r  pccx_v002_system_i/u_npu/inst/u_wrap/u_pccx_npu_top/u_mem_dispatcher/u_l2_cache/u_l2_uram/u_l2_uram/xpm_memory_base_inst/gen_wr_a.gen_word_narrow.mem_reg_uram_31/CLK

Slack:                    inf
  Source:                 pccx_v002_system_i/u_npu/inst/u_wrap/u_pccx_npu_top/u_mem_dispatcher/u_l2_cache/u_l2_uram/u_l2_uram/xpm_memory_base_inst/gen_wr_a.gen_word_narrow.mem_reg_uram_32/CAS_OUT_ADDR_A[18]
                            (internal pin)
  Destination:            pccx_v002_system_i/u_npu/inst/u_wrap/u_pccx_npu_top/u_mem_dispatcher/u_l2_cache/u_l2_uram/u_l2_uram/xpm_memory_base_inst/gen_wr_a.gen_word_narrow.mem_reg_uram_33/CAS_IN_ADDR_A[18]
                            (rising edge-triggered cell URAM288 clocked by clk_pl_0  {rise@0.000ns fall@5.000ns period=10.000ns})
  Path Group:             (none)
  Path Type:              Setup (Max at Slow Process Corner)
  Data Path Delay:        0.003ns  (logic 0.000ns (0.000%)  route 0.003ns (100.000%))
  Logic Levels:           0  
  Clock Uncertainty:      0.158ns  ((TSJ^2 + DJ^2)^1/2) / 2 + PE
    Total System Jitter     (TSJ):    0.050ns
    Discrete Jitter          (DJ):    0.312ns
    Phase Error              (PE):    0.000ns
  Clock Net Delay (Destination): 2.921ns (routing 1.538ns, distribution 1.383ns)

    Location             Delay type                Incr(ns)  Path(ns)    Netlist Resource(s)
  -------------------------------------------------------------------    -------------------
    URAM288_X0Y48        URAM288                      0.000     0.000 r  pccx_v002_system_i/u_npu/inst/u_wrap/u_pccx_npu_top/u_mem_dispatcher/u_l2_cache/u_l2_uram/u_l2_uram/xpm_memory_base_inst/gen_wr_a.gen_word_narrow.mem_reg_uram_32/CAS_OUT_ADDR_A[18]
                         net (fo=1, routed)           0.003     0.003    pccx_v002_system_i/u_npu/inst/u_wrap/u_pccx_npu_top/u_mem_dispatcher/u_l2_cache/u_l2_uram/u_l2_uram/xpm_memory_base_inst/gen_wr_a.gen_word_narrow.mem_reg_uram_33_Cas_AddrA_1[18]
    URAM288_X0Y49        URAM288                                      r  pccx_v002_system_i/u_npu/inst/u_wrap/u_pccx_npu_top/u_mem_dispatcher/u_l2_cache/u_l2_uram/u_l2_uram/xpm_memory_base_inst/gen_wr_a.gen_word_narrow.mem_reg_uram_33/CAS_IN_ADDR_A[18]
  -------------------------------------------------------------------    -------------------

                         (clock clk_pl_0 rise edge)
                                                      0.000     0.000 r  
    PS8_X0Y0             PS8                          0.000     0.000 r  pccx_v002_system_i/zynq_ps/inst/PS8_i/PLCLK[0]
                         net (fo=1, routed)           0.181     0.181    pccx_v002_system_i/zynq_ps/inst/pl_clk_unbuffered[0]
    BUFG_PS_X0Y90        BUFG_PS (Prop_BUFG_PS_I_O)
                                                      0.035     0.216 r  pccx_v002_system_i/zynq_ps/inst/buffer_pl_clk_0.PL_CLK_0_BUFG/O
    X1Y1 (CLOCK_ROOT)    net (fo=82465, routed)       2.921     3.137    pccx_v002_system_i/u_npu/inst/u_wrap/u_pccx_npu_top/u_mem_dispatcher/u_l2_cache/u_l2_uram/u_l2_uram/xpm_memory_base_inst/clka
    URAM288_X0Y49        URAM288                                      r  pccx_v002_system_i/u_npu/inst/u_wrap/u_pccx_npu_top/u_mem_dispatcher/u_l2_cache/u_l2_uram/u_l2_uram/xpm_memory_base_inst/gen_wr_a.gen_word_narrow.mem_reg_uram_33/CLK

Slack:                    inf
  Source:                 pccx_v002_system_i/u_npu/inst/u_wrap/u_pccx_npu_top/u_mem_dispatcher/u_l2_cache/u_l2_uram/u_l2_uram/xpm_memory_base_inst/gen_wr_a.gen_word_narrow.mem_reg_uram_34/CAS_OUT_ADDR_A[18]
                            (internal pin)
  Destination:            pccx_v002_system_i/u_npu/inst/u_wrap/u_pccx_npu_top/u_mem_dispatcher/u_l2_cache/u_l2_uram/u_l2_uram/xpm_memory_base_inst/gen_wr_a.gen_word_narrow.mem_reg_uram_35/CAS_IN_ADDR_A[18]
                            (rising edge-triggered cell URAM288 clocked by clk_pl_0  {rise@0.000ns fall@5.000ns period=10.000ns})
  Path Group:             (none)
  Path Type:              Setup (Max at Slow Process Corner)
  Data Path Delay:        0.003ns  (logic 0.000ns (0.000%)  route 0.003ns (100.000%))
  Logic Levels:           0  
  Clock Uncertainty:      0.158ns  ((TSJ^2 + DJ^2)^1/2) / 2 + PE
    Total System Jitter     (TSJ):    0.050ns
    Discrete Jitter          (DJ):    0.312ns
    Phase Error              (PE):    0.000ns
  Clock Net Delay (Destination): 2.904ns (routing 1.538ns, distribution 1.366ns)

    Location             Delay type                Incr(ns)  Path(ns)    Netlist Resource(s)
  -------------------------------------------------------------------    -------------------
    URAM288_X0Y56        URAM288                      0.000     0.000 r  pccx_v002_system_i/u_npu/inst/u_wrap/u_pccx_npu_top/u_mem_dispatcher/u_l2_cache/u_l2_uram/u_l2_uram/xpm_memory_base_inst/gen_wr_a.gen_word_narrow.mem_reg_uram_34/CAS_OUT_ADDR_A[18]
                         net (fo=1, routed)           0.003     0.003    pccx_v002_system_i/u_npu/inst/u_wrap/u_pccx_npu_top/u_mem_dispatcher/u_l2_cache/u_l2_uram/u_l2_uram/xpm_memory_base_inst/gen_wr_a.gen_word_narrow.mem_reg_uram_35_Cas_AddrA_1[18]
    URAM288_X0Y57        URAM288                                      r  pccx_v002_system_i/u_npu/inst/u_wrap/u_pccx_npu_top/u_mem_dispatcher/u_l2_cache/u_l2_uram/u_l2_uram/xpm_memory_base_inst/gen_wr_a.gen_word_narrow.mem_reg_uram_35/CAS_IN_ADDR_A[18]
  -------------------------------------------------------------------    -------------------

                         (clock clk_pl_0 rise edge)
                                                      0.000     0.000 r  
    PS8_X0Y0             PS8                          0.000     0.000 r  pccx_v002_system_i/zynq_ps/inst/PS8_i/PLCLK[0]
                         net (fo=1, routed)           0.181     0.181    pccx_v002_system_i/zynq_ps/inst/pl_clk_unbuffered[0]
    BUFG_PS_X0Y90        BUFG_PS (Prop_BUFG_PS_I_O)
                                                      0.035     0.216 r  pccx_v002_system_i/zynq_ps/inst/buffer_pl_clk_0.PL_CLK_0_BUFG/O
    X1Y1 (CLOCK_ROOT)    net (fo=82465, routed)       2.904     3.120    pccx_v002_system_i/u_npu/inst/u_wrap/u_pccx_npu_top/u_mem_dispatcher/u_l2_cache/u_l2_uram/u_l2_uram/xpm_memory_base_inst/clka
    URAM288_X0Y57        URAM288                                      r  pccx_v002_system_i/u_npu/inst/u_wrap/u_pccx_npu_top/u_mem_dispatcher/u_l2_cache/u_l2_uram/u_l2_uram/xpm_memory_base_inst/gen_wr_a.gen_word_narrow.mem_reg_uram_35/CLK

Slack:                    inf
  Source:                 pccx_v002_system_i/u_npu/inst/u_wrap/u_pccx_npu_top/u_mem_dispatcher/u_l2_cache/u_l2_uram/u_l2_uram/xpm_memory_base_inst/gen_wr_a.gen_word_narrow.mem_reg_uram_36/CAS_OUT_ADDR_A[18]
                            (internal pin)
  Destination:            pccx_v002_system_i/u_npu/inst/u_wrap/u_pccx_npu_top/u_mem_dispatcher/u_l2_cache/u_l2_uram/u_l2_uram/xpm_memory_base_inst/gen_wr_a.gen_word_narrow.mem_reg_uram_37/CAS_IN_ADDR_A[18]
                            (rising edge-triggered cell URAM288 clocked by clk_pl_0  {rise@0.000ns fall@5.000ns period=10.000ns})
  Path Group:             (none)
  Path Type:              Setup (Max at Slow Process Corner)
  Data Path Delay:        0.003ns  (logic 0.000ns (0.000%)  route 0.003ns (100.000%))
  Logic Levels:           0  
  Clock Uncertainty:      0.158ns  ((TSJ^2 + DJ^2)^1/2) / 2 + PE
    Total System Jitter     (TSJ):    0.050ns
    Discrete Jitter          (DJ):    0.312ns
    Phase Error              (PE):    0.000ns
  Clock Net Delay (Destination): 2.917ns (routing 1.538ns, distribution 1.379ns)

    Location             Delay type                Incr(ns)  Path(ns)    Netlist Resource(s)
  -------------------------------------------------------------------    -------------------
    URAM288_X0Y50        URAM288                      0.000     0.000 r  pccx_v002_system_i/u_npu/inst/u_wrap/u_pccx_npu_top/u_mem_dispatcher/u_l2_cache/u_l2_uram/u_l2_uram/xpm_memory_base_inst/gen_wr_a.gen_word_narrow.mem_reg_uram_36/CAS_OUT_ADDR_A[18]
                         net (fo=1, routed)           0.003     0.003    pccx_v002_system_i/u_npu/inst/u_wrap/u_pccx_npu_top/u_mem_dispatcher/u_l2_cache/u_l2_uram/u_l2_uram/xpm_memory_base_inst/gen_wr_a.gen_word_narrow.mem_reg_uram_37_Cas_AddrA_1[18]
    URAM288_X0Y51        URAM288                                      r  pccx_v002_system_i/u_npu/inst/u_wrap/u_pccx_npu_top/u_mem_dispatcher/u_l2_cache/u_l2_uram/u_l2_uram/xpm_memory_base_inst/gen_wr_a.gen_word_narrow.mem_reg_uram_37/CAS_IN_ADDR_A[18]
  -------------------------------------------------------------------    -------------------

                         (clock clk_pl_0 rise edge)
                                                      0.000     0.000 r  
    PS8_X0Y0             PS8                          0.000     0.000 r  pccx_v002_system_i/zynq_ps/inst/PS8_i/PLCLK[0]
                         net (fo=1, routed)           0.181     0.181    pccx_v002_system_i/zynq_ps/inst/pl_clk_unbuffered[0]
    BUFG_PS_X0Y90        BUFG_PS (Prop_BUFG_PS_I_O)
                                                      0.035     0.216 r  pccx_v002_system_i/zynq_ps/inst/buffer_pl_clk_0.PL_CLK_0_BUFG/O
    X1Y1 (CLOCK_ROOT)    net (fo=82465, routed)       2.917     3.133    pccx_v002_system_i/u_npu/inst/u_wrap/u_pccx_npu_top/u_mem_dispatcher/u_l2_cache/u_l2_uram/u_l2_uram/xpm_memory_base_inst/clka
    URAM288_X0Y51        URAM288                                      r  pccx_v002_system_i/u_npu/inst/u_wrap/u_pccx_npu_top/u_mem_dispatcher/u_l2_cache/u_l2_uram/u_l2_uram/xpm_memory_base_inst/gen_wr_a.gen_word_narrow.mem_reg_uram_37/CLK

Slack:                    inf
  Source:                 pccx_v002_system_i/u_npu/inst/u_wrap/u_pccx_npu_top/u_mem_dispatcher/u_l2_cache/u_l2_uram/u_l2_uram/xpm_memory_base_inst/gen_wr_a.gen_word_narrow.mem_reg_uram_4/CAS_OUT_ADDR_A[18]
                            (internal pin)
  Destination:            pccx_v002_system_i/u_npu/inst/u_wrap/u_pccx_npu_top/u_mem_dispatcher/u_l2_cache/u_l2_uram/u_l2_uram/xpm_memory_base_inst/gen_wr_a.gen_word_narrow.mem_reg_uram_5/CAS_IN_ADDR_A[18]
                            (rising edge-triggered cell URAM288 clocked by clk_pl_0  {rise@0.000ns fall@5.000ns period=10.000ns})
  Path Group:             (none)
  Path Type:              Setup (Max at Slow Process Corner)
  Data Path Delay:        0.003ns  (logic 0.000ns (0.000%)  route 0.003ns (100.000%))
  Logic Levels:           0  
  Clock Uncertainty:      0.158ns  ((TSJ^2 + DJ^2)^1/2) / 2 + PE
    Total System Jitter     (TSJ):    0.050ns
    Discrete Jitter          (DJ):    0.312ns
    Phase Error              (PE):    0.000ns
  Clock Net Delay (Destination): 2.857ns (routing 1.538ns, distribution 1.319ns)

    Location             Delay type                Incr(ns)  Path(ns)    Netlist Resource(s)
  -------------------------------------------------------------------    -------------------
    URAM288_X0Y26        URAM288                      0.000     0.000 r  pccx_v002_system_i/u_npu/inst/u_wrap/u_pccx_npu_top/u_mem_dispatcher/u_l2_cache/u_l2_uram/u_l2_uram/xpm_memory_base_inst/gen_wr_a.gen_word_narrow.mem_reg_uram_4/CAS_OUT_ADDR_A[18]
                         net (fo=1, routed)           0.003     0.003    pccx_v002_system_i/u_npu/inst/u_wrap/u_pccx_npu_top/u_mem_dispatcher/u_l2_cache/u_l2_uram/u_l2_uram/xpm_memory_base_inst/gen_wr_a.gen_word_narrow.mem_reg_uram_5_Cas_AddrA_1[18]
    URAM288_X0Y27        URAM288                                      r  pccx_v002_system_i/u_npu/inst/u_wrap/u_pccx_npu_top/u_mem_dispatcher/u_l2_cache/u_l2_uram/u_l2_uram/xpm_memory_base_inst/gen_wr_a.gen_word_narrow.mem_reg_uram_5/CAS_IN_ADDR_A[18]
  -------------------------------------------------------------------    -------------------

                         (clock clk_pl_0 rise edge)
                                                      0.000     0.000 r  
    PS8_X0Y0             PS8                          0.000     0.000 r  pccx_v002_system_i/zynq_ps/inst/PS8_i/PLCLK[0]
                         net (fo=1, routed)           0.181     0.181    pccx_v002_system_i/zynq_ps/inst/pl_clk_unbuffered[0]
    BUFG_PS_X0Y90        BUFG_PS (Prop_BUFG_PS_I_O)
                                                      0.035     0.216 r  pccx_v002_system_i/zynq_ps/inst/buffer_pl_clk_0.PL_CLK_0_BUFG/O
    X1Y1 (CLOCK_ROOT)    net (fo=82465, routed)       2.857     3.073    pccx_v002_system_i/u_npu/inst/u_wrap/u_pccx_npu_top/u_mem_dispatcher/u_l2_cache/u_l2_uram/u_l2_uram/xpm_memory_base_inst/clka
    URAM288_X0Y27        URAM288                                      r  pccx_v002_system_i/u_npu/inst/u_wrap/u_pccx_npu_top/u_mem_dispatcher/u_l2_cache/u_l2_uram/u_l2_uram/xpm_memory_base_inst/gen_wr_a.gen_word_narrow.mem_reg_uram_5/CLK

Slack:                    inf
  Source:                 pccx_v002_system_i/u_npu/inst/u_wrap/u_pccx_npu_top/u_mem_dispatcher/u_l2_cache/u_l2_uram/u_l2_uram/xpm_memory_base_inst/gen_wr_a.gen_word_narrow.mem_reg_uram_6/CAS_OUT_ADDR_A[18]
                            (internal pin)
  Destination:            pccx_v002_system_i/u_npu/inst/u_wrap/u_pccx_npu_top/u_mem_dispatcher/u_l2_cache/u_l2_uram/u_l2_uram/xpm_memory_base_inst/gen_wr_a.gen_word_narrow.mem_reg_uram_7/CAS_IN_ADDR_A[18]
                            (rising edge-triggered cell URAM288 clocked by clk_pl_0  {rise@0.000ns fall@5.000ns period=10.000ns})
  Path Group:             (none)
  Path Type:              Setup (Max at Slow Process Corner)
  Data Path Delay:        0.003ns  (logic 0.000ns (0.000%)  route 0.003ns (100.000%))
  Logic Levels:           0  
  Clock Uncertainty:      0.158ns  ((TSJ^2 + DJ^2)^1/2) / 2 + PE
    Total System Jitter     (TSJ):    0.050ns
    Discrete Jitter          (DJ):    0.312ns
    Phase Error              (PE):    0.000ns
  Clock Net Delay (Destination): 2.850ns (routing 1.538ns, distribution 1.312ns)

    Location             Delay type                Incr(ns)  Path(ns)    Netlist Resource(s)
  -------------------------------------------------------------------    -------------------
    URAM288_X0Y20        URAM288                      0.000     0.000 r  pccx_v002_system_i/u_npu/inst/u_wrap/u_pccx_npu_top/u_mem_dispatcher/u_l2_cache/u_l2_uram/u_l2_uram/xpm_memory_base_inst/gen_wr_a.gen_word_narrow.mem_reg_uram_6/CAS_OUT_ADDR_A[18]
                         net (fo=1, routed)           0.003     0.003    pccx_v002_system_i/u_npu/inst/u_wrap/u_pccx_npu_top/u_mem_dispatcher/u_l2_cache/u_l2_uram/u_l2_uram/xpm_memory_base_inst/gen_wr_a.gen_word_narrow.mem_reg_uram_7_Cas_AddrA_1[18]
    URAM288_X0Y21        URAM288                                      r  pccx_v002_system_i/u_npu/inst/u_wrap/u_pccx_npu_top/u_mem_dispatcher/u_l2_cache/u_l2_uram/u_l2_uram/xpm_memory_base_inst/gen_wr_a.gen_word_narrow.mem_reg_uram_7/CAS_IN_ADDR_A[18]
  -------------------------------------------------------------------    -------------------

                         (clock clk_pl_0 rise edge)
                                                      0.000     0.000 r  
    PS8_X0Y0             PS8                          0.000     0.000 r  pccx_v002_system_i/zynq_ps/inst/PS8_i/PLCLK[0]
                         net (fo=1, routed)           0.181     0.181    pccx_v002_system_i/zynq_ps/inst/pl_clk_unbuffered[0]
    BUFG_PS_X0Y90        BUFG_PS (Prop_BUFG_PS_I_O)
                                                      0.035     0.216 r  pccx_v002_system_i/zynq_ps/inst/buffer_pl_clk_0.PL_CLK_0_BUFG/O
    X1Y1 (CLOCK_ROOT)    net (fo=82465, routed)       2.850     3.066    pccx_v002_system_i/u_npu/inst/u_wrap/u_pccx_npu_top/u_mem_dispatcher/u_l2_cache/u_l2_uram/u_l2_uram/xpm_memory_base_inst/clka
    URAM288_X0Y21        URAM288                                      r  pccx_v002_system_i/u_npu/inst/u_wrap/u_pccx_npu_top/u_mem_dispatcher/u_l2_cache/u_l2_uram/u_l2_uram/xpm_memory_base_inst/gen_wr_a.gen_word_narrow.mem_reg_uram_7/CLK

Slack:                    inf
  Source:                 pccx_v002_system_i/u_npu/inst/u_wrap/u_pccx_npu_top/u_mem_dispatcher/u_l2_cache/u_l2_uram/u_l2_uram/xpm_memory_base_inst/gen_wr_a.gen_word_narrow.mem_reg_uram_8/CAS_OUT_ADDR_A[18]
                            (internal pin)
  Destination:            pccx_v002_system_i/u_npu/inst/u_wrap/u_pccx_npu_top/u_mem_dispatcher/u_l2_cache/u_l2_uram/u_l2_uram/xpm_memory_base_inst/gen_wr_a.gen_word_narrow.mem_reg_uram_9/CAS_IN_ADDR_A[18]
                            (rising edge-triggered cell URAM288 clocked by clk_pl_0  {rise@0.000ns fall@5.000ns period=10.000ns})
  Path Group:             (none)
  Path Type:              Setup (Max at Slow Process Corner)
  Data Path Delay:        0.003ns  (logic 0.000ns (0.000%)  route 0.003ns (100.000%))
  Logic Levels:           0  
  Clock Uncertainty:      0.158ns  ((TSJ^2 + DJ^2)^1/2) / 2 + PE
    Total System Jitter     (TSJ):    0.050ns
    Discrete Jitter          (DJ):    0.312ns
    Phase Error              (PE):    0.000ns
  Clock Net Delay (Destination): 2.847ns (routing 1.538ns, distribution 1.309ns)

    Location             Delay type                Incr(ns)  Path(ns)    Netlist Resource(s)
  -------------------------------------------------------------------    -------------------
    URAM288_X0Y22        URAM288                      0.000     0.000 r  pccx_v002_system_i/u_npu/inst/u_wrap/u_pccx_npu_top/u_mem_dispatcher/u_l2_cache/u_l2_uram/u_l2_uram/xpm_memory_base_inst/gen_wr_a.gen_word_narrow.mem_reg_uram_8/CAS_OUT_ADDR_A[18]
                         net (fo=1, routed)           0.003     0.003    pccx_v002_system_i/u_npu/inst/u_wrap/u_pccx_npu_top/u_mem_dispatcher/u_l2_cache/u_l2_uram/u_l2_uram/xpm_memory_base_inst/gen_wr_a.gen_word_narrow.mem_reg_uram_9_Cas_AddrA_1[18]
    URAM288_X0Y23        URAM288                                      r  pccx_v002_system_i/u_npu/inst/u_wrap/u_pccx_npu_top/u_mem_dispatcher/u_l2_cache/u_l2_uram/u_l2_uram/xpm_memory_base_inst/gen_wr_a.gen_word_narrow.mem_reg_uram_9/CAS_IN_ADDR_A[18]
  -------------------------------------------------------------------    -------------------

                         (clock clk_pl_0 rise edge)
                                                      0.000     0.000 r  
    PS8_X0Y0             PS8                          0.000     0.000 r  pccx_v002_system_i/zynq_ps/inst/PS8_i/PLCLK[0]
                         net (fo=1, routed)           0.181     0.181    pccx_v002_system_i/zynq_ps/inst/pl_clk_unbuffered[0]
    BUFG_PS_X0Y90        BUFG_PS (Prop_BUFG_PS_I_O)
                                                      0.035     0.216 r  pccx_v002_system_i/zynq_ps/inst/buffer_pl_clk_0.PL_CLK_0_BUFG/O
    X1Y1 (CLOCK_ROOT)    net (fo=82465, routed)       2.847     3.063    pccx_v002_system_i/u_npu/inst/u_wrap/u_pccx_npu_top/u_mem_dispatcher/u_l2_cache/u_l2_uram/u_l2_uram/xpm_memory_base_inst/clka
    URAM288_X0Y23        URAM288                                      r  pccx_v002_system_i/u_npu/inst/u_wrap/u_pccx_npu_top/u_mem_dispatcher/u_l2_cache/u_l2_uram/u_l2_uram/xpm_memory_base_inst/gen_wr_a.gen_word_narrow.mem_reg_uram_9/CLK

Slack:                    inf
  Source:                 pccx_v002_system_i/u_npu/inst/u_wrap/u_pccx_npu_top/u_mem_dispatcher/u_l2_cache/u_l2_uram/u_l2_uram/xpm_memory_base_inst/gen_wr_a.gen_word_narrow.mem_reg_uram_0/CAS_OUT_ADDR_A[20]
                            (internal pin)
  Destination:            pccx_v002_system_i/u_npu/inst/u_wrap/u_pccx_npu_top/u_mem_dispatcher/u_l2_cache/u_l2_uram/u_l2_uram/xpm_memory_base_inst/gen_wr_a.gen_word_narrow.mem_reg_uram_1/CAS_IN_ADDR_A[20]
                            (rising edge-triggered cell URAM288 clocked by clk_pl_0  {rise@0.000ns fall@5.000ns period=10.000ns})
  Path Group:             (none)
  Path Type:              Setup (Max at Slow Process Corner)
  Data Path Delay:        0.002ns  (logic 0.000ns (0.000%)  route 0.002ns (100.000%))
  Logic Levels:           0  
  Clock Uncertainty:      0.158ns  ((TSJ^2 + DJ^2)^1/2) / 2 + PE
    Total System Jitter     (TSJ):    0.050ns
    Discrete Jitter          (DJ):    0.312ns
    Phase Error              (PE):    0.000ns
  Clock Net Delay (Destination): 2.849ns (routing 1.538ns, distribution 1.311ns)

    Location             Delay type                Incr(ns)  Path(ns)    Netlist Resource(s)
  -------------------------------------------------------------------    -------------------
    URAM288_X0Y28        URAM288                      0.000     0.000 r  pccx_v002_system_i/u_npu/inst/u_wrap/u_pccx_npu_top/u_mem_dispatcher/u_l2_cache/u_l2_uram/u_l2_uram/xpm_memory_base_inst/gen_wr_a.gen_word_narrow.mem_reg_uram_0/CAS_OUT_ADDR_A[20]
                         net (fo=1, routed)           0.002     0.002    pccx_v002_system_i/u_npu/inst/u_wrap/u_pccx_npu_top/u_mem_dispatcher/u_l2_cache/u_l2_uram/u_l2_uram/xpm_memory_base_inst/gen_wr_a.gen_word_narrow.mem_reg_uram_1_Cas_AddrA_1[20]
    URAM288_X0Y29        URAM288                                      r  pccx_v002_system_i/u_npu/inst/u_wrap/u_pccx_npu_top/u_mem_dispatcher/u_l2_cache/u_l2_uram/u_l2_uram/xpm_memory_base_inst/gen_wr_a.gen_word_narrow.mem_reg_uram_1/CAS_IN_ADDR_A[20]
  -------------------------------------------------------------------    -------------------

                         (clock clk_pl_0 rise edge)
                                                      0.000     0.000 r  
    PS8_X0Y0             PS8                          0.000     0.000 r  pccx_v002_system_i/zynq_ps/inst/PS8_i/PLCLK[0]
                         net (fo=1, routed)           0.181     0.181    pccx_v002_system_i/zynq_ps/inst/pl_clk_unbuffered[0]
    BUFG_PS_X0Y90        BUFG_PS (Prop_BUFG_PS_I_O)
                                                      0.035     0.216 r  pccx_v002_system_i/zynq_ps/inst/buffer_pl_clk_0.PL_CLK_0_BUFG/O
    X1Y1 (CLOCK_ROOT)    net (fo=82465, routed)       2.849     3.065    pccx_v002_system_i/u_npu/inst/u_wrap/u_pccx_npu_top/u_mem_dispatcher/u_l2_cache/u_l2_uram/u_l2_uram/xpm_memory_base_inst/clka
    URAM288_X0Y29        URAM288                                      r  pccx_v002_system_i/u_npu/inst/u_wrap/u_pccx_npu_top/u_mem_dispatcher/u_l2_cache/u_l2_uram/u_l2_uram/xpm_memory_base_inst/gen_wr_a.gen_word_narrow.mem_reg_uram_1/CLK

Slack:                    inf
  Source:                 pccx_v002_system_i/u_npu/inst/u_wrap/u_pccx_npu_top/u_mem_dispatcher/u_l2_cache/u_l2_uram/u_l2_uram/xpm_memory_base_inst/gen_wr_a.gen_word_narrow.mem_reg_uram_0/CAS_OUT_ADDR_A[22]
                            (internal pin)
  Destination:            pccx_v002_system_i/u_npu/inst/u_wrap/u_pccx_npu_top/u_mem_dispatcher/u_l2_cache/u_l2_uram/u_l2_uram/xpm_memory_base_inst/gen_wr_a.gen_word_narrow.mem_reg_uram_1/CAS_IN_ADDR_A[22]
                            (rising edge-triggered cell URAM288 clocked by clk_pl_0  {rise@0.000ns fall@5.000ns period=10.000ns})
  Path Group:             (none)
  Path Type:              Setup (Max at Slow Process Corner)
  Data Path Delay:        0.002ns  (logic 0.000ns (0.000%)  route 0.002ns (100.000%))
  Logic Levels:           0  
  Clock Uncertainty:      0.158ns  ((TSJ^2 + DJ^2)^1/2) / 2 + PE
    Total System Jitter     (TSJ):    0.050ns
    Discrete Jitter          (DJ):    0.312ns
    Phase Error              (PE):    0.000ns
  Clock Net Delay (Destination): 2.849ns (routing 1.538ns, distribution 1.311ns)

    Location             Delay type                Incr(ns)  Path(ns)    Netlist Resource(s)
  -------------------------------------------------------------------    -------------------
    URAM288_X0Y28        URAM288                      0.000     0.000 r  pccx_v002_system_i/u_npu/inst/u_wrap/u_pccx_npu_top/u_mem_dispatcher/u_l2_cache/u_l2_uram/u_l2_uram/xpm_memory_base_inst/gen_wr_a.gen_word_narrow.mem_reg_uram_0/CAS_OUT_ADDR_A[22]
                         net (fo=1, routed)           0.002     0.002    pccx_v002_system_i/u_npu/inst/u_wrap/u_pccx_npu_top/u_mem_dispatcher/u_l2_cache/u_l2_uram/u_l2_uram/xpm_memory_base_inst/gen_wr_a.gen_word_narrow.mem_reg_uram_1_Cas_AddrA_1[22]
    URAM288_X0Y29        URAM288                                      r  pccx_v002_system_i/u_npu/inst/u_wrap/u_pccx_npu_top/u_mem_dispatcher/u_l2_cache/u_l2_uram/u_l2_uram/xpm_memory_base_inst/gen_wr_a.gen_word_narrow.mem_reg_uram_1/CAS_IN_ADDR_A[22]
  -------------------------------------------------------------------    -------------------

                         (clock clk_pl_0 rise edge)
                                                      0.000     0.000 r  
    PS8_X0Y0             PS8                          0.000     0.000 r  pccx_v002_system_i/zynq_ps/inst/PS8_i/PLCLK[0]
                         net (fo=1, routed)           0.181     0.181    pccx_v002_system_i/zynq_ps/inst/pl_clk_unbuffered[0]
    BUFG_PS_X0Y90        BUFG_PS (Prop_BUFG_PS_I_O)
                                                      0.035     0.216 r  pccx_v002_system_i/zynq_ps/inst/buffer_pl_clk_0.PL_CLK_0_BUFG/O
    X1Y1 (CLOCK_ROOT)    net (fo=82465, routed)       2.849     3.065    pccx_v002_system_i/u_npu/inst/u_wrap/u_pccx_npu_top/u_mem_dispatcher/u_l2_cache/u_l2_uram/u_l2_uram/xpm_memory_base_inst/clka
    URAM288_X0Y29        URAM288                                      r  pccx_v002_system_i/u_npu/inst/u_wrap/u_pccx_npu_top/u_mem_dispatcher/u_l2_cache/u_l2_uram/u_l2_uram/xpm_memory_base_inst/gen_wr_a.gen_word_narrow.mem_reg_uram_1/CLK

Slack:                    inf
  Source:                 pccx_v002_system_i/u_npu/inst/u_wrap/u_pccx_npu_top/u_mem_dispatcher/u_l2_cache/u_l2_uram/u_l2_uram/xpm_memory_base_inst/gen_wr_a.gen_word_narrow.mem_reg_uram_0/CAS_OUT_ADDR_B[18]
                            (internal pin)
  Destination:            pccx_v002_system_i/u_npu/inst/u_wrap/u_pccx_npu_top/u_mem_dispatcher/u_l2_cache/u_l2_uram/u_l2_uram/xpm_memory_base_inst/gen_wr_a.gen_word_narrow.mem_reg_uram_1/CAS_IN_ADDR_B[18]
                            (rising edge-triggered cell URAM288 clocked by clk_pl_0  {rise@0.000ns fall@5.000ns period=10.000ns})
  Path Group:             (none)
  Path Type:              Setup (Max at Slow Process Corner)
  Data Path Delay:        0.002ns  (logic 0.000ns (0.000%)  route 0.002ns (100.000%))
  Logic Levels:           0  
  Clock Uncertainty:      0.158ns  ((TSJ^2 + DJ^2)^1/2) / 2 + PE
    Total System Jitter     (TSJ):    0.050ns
    Discrete Jitter          (DJ):    0.312ns
    Phase Error              (PE):    0.000ns
  Clock Net Delay (Destination): 2.849ns (routing 1.538ns, distribution 1.311ns)

    Location             Delay type                Incr(ns)  Path(ns)    Netlist Resource(s)
  -------------------------------------------------------------------    -------------------
    URAM288_X0Y28        URAM288                      0.000     0.000 r  pccx_v002_system_i/u_npu/inst/u_wrap/u_pccx_npu_top/u_mem_dispatcher/u_l2_cache/u_l2_uram/u_l2_uram/xpm_memory_base_inst/gen_wr_a.gen_word_narrow.mem_reg_uram_0/CAS_OUT_ADDR_B[18]
                         net (fo=1, routed)           0.002     0.002    pccx_v002_system_i/u_npu/inst/u_wrap/u_pccx_npu_top/u_mem_dispatcher/u_l2_cache/u_l2_uram/u_l2_uram/xpm_memory_base_inst/gen_wr_a.gen_word_narrow.mem_reg_uram_1_Cas_AddrB_1[18]
    URAM288_X0Y29        URAM288                                      r  pccx_v002_system_i/u_npu/inst/u_wrap/u_pccx_npu_top/u_mem_dispatcher/u_l2_cache/u_l2_uram/u_l2_uram/xpm_memory_base_inst/gen_wr_a.gen_word_narrow.mem_reg_uram_1/CAS_IN_ADDR_B[18]
  -------------------------------------------------------------------    -------------------

                         (clock clk_pl_0 rise edge)
                                                      0.000     0.000 r  
    PS8_X0Y0             PS8                          0.000     0.000 r  pccx_v002_system_i/zynq_ps/inst/PS8_i/PLCLK[0]
                         net (fo=1, routed)           0.181     0.181    pccx_v002_system_i/zynq_ps/inst/pl_clk_unbuffered[0]
    BUFG_PS_X0Y90        BUFG_PS (Prop_BUFG_PS_I_O)
                                                      0.035     0.216 r  pccx_v002_system_i/zynq_ps/inst/buffer_pl_clk_0.PL_CLK_0_BUFG/O
    X1Y1 (CLOCK_ROOT)    net (fo=82465, routed)       2.849     3.065    pccx_v002_system_i/u_npu/inst/u_wrap/u_pccx_npu_top/u_mem_dispatcher/u_l2_cache/u_l2_uram/u_l2_uram/xpm_memory_base_inst/clka
    URAM288_X0Y29        URAM288                                      r  pccx_v002_system_i/u_npu/inst/u_wrap/u_pccx_npu_top/u_mem_dispatcher/u_l2_cache/u_l2_uram/u_l2_uram/xpm_memory_base_inst/gen_wr_a.gen_word_narrow.mem_reg_uram_1/CLK

Slack:                    inf
  Source:                 pccx_v002_system_i/u_npu/inst/u_wrap/u_pccx_npu_top/u_mem_dispatcher/u_l2_cache/u_l2_uram/u_l2_uram/xpm_memory_base_inst/gen_wr_a.gen_word_narrow.mem_reg_uram_0/CAS_OUT_ADDR_B[20]
                            (internal pin)
  Destination:            pccx_v002_system_i/u_npu/inst/u_wrap/u_pccx_npu_top/u_mem_dispatcher/u_l2_cache/u_l2_uram/u_l2_uram/xpm_memory_base_inst/gen_wr_a.gen_word_narrow.mem_reg_uram_1/CAS_IN_ADDR_B[20]
                            (rising edge-triggered cell URAM288 clocked by clk_pl_0  {rise@0.000ns fall@5.000ns period=10.000ns})
  Path Group:             (none)
  Path Type:              Setup (Max at Slow Process Corner)
  Data Path Delay:        0.002ns  (logic 0.000ns (0.000%)  route 0.002ns (100.000%))
  Logic Levels:           0  
  Clock Uncertainty:      0.158ns  ((TSJ^2 + DJ^2)^1/2) / 2 + PE
    Total System Jitter     (TSJ):    0.050ns
    Discrete Jitter          (DJ):    0.312ns
    Phase Error              (PE):    0.000ns
  Clock Net Delay (Destination): 2.849ns (routing 1.538ns, distribution 1.311ns)

    Location             Delay type                Incr(ns)  Path(ns)    Netlist Resource(s)
  -------------------------------------------------------------------    -------------------
    URAM288_X0Y28        URAM288                      0.000     0.000 r  pccx_v002_system_i/u_npu/inst/u_wrap/u_pccx_npu_top/u_mem_dispatcher/u_l2_cache/u_l2_uram/u_l2_uram/xpm_memory_base_inst/gen_wr_a.gen_word_narrow.mem_reg_uram_0/CAS_OUT_ADDR_B[20]
                         net (fo=1, routed)           0.002     0.002    pccx_v002_system_i/u_npu/inst/u_wrap/u_pccx_npu_top/u_mem_dispatcher/u_l2_cache/u_l2_uram/u_l2_uram/xpm_memory_base_inst/gen_wr_a.gen_word_narrow.mem_reg_uram_1_Cas_AddrB_1[20]
    URAM288_X0Y29        URAM288                                      r  pccx_v002_system_i/u_npu/inst/u_wrap/u_pccx_npu_top/u_mem_dispatcher/u_l2_cache/u_l2_uram/u_l2_uram/xpm_memory_base_inst/gen_wr_a.gen_word_narrow.mem_reg_uram_1/CAS_IN_ADDR_B[20]
  -------------------------------------------------------------------    -------------------

                         (clock clk_pl_0 rise edge)
                                                      0.000     0.000 r  
    PS8_X0Y0             PS8                          0.000     0.000 r  pccx_v002_system_i/zynq_ps/inst/PS8_i/PLCLK[0]
                         net (fo=1, routed)           0.181     0.181    pccx_v002_system_i/zynq_ps/inst/pl_clk_unbuffered[0]
    BUFG_PS_X0Y90        BUFG_PS (Prop_BUFG_PS_I_O)
                                                      0.035     0.216 r  pccx_v002_system_i/zynq_ps/inst/buffer_pl_clk_0.PL_CLK_0_BUFG/O
    X1Y1 (CLOCK_ROOT)    net (fo=82465, routed)       2.849     3.065    pccx_v002_system_i/u_npu/inst/u_wrap/u_pccx_npu_top/u_mem_dispatcher/u_l2_cache/u_l2_uram/u_l2_uram/xpm_memory_base_inst/clka
    URAM288_X0Y29        URAM288                                      r  pccx_v002_system_i/u_npu/inst/u_wrap/u_pccx_npu_top/u_mem_dispatcher/u_l2_cache/u_l2_uram/u_l2_uram/xpm_memory_base_inst/gen_wr_a.gen_word_narrow.mem_reg_uram_1/CLK

Slack:                    inf
  Source:                 pccx_v002_system_i/u_npu/inst/u_wrap/u_pccx_npu_top/u_mem_dispatcher/u_l2_cache/u_l2_uram/u_l2_uram/xpm_memory_base_inst/gen_wr_a.gen_word_narrow.mem_reg_uram_0/CAS_OUT_ADDR_B[22]
                            (internal pin)
  Destination:            pccx_v002_system_i/u_npu/inst/u_wrap/u_pccx_npu_top/u_mem_dispatcher/u_l2_cache/u_l2_uram/u_l2_uram/xpm_memory_base_inst/gen_wr_a.gen_word_narrow.mem_reg_uram_1/CAS_IN_ADDR_B[22]
                            (rising edge-triggered cell URAM288 clocked by clk_pl_0  {rise@0.000ns fall@5.000ns period=10.000ns})
  Path Group:             (none)
  Path Type:              Setup (Max at Slow Process Corner)
  Data Path Delay:        0.002ns  (logic 0.000ns (0.000%)  route 0.002ns (100.000%))
  Logic Levels:           0  
  Clock Uncertainty:      0.158ns  ((TSJ^2 + DJ^2)^1/2) / 2 + PE
    Total System Jitter     (TSJ):    0.050ns
    Discrete Jitter          (DJ):    0.312ns
    Phase Error              (PE):    0.000ns
  Clock Net Delay (Destination): 2.849ns (routing 1.538ns, distribution 1.311ns)

    Location             Delay type                Incr(ns)  Path(ns)    Netlist Resource(s)
  -------------------------------------------------------------------    -------------------
    URAM288_X0Y28        URAM288                      0.000     0.000 r  pccx_v002_system_i/u_npu/inst/u_wrap/u_pccx_npu_top/u_mem_dispatcher/u_l2_cache/u_l2_uram/u_l2_uram/xpm_memory_base_inst/gen_wr_a.gen_word_narrow.mem_reg_uram_0/CAS_OUT_ADDR_B[22]
                         net (fo=1, routed)           0.002     0.002    pccx_v002_system_i/u_npu/inst/u_wrap/u_pccx_npu_top/u_mem_dispatcher/u_l2_cache/u_l2_uram/u_l2_uram/xpm_memory_base_inst/gen_wr_a.gen_word_narrow.mem_reg_uram_1_Cas_AddrB_1[22]
    URAM288_X0Y29        URAM288                                      r  pccx_v002_system_i/u_npu/inst/u_wrap/u_pccx_npu_top/u_mem_dispatcher/u_l2_cache/u_l2_uram/u_l2_uram/xpm_memory_base_inst/gen_wr_a.gen_word_narrow.mem_reg_uram_1/CAS_IN_ADDR_B[22]
  -------------------------------------------------------------------    -------------------

                         (clock clk_pl_0 rise edge)
                                                      0.000     0.000 r  
    PS8_X0Y0             PS8                          0.000     0.000 r  pccx_v002_system_i/zynq_ps/inst/PS8_i/PLCLK[0]
                         net (fo=1, routed)           0.181     0.181    pccx_v002_system_i/zynq_ps/inst/pl_clk_unbuffered[0]
    BUFG_PS_X0Y90        BUFG_PS (Prop_BUFG_PS_I_O)
                                                      0.035     0.216 r  pccx_v002_system_i/zynq_ps/inst/buffer_pl_clk_0.PL_CLK_0_BUFG/O
    X1Y1 (CLOCK_ROOT)    net (fo=82465, routed)       2.849     3.065    pccx_v002_system_i/u_npu/inst/u_wrap/u_pccx_npu_top/u_mem_dispatcher/u_l2_cache/u_l2_uram/u_l2_uram/xpm_memory_base_inst/clka
    URAM288_X0Y29        URAM288                                      r  pccx_v002_system_i/u_npu/inst/u_wrap/u_pccx_npu_top/u_mem_dispatcher/u_l2_cache/u_l2_uram/u_l2_uram/xpm_memory_base_inst/gen_wr_a.gen_word_narrow.mem_reg_uram_1/CLK

Slack:                    inf
  Source:                 pccx_v002_system_i/u_npu/inst/u_wrap/u_pccx_npu_top/u_mem_dispatcher/u_l2_cache/u_l2_uram/u_l2_uram/xpm_memory_base_inst/gen_wr_a.gen_word_narrow.mem_reg_uram_28/CAS_OUT_ADDR_A[20]
                            (internal pin)
  Destination:            pccx_v002_system_i/u_npu/inst/u_wrap/u_pccx_npu_top/u_mem_dispatcher/u_l2_cache/u_l2_uram/u_l2_uram/xpm_memory_base_inst/gen_wr_a.gen_word_narrow.mem_reg_uram_29/CAS_IN_ADDR_A[20]
                            (rising edge-triggered cell URAM288 clocked by clk_pl_0  {rise@0.000ns fall@5.000ns period=10.000ns})
  Path Group:             (none)
  Path Type:              Setup (Max at Slow Process Corner)
  Data Path Delay:        0.002ns  (logic 0.000ns (0.000%)  route 0.002ns (100.000%))
  Logic Levels:           0  
  Clock Uncertainty:      0.158ns  ((TSJ^2 + DJ^2)^1/2) / 2 + PE
    Total System Jitter     (TSJ):    0.050ns
    Discrete Jitter          (DJ):    0.312ns
    Phase Error              (PE):    0.000ns
  Clock Net Delay (Destination): 2.893ns (routing 1.538ns, distribution 1.355ns)

    Location             Delay type                Incr(ns)  Path(ns)    Netlist Resource(s)
  -------------------------------------------------------------------    -------------------
    URAM288_X0Y44        URAM288                      0.000     0.000 r  pccx_v002_system_i/u_npu/inst/u_wrap/u_pccx_npu_top/u_mem_dispatcher/u_l2_cache/u_l2_uram/u_l2_uram/xpm_memory_base_inst/gen_wr_a.gen_word_narrow.mem_reg_uram_28/CAS_OUT_ADDR_A[20]
                         net (fo=1, routed)           0.002     0.002    pccx_v002_system_i/u_npu/inst/u_wrap/u_pccx_npu_top/u_mem_dispatcher/u_l2_cache/u_l2_uram/u_l2_uram/xpm_memory_base_inst/gen_wr_a.gen_word_narrow.mem_reg_uram_29_Cas_AddrA_1[20]
    URAM288_X0Y45        URAM288                                      r  pccx_v002_system_i/u_npu/inst/u_wrap/u_pccx_npu_top/u_mem_dispatcher/u_l2_cache/u_l2_uram/u_l2_uram/xpm_memory_base_inst/gen_wr_a.gen_word_narrow.mem_reg_uram_29/CAS_IN_ADDR_A[20]
  -------------------------------------------------------------------    -------------------

                         (clock clk_pl_0 rise edge)
                                                      0.000     0.000 r  
    PS8_X0Y0             PS8                          0.000     0.000 r  pccx_v002_system_i/zynq_ps/inst/PS8_i/PLCLK[0]
                         net (fo=1, routed)           0.181     0.181    pccx_v002_system_i/zynq_ps/inst/pl_clk_unbuffered[0]
    BUFG_PS_X0Y90        BUFG_PS (Prop_BUFG_PS_I_O)
                                                      0.035     0.216 r  pccx_v002_system_i/zynq_ps/inst/buffer_pl_clk_0.PL_CLK_0_BUFG/O
    X1Y1 (CLOCK_ROOT)    net (fo=82465, routed)       2.893     3.109    pccx_v002_system_i/u_npu/inst/u_wrap/u_pccx_npu_top/u_mem_dispatcher/u_l2_cache/u_l2_uram/u_l2_uram/xpm_memory_base_inst/clka
    URAM288_X0Y45        URAM288                                      r  pccx_v002_system_i/u_npu/inst/u_wrap/u_pccx_npu_top/u_mem_dispatcher/u_l2_cache/u_l2_uram/u_l2_uram/xpm_memory_base_inst/gen_wr_a.gen_word_narrow.mem_reg_uram_29/CLK

Slack:                    inf
  Source:                 pccx_v002_system_i/u_npu/inst/u_wrap/u_pccx_npu_top/u_mem_dispatcher/u_l2_cache/u_l2_uram/u_l2_uram/xpm_memory_base_inst/gen_wr_a.gen_word_narrow.mem_reg_uram_28/CAS_OUT_ADDR_A[22]
                            (internal pin)
  Destination:            pccx_v002_system_i/u_npu/inst/u_wrap/u_pccx_npu_top/u_mem_dispatcher/u_l2_cache/u_l2_uram/u_l2_uram/xpm_memory_base_inst/gen_wr_a.gen_word_narrow.mem_reg_uram_29/CAS_IN_ADDR_A[22]
                            (rising edge-triggered cell URAM288 clocked by clk_pl_0  {rise@0.000ns fall@5.000ns period=10.000ns})
  Path Group:             (none)
  Path Type:              Setup (Max at Slow Process Corner)
  Data Path Delay:        0.002ns  (logic 0.000ns (0.000%)  route 0.002ns (100.000%))
  Logic Levels:           0  
  Clock Uncertainty:      0.158ns  ((TSJ^2 + DJ^2)^1/2) / 2 + PE
    Total System Jitter     (TSJ):    0.050ns
    Discrete Jitter          (DJ):    0.312ns
    Phase Error              (PE):    0.000ns
  Clock Net Delay (Destination): 2.893ns (routing 1.538ns, distribution 1.355ns)

    Location             Delay type                Incr(ns)  Path(ns)    Netlist Resource(s)
  -------------------------------------------------------------------    -------------------
    URAM288_X0Y44        URAM288                      0.000     0.000 r  pccx_v002_system_i/u_npu/inst/u_wrap/u_pccx_npu_top/u_mem_dispatcher/u_l2_cache/u_l2_uram/u_l2_uram/xpm_memory_base_inst/gen_wr_a.gen_word_narrow.mem_reg_uram_28/CAS_OUT_ADDR_A[22]
                         net (fo=1, routed)           0.002     0.002    pccx_v002_system_i/u_npu/inst/u_wrap/u_pccx_npu_top/u_mem_dispatcher/u_l2_cache/u_l2_uram/u_l2_uram/xpm_memory_base_inst/gen_wr_a.gen_word_narrow.mem_reg_uram_29_Cas_AddrA_1[22]
    URAM288_X0Y45        URAM288                                      r  pccx_v002_system_i/u_npu/inst/u_wrap/u_pccx_npu_top/u_mem_dispatcher/u_l2_cache/u_l2_uram/u_l2_uram/xpm_memory_base_inst/gen_wr_a.gen_word_narrow.mem_reg_uram_29/CAS_IN_ADDR_A[22]
  -------------------------------------------------------------------    -------------------

                         (clock clk_pl_0 rise edge)
                                                      0.000     0.000 r  
    PS8_X0Y0             PS8                          0.000     0.000 r  pccx_v002_system_i/zynq_ps/inst/PS8_i/PLCLK[0]
                         net (fo=1, routed)           0.181     0.181    pccx_v002_system_i/zynq_ps/inst/pl_clk_unbuffered[0]
    BUFG_PS_X0Y90        BUFG_PS (Prop_BUFG_PS_I_O)
                                                      0.035     0.216 r  pccx_v002_system_i/zynq_ps/inst/buffer_pl_clk_0.PL_CLK_0_BUFG/O
    X1Y1 (CLOCK_ROOT)    net (fo=82465, routed)       2.893     3.109    pccx_v002_system_i/u_npu/inst/u_wrap/u_pccx_npu_top/u_mem_dispatcher/u_l2_cache/u_l2_uram/u_l2_uram/xpm_memory_base_inst/clka
    URAM288_X0Y45        URAM288                                      r  pccx_v002_system_i/u_npu/inst/u_wrap/u_pccx_npu_top/u_mem_dispatcher/u_l2_cache/u_l2_uram/u_l2_uram/xpm_memory_base_inst/gen_wr_a.gen_word_narrow.mem_reg_uram_29/CLK

Slack:                    inf
  Source:                 pccx_v002_system_i/u_npu/inst/u_wrap/u_pccx_npu_top/u_mem_dispatcher/u_l2_cache/u_l2_uram/u_l2_uram/xpm_memory_base_inst/gen_wr_a.gen_word_narrow.mem_reg_uram_28/CAS_OUT_ADDR_B[18]
                            (internal pin)
  Destination:            pccx_v002_system_i/u_npu/inst/u_wrap/u_pccx_npu_top/u_mem_dispatcher/u_l2_cache/u_l2_uram/u_l2_uram/xpm_memory_base_inst/gen_wr_a.gen_word_narrow.mem_reg_uram_29/CAS_IN_ADDR_B[18]
                            (rising edge-triggered cell URAM288 clocked by clk_pl_0  {rise@0.000ns fall@5.000ns period=10.000ns})
  Path Group:             (none)
  Path Type:              Setup (Max at Slow Process Corner)
  Data Path Delay:        0.002ns  (logic 0.000ns (0.000%)  route 0.002ns (100.000%))
  Logic Levels:           0  
  Clock Uncertainty:      0.158ns  ((TSJ^2 + DJ^2)^1/2) / 2 + PE
    Total System Jitter     (TSJ):    0.050ns
    Discrete Jitter          (DJ):    0.312ns
    Phase Error              (PE):    0.000ns
  Clock Net Delay (Destination): 2.893ns (routing 1.538ns, distribution 1.355ns)

    Location             Delay type                Incr(ns)  Path(ns)    Netlist Resource(s)
  -------------------------------------------------------------------    -------------------
    URAM288_X0Y44        URAM288                      0.000     0.000 r  pccx_v002_system_i/u_npu/inst/u_wrap/u_pccx_npu_top/u_mem_dispatcher/u_l2_cache/u_l2_uram/u_l2_uram/xpm_memory_base_inst/gen_wr_a.gen_word_narrow.mem_reg_uram_28/CAS_OUT_ADDR_B[18]
                         net (fo=1, routed)           0.002     0.002    pccx_v002_system_i/u_npu/inst/u_wrap/u_pccx_npu_top/u_mem_dispatcher/u_l2_cache/u_l2_uram/u_l2_uram/xpm_memory_base_inst/gen_wr_a.gen_word_narrow.mem_reg_uram_29_Cas_AddrB_1[18]
    URAM288_X0Y45        URAM288                                      r  pccx_v002_system_i/u_npu/inst/u_wrap/u_pccx_npu_top/u_mem_dispatcher/u_l2_cache/u_l2_uram/u_l2_uram/xpm_memory_base_inst/gen_wr_a.gen_word_narrow.mem_reg_uram_29/CAS_IN_ADDR_B[18]
  -------------------------------------------------------------------    -------------------

                         (clock clk_pl_0 rise edge)
                                                      0.000     0.000 r  
    PS8_X0Y0             PS8                          0.000     0.000 r  pccx_v002_system_i/zynq_ps/inst/PS8_i/PLCLK[0]
                         net (fo=1, routed)           0.181     0.181    pccx_v002_system_i/zynq_ps/inst/pl_clk_unbuffered[0]
    BUFG_PS_X0Y90        BUFG_PS (Prop_BUFG_PS_I_O)
                                                      0.035     0.216 r  pccx_v002_system_i/zynq_ps/inst/buffer_pl_clk_0.PL_CLK_0_BUFG/O
    X1Y1 (CLOCK_ROOT)    net (fo=82465, routed)       2.893     3.109    pccx_v002_system_i/u_npu/inst/u_wrap/u_pccx_npu_top/u_mem_dispatcher/u_l2_cache/u_l2_uram/u_l2_uram/xpm_memory_base_inst/clka
    URAM288_X0Y45        URAM288                                      r  pccx_v002_system_i/u_npu/inst/u_wrap/u_pccx_npu_top/u_mem_dispatcher/u_l2_cache/u_l2_uram/u_l2_uram/xpm_memory_base_inst/gen_wr_a.gen_word_narrow.mem_reg_uram_29/CLK

Slack:                    inf
  Source:                 pccx_v002_system_i/u_npu/inst/u_wrap/u_pccx_npu_top/u_mem_dispatcher/u_l2_cache/u_l2_uram/u_l2_uram/xpm_memory_base_inst/gen_wr_a.gen_word_narrow.mem_reg_uram_28/CAS_OUT_ADDR_B[20]
                            (internal pin)
  Destination:            pccx_v002_system_i/u_npu/inst/u_wrap/u_pccx_npu_top/u_mem_dispatcher/u_l2_cache/u_l2_uram/u_l2_uram/xpm_memory_base_inst/gen_wr_a.gen_word_narrow.mem_reg_uram_29/CAS_IN_ADDR_B[20]
                            (rising edge-triggered cell URAM288 clocked by clk_pl_0  {rise@0.000ns fall@5.000ns period=10.000ns})
  Path Group:             (none)
  Path Type:              Setup (Max at Slow Process Corner)
  Data Path Delay:        0.002ns  (logic 0.000ns (0.000%)  route 0.002ns (100.000%))
  Logic Levels:           0  
  Clock Uncertainty:      0.158ns  ((TSJ^2 + DJ^2)^1/2) / 2 + PE
    Total System Jitter     (TSJ):    0.050ns
    Discrete Jitter          (DJ):    0.312ns
    Phase Error              (PE):    0.000ns
  Clock Net Delay (Destination): 2.893ns (routing 1.538ns, distribution 1.355ns)

    Location             Delay type                Incr(ns)  Path(ns)    Netlist Resource(s)
  -------------------------------------------------------------------    -------------------
    URAM288_X0Y44        URAM288                      0.000     0.000 r  pccx_v002_system_i/u_npu/inst/u_wrap/u_pccx_npu_top/u_mem_dispatcher/u_l2_cache/u_l2_uram/u_l2_uram/xpm_memory_base_inst/gen_wr_a.gen_word_narrow.mem_reg_uram_28/CAS_OUT_ADDR_B[20]
                         net (fo=1, routed)           0.002     0.002    pccx_v002_system_i/u_npu/inst/u_wrap/u_pccx_npu_top/u_mem_dispatcher/u_l2_cache/u_l2_uram/u_l2_uram/xpm_memory_base_inst/gen_wr_a.gen_word_narrow.mem_reg_uram_29_Cas_AddrB_1[20]
    URAM288_X0Y45        URAM288                                      r  pccx_v002_system_i/u_npu/inst/u_wrap/u_pccx_npu_top/u_mem_dispatcher/u_l2_cache/u_l2_uram/u_l2_uram/xpm_memory_base_inst/gen_wr_a.gen_word_narrow.mem_reg_uram_29/CAS_IN_ADDR_B[20]
  -------------------------------------------------------------------    -------------------

                         (clock clk_pl_0 rise edge)
                                                      0.000     0.000 r  
    PS8_X0Y0             PS8                          0.000     0.000 r  pccx_v002_system_i/zynq_ps/inst/PS8_i/PLCLK[0]
                         net (fo=1, routed)           0.181     0.181    pccx_v002_system_i/zynq_ps/inst/pl_clk_unbuffered[0]
    BUFG_PS_X0Y90        BUFG_PS (Prop_BUFG_PS_I_O)
                                                      0.035     0.216 r  pccx_v002_system_i/zynq_ps/inst/buffer_pl_clk_0.PL_CLK_0_BUFG/O
    X1Y1 (CLOCK_ROOT)    net (fo=82465, routed)       2.893     3.109    pccx_v002_system_i/u_npu/inst/u_wrap/u_pccx_npu_top/u_mem_dispatcher/u_l2_cache/u_l2_uram/u_l2_uram/xpm_memory_base_inst/clka
    URAM288_X0Y45        URAM288                                      r  pccx_v002_system_i/u_npu/inst/u_wrap/u_pccx_npu_top/u_mem_dispatcher/u_l2_cache/u_l2_uram/u_l2_uram/xpm_memory_base_inst/gen_wr_a.gen_word_narrow.mem_reg_uram_29/CLK

Slack:                    inf
  Source:                 pccx_v002_system_i/u_npu/inst/u_wrap/u_pccx_npu_top/u_mem_dispatcher/u_l2_cache/u_l2_uram/u_l2_uram/xpm_memory_base_inst/gen_wr_a.gen_word_narrow.mem_reg_uram_28/CAS_OUT_ADDR_B[22]
                            (internal pin)
  Destination:            pccx_v002_system_i/u_npu/inst/u_wrap/u_pccx_npu_top/u_mem_dispatcher/u_l2_cache/u_l2_uram/u_l2_uram/xpm_memory_base_inst/gen_wr_a.gen_word_narrow.mem_reg_uram_29/CAS_IN_ADDR_B[22]
                            (rising edge-triggered cell URAM288 clocked by clk_pl_0  {rise@0.000ns fall@5.000ns period=10.000ns})
  Path Group:             (none)
  Path Type:              Setup (Max at Slow Process Corner)
  Data Path Delay:        0.002ns  (logic 0.000ns (0.000%)  route 0.002ns (100.000%))
  Logic Levels:           0  
  Clock Uncertainty:      0.158ns  ((TSJ^2 + DJ^2)^1/2) / 2 + PE
    Total System Jitter     (TSJ):    0.050ns
    Discrete Jitter          (DJ):    0.312ns
    Phase Error              (PE):    0.000ns
  Clock Net Delay (Destination): 2.893ns (routing 1.538ns, distribution 1.355ns)

    Location             Delay type                Incr(ns)  Path(ns)    Netlist Resource(s)
  -------------------------------------------------------------------    -------------------
    URAM288_X0Y44        URAM288                      0.000     0.000 r  pccx_v002_system_i/u_npu/inst/u_wrap/u_pccx_npu_top/u_mem_dispatcher/u_l2_cache/u_l2_uram/u_l2_uram/xpm_memory_base_inst/gen_wr_a.gen_word_narrow.mem_reg_uram_28/CAS_OUT_ADDR_B[22]
                         net (fo=1, routed)           0.002     0.002    pccx_v002_system_i/u_npu/inst/u_wrap/u_pccx_npu_top/u_mem_dispatcher/u_l2_cache/u_l2_uram/u_l2_uram/xpm_memory_base_inst/gen_wr_a.gen_word_narrow.mem_reg_uram_29_Cas_AddrB_1[22]
    URAM288_X0Y45        URAM288                                      r  pccx_v002_system_i/u_npu/inst/u_wrap/u_pccx_npu_top/u_mem_dispatcher/u_l2_cache/u_l2_uram/u_l2_uram/xpm_memory_base_inst/gen_wr_a.gen_word_narrow.mem_reg_uram_29/CAS_IN_ADDR_B[22]
  -------------------------------------------------------------------    -------------------

                         (clock clk_pl_0 rise edge)
                                                      0.000     0.000 r  
    PS8_X0Y0             PS8                          0.000     0.000 r  pccx_v002_system_i/zynq_ps/inst/PS8_i/PLCLK[0]
                         net (fo=1, routed)           0.181     0.181    pccx_v002_system_i/zynq_ps/inst/pl_clk_unbuffered[0]
    BUFG_PS_X0Y90        BUFG_PS (Prop_BUFG_PS_I_O)
                                                      0.035     0.216 r  pccx_v002_system_i/zynq_ps/inst/buffer_pl_clk_0.PL_CLK_0_BUFG/O
    X1Y1 (CLOCK_ROOT)    net (fo=82465, routed)       2.893     3.109    pccx_v002_system_i/u_npu/inst/u_wrap/u_pccx_npu_top/u_mem_dispatcher/u_l2_cache/u_l2_uram/u_l2_uram/xpm_memory_base_inst/clka
    URAM288_X0Y45        URAM288                                      r  pccx_v002_system_i/u_npu/inst/u_wrap/u_pccx_npu_top/u_mem_dispatcher/u_l2_cache/u_l2_uram/u_l2_uram/xpm_memory_base_inst/gen_wr_a.gen_word_narrow.mem_reg_uram_29/CLK





Min Delay Paths
--------------------------------------------------------------------------------------
Slack:                    inf
  Source:                 pccx_v002_system_i/u_npu/inst/u_wrap/u_pccx_npu_top/u_mem_dispatcher/u_l2_cache/u_l2_uram/u_l2_uram/xpm_memory_base_inst/gen_wr_a.gen_word_narrow.mem_reg_uram_0/CAS_OUT_ADDR_B[19]
                            (internal pin)
  Destination:            pccx_v002_system_i/u_npu/inst/u_wrap/u_pccx_npu_top/u_mem_dispatcher/u_l2_cache/u_l2_uram/u_l2_uram/xpm_memory_base_inst/gen_wr_a.gen_word_narrow.mem_reg_uram_1/CAS_IN_ADDR_B[19]
                            (rising edge-triggered cell URAM288 clocked by clk_pl_0  {rise@0.000ns fall@5.000ns period=10.000ns})
  Path Group:             (none)
  Path Type:              Hold (Min at Slow Process Corner)
  Data Path Delay:        0.000ns  (logic 0.000ns (0.000%)  route 0.000ns (0.000%))
  Logic Levels:           0  
  Clock Uncertainty:      0.158ns  ((TSJ^2 + DJ^2)^1/2) / 2 + PE
    Total System Jitter     (TSJ):    0.050ns
    Discrete Jitter          (DJ):    0.312ns
    Phase Error              (PE):    0.000ns
  Clock Net Delay (Destination): 3.156ns (routing 1.681ns, distribution 1.475ns)

    Location             Delay type                Incr(ns)  Path(ns)    Netlist Resource(s)
  -------------------------------------------------------------------    -------------------
    URAM288_X0Y28        URAM288                      0.000     0.000 r  pccx_v002_system_i/u_npu/inst/u_wrap/u_pccx_npu_top/u_mem_dispatcher/u_l2_cache/u_l2_uram/u_l2_uram/xpm_memory_base_inst/gen_wr_a.gen_word_narrow.mem_reg_uram_0/CAS_OUT_ADDR_B[19]
                         net (fo=1, routed)           0.000     0.000    pccx_v002_system_i/u_npu/inst/u_wrap/u_pccx_npu_top/u_mem_dispatcher/u_l2_cache/u_l2_uram/u_l2_uram/xpm_memory_base_inst/gen_wr_a.gen_word_narrow.mem_reg_uram_1_Cas_AddrB_1[19]
    URAM288_X0Y29        URAM288                                      r  pccx_v002_system_i/u_npu/inst/u_wrap/u_pccx_npu_top/u_mem_dispatcher/u_l2_cache/u_l2_uram/u_l2_uram/xpm_memory_base_inst/gen_wr_a.gen_word_narrow.mem_reg_uram_1/CAS_IN_ADDR_B[19]
  -------------------------------------------------------------------    -------------------

                         (clock clk_pl_0 rise edge)
                                                      0.000     0.000 r  
    PS8_X0Y0             PS8                          0.000     0.000 r  pccx_v002_system_i/zynq_ps/inst/PS8_i/PLCLK[0]
                         net (fo=1, routed)           0.229     0.229    pccx_v002_system_i/zynq_ps/inst/pl_clk_unbuffered[0]
    BUFG_PS_X0Y90        BUFG_PS (Prop_BUFG_PS_I_O)
                                                      0.038     0.267 r  pccx_v002_system_i/zynq_ps/inst/buffer_pl_clk_0.PL_CLK_0_BUFG/O
    X1Y1 (CLOCK_ROOT)    net (fo=82465, routed)       3.156     3.423    pccx_v002_system_i/u_npu/inst/u_wrap/u_pccx_npu_top/u_mem_dispatcher/u_l2_cache/u_l2_uram/u_l2_uram/xpm_memory_base_inst/clka
    URAM288_X0Y29        URAM288                                      r  pccx_v002_system_i/u_npu/inst/u_wrap/u_pccx_npu_top/u_mem_dispatcher/u_l2_cache/u_l2_uram/u_l2_uram/xpm_memory_base_inst/gen_wr_a.gen_word_narrow.mem_reg_uram_1/CLK

Slack:                    inf
  Source:                 pccx_v002_system_i/u_npu/inst/u_wrap/u_pccx_npu_top/u_mem_dispatcher/u_l2_cache/u_l2_uram/u_l2_uram/xpm_memory_base_inst/gen_wr_a.gen_word_narrow.mem_reg_uram_16/CAS_OUT_DBITERR_A
                            (internal pin)
  Destination:            pccx_v002_system_i/u_npu/inst/u_wrap/u_pccx_npu_top/u_mem_dispatcher/u_l2_cache/u_l2_uram/u_l2_uram/xpm_memory_base_inst/gen_wr_a.gen_word_narrow.mem_reg_uram_17/CAS_IN_DBITERR_A
                            (rising edge-triggered cell URAM288 clocked by clk_pl_0  {rise@0.000ns fall@5.000ns period=10.000ns})
  Path Group:             (none)
  Path Type:              Hold (Min at Slow Process Corner)
  Data Path Delay:        0.000ns  (logic 0.000ns (0.000%)  route 0.000ns (0.000%))
  Logic Levels:           0  
  Clock Uncertainty:      0.158ns  ((TSJ^2 + DJ^2)^1/2) / 2 + PE
    Total System Jitter     (TSJ):    0.050ns
    Discrete Jitter          (DJ):    0.312ns
    Phase Error              (PE):    0.000ns
  Clock Net Delay (Destination): 3.173ns (routing 1.681ns, distribution 1.492ns)

    Location             Delay type                Incr(ns)  Path(ns)    Netlist Resource(s)
  -------------------------------------------------------------------    -------------------
    URAM288_X0Y18        URAM288                      0.000     0.000 r  pccx_v002_system_i/u_npu/inst/u_wrap/u_pccx_npu_top/u_mem_dispatcher/u_l2_cache/u_l2_uram/u_l2_uram/xpm_memory_base_inst/gen_wr_a.gen_word_narrow.mem_reg_uram_16/CAS_OUT_DBITERR_A
                         net (fo=1, routed)           0.000     0.000    pccx_v002_system_i/u_npu/inst/u_wrap/u_pccx_npu_top/u_mem_dispatcher/u_l2_cache/u_l2_uram/u_l2_uram/xpm_memory_base_inst/gen_wr_a.gen_word_narrow.mem_reg_uram_16_n_0
    URAM288_X0Y19        URAM288                                      r  pccx_v002_system_i/u_npu/inst/u_wrap/u_pccx_npu_top/u_mem_dispatcher/u_l2_cache/u_l2_uram/u_l2_uram/xpm_memory_base_inst/gen_wr_a.gen_word_narrow.mem_reg_uram_17/CAS_IN_DBITERR_A
  -------------------------------------------------------------------    -------------------

                         (clock clk_pl_0 rise edge)
                                                      0.000     0.000 r  
    PS8_X0Y0             PS8                          0.000     0.000 r  pccx_v002_system_i/zynq_ps/inst/PS8_i/PLCLK[0]
                         net (fo=1, routed)           0.229     0.229    pccx_v002_system_i/zynq_ps/inst/pl_clk_unbuffered[0]
    BUFG_PS_X0Y90        BUFG_PS (Prop_BUFG_PS_I_O)
                                                      0.038     0.267 r  pccx_v002_system_i/zynq_ps/inst/buffer_pl_clk_0.PL_CLK_0_BUFG/O
    X1Y1 (CLOCK_ROOT)    net (fo=82465, routed)       3.173     3.440    pccx_v002_system_i/u_npu/inst/u_wrap/u_pccx_npu_top/u_mem_dispatcher/u_l2_cache/u_l2_uram/u_l2_uram/xpm_memory_base_inst/clka
    URAM288_X0Y19        URAM288                                      r  pccx_v002_system_i/u_npu/inst/u_wrap/u_pccx_npu_top/u_mem_dispatcher/u_l2_cache/u_l2_uram/u_l2_uram/xpm_memory_base_inst/gen_wr_a.gen_word_narrow.mem_reg_uram_17/CLK

Slack:                    inf
  Source:                 pccx_v002_system_i/u_npu/inst/u_wrap/u_pccx_npu_top/u_mem_dispatcher/u_l2_cache/u_l2_uram/u_l2_uram/xpm_memory_base_inst/gen_wr_a.gen_word_narrow.mem_reg_uram_16/CAS_OUT_SBITERR_A
                            (internal pin)
  Destination:            pccx_v002_system_i/u_npu/inst/u_wrap/u_pccx_npu_top/u_mem_dispatcher/u_l2_cache/u_l2_uram/u_l2_uram/xpm_memory_base_inst/gen_wr_a.gen_word_narrow.mem_reg_uram_17/CAS_IN_SBITERR_A
                            (rising edge-triggered cell URAM288 clocked by clk_pl_0  {rise@0.000ns fall@5.000ns period=10.000ns})
  Path Group:             (none)
  Path Type:              Hold (Min at Slow Process Corner)
  Data Path Delay:        0.000ns  (logic 0.000ns (0.000%)  route 0.000ns (0.000%))
  Logic Levels:           0  
  Clock Uncertainty:      0.158ns  ((TSJ^2 + DJ^2)^1/2) / 2 + PE
    Total System Jitter     (TSJ):    0.050ns
    Discrete Jitter          (DJ):    0.312ns
    Phase Error              (PE):    0.000ns
  Clock Net Delay (Destination): 3.173ns (routing 1.681ns, distribution 1.492ns)

    Location             Delay type                Incr(ns)  Path(ns)    Netlist Resource(s)
  -------------------------------------------------------------------    -------------------
    URAM288_X0Y18        URAM288                      0.000     0.000 r  pccx_v002_system_i/u_npu/inst/u_wrap/u_pccx_npu_top/u_mem_dispatcher/u_l2_cache/u_l2_uram/u_l2_uram/xpm_memory_base_inst/gen_wr_a.gen_word_narrow.mem_reg_uram_16/CAS_OUT_SBITERR_A
                         net (fo=1, routed)           0.000     0.000    pccx_v002_system_i/u_npu/inst/u_wrap/u_pccx_npu_top/u_mem_dispatcher/u_l2_cache/u_l2_uram/u_l2_uram/xpm_memory_base_inst/gen_wr_a.gen_word_narrow.mem_reg_uram_16_n_8
    URAM288_X0Y19        URAM288                                      r  pccx_v002_system_i/u_npu/inst/u_wrap/u_pccx_npu_top/u_mem_dispatcher/u_l2_cache/u_l2_uram/u_l2_uram/xpm_memory_base_inst/gen_wr_a.gen_word_narrow.mem_reg_uram_17/CAS_IN_SBITERR_A
  -------------------------------------------------------------------    -------------------

                         (clock clk_pl_0 rise edge)
                                                      0.000     0.000 r  
    PS8_X0Y0             PS8                          0.000     0.000 r  pccx_v002_system_i/zynq_ps/inst/PS8_i/PLCLK[0]
                         net (fo=1, routed)           0.229     0.229    pccx_v002_system_i/zynq_ps/inst/pl_clk_unbuffered[0]
    BUFG_PS_X0Y90        BUFG_PS (Prop_BUFG_PS_I_O)
                                                      0.038     0.267 r  pccx_v002_system_i/zynq_ps/inst/buffer_pl_clk_0.PL_CLK_0_BUFG/O
    X1Y1 (CLOCK_ROOT)    net (fo=82465, routed)       3.173     3.440    pccx_v002_system_i/u_npu/inst/u_wrap/u_pccx_npu_top/u_mem_dispatcher/u_l2_cache/u_l2_uram/u_l2_uram/xpm_memory_base_inst/clka
    URAM288_X0Y19        URAM288                                      r  pccx_v002_system_i/u_npu/inst/u_wrap/u_pccx_npu_top/u_mem_dispatcher/u_l2_cache/u_l2_uram/u_l2_uram/xpm_memory_base_inst/gen_wr_a.gen_word_narrow.mem_reg_uram_17/CLK

Slack:                    inf
  Source:                 pccx_v002_system_i/u_npu/inst/u_wrap/u_pccx_npu_top/u_mem_dispatcher/u_l2_cache/u_l2_uram/u_l2_uram/xpm_memory_base_inst/gen_wr_a.gen_word_narrow.mem_reg_uram_16/CAS_OUT_SBITERR_B
                            (internal pin)
  Destination:            pccx_v002_system_i/u_npu/inst/u_wrap/u_pccx_npu_top/u_mem_dispatcher/u_l2_cache/u_l2_uram/u_l2_uram/xpm_memory_base_inst/gen_wr_a.gen_word_narrow.mem_reg_uram_17/CAS_IN_SBITERR_B
                            (rising edge-triggered cell URAM288 clocked by clk_pl_0  {rise@0.000ns fall@5.000ns period=10.000ns})
  Path Group:             (none)
  Path Type:              Hold (Min at Slow Process Corner)
  Data Path Delay:        0.000ns  (logic 0.000ns (0.000%)  route 0.000ns (0.000%))
  Logic Levels:           0  
  Clock Uncertainty:      0.158ns  ((TSJ^2 + DJ^2)^1/2) / 2 + PE
    Total System Jitter     (TSJ):    0.050ns
    Discrete Jitter          (DJ):    0.312ns
    Phase Error              (PE):    0.000ns
  Clock Net Delay (Destination): 3.173ns (routing 1.681ns, distribution 1.492ns)

    Location             Delay type                Incr(ns)  Path(ns)    Netlist Resource(s)
  -------------------------------------------------------------------    -------------------
    URAM288_X0Y18        URAM288                      0.000     0.000 r  pccx_v002_system_i/u_npu/inst/u_wrap/u_pccx_npu_top/u_mem_dispatcher/u_l2_cache/u_l2_uram/u_l2_uram/xpm_memory_base_inst/gen_wr_a.gen_word_narrow.mem_reg_uram_16/CAS_OUT_SBITERR_B
                         net (fo=1, routed)           0.000     0.000    pccx_v002_system_i/u_npu/inst/u_wrap/u_pccx_npu_top/u_mem_dispatcher/u_l2_cache/u_l2_uram/u_l2_uram/xpm_memory_base_inst/gen_wr_a.gen_word_narrow.mem_reg_uram_16_n_9
    URAM288_X0Y19        URAM288                                      r  pccx_v002_system_i/u_npu/inst/u_wrap/u_pccx_npu_top/u_mem_dispatcher/u_l2_cache/u_l2_uram/u_l2_uram/xpm_memory_base_inst/gen_wr_a.gen_word_narrow.mem_reg_uram_17/CAS_IN_SBITERR_B
  -------------------------------------------------------------------    -------------------

                         (clock clk_pl_0 rise edge)
                                                      0.000     0.000 r  
    PS8_X0Y0             PS8                          0.000     0.000 r  pccx_v002_system_i/zynq_ps/inst/PS8_i/PLCLK[0]
                         net (fo=1, routed)           0.229     0.229    pccx_v002_system_i/zynq_ps/inst/pl_clk_unbuffered[0]
    BUFG_PS_X0Y90        BUFG_PS (Prop_BUFG_PS_I_O)
                                                      0.038     0.267 r  pccx_v002_system_i/zynq_ps/inst/buffer_pl_clk_0.PL_CLK_0_BUFG/O
    X1Y1 (CLOCK_ROOT)    net (fo=82465, routed)       3.173     3.440    pccx_v002_system_i/u_npu/inst/u_wrap/u_pccx_npu_top/u_mem_dispatcher/u_l2_cache/u_l2_uram/u_l2_uram/xpm_memory_base_inst/clka
    URAM288_X0Y19        URAM288                                      r  pccx_v002_system_i/u_npu/inst/u_wrap/u_pccx_npu_top/u_mem_dispatcher/u_l2_cache/u_l2_uram/u_l2_uram/xpm_memory_base_inst/gen_wr_a.gen_word_narrow.mem_reg_uram_17/CLK

Slack:                    inf
  Source:                 pccx_v002_system_i/u_npu/inst/u_wrap/u_pccx_npu_top/u_mem_dispatcher/u_l2_cache/u_l2_uram/u_l2_uram/xpm_memory_base_inst/gen_wr_a.gen_word_narrow.mem_reg_uram_24/CAS_OUT_DBITERR_A
                            (internal pin)
  Destination:            pccx_v002_system_i/u_npu/inst/u_wrap/u_pccx_npu_top/u_mem_dispatcher/u_l2_cache/u_l2_uram/u_l2_uram/xpm_memory_base_inst/gen_wr_a.gen_word_narrow.mem_reg_uram_25/CAS_IN_DBITERR_A
                            (rising edge-triggered cell URAM288 clocked by clk_pl_0  {rise@0.000ns fall@5.000ns period=10.000ns})
  Path Group:             (none)
  Path Type:              Hold (Min at Slow Process Corner)
  Data Path Delay:        0.000ns  (logic 0.000ns (0.000%)  route 0.000ns (0.000%))
  Logic Levels:           0  
  Clock Uncertainty:      0.158ns  ((TSJ^2 + DJ^2)^1/2) / 2 + PE
    Total System Jitter     (TSJ):    0.050ns
    Discrete Jitter          (DJ):    0.312ns
    Phase Error              (PE):    0.000ns
  Clock Net Delay (Destination): 3.237ns (routing 1.681ns, distribution 1.556ns)

    Location             Delay type                Incr(ns)  Path(ns)    Netlist Resource(s)
  -------------------------------------------------------------------    -------------------
    URAM288_X0Y34        URAM288                      0.000     0.000 r  pccx_v002_system_i/u_npu/inst/u_wrap/u_pccx_npu_top/u_mem_dispatcher/u_l2_cache/u_l2_uram/u_l2_uram/xpm_memory_base_inst/gen_wr_a.gen_word_narrow.mem_reg_uram_24/CAS_OUT_DBITERR_A
                         net (fo=1, routed)           0.000     0.000    pccx_v002_system_i/u_npu/inst/u_wrap/u_pccx_npu_top/u_mem_dispatcher/u_l2_cache/u_l2_uram/u_l2_uram/xpm_memory_base_inst/gen_wr_a.gen_word_narrow.mem_reg_uram_24_n_0
    URAM288_X0Y35        URAM288                                      r  pccx_v002_system_i/u_npu/inst/u_wrap/u_pccx_npu_top/u_mem_dispatcher/u_l2_cache/u_l2_uram/u_l2_uram/xpm_memory_base_inst/gen_wr_a.gen_word_narrow.mem_reg_uram_25/CAS_IN_DBITERR_A
  -------------------------------------------------------------------    -------------------

                         (clock clk_pl_0 rise edge)
                                                      0.000     0.000 r  
    PS8_X0Y0             PS8                          0.000     0.000 r  pccx_v002_system_i/zynq_ps/inst/PS8_i/PLCLK[0]
                         net (fo=1, routed)           0.229     0.229    pccx_v002_system_i/zynq_ps/inst/pl_clk_unbuffered[0]
    BUFG_PS_X0Y90        BUFG_PS (Prop_BUFG_PS_I_O)
                                                      0.038     0.267 r  pccx_v002_system_i/zynq_ps/inst/buffer_pl_clk_0.PL_CLK_0_BUFG/O
    X1Y1 (CLOCK_ROOT)    net (fo=82465, routed)       3.237     3.504    pccx_v002_system_i/u_npu/inst/u_wrap/u_pccx_npu_top/u_mem_dispatcher/u_l2_cache/u_l2_uram/u_l2_uram/xpm_memory_base_inst/clka
    URAM288_X0Y35        URAM288                                      r  pccx_v002_system_i/u_npu/inst/u_wrap/u_pccx_npu_top/u_mem_dispatcher/u_l2_cache/u_l2_uram/u_l2_uram/xpm_memory_base_inst/gen_wr_a.gen_word_narrow.mem_reg_uram_25/CLK

Slack:                    inf
  Source:                 pccx_v002_system_i/u_npu/inst/u_wrap/u_pccx_npu_top/u_mem_dispatcher/u_l2_cache/u_l2_uram/u_l2_uram/xpm_memory_base_inst/gen_wr_a.gen_word_narrow.mem_reg_uram_24/CAS_OUT_SBITERR_A
                            (internal pin)
  Destination:            pccx_v002_system_i/u_npu/inst/u_wrap/u_pccx_npu_top/u_mem_dispatcher/u_l2_cache/u_l2_uram/u_l2_uram/xpm_memory_base_inst/gen_wr_a.gen_word_narrow.mem_reg_uram_25/CAS_IN_SBITERR_A
                            (rising edge-triggered cell URAM288 clocked by clk_pl_0  {rise@0.000ns fall@5.000ns period=10.000ns})
  Path Group:             (none)
  Path Type:              Hold (Min at Slow Process Corner)
  Data Path Delay:        0.000ns  (logic 0.000ns (0.000%)  route 0.000ns (0.000%))
  Logic Levels:           0  
  Clock Uncertainty:      0.158ns  ((TSJ^2 + DJ^2)^1/2) / 2 + PE
    Total System Jitter     (TSJ):    0.050ns
    Discrete Jitter          (DJ):    0.312ns
    Phase Error              (PE):    0.000ns
  Clock Net Delay (Destination): 3.237ns (routing 1.681ns, distribution 1.556ns)

    Location             Delay type                Incr(ns)  Path(ns)    Netlist Resource(s)
  -------------------------------------------------------------------    -------------------
    URAM288_X0Y34        URAM288                      0.000     0.000 r  pccx_v002_system_i/u_npu/inst/u_wrap/u_pccx_npu_top/u_mem_dispatcher/u_l2_cache/u_l2_uram/u_l2_uram/xpm_memory_base_inst/gen_wr_a.gen_word_narrow.mem_reg_uram_24/CAS_OUT_SBITERR_A
                         net (fo=1, routed)           0.000     0.000    pccx_v002_system_i/u_npu/inst/u_wrap/u_pccx_npu_top/u_mem_dispatcher/u_l2_cache/u_l2_uram/u_l2_uram/xpm_memory_base_inst/gen_wr_a.gen_word_narrow.mem_reg_uram_24_n_8
    URAM288_X0Y35        URAM288                                      r  pccx_v002_system_i/u_npu/inst/u_wrap/u_pccx_npu_top/u_mem_dispatcher/u_l2_cache/u_l2_uram/u_l2_uram/xpm_memory_base_inst/gen_wr_a.gen_word_narrow.mem_reg_uram_25/CAS_IN_SBITERR_A
  -------------------------------------------------------------------    -------------------

                         (clock clk_pl_0 rise edge)
                                                      0.000     0.000 r  
    PS8_X0Y0             PS8                          0.000     0.000 r  pccx_v002_system_i/zynq_ps/inst/PS8_i/PLCLK[0]
                         net (fo=1, routed)           0.229     0.229    pccx_v002_system_i/zynq_ps/inst/pl_clk_unbuffered[0]
    BUFG_PS_X0Y90        BUFG_PS (Prop_BUFG_PS_I_O)
                                                      0.038     0.267 r  pccx_v002_system_i/zynq_ps/inst/buffer_pl_clk_0.PL_CLK_0_BUFG/O
    X1Y1 (CLOCK_ROOT)    net (fo=82465, routed)       3.237     3.504    pccx_v002_system_i/u_npu/inst/u_wrap/u_pccx_npu_top/u_mem_dispatcher/u_l2_cache/u_l2_uram/u_l2_uram/xpm_memory_base_inst/clka
    URAM288_X0Y35        URAM288                                      r  pccx_v002_system_i/u_npu/inst/u_wrap/u_pccx_npu_top/u_mem_dispatcher/u_l2_cache/u_l2_uram/u_l2_uram/xpm_memory_base_inst/gen_wr_a.gen_word_narrow.mem_reg_uram_25/CLK

Slack:                    inf
  Source:                 pccx_v002_system_i/u_npu/inst/u_wrap/u_pccx_npu_top/u_mem_dispatcher/u_l2_cache/u_l2_uram/u_l2_uram/xpm_memory_base_inst/gen_wr_a.gen_word_narrow.mem_reg_uram_24/CAS_OUT_SBITERR_B
                            (internal pin)
  Destination:            pccx_v002_system_i/u_npu/inst/u_wrap/u_pccx_npu_top/u_mem_dispatcher/u_l2_cache/u_l2_uram/u_l2_uram/xpm_memory_base_inst/gen_wr_a.gen_word_narrow.mem_reg_uram_25/CAS_IN_SBITERR_B
                            (rising edge-triggered cell URAM288 clocked by clk_pl_0  {rise@0.000ns fall@5.000ns period=10.000ns})
  Path Group:             (none)
  Path Type:              Hold (Min at Slow Process Corner)
  Data Path Delay:        0.000ns  (logic 0.000ns (0.000%)  route 0.000ns (0.000%))
  Logic Levels:           0  
  Clock Uncertainty:      0.158ns  ((TSJ^2 + DJ^2)^1/2) / 2 + PE
    Total System Jitter     (TSJ):    0.050ns
    Discrete Jitter          (DJ):    0.312ns
    Phase Error              (PE):    0.000ns
  Clock Net Delay (Destination): 3.237ns (routing 1.681ns, distribution 1.556ns)

    Location             Delay type                Incr(ns)  Path(ns)    Netlist Resource(s)
  -------------------------------------------------------------------    -------------------
    URAM288_X0Y34        URAM288                      0.000     0.000 r  pccx_v002_system_i/u_npu/inst/u_wrap/u_pccx_npu_top/u_mem_dispatcher/u_l2_cache/u_l2_uram/u_l2_uram/xpm_memory_base_inst/gen_wr_a.gen_word_narrow.mem_reg_uram_24/CAS_OUT_SBITERR_B
                         net (fo=1, routed)           0.000     0.000    pccx_v002_system_i/u_npu/inst/u_wrap/u_pccx_npu_top/u_mem_dispatcher/u_l2_cache/u_l2_uram/u_l2_uram/xpm_memory_base_inst/gen_wr_a.gen_word_narrow.mem_reg_uram_24_n_9
    URAM288_X0Y35        URAM288                                      r  pccx_v002_system_i/u_npu/inst/u_wrap/u_pccx_npu_top/u_mem_dispatcher/u_l2_cache/u_l2_uram/u_l2_uram/xpm_memory_base_inst/gen_wr_a.gen_word_narrow.mem_reg_uram_25/CAS_IN_SBITERR_B
  -------------------------------------------------------------------    -------------------

                         (clock clk_pl_0 rise edge)
                                                      0.000     0.000 r  
    PS8_X0Y0             PS8                          0.000     0.000 r  pccx_v002_system_i/zynq_ps/inst/PS8_i/PLCLK[0]
                         net (fo=1, routed)           0.229     0.229    pccx_v002_system_i/zynq_ps/inst/pl_clk_unbuffered[0]
    BUFG_PS_X0Y90        BUFG_PS (Prop_BUFG_PS_I_O)
                                                      0.038     0.267 r  pccx_v002_system_i/zynq_ps/inst/buffer_pl_clk_0.PL_CLK_0_BUFG/O
    X1Y1 (CLOCK_ROOT)    net (fo=82465, routed)       3.237     3.504    pccx_v002_system_i/u_npu/inst/u_wrap/u_pccx_npu_top/u_mem_dispatcher/u_l2_cache/u_l2_uram/u_l2_uram/xpm_memory_base_inst/clka
    URAM288_X0Y35        URAM288                                      r  pccx_v002_system_i/u_npu/inst/u_wrap/u_pccx_npu_top/u_mem_dispatcher/u_l2_cache/u_l2_uram/u_l2_uram/xpm_memory_base_inst/gen_wr_a.gen_word_narrow.mem_reg_uram_25/CLK

Slack:                    inf
  Source:                 pccx_v002_system_i/u_npu/inst/u_wrap/u_pccx_npu_top/u_mem_dispatcher/u_l2_cache/u_l2_uram/u_l2_uram/xpm_memory_base_inst/gen_wr_a.gen_word_narrow.mem_reg_uram_28/CAS_OUT_ADDR_B[19]
                            (internal pin)
  Destination:            pccx_v002_system_i/u_npu/inst/u_wrap/u_pccx_npu_top/u_mem_dispatcher/u_l2_cache/u_l2_uram/u_l2_uram/xpm_memory_base_inst/gen_wr_a.gen_word_narrow.mem_reg_uram_29/CAS_IN_ADDR_B[19]
                            (rising edge-triggered cell URAM288 clocked by clk_pl_0  {rise@0.000ns fall@5.000ns period=10.000ns})
  Path Group:             (none)
  Path Type:              Hold (Min at Slow Process Corner)
  Data Path Delay:        0.000ns  (logic 0.000ns (0.000%)  route 0.000ns (0.000%))
  Logic Levels:           0  
  Clock Uncertainty:      0.158ns  ((TSJ^2 + DJ^2)^1/2) / 2 + PE
    Total System Jitter     (TSJ):    0.050ns
    Discrete Jitter          (DJ):    0.312ns
    Phase Error              (PE):    0.000ns
  Clock Net Delay (Destination): 3.205ns (routing 1.681ns, distribution 1.524ns)

    Location             Delay type                Incr(ns)  Path(ns)    Netlist Resource(s)
  -------------------------------------------------------------------    -------------------
    URAM288_X0Y44        URAM288                      0.000     0.000 r  pccx_v002_system_i/u_npu/inst/u_wrap/u_pccx_npu_top/u_mem_dispatcher/u_l2_cache/u_l2_uram/u_l2_uram/xpm_memory_base_inst/gen_wr_a.gen_word_narrow.mem_reg_uram_28/CAS_OUT_ADDR_B[19]
                         net (fo=1, routed)           0.000     0.000    pccx_v002_system_i/u_npu/inst/u_wrap/u_pccx_npu_top/u_mem_dispatcher/u_l2_cache/u_l2_uram/u_l2_uram/xpm_memory_base_inst/gen_wr_a.gen_word_narrow.mem_reg_uram_29_Cas_AddrB_1[19]
    URAM288_X0Y45        URAM288                                      r  pccx_v002_system_i/u_npu/inst/u_wrap/u_pccx_npu_top/u_mem_dispatcher/u_l2_cache/u_l2_uram/u_l2_uram/xpm_memory_base_inst/gen_wr_a.gen_word_narrow.mem_reg_uram_29/CAS_IN_ADDR_B[19]
  -------------------------------------------------------------------    -------------------

                         (clock clk_pl_0 rise edge)
                                                      0.000     0.000 r  
    PS8_X0Y0             PS8                          0.000     0.000 r  pccx_v002_system_i/zynq_ps/inst/PS8_i/PLCLK[0]
                         net (fo=1, routed)           0.229     0.229    pccx_v002_system_i/zynq_ps/inst/pl_clk_unbuffered[0]
    BUFG_PS_X0Y90        BUFG_PS (Prop_BUFG_PS_I_O)
                                                      0.038     0.267 r  pccx_v002_system_i/zynq_ps/inst/buffer_pl_clk_0.PL_CLK_0_BUFG/O
    X1Y1 (CLOCK_ROOT)    net (fo=82465, routed)       3.205     3.472    pccx_v002_system_i/u_npu/inst/u_wrap/u_pccx_npu_top/u_mem_dispatcher/u_l2_cache/u_l2_uram/u_l2_uram/xpm_memory_base_inst/clka
    URAM288_X0Y45        URAM288                                      r  pccx_v002_system_i/u_npu/inst/u_wrap/u_pccx_npu_top/u_mem_dispatcher/u_l2_cache/u_l2_uram/u_l2_uram/xpm_memory_base_inst/gen_wr_a.gen_word_narrow.mem_reg_uram_29/CLK

Slack:                    inf
  Source:                 pccx_v002_system_i/u_npu/inst/u_wrap/u_pccx_npu_top/u_mem_dispatcher/u_l2_cache/u_l2_uram/u_l2_uram/xpm_memory_base_inst/gen_wr_a.gen_word_narrow.mem_reg_uram_28/CAS_OUT_DIN_A[64]
                            (internal pin)
  Destination:            pccx_v002_system_i/u_npu/inst/u_wrap/u_pccx_npu_top/u_mem_dispatcher/u_l2_cache/u_l2_uram/u_l2_uram/xpm_memory_base_inst/gen_wr_a.gen_word_narrow.mem_reg_uram_29/CAS_IN_DIN_A[64]
                            (rising edge-triggered cell URAM288 clocked by clk_pl_0  {rise@0.000ns fall@5.000ns period=10.000ns})
  Path Group:             (none)
  Path Type:              Hold (Min at Slow Process Corner)
  Data Path Delay:        0.000ns  (logic 0.000ns (0.000%)  route 0.000ns (0.000%))
  Logic Levels:           0  
  Clock Uncertainty:      0.158ns  ((TSJ^2 + DJ^2)^1/2) / 2 + PE
    Total System Jitter     (TSJ):    0.050ns
    Discrete Jitter          (DJ):    0.312ns
    Phase Error              (PE):    0.000ns
  Clock Net Delay (Destination): 3.205ns (routing 1.681ns, distribution 1.524ns)

    Location             Delay type                Incr(ns)  Path(ns)    Netlist Resource(s)
  -------------------------------------------------------------------    -------------------
    URAM288_X0Y44        URAM288                      0.000     0.000 r  pccx_v002_system_i/u_npu/inst/u_wrap/u_pccx_npu_top/u_mem_dispatcher/u_l2_cache/u_l2_uram/u_l2_uram/xpm_memory_base_inst/gen_wr_a.gen_word_narrow.mem_reg_uram_28/CAS_OUT_DIN_A[64]
                         net (fo=1, routed)           0.000     0.000    pccx_v002_system_i/u_npu/inst/u_wrap/u_pccx_npu_top/u_mem_dispatcher/u_l2_cache/u_l2_uram/u_l2_uram/xpm_memory_base_inst/gen_wr_a.gen_word_narrow.mem_reg_uram_29_Cas_DinA_1[64]
    URAM288_X0Y45        URAM288                                      r  pccx_v002_system_i/u_npu/inst/u_wrap/u_pccx_npu_top/u_mem_dispatcher/u_l2_cache/u_l2_uram/u_l2_uram/xpm_memory_base_inst/gen_wr_a.gen_word_narrow.mem_reg_uram_29/CAS_IN_DIN_A[64]
  -------------------------------------------------------------------    -------------------

                         (clock clk_pl_0 rise edge)
                                                      0.000     0.000 r  
    PS8_X0Y0             PS8                          0.000     0.000 r  pccx_v002_system_i/zynq_ps/inst/PS8_i/PLCLK[0]
                         net (fo=1, routed)           0.229     0.229    pccx_v002_system_i/zynq_ps/inst/pl_clk_unbuffered[0]
    BUFG_PS_X0Y90        BUFG_PS (Prop_BUFG_PS_I_O)
                                                      0.038     0.267 r  pccx_v002_system_i/zynq_ps/inst/buffer_pl_clk_0.PL_CLK_0_BUFG/O
    X1Y1 (CLOCK_ROOT)    net (fo=82465, routed)       3.205     3.472    pccx_v002_system_i/u_npu/inst/u_wrap/u_pccx_npu_top/u_mem_dispatcher/u_l2_cache/u_l2_uram/u_l2_uram/xpm_memory_base_inst/clka
    URAM288_X0Y45        URAM288                                      r  pccx_v002_system_i/u_npu/inst/u_wrap/u_pccx_npu_top/u_mem_dispatcher/u_l2_cache/u_l2_uram/u_l2_uram/xpm_memory_base_inst/gen_wr_a.gen_word_narrow.mem_reg_uram_29/CLK

Slack:                    inf
  Source:                 pccx_v002_system_i/u_npu/inst/u_wrap/u_pccx_npu_top/u_mem_dispatcher/u_l2_cache/u_l2_uram/u_l2_uram/xpm_memory_base_inst/gen_wr_a.gen_word_narrow.mem_reg_uram_28/CAS_OUT_DIN_A[68]
                            (internal pin)
  Destination:            pccx_v002_system_i/u_npu/inst/u_wrap/u_pccx_npu_top/u_mem_dispatcher/u_l2_cache/u_l2_uram/u_l2_uram/xpm_memory_base_inst/gen_wr_a.gen_word_narrow.mem_reg_uram_29/CAS_IN_DIN_A[68]
                            (rising edge-triggered cell URAM288 clocked by clk_pl_0  {rise@0.000ns fall@5.000ns period=10.000ns})
  Path Group:             (none)
  Path Type:              Hold (Min at Slow Process Corner)
  Data Path Delay:        0.000ns  (logic 0.000ns (0.000%)  route 0.000ns (0.000%))
  Logic Levels:           0  
  Clock Uncertainty:      0.158ns  ((TSJ^2 + DJ^2)^1/2) / 2 + PE
    Total System Jitter     (TSJ):    0.050ns
    Discrete Jitter          (DJ):    0.312ns
    Phase Error              (PE):    0.000ns
  Clock Net Delay (Destination): 3.205ns (routing 1.681ns, distribution 1.524ns)

    Location             Delay type                Incr(ns)  Path(ns)    Netlist Resource(s)
  -------------------------------------------------------------------    -------------------
    URAM288_X0Y44        URAM288                      0.000     0.000 r  pccx_v002_system_i/u_npu/inst/u_wrap/u_pccx_npu_top/u_mem_dispatcher/u_l2_cache/u_l2_uram/u_l2_uram/xpm_memory_base_inst/gen_wr_a.gen_word_narrow.mem_reg_uram_28/CAS_OUT_DIN_A[68]
                         net (fo=1, routed)           0.000     0.000    pccx_v002_system_i/u_npu/inst/u_wrap/u_pccx_npu_top/u_mem_dispatcher/u_l2_cache/u_l2_uram/u_l2_uram/xpm_memory_base_inst/gen_wr_a.gen_word_narrow.mem_reg_uram_29_Cas_DinA_1[68]
    URAM288_X0Y45        URAM288                                      r  pccx_v002_system_i/u_npu/inst/u_wrap/u_pccx_npu_top/u_mem_dispatcher/u_l2_cache/u_l2_uram/u_l2_uram/xpm_memory_base_inst/gen_wr_a.gen_word_narrow.mem_reg_uram_29/CAS_IN_DIN_A[68]
  -------------------------------------------------------------------    -------------------

                         (clock clk_pl_0 rise edge)
                                                      0.000     0.000 r  
    PS8_X0Y0             PS8                          0.000     0.000 r  pccx_v002_system_i/zynq_ps/inst/PS8_i/PLCLK[0]
                         net (fo=1, routed)           0.229     0.229    pccx_v002_system_i/zynq_ps/inst/pl_clk_unbuffered[0]
    BUFG_PS_X0Y90        BUFG_PS (Prop_BUFG_PS_I_O)
                                                      0.038     0.267 r  pccx_v002_system_i/zynq_ps/inst/buffer_pl_clk_0.PL_CLK_0_BUFG/O
    X1Y1 (CLOCK_ROOT)    net (fo=82465, routed)       3.205     3.472    pccx_v002_system_i/u_npu/inst/u_wrap/u_pccx_npu_top/u_mem_dispatcher/u_l2_cache/u_l2_uram/u_l2_uram/xpm_memory_base_inst/clka
    URAM288_X0Y45        URAM288                                      r  pccx_v002_system_i/u_npu/inst/u_wrap/u_pccx_npu_top/u_mem_dispatcher/u_l2_cache/u_l2_uram/u_l2_uram/xpm_memory_base_inst/gen_wr_a.gen_word_narrow.mem_reg_uram_29/CLK

Slack:                    inf
  Source:                 pccx_v002_system_i/u_npu/inst/u_wrap/u_pccx_npu_top/u_mem_dispatcher/u_l2_cache/u_l2_uram/u_l2_uram/xpm_memory_base_inst/gen_wr_a.gen_word_narrow.mem_reg_uram_2/CAS_OUT_ADDR_B[19]
                            (internal pin)
  Destination:            pccx_v002_system_i/u_npu/inst/u_wrap/u_pccx_npu_top/u_mem_dispatcher/u_l2_cache/u_l2_uram/u_l2_uram/xpm_memory_base_inst/gen_wr_a.gen_word_narrow.mem_reg_uram_3/CAS_IN_ADDR_B[19]
                            (rising edge-triggered cell URAM288 clocked by clk_pl_0  {rise@0.000ns fall@5.000ns period=10.000ns})
  Path Group:             (none)
  Path Type:              Hold (Min at Slow Process Corner)
  Data Path Delay:        0.000ns  (logic 0.000ns (0.000%)  route 0.000ns (0.000%))
  Logic Levels:           0  
  Clock Uncertainty:      0.158ns  ((TSJ^2 + DJ^2)^1/2) / 2 + PE
    Total System Jitter     (TSJ):    0.050ns
    Discrete Jitter          (DJ):    0.312ns
    Phase Error              (PE):    0.000ns
  Clock Net Delay (Destination): 3.188ns (routing 1.681ns, distribution 1.507ns)

    Location             Delay type                Incr(ns)  Path(ns)    Netlist Resource(s)
  -------------------------------------------------------------------    -------------------
    URAM288_X0Y30        URAM288                      0.000     0.000 r  pccx_v002_system_i/u_npu/inst/u_wrap/u_pccx_npu_top/u_mem_dispatcher/u_l2_cache/u_l2_uram/u_l2_uram/xpm_memory_base_inst/gen_wr_a.gen_word_narrow.mem_reg_uram_2/CAS_OUT_ADDR_B[19]
                         net (fo=1, routed)           0.000     0.000    pccx_v002_system_i/u_npu/inst/u_wrap/u_pccx_npu_top/u_mem_dispatcher/u_l2_cache/u_l2_uram/u_l2_uram/xpm_memory_base_inst/gen_wr_a.gen_word_narrow.mem_reg_uram_3_Cas_AddrB_1[19]
    URAM288_X0Y31        URAM288                                      r  pccx_v002_system_i/u_npu/inst/u_wrap/u_pccx_npu_top/u_mem_dispatcher/u_l2_cache/u_l2_uram/u_l2_uram/xpm_memory_base_inst/gen_wr_a.gen_word_narrow.mem_reg_uram_3/CAS_IN_ADDR_B[19]
  -------------------------------------------------------------------    -------------------

                         (clock clk_pl_0 rise edge)
                                                      0.000     0.000 r  
    PS8_X0Y0             PS8                          0.000     0.000 r  pccx_v002_system_i/zynq_ps/inst/PS8_i/PLCLK[0]
                         net (fo=1, routed)           0.229     0.229    pccx_v002_system_i/zynq_ps/inst/pl_clk_unbuffered[0]
    BUFG_PS_X0Y90        BUFG_PS (Prop_BUFG_PS_I_O)
                                                      0.038     0.267 r  pccx_v002_system_i/zynq_ps/inst/buffer_pl_clk_0.PL_CLK_0_BUFG/O
    X1Y1 (CLOCK_ROOT)    net (fo=82465, routed)       3.188     3.455    pccx_v002_system_i/u_npu/inst/u_wrap/u_pccx_npu_top/u_mem_dispatcher/u_l2_cache/u_l2_uram/u_l2_uram/xpm_memory_base_inst/clka
    URAM288_X0Y31        URAM288                                      r  pccx_v002_system_i/u_npu/inst/u_wrap/u_pccx_npu_top/u_mem_dispatcher/u_l2_cache/u_l2_uram/u_l2_uram/xpm_memory_base_inst/gen_wr_a.gen_word_narrow.mem_reg_uram_3/CLK

Slack:                    inf
  Source:                 pccx_v002_system_i/u_npu/inst/u_wrap/u_pccx_npu_top/u_mem_dispatcher/u_l2_cache/u_l2_uram/u_l2_uram/xpm_memory_base_inst/gen_wr_a.gen_word_narrow.mem_reg_uram_30/CAS_OUT_ADDR_B[19]
                            (internal pin)
  Destination:            pccx_v002_system_i/u_npu/inst/u_wrap/u_pccx_npu_top/u_mem_dispatcher/u_l2_cache/u_l2_uram/u_l2_uram/xpm_memory_base_inst/gen_wr_a.gen_word_narrow.mem_reg_uram_31/CAS_IN_ADDR_B[19]
                            (rising edge-triggered cell URAM288 clocked by clk_pl_0  {rise@0.000ns fall@5.000ns period=10.000ns})
  Path Group:             (none)
  Path Type:              Hold (Min at Slow Process Corner)
  Data Path Delay:        0.000ns  (logic 0.000ns (0.000%)  route 0.000ns (0.000%))
  Logic Levels:           0  
  Clock Uncertainty:      0.158ns  ((TSJ^2 + DJ^2)^1/2) / 2 + PE
    Total System Jitter     (TSJ):    0.050ns
    Discrete Jitter          (DJ):    0.312ns
    Phase Error              (PE):    0.000ns
  Clock Net Delay (Destination): 3.237ns (routing 1.681ns, distribution 1.556ns)

    Location             Delay type                Incr(ns)  Path(ns)    Netlist Resource(s)
  -------------------------------------------------------------------    -------------------
    URAM288_X0Y46        URAM288                      0.000     0.000 r  pccx_v002_system_i/u_npu/inst/u_wrap/u_pccx_npu_top/u_mem_dispatcher/u_l2_cache/u_l2_uram/u_l2_uram/xpm_memory_base_inst/gen_wr_a.gen_word_narrow.mem_reg_uram_30/CAS_OUT_ADDR_B[19]
                         net (fo=1, routed)           0.000     0.000    pccx_v002_system_i/u_npu/inst/u_wrap/u_pccx_npu_top/u_mem_dispatcher/u_l2_cache/u_l2_uram/u_l2_uram/xpm_memory_base_inst/gen_wr_a.gen_word_narrow.mem_reg_uram_31_Cas_AddrB_1[19]
    URAM288_X0Y47        URAM288                                      r  pccx_v002_system_i/u_npu/inst/u_wrap/u_pccx_npu_top/u_mem_dispatcher/u_l2_cache/u_l2_uram/u_l2_uram/xpm_memory_base_inst/gen_wr_a.gen_word_narrow.mem_reg_uram_31/CAS_IN_ADDR_B[19]
  -------------------------------------------------------------------    -------------------

                         (clock clk_pl_0 rise edge)
                                                      0.000     0.000 r  
    PS8_X0Y0             PS8                          0.000     0.000 r  pccx_v002_system_i/zynq_ps/inst/PS8_i/PLCLK[0]
                         net (fo=1, routed)           0.229     0.229    pccx_v002_system_i/zynq_ps/inst/pl_clk_unbuffered[0]
    BUFG_PS_X0Y90        BUFG_PS (Prop_BUFG_PS_I_O)
                                                      0.038     0.267 r  pccx_v002_system_i/zynq_ps/inst/buffer_pl_clk_0.PL_CLK_0_BUFG/O
    X1Y1 (CLOCK_ROOT)    net (fo=82465, routed)       3.237     3.504    pccx_v002_system_i/u_npu/inst/u_wrap/u_pccx_npu_top/u_mem_dispatcher/u_l2_cache/u_l2_uram/u_l2_uram/xpm_memory_base_inst/clka
    URAM288_X0Y47        URAM288                                      r  pccx_v002_system_i/u_npu/inst/u_wrap/u_pccx_npu_top/u_mem_dispatcher/u_l2_cache/u_l2_uram/u_l2_uram/xpm_memory_base_inst/gen_wr_a.gen_word_narrow.mem_reg_uram_31/CLK

Slack:                    inf
  Source:                 pccx_v002_system_i/u_npu/inst/u_wrap/u_pccx_npu_top/u_mem_dispatcher/u_l2_cache/u_l2_uram/u_l2_uram/xpm_memory_base_inst/gen_wr_a.gen_word_narrow.mem_reg_uram_30/CAS_OUT_DIN_A[64]
                            (internal pin)
  Destination:            pccx_v002_system_i/u_npu/inst/u_wrap/u_pccx_npu_top/u_mem_dispatcher/u_l2_cache/u_l2_uram/u_l2_uram/xpm_memory_base_inst/gen_wr_a.gen_word_narrow.mem_reg_uram_31/CAS_IN_DIN_A[64]
                            (rising edge-triggered cell URAM288 clocked by clk_pl_0  {rise@0.000ns fall@5.000ns period=10.000ns})
  Path Group:             (none)
  Path Type:              Hold (Min at Slow Process Corner)
  Data Path Delay:        0.000ns  (logic 0.000ns (0.000%)  route 0.000ns (0.000%))
  Logic Levels:           0  
  Clock Uncertainty:      0.158ns  ((TSJ^2 + DJ^2)^1/2) / 2 + PE
    Total System Jitter     (TSJ):    0.050ns
    Discrete Jitter          (DJ):    0.312ns
    Phase Error              (PE):    0.000ns
  Clock Net Delay (Destination): 3.237ns (routing 1.681ns, distribution 1.556ns)

    Location             Delay type                Incr(ns)  Path(ns)    Netlist Resource(s)
  -------------------------------------------------------------------    -------------------
    URAM288_X0Y46        URAM288                      0.000     0.000 r  pccx_v002_system_i/u_npu/inst/u_wrap/u_pccx_npu_top/u_mem_dispatcher/u_l2_cache/u_l2_uram/u_l2_uram/xpm_memory_base_inst/gen_wr_a.gen_word_narrow.mem_reg_uram_30/CAS_OUT_DIN_A[64]
                         net (fo=1, routed)           0.000     0.000    pccx_v002_system_i/u_npu/inst/u_wrap/u_pccx_npu_top/u_mem_dispatcher/u_l2_cache/u_l2_uram/u_l2_uram/xpm_memory_base_inst/gen_wr_a.gen_word_narrow.mem_reg_uram_31_Cas_DinA_1[64]
    URAM288_X0Y47        URAM288                                      r  pccx_v002_system_i/u_npu/inst/u_wrap/u_pccx_npu_top/u_mem_dispatcher/u_l2_cache/u_l2_uram/u_l2_uram/xpm_memory_base_inst/gen_wr_a.gen_word_narrow.mem_reg_uram_31/CAS_IN_DIN_A[64]
  -------------------------------------------------------------------    -------------------

                         (clock clk_pl_0 rise edge)
                                                      0.000     0.000 r  
    PS8_X0Y0             PS8                          0.000     0.000 r  pccx_v002_system_i/zynq_ps/inst/PS8_i/PLCLK[0]
                         net (fo=1, routed)           0.229     0.229    pccx_v002_system_i/zynq_ps/inst/pl_clk_unbuffered[0]
    BUFG_PS_X0Y90        BUFG_PS (Prop_BUFG_PS_I_O)
                                                      0.038     0.267 r  pccx_v002_system_i/zynq_ps/inst/buffer_pl_clk_0.PL_CLK_0_BUFG/O
    X1Y1 (CLOCK_ROOT)    net (fo=82465, routed)       3.237     3.504    pccx_v002_system_i/u_npu/inst/u_wrap/u_pccx_npu_top/u_mem_dispatcher/u_l2_cache/u_l2_uram/u_l2_uram/xpm_memory_base_inst/clka
    URAM288_X0Y47        URAM288                                      r  pccx_v002_system_i/u_npu/inst/u_wrap/u_pccx_npu_top/u_mem_dispatcher/u_l2_cache/u_l2_uram/u_l2_uram/xpm_memory_base_inst/gen_wr_a.gen_word_narrow.mem_reg_uram_31/CLK

Slack:                    inf
  Source:                 pccx_v002_system_i/u_npu/inst/u_wrap/u_pccx_npu_top/u_mem_dispatcher/u_l2_cache/u_l2_uram/u_l2_uram/xpm_memory_base_inst/gen_wr_a.gen_word_narrow.mem_reg_uram_30/CAS_OUT_DIN_A[68]
                            (internal pin)
  Destination:            pccx_v002_system_i/u_npu/inst/u_wrap/u_pccx_npu_top/u_mem_dispatcher/u_l2_cache/u_l2_uram/u_l2_uram/xpm_memory_base_inst/gen_wr_a.gen_word_narrow.mem_reg_uram_31/CAS_IN_DIN_A[68]
                            (rising edge-triggered cell URAM288 clocked by clk_pl_0  {rise@0.000ns fall@5.000ns period=10.000ns})
  Path Group:             (none)
  Path Type:              Hold (Min at Slow Process Corner)
  Data Path Delay:        0.000ns  (logic 0.000ns (0.000%)  route 0.000ns (0.000%))
  Logic Levels:           0  
  Clock Uncertainty:      0.158ns  ((TSJ^2 + DJ^2)^1/2) / 2 + PE
    Total System Jitter     (TSJ):    0.050ns
    Discrete Jitter          (DJ):    0.312ns
    Phase Error              (PE):    0.000ns
  Clock Net Delay (Destination): 3.237ns (routing 1.681ns, distribution 1.556ns)

    Location             Delay type                Incr(ns)  Path(ns)    Netlist Resource(s)
  -------------------------------------------------------------------    -------------------
    URAM288_X0Y46        URAM288                      0.000     0.000 r  pccx_v002_system_i/u_npu/inst/u_wrap/u_pccx_npu_top/u_mem_dispatcher/u_l2_cache/u_l2_uram/u_l2_uram/xpm_memory_base_inst/gen_wr_a.gen_word_narrow.mem_reg_uram_30/CAS_OUT_DIN_A[68]
                         net (fo=1, routed)           0.000     0.000    pccx_v002_system_i/u_npu/inst/u_wrap/u_pccx_npu_top/u_mem_dispatcher/u_l2_cache/u_l2_uram/u_l2_uram/xpm_memory_base_inst/gen_wr_a.gen_word_narrow.mem_reg_uram_31_Cas_DinA_1[68]
    URAM288_X0Y47        URAM288                                      r  pccx_v002_system_i/u_npu/inst/u_wrap/u_pccx_npu_top/u_mem_dispatcher/u_l2_cache/u_l2_uram/u_l2_uram/xpm_memory_base_inst/gen_wr_a.gen_word_narrow.mem_reg_uram_31/CAS_IN_DIN_A[68]
  -------------------------------------------------------------------    -------------------

                         (clock clk_pl_0 rise edge)
                                                      0.000     0.000 r  
    PS8_X0Y0             PS8                          0.000     0.000 r  pccx_v002_system_i/zynq_ps/inst/PS8_i/PLCLK[0]
                         net (fo=1, routed)           0.229     0.229    pccx_v002_system_i/zynq_ps/inst/pl_clk_unbuffered[0]
    BUFG_PS_X0Y90        BUFG_PS (Prop_BUFG_PS_I_O)
                                                      0.038     0.267 r  pccx_v002_system_i/zynq_ps/inst/buffer_pl_clk_0.PL_CLK_0_BUFG/O
    X1Y1 (CLOCK_ROOT)    net (fo=82465, routed)       3.237     3.504    pccx_v002_system_i/u_npu/inst/u_wrap/u_pccx_npu_top/u_mem_dispatcher/u_l2_cache/u_l2_uram/u_l2_uram/xpm_memory_base_inst/clka
    URAM288_X0Y47        URAM288                                      r  pccx_v002_system_i/u_npu/inst/u_wrap/u_pccx_npu_top/u_mem_dispatcher/u_l2_cache/u_l2_uram/u_l2_uram/xpm_memory_base_inst/gen_wr_a.gen_word_narrow.mem_reg_uram_31/CLK

Slack:                    inf
  Source:                 pccx_v002_system_i/u_npu/inst/u_wrap/u_pccx_npu_top/u_mem_dispatcher/u_l2_cache/u_l2_uram/u_l2_uram/xpm_memory_base_inst/gen_wr_a.gen_word_narrow.mem_reg_uram_32/CAS_OUT_ADDR_B[19]
                            (internal pin)
  Destination:            pccx_v002_system_i/u_npu/inst/u_wrap/u_pccx_npu_top/u_mem_dispatcher/u_l2_cache/u_l2_uram/u_l2_uram/xpm_memory_base_inst/gen_wr_a.gen_word_narrow.mem_reg_uram_33/CAS_IN_ADDR_B[19]
                            (rising edge-triggered cell URAM288 clocked by clk_pl_0  {rise@0.000ns fall@5.000ns period=10.000ns})
  Path Group:             (none)
  Path Type:              Hold (Min at Slow Process Corner)
  Data Path Delay:        0.000ns  (logic 0.000ns (0.000%)  route 0.000ns (0.000%))
  Logic Levels:           0  
  Clock Uncertainty:      0.158ns  ((TSJ^2 + DJ^2)^1/2) / 2 + PE
    Total System Jitter     (TSJ):    0.050ns
    Discrete Jitter          (DJ):    0.312ns
    Phase Error              (PE):    0.000ns
  Clock Net Delay (Destination): 3.245ns (routing 1.681ns, distribution 1.564ns)

    Location             Delay type                Incr(ns)  Path(ns)    Netlist Resource(s)
  -------------------------------------------------------------------    -------------------
    URAM288_X0Y48        URAM288                      0.000     0.000 r  pccx_v002_system_i/u_npu/inst/u_wrap/u_pccx_npu_top/u_mem_dispatcher/u_l2_cache/u_l2_uram/u_l2_uram/xpm_memory_base_inst/gen_wr_a.gen_word_narrow.mem_reg_uram_32/CAS_OUT_ADDR_B[19]
                         net (fo=1, routed)           0.000     0.000    pccx_v002_system_i/u_npu/inst/u_wrap/u_pccx_npu_top/u_mem_dispatcher/u_l2_cache/u_l2_uram/u_l2_uram/xpm_memory_base_inst/gen_wr_a.gen_word_narrow.mem_reg_uram_33_Cas_AddrB_1[19]
    URAM288_X0Y49        URAM288                                      r  pccx_v002_system_i/u_npu/inst/u_wrap/u_pccx_npu_top/u_mem_dispatcher/u_l2_cache/u_l2_uram/u_l2_uram/xpm_memory_base_inst/gen_wr_a.gen_word_narrow.mem_reg_uram_33/CAS_IN_ADDR_B[19]
  -------------------------------------------------------------------    -------------------

                         (clock clk_pl_0 rise edge)
                                                      0.000     0.000 r  
    PS8_X0Y0             PS8                          0.000     0.000 r  pccx_v002_system_i/zynq_ps/inst/PS8_i/PLCLK[0]
                         net (fo=1, routed)           0.229     0.229    pccx_v002_system_i/zynq_ps/inst/pl_clk_unbuffered[0]
    BUFG_PS_X0Y90        BUFG_PS (Prop_BUFG_PS_I_O)
                                                      0.038     0.267 r  pccx_v002_system_i/zynq_ps/inst/buffer_pl_clk_0.PL_CLK_0_BUFG/O
    X1Y1 (CLOCK_ROOT)    net (fo=82465, routed)       3.245     3.512    pccx_v002_system_i/u_npu/inst/u_wrap/u_pccx_npu_top/u_mem_dispatcher/u_l2_cache/u_l2_uram/u_l2_uram/xpm_memory_base_inst/clka
    URAM288_X0Y49        URAM288                                      r  pccx_v002_system_i/u_npu/inst/u_wrap/u_pccx_npu_top/u_mem_dispatcher/u_l2_cache/u_l2_uram/u_l2_uram/xpm_memory_base_inst/gen_wr_a.gen_word_narrow.mem_reg_uram_33/CLK

Slack:                    inf
  Source:                 pccx_v002_system_i/u_npu/inst/u_wrap/u_pccx_npu_top/u_mem_dispatcher/u_l2_cache/u_l2_uram/u_l2_uram/xpm_memory_base_inst/gen_wr_a.gen_word_narrow.mem_reg_uram_32/CAS_OUT_DIN_A[64]
                            (internal pin)
  Destination:            pccx_v002_system_i/u_npu/inst/u_wrap/u_pccx_npu_top/u_mem_dispatcher/u_l2_cache/u_l2_uram/u_l2_uram/xpm_memory_base_inst/gen_wr_a.gen_word_narrow.mem_reg_uram_33/CAS_IN_DIN_A[64]
                            (rising edge-triggered cell URAM288 clocked by clk_pl_0  {rise@0.000ns fall@5.000ns period=10.000ns})
  Path Group:             (none)
  Path Type:              Hold (Min at Slow Process Corner)
  Data Path Delay:        0.000ns  (logic 0.000ns (0.000%)  route 0.000ns (0.000%))
  Logic Levels:           0  
  Clock Uncertainty:      0.158ns  ((TSJ^2 + DJ^2)^1/2) / 2 + PE
    Total System Jitter     (TSJ):    0.050ns
    Discrete Jitter          (DJ):    0.312ns
    Phase Error              (PE):    0.000ns
  Clock Net Delay (Destination): 3.245ns (routing 1.681ns, distribution 1.564ns)

    Location             Delay type                Incr(ns)  Path(ns)    Netlist Resource(s)
  -------------------------------------------------------------------    -------------------
    URAM288_X0Y48        URAM288                      0.000     0.000 r  pccx_v002_system_i/u_npu/inst/u_wrap/u_pccx_npu_top/u_mem_dispatcher/u_l2_cache/u_l2_uram/u_l2_uram/xpm_memory_base_inst/gen_wr_a.gen_word_narrow.mem_reg_uram_32/CAS_OUT_DIN_A[64]
                         net (fo=1, routed)           0.000     0.000    pccx_v002_system_i/u_npu/inst/u_wrap/u_pccx_npu_top/u_mem_dispatcher/u_l2_cache/u_l2_uram/u_l2_uram/xpm_memory_base_inst/gen_wr_a.gen_word_narrow.mem_reg_uram_33_Cas_DinA_1[64]
    URAM288_X0Y49        URAM288                                      r  pccx_v002_system_i/u_npu/inst/u_wrap/u_pccx_npu_top/u_mem_dispatcher/u_l2_cache/u_l2_uram/u_l2_uram/xpm_memory_base_inst/gen_wr_a.gen_word_narrow.mem_reg_uram_33/CAS_IN_DIN_A[64]
  -------------------------------------------------------------------    -------------------

                         (clock clk_pl_0 rise edge)
                                                      0.000     0.000 r  
    PS8_X0Y0             PS8                          0.000     0.000 r  pccx_v002_system_i/zynq_ps/inst/PS8_i/PLCLK[0]
                         net (fo=1, routed)           0.229     0.229    pccx_v002_system_i/zynq_ps/inst/pl_clk_unbuffered[0]
    BUFG_PS_X0Y90        BUFG_PS (Prop_BUFG_PS_I_O)
                                                      0.038     0.267 r  pccx_v002_system_i/zynq_ps/inst/buffer_pl_clk_0.PL_CLK_0_BUFG/O
    X1Y1 (CLOCK_ROOT)    net (fo=82465, routed)       3.245     3.512    pccx_v002_system_i/u_npu/inst/u_wrap/u_pccx_npu_top/u_mem_dispatcher/u_l2_cache/u_l2_uram/u_l2_uram/xpm_memory_base_inst/clka
    URAM288_X0Y49        URAM288                                      r  pccx_v002_system_i/u_npu/inst/u_wrap/u_pccx_npu_top/u_mem_dispatcher/u_l2_cache/u_l2_uram/u_l2_uram/xpm_memory_base_inst/gen_wr_a.gen_word_narrow.mem_reg_uram_33/CLK

Slack:                    inf
  Source:                 pccx_v002_system_i/u_npu/inst/u_wrap/u_pccx_npu_top/u_mem_dispatcher/u_l2_cache/u_l2_uram/u_l2_uram/xpm_memory_base_inst/gen_wr_a.gen_word_narrow.mem_reg_uram_32/CAS_OUT_DIN_A[68]
                            (internal pin)
  Destination:            pccx_v002_system_i/u_npu/inst/u_wrap/u_pccx_npu_top/u_mem_dispatcher/u_l2_cache/u_l2_uram/u_l2_uram/xpm_memory_base_inst/gen_wr_a.gen_word_narrow.mem_reg_uram_33/CAS_IN_DIN_A[68]
                            (rising edge-triggered cell URAM288 clocked by clk_pl_0  {rise@0.000ns fall@5.000ns period=10.000ns})
  Path Group:             (none)
  Path Type:              Hold (Min at Slow Process Corner)
  Data Path Delay:        0.000ns  (logic 0.000ns (0.000%)  route 0.000ns (0.000%))
  Logic Levels:           0  
  Clock Uncertainty:      0.158ns  ((TSJ^2 + DJ^2)^1/2) / 2 + PE
    Total System Jitter     (TSJ):    0.050ns
    Discrete Jitter          (DJ):    0.312ns
    Phase Error              (PE):    0.000ns
  Clock Net Delay (Destination): 3.245ns (routing 1.681ns, distribution 1.564ns)

    Location             Delay type                Incr(ns)  Path(ns)    Netlist Resource(s)
  -------------------------------------------------------------------    -------------------
    URAM288_X0Y48        URAM288                      0.000     0.000 r  pccx_v002_system_i/u_npu/inst/u_wrap/u_pccx_npu_top/u_mem_dispatcher/u_l2_cache/u_l2_uram/u_l2_uram/xpm_memory_base_inst/gen_wr_a.gen_word_narrow.mem_reg_uram_32/CAS_OUT_DIN_A[68]
                         net (fo=1, routed)           0.000     0.000    pccx_v002_system_i/u_npu/inst/u_wrap/u_pccx_npu_top/u_mem_dispatcher/u_l2_cache/u_l2_uram/u_l2_uram/xpm_memory_base_inst/gen_wr_a.gen_word_narrow.mem_reg_uram_33_Cas_DinA_1[68]
    URAM288_X0Y49        URAM288                                      r  pccx_v002_system_i/u_npu/inst/u_wrap/u_pccx_npu_top/u_mem_dispatcher/u_l2_cache/u_l2_uram/u_l2_uram/xpm_memory_base_inst/gen_wr_a.gen_word_narrow.mem_reg_uram_33/CAS_IN_DIN_A[68]
  -------------------------------------------------------------------    -------------------

                         (clock clk_pl_0 rise edge)
                                                      0.000     0.000 r  
    PS8_X0Y0             PS8                          0.000     0.000 r  pccx_v002_system_i/zynq_ps/inst/PS8_i/PLCLK[0]
                         net (fo=1, routed)           0.229     0.229    pccx_v002_system_i/zynq_ps/inst/pl_clk_unbuffered[0]
    BUFG_PS_X0Y90        BUFG_PS (Prop_BUFG_PS_I_O)
                                                      0.038     0.267 r  pccx_v002_system_i/zynq_ps/inst/buffer_pl_clk_0.PL_CLK_0_BUFG/O
    X1Y1 (CLOCK_ROOT)    net (fo=82465, routed)       3.245     3.512    pccx_v002_system_i/u_npu/inst/u_wrap/u_pccx_npu_top/u_mem_dispatcher/u_l2_cache/u_l2_uram/u_l2_uram/xpm_memory_base_inst/clka
    URAM288_X0Y49        URAM288                                      r  pccx_v002_system_i/u_npu/inst/u_wrap/u_pccx_npu_top/u_mem_dispatcher/u_l2_cache/u_l2_uram/u_l2_uram/xpm_memory_base_inst/gen_wr_a.gen_word_narrow.mem_reg_uram_33/CLK

Slack:                    inf
  Source:                 pccx_v002_system_i/u_npu/inst/u_wrap/u_pccx_npu_top/u_mem_dispatcher/u_l2_cache/u_l2_uram/u_l2_uram/xpm_memory_base_inst/gen_wr_a.gen_word_narrow.mem_reg_uram_34/CAS_OUT_ADDR_B[19]
                            (internal pin)
  Destination:            pccx_v002_system_i/u_npu/inst/u_wrap/u_pccx_npu_top/u_mem_dispatcher/u_l2_cache/u_l2_uram/u_l2_uram/xpm_memory_base_inst/gen_wr_a.gen_word_narrow.mem_reg_uram_35/CAS_IN_ADDR_B[19]
                            (rising edge-triggered cell URAM288 clocked by clk_pl_0  {rise@0.000ns fall@5.000ns period=10.000ns})
  Path Group:             (none)
  Path Type:              Hold (Min at Slow Process Corner)
  Data Path Delay:        0.000ns  (logic 0.000ns (0.000%)  route 0.000ns (0.000%))
  Logic Levels:           0  
  Clock Uncertainty:      0.158ns  ((TSJ^2 + DJ^2)^1/2) / 2 + PE
    Total System Jitter     (TSJ):    0.050ns
    Discrete Jitter          (DJ):    0.312ns
    Phase Error              (PE):    0.000ns
  Clock Net Delay (Destination): 3.226ns (routing 1.681ns, distribution 1.545ns)

    Location             Delay type                Incr(ns)  Path(ns)    Netlist Resource(s)
  -------------------------------------------------------------------    -------------------
    URAM288_X0Y56        URAM288                      0.000     0.000 r  pccx_v002_system_i/u_npu/inst/u_wrap/u_pccx_npu_top/u_mem_dispatcher/u_l2_cache/u_l2_uram/u_l2_uram/xpm_memory_base_inst/gen_wr_a.gen_word_narrow.mem_reg_uram_34/CAS_OUT_ADDR_B[19]
                         net (fo=1, routed)           0.000     0.000    pccx_v002_system_i/u_npu/inst/u_wrap/u_pccx_npu_top/u_mem_dispatcher/u_l2_cache/u_l2_uram/u_l2_uram/xpm_memory_base_inst/gen_wr_a.gen_word_narrow.mem_reg_uram_35_Cas_AddrB_1[19]
    URAM288_X0Y57        URAM288                                      r  pccx_v002_system_i/u_npu/inst/u_wrap/u_pccx_npu_top/u_mem_dispatcher/u_l2_cache/u_l2_uram/u_l2_uram/xpm_memory_base_inst/gen_wr_a.gen_word_narrow.mem_reg_uram_35/CAS_IN_ADDR_B[19]
  -------------------------------------------------------------------    -------------------

                         (clock clk_pl_0 rise edge)
                                                      0.000     0.000 r  
    PS8_X0Y0             PS8                          0.000     0.000 r  pccx_v002_system_i/zynq_ps/inst/PS8_i/PLCLK[0]
                         net (fo=1, routed)           0.229     0.229    pccx_v002_system_i/zynq_ps/inst/pl_clk_unbuffered[0]
    BUFG_PS_X0Y90        BUFG_PS (Prop_BUFG_PS_I_O)
                                                      0.038     0.267 r  pccx_v002_system_i/zynq_ps/inst/buffer_pl_clk_0.PL_CLK_0_BUFG/O
    X1Y1 (CLOCK_ROOT)    net (fo=82465, routed)       3.226     3.493    pccx_v002_system_i/u_npu/inst/u_wrap/u_pccx_npu_top/u_mem_dispatcher/u_l2_cache/u_l2_uram/u_l2_uram/xpm_memory_base_inst/clka
    URAM288_X0Y57        URAM288                                      r  pccx_v002_system_i/u_npu/inst/u_wrap/u_pccx_npu_top/u_mem_dispatcher/u_l2_cache/u_l2_uram/u_l2_uram/xpm_memory_base_inst/gen_wr_a.gen_word_narrow.mem_reg_uram_35/CLK

Slack:                    inf
  Source:                 pccx_v002_system_i/u_npu/inst/u_wrap/u_pccx_npu_top/u_mem_dispatcher/u_l2_cache/u_l2_uram/u_l2_uram/xpm_memory_base_inst/gen_wr_a.gen_word_narrow.mem_reg_uram_34/CAS_OUT_DIN_A[64]
                            (internal pin)
  Destination:            pccx_v002_system_i/u_npu/inst/u_wrap/u_pccx_npu_top/u_mem_dispatcher/u_l2_cache/u_l2_uram/u_l2_uram/xpm_memory_base_inst/gen_wr_a.gen_word_narrow.mem_reg_uram_35/CAS_IN_DIN_A[64]
                            (rising edge-triggered cell URAM288 clocked by clk_pl_0  {rise@0.000ns fall@5.000ns period=10.000ns})
  Path Group:             (none)
  Path Type:              Hold (Min at Slow Process Corner)
  Data Path Delay:        0.000ns  (logic 0.000ns (0.000%)  route 0.000ns (0.000%))
  Logic Levels:           0  
  Clock Uncertainty:      0.158ns  ((TSJ^2 + DJ^2)^1/2) / 2 + PE
    Total System Jitter     (TSJ):    0.050ns
    Discrete Jitter          (DJ):    0.312ns
    Phase Error              (PE):    0.000ns
  Clock Net Delay (Destination): 3.226ns (routing 1.681ns, distribution 1.545ns)

    Location             Delay type                Incr(ns)  Path(ns)    Netlist Resource(s)
  -------------------------------------------------------------------    -------------------
    URAM288_X0Y56        URAM288                      0.000     0.000 r  pccx_v002_system_i/u_npu/inst/u_wrap/u_pccx_npu_top/u_mem_dispatcher/u_l2_cache/u_l2_uram/u_l2_uram/xpm_memory_base_inst/gen_wr_a.gen_word_narrow.mem_reg_uram_34/CAS_OUT_DIN_A[64]
                         net (fo=1, routed)           0.000     0.000    pccx_v002_system_i/u_npu/inst/u_wrap/u_pccx_npu_top/u_mem_dispatcher/u_l2_cache/u_l2_uram/u_l2_uram/xpm_memory_base_inst/gen_wr_a.gen_word_narrow.mem_reg_uram_35_Cas_DinA_1[64]
    URAM288_X0Y57        URAM288                                      r  pccx_v002_system_i/u_npu/inst/u_wrap/u_pccx_npu_top/u_mem_dispatcher/u_l2_cache/u_l2_uram/u_l2_uram/xpm_memory_base_inst/gen_wr_a.gen_word_narrow.mem_reg_uram_35/CAS_IN_DIN_A[64]
  -------------------------------------------------------------------    -------------------

                         (clock clk_pl_0 rise edge)
                                                      0.000     0.000 r  
    PS8_X0Y0             PS8                          0.000     0.000 r  pccx_v002_system_i/zynq_ps/inst/PS8_i/PLCLK[0]
                         net (fo=1, routed)           0.229     0.229    pccx_v002_system_i/zynq_ps/inst/pl_clk_unbuffered[0]
    BUFG_PS_X0Y90        BUFG_PS (Prop_BUFG_PS_I_O)
                                                      0.038     0.267 r  pccx_v002_system_i/zynq_ps/inst/buffer_pl_clk_0.PL_CLK_0_BUFG/O
    X1Y1 (CLOCK_ROOT)    net (fo=82465, routed)       3.226     3.493    pccx_v002_system_i/u_npu/inst/u_wrap/u_pccx_npu_top/u_mem_dispatcher/u_l2_cache/u_l2_uram/u_l2_uram/xpm_memory_base_inst/clka
    URAM288_X0Y57        URAM288                                      r  pccx_v002_system_i/u_npu/inst/u_wrap/u_pccx_npu_top/u_mem_dispatcher/u_l2_cache/u_l2_uram/u_l2_uram/xpm_memory_base_inst/gen_wr_a.gen_word_narrow.mem_reg_uram_35/CLK

Slack:                    inf
  Source:                 pccx_v002_system_i/u_npu/inst/u_wrap/u_pccx_npu_top/u_mem_dispatcher/u_l2_cache/u_l2_uram/u_l2_uram/xpm_memory_base_inst/gen_wr_a.gen_word_narrow.mem_reg_uram_34/CAS_OUT_DIN_A[68]
                            (internal pin)
  Destination:            pccx_v002_system_i/u_npu/inst/u_wrap/u_pccx_npu_top/u_mem_dispatcher/u_l2_cache/u_l2_uram/u_l2_uram/xpm_memory_base_inst/gen_wr_a.gen_word_narrow.mem_reg_uram_35/CAS_IN_DIN_A[68]
                            (rising edge-triggered cell URAM288 clocked by clk_pl_0  {rise@0.000ns fall@5.000ns period=10.000ns})
  Path Group:             (none)
  Path Type:              Hold (Min at Slow Process Corner)
  Data Path Delay:        0.000ns  (logic 0.000ns (0.000%)  route 0.000ns (0.000%))
  Logic Levels:           0  
  Clock Uncertainty:      0.158ns  ((TSJ^2 + DJ^2)^1/2) / 2 + PE
    Total System Jitter     (TSJ):    0.050ns
    Discrete Jitter          (DJ):    0.312ns
    Phase Error              (PE):    0.000ns
  Clock Net Delay (Destination): 3.226ns (routing 1.681ns, distribution 1.545ns)

    Location             Delay type                Incr(ns)  Path(ns)    Netlist Resource(s)
  -------------------------------------------------------------------    -------------------
    URAM288_X0Y56        URAM288                      0.000     0.000 r  pccx_v002_system_i/u_npu/inst/u_wrap/u_pccx_npu_top/u_mem_dispatcher/u_l2_cache/u_l2_uram/u_l2_uram/xpm_memory_base_inst/gen_wr_a.gen_word_narrow.mem_reg_uram_34/CAS_OUT_DIN_A[68]
                         net (fo=1, routed)           0.000     0.000    pccx_v002_system_i/u_npu/inst/u_wrap/u_pccx_npu_top/u_mem_dispatcher/u_l2_cache/u_l2_uram/u_l2_uram/xpm_memory_base_inst/gen_wr_a.gen_word_narrow.mem_reg_uram_35_Cas_DinA_1[68]
    URAM288_X0Y57        URAM288                                      r  pccx_v002_system_i/u_npu/inst/u_wrap/u_pccx_npu_top/u_mem_dispatcher/u_l2_cache/u_l2_uram/u_l2_uram/xpm_memory_base_inst/gen_wr_a.gen_word_narrow.mem_reg_uram_35/CAS_IN_DIN_A[68]
  -------------------------------------------------------------------    -------------------

                         (clock clk_pl_0 rise edge)
                                                      0.000     0.000 r  
    PS8_X0Y0             PS8                          0.000     0.000 r  pccx_v002_system_i/zynq_ps/inst/PS8_i/PLCLK[0]
                         net (fo=1, routed)           0.229     0.229    pccx_v002_system_i/zynq_ps/inst/pl_clk_unbuffered[0]
    BUFG_PS_X0Y90        BUFG_PS (Prop_BUFG_PS_I_O)
                                                      0.038     0.267 r  pccx_v002_system_i/zynq_ps/inst/buffer_pl_clk_0.PL_CLK_0_BUFG/O
    X1Y1 (CLOCK_ROOT)    net (fo=82465, routed)       3.226     3.493    pccx_v002_system_i/u_npu/inst/u_wrap/u_pccx_npu_top/u_mem_dispatcher/u_l2_cache/u_l2_uram/u_l2_uram/xpm_memory_base_inst/clka
    URAM288_X0Y57        URAM288                                      r  pccx_v002_system_i/u_npu/inst/u_wrap/u_pccx_npu_top/u_mem_dispatcher/u_l2_cache/u_l2_uram/u_l2_uram/xpm_memory_base_inst/gen_wr_a.gen_word_narrow.mem_reg_uram_35/CLK





