Copyright 1986-2022 Xilinx, Inc. All Rights Reserved. Copyright 2022-2025 Advanced Micro Devices, Inc. All Rights Reserved.
-------------------------------------------------------------------------------------------------------------------------------------------------------------------------------------------------------
| Tool Version      : Vivado v.2025.2 (lin64) Build 6299465 Fri Nov 14 12:34:56 MST 2025
| Date              : Tue Jun  2 13:51:46 2026
| Host              : pccx-vivado running 64-bit Ubuntu 22.04.5 LTS
| Command           : report_timing_summary -delay_type min_max -report_unconstrained -check_timing_verbose -max_paths 20 -file /home/hwkim/v002-rtl/hw/build/reports/timing_summary_post_impl_top.rpt
| Design            : pccx_v002_system_wrapper
| Device            : xck26-sfvc784
| Speed File        : -2LV  PRODUCTION 1.30 05-15-2022
| Design State      : Physopt postRoute
| Temperature Grade : C
-------------------------------------------------------------------------------------------------------------------------------------------------------------------------------------------------------

Timing Summary Report

------------------------------------------------------------------------------------------------
| Timer Settings
| --------------
------------------------------------------------------------------------------------------------

  Enable Multi Corner Analysis               :  Yes
  Enable Pessimism Removal                   :  Yes
  Pessimism Removal Resolution               :  Nearest Common Node
  Enable Input Delay Default Clock           :  No
  Enable Preset / Clear Arcs                 :  No
  Disable Flight Delays                      :  No
  Ignore I/O Paths                           :  No
  Timing Early Launch at Borrowing Latches   :  No
  Borrow Time for Max Delay Exceptions       :  Yes
  Merge Timing Exceptions                    :  Yes
  Inter-SLR Compensation                     :  Conservative

  Corner  Analyze    Analyze    
  Name    Max Paths  Min Paths  
  ------  ---------  ---------  
  Slow    Yes        Yes        
  Fast    Yes        Yes        


------------------------------------------------------------------------------------------------
| Report Methodology
| ------------------
------------------------------------------------------------------------------------------------

No report available as report_methodology has not been run prior. Run report_methodology on the current design for the summary of methodology violations.



check_timing report

Table of Contents
-----------------
1. checking no_clock (0)
2. checking constant_clock (0)
3. checking pulse_width_clock (0)
4. checking unconstrained_internal_endpoints (0)
5. checking no_input_delay (0)
6. checking no_output_delay (0)
7. checking multiple_clock (0)
8. checking generated_clocks (0)
9. checking loops (0)
10. checking partial_input_delay (0)
11. checking partial_output_delay (0)
12. checking latch_loops (0)

1. checking no_clock (0)
------------------------
 There are 0 register/latch pins with no clock.


2. checking constant_clock (0)
------------------------------
 There are 0 register/latch pins with constant_clock.


3. checking pulse_width_clock (0)
---------------------------------
 There are 0 register/latch pins which need pulse_width check


4. checking unconstrained_internal_endpoints (0)
------------------------------------------------
 There are 0 pins that are not constrained for maximum delay.

 There are 0 pins that are not constrained for maximum delay due to constant clock.


5. checking no_input_delay (0)
------------------------------
 There are 0 input ports with no input delay specified.

 There are 0 input ports with no input delay but user has a false path constraint.


6. checking no_output_delay (0)
-------------------------------
 There are 0 ports with no output delay specified.

 There are 0 ports with no output delay but user has a false path constraint

 There are 0 ports with no output delay but with a timing clock defined on it or propagating through it


7. checking multiple_clock (0)
------------------------------
 There are 0 register/latch pins with multiple clocks.


8. checking generated_clocks (0)
--------------------------------
 There are 0 generated clocks that are not connected to a clock source.


9. checking loops (0)
---------------------
 There are 0 combinational loops in the design.


10. checking partial_input_delay (0)
------------------------------------
 There are 0 input ports with partial input delay specified.


11. checking partial_output_delay (0)
-------------------------------------
 There are 0 ports with partial output delay specified.


12. checking latch_loops (0)
----------------------------
 There are 0 combinational latch loops in the design through latch input



------------------------------------------------------------------------------------------------
| Design Timing Summary
| ---------------------
------------------------------------------------------------------------------------------------

    WNS(ns)      TNS(ns)  TNS Failing Endpoints  TNS Total Endpoints      WHS(ns)      THS(ns)  THS Failing Endpoints  THS Total Endpoints     WPWS(ns)     TPWS(ns)  TPWS Failing Endpoints  TPWS Total Endpoints  
    -------      -------  ---------------------  -------------------      -------      -------  ---------------------  -------------------     --------     --------  ----------------------  --------------------  
      0.816        0.000                      0               414558        0.010        0.000                      0               414558        3.500        0.000                       0                 78368  


All user specified timing constraints are met.


------------------------------------------------------------------------------------------------
| Clock Summary
| -------------
------------------------------------------------------------------------------------------------

Clock     Waveform(ns)       Period(ns)      Frequency(MHz)
-----     ------------       ----------      --------------
clk_pl_0  {0.000 5.000}      10.000          100.000         
clk_pl_1  {0.000 5.000}      10.000          100.000         


------------------------------------------------------------------------------------------------
| Intra Clock Table
| -----------------
------------------------------------------------------------------------------------------------

Clock             WNS(ns)      TNS(ns)  TNS Failing Endpoints  TNS Total Endpoints      WHS(ns)      THS(ns)  THS Failing Endpoints  THS Total Endpoints     WPWS(ns)     TPWS(ns)  TPWS Failing Endpoints  TPWS Total Endpoints  
-----             -------      -------  ---------------------  -------------------      -------      -------  ---------------------  -------------------     --------     --------  ----------------------  --------------------  
clk_pl_0            0.816        0.000                      0               414558        0.010        0.000                      0               414558        3.500        0.000                       0                 78368  


------------------------------------------------------------------------------------------------
| Inter Clock Table
| -----------------
------------------------------------------------------------------------------------------------

From Clock    To Clock          WNS(ns)      TNS(ns)  TNS Failing Endpoints  TNS Total Endpoints      WHS(ns)      THS(ns)  THS Failing Endpoints  THS Total Endpoints  
----------    --------          -------      -------  ---------------------  -------------------      -------      -------  ---------------------  -------------------  


------------------------------------------------------------------------------------------------
| Other Path Groups Table
| -----------------------
------------------------------------------------------------------------------------------------

Path Group    From Clock    To Clock          WNS(ns)      TNS(ns)  TNS Failing Endpoints  TNS Total Endpoints      WHS(ns)      THS(ns)  THS Failing Endpoints  THS Total Endpoints  
----------    ----------    --------          -------      -------  ---------------------  -------------------      -------      -------  ---------------------  -------------------  


------------------------------------------------------------------------------------------------
| User Ignored Path Table
| -----------------------
------------------------------------------------------------------------------------------------

Path Group    From Clock    To Clock    
----------    ----------    --------    
(none)                      clk_pl_0      
(none)        clk_pl_0      clk_pl_0      


------------------------------------------------------------------------------------------------
| Unconstrained Path Table
| ------------------------
------------------------------------------------------------------------------------------------

Path Group    From Clock    To Clock    
----------    ----------    --------    
(none)                      clk_pl_0      


------------------------------------------------------------------------------------------------
| Timing Details
| --------------
------------------------------------------------------------------------------------------------


---------------------------------------------------------------------------------------------------
From Clock:  clk_pl_0
  To Clock:  clk_pl_0

Setup :            0  Failing Endpoints,  Worst Slack        0.816ns,  Total Violation        0.000ns
Hold  :            0  Failing Endpoints,  Worst Slack        0.010ns,  Total Violation        0.000ns
PW    :            0  Failing Endpoints,  Worst Slack        3.500ns,  Total Violation        0.000ns
---------------------------------------------------------------------------------------------------


Max Delay Paths
--------------------------------------------------------------------------------------
Slack (MET) :             0.816ns  (required time - arrival time)
  Source:                 pccx_v002_system_i/u_npu/inst/u_wrap/u_pccx_npu_top/u_HP_buffer/u_hp1_weight_fifo/xpm_fifo_base_inst/gen_fwft.gdvld_fwft.data_valid_fwft_reg/C
                            (rising edge-triggered cell FDRE clocked by clk_pl_0  {rise@0.000ns fall@5.000ns period=10.000ns})
  Destination:            pccx_v002_system_i/u_npu/inst/u_wrap/u_pccx_npu_top/u_systolic_engine/u_weight_unpacker/weight_valid_reg_rep__568/D
                            (rising edge-triggered cell FDRE clocked by clk_pl_0  {rise@0.000ns fall@5.000ns period=10.000ns})
  Path Group:             clk_pl_0
  Path Type:              Setup (Max at Slow Process Corner)
  Requirement:            10.000ns  (clk_pl_0 rise@10.000ns - clk_pl_0 rise@0.000ns)
  Data Path Delay:        8.992ns  (logic 0.299ns (3.325%)  route 8.693ns (96.675%))
  Logic Levels:           1  (LUT2=1)
  Clock Path Skew:        -0.075ns (DCD - SCD + CPR)
    Destination Clock Delay (DCD):    3.174ns = ( 13.174 - 10.000 ) 
    Source Clock Delay      (SCD):    3.443ns
    Clock Pessimism Removal (CPR):    0.194ns
  Clock Uncertainty:      0.160ns  ((TSJ^2 + DJ^2)^1/2) / 2 + PE
    Total System Jitter     (TSJ):    0.071ns
    Discrete Jitter          (DJ):    0.312ns
    Phase Error              (PE):    0.000ns
  Clock Net Delay (Source):      3.176ns (routing 1.681ns, distribution 1.495ns)
  Clock Net Delay (Destination): 2.958ns (routing 1.538ns, distribution 1.420ns)

    Location             Delay type                Incr(ns)  Path(ns)    Netlist Resource(s)
  -------------------------------------------------------------------    -------------------
                         (clock clk_pl_0 rise edge)
                                                      0.000     0.000 r  
    PS8_X0Y0             PS8                          0.000     0.000 r  pccx_v002_system_i/zynq_ps/inst/PS8_i/PLCLK[0]
                         net (fo=1, routed)           0.229     0.229    pccx_v002_system_i/zynq_ps/inst/pl_clk_unbuffered[0]
    BUFG_PS_X0Y90        BUFG_PS (Prop_BUFG_PS_I_O)
                                                      0.038     0.267 r  pccx_v002_system_i/zynq_ps/inst/buffer_pl_clk_0.PL_CLK_0_BUFG/O
    X1Y1 (CLOCK_ROOT)    net (fo=82633, routed)       3.176     3.443    pccx_v002_system_i/u_npu/inst/u_wrap/u_pccx_npu_top/u_HP_buffer/u_hp1_weight_fifo/xpm_fifo_base_inst/rd_clk
    SLICE_X47Y197        FDRE                                         r  pccx_v002_system_i/u_npu/inst/u_wrap/u_pccx_npu_top/u_HP_buffer/u_hp1_weight_fifo/xpm_fifo_base_inst/gen_fwft.gdvld_fwft.data_valid_fwft_reg/C
  -------------------------------------------------------------------    -------------------
    SLICE_X47Y197        FDRE (Prop_EFF_SLICEL_C_Q)
                                                      0.114     3.557 r  pccx_v002_system_i/u_npu/inst/u_wrap/u_pccx_npu_top/u_HP_buffer/u_hp1_weight_fifo/xpm_fifo_base_inst/gen_fwft.gdvld_fwft.data_valid_fwft_reg/Q
                         net (fo=770, routed)         8.597    12.154    pccx_v002_system_i/u_npu/inst/u_wrap/u_pccx_npu_top/u_HP_buffer/M_CORE_HP1_WEIGHT\\.tvalid
    SLICE_X2Y57          LUT2 (Prop_D6LUT_SLICEM_I1_O)
                                                      0.185    12.339 r  pccx_v002_system_i/u_npu/inst/u_wrap/u_pccx_npu_top/u_HP_buffer/weight_valid_rep_i_1__568/O
                         net (fo=1, routed)           0.096    12.435    pccx_v002_system_i/u_npu/inst/u_wrap/u_pccx_npu_top/u_systolic_engine/u_weight_unpacker/weight_valid_reg_rep__568_1
    SLICE_X2Y57          FDRE                                         r  pccx_v002_system_i/u_npu/inst/u_wrap/u_pccx_npu_top/u_systolic_engine/u_weight_unpacker/weight_valid_reg_rep__568/D
  -------------------------------------------------------------------    -------------------

                         (clock clk_pl_0 rise edge)
                                                     10.000    10.000 r  
    PS8_X0Y0             PS8                          0.000    10.000 r  pccx_v002_system_i/zynq_ps/inst/PS8_i/PLCLK[0]
                         net (fo=1, routed)           0.181    10.181    pccx_v002_system_i/zynq_ps/inst/pl_clk_unbuffered[0]
    BUFG_PS_X0Y90        BUFG_PS (Prop_BUFG_PS_I_O)
                                                      0.035    10.216 r  pccx_v002_system_i/zynq_ps/inst/buffer_pl_clk_0.PL_CLK_0_BUFG/O
    X1Y1 (CLOCK_ROOT)    net (fo=82633, routed)       2.958    13.174    pccx_v002_system_i/u_npu/inst/u_wrap/u_pccx_npu_top/u_systolic_engine/u_weight_unpacker/clk_core
    SLICE_X2Y57          FDRE                                         r  pccx_v002_system_i/u_npu/inst/u_wrap/u_pccx_npu_top/u_systolic_engine/u_weight_unpacker/weight_valid_reg_rep__568/C
                         clock pessimism              0.194    13.368    
                         clock uncertainty           -0.160    13.208    
    SLICE_X2Y57          FDRE (Setup_DFF_SLICEM_C_D)
                                                      0.043    13.251    pccx_v002_system_i/u_npu/inst/u_wrap/u_pccx_npu_top/u_systolic_engine/u_weight_unpacker/weight_valid_reg_rep__568
  -------------------------------------------------------------------
                         required time                         13.251    
                         arrival time                         -12.435    
  -------------------------------------------------------------------
                         slack                                  0.816    

Slack (MET) :             0.872ns  (required time - arrival time)
  Source:                 pccx_v002_system_i/u_npu/inst/u_wrap/u_pccx_npu_top/u_HP_buffer/u_hp1_weight_fifo/xpm_fifo_base_inst/gen_fwft.gdvld_fwft.data_valid_fwft_reg/C
                            (rising edge-triggered cell FDRE clocked by clk_pl_0  {rise@0.000ns fall@5.000ns period=10.000ns})
  Destination:            pccx_v002_system_i/u_npu/inst/u_wrap/u_pccx_npu_top/u_systolic_engine/u_weight_unpacker/weight_valid_reg_rep__14/D
                            (rising edge-triggered cell FDRE clocked by clk_pl_0  {rise@0.000ns fall@5.000ns period=10.000ns})
  Path Group:             clk_pl_0
  Path Type:              Setup (Max at Slow Process Corner)
  Requirement:            10.000ns  (clk_pl_0 rise@10.000ns - clk_pl_0 rise@0.000ns)
  Data Path Delay:        8.905ns  (logic 0.196ns (2.201%)  route 8.709ns (97.799%))
  Logic Levels:           1  (LUT2=1)
  Clock Path Skew:        -0.107ns (DCD - SCD + CPR)
    Destination Clock Delay (DCD):    3.142ns = ( 13.142 - 10.000 ) 
    Source Clock Delay      (SCD):    3.443ns
    Clock Pessimism Removal (CPR):    0.194ns
  Clock Uncertainty:      0.160ns  ((TSJ^2 + DJ^2)^1/2) / 2 + PE
    Total System Jitter     (TSJ):    0.071ns
    Discrete Jitter          (DJ):    0.312ns
    Phase Error              (PE):    0.000ns
  Clock Net Delay (Source):      3.176ns (routing 1.681ns, distribution 1.495ns)
  Clock Net Delay (Destination): 2.926ns (routing 1.538ns, distribution 1.388ns)

    Location             Delay type                Incr(ns)  Path(ns)    Netlist Resource(s)
  -------------------------------------------------------------------    -------------------
                         (clock clk_pl_0 rise edge)
                                                      0.000     0.000 r  
    PS8_X0Y0             PS8                          0.000     0.000 r  pccx_v002_system_i/zynq_ps/inst/PS8_i/PLCLK[0]
                         net (fo=1, routed)           0.229     0.229    pccx_v002_system_i/zynq_ps/inst/pl_clk_unbuffered[0]
    BUFG_PS_X0Y90        BUFG_PS (Prop_BUFG_PS_I_O)
                                                      0.038     0.267 r  pccx_v002_system_i/zynq_ps/inst/buffer_pl_clk_0.PL_CLK_0_BUFG/O
    X1Y1 (CLOCK_ROOT)    net (fo=82633, routed)       3.176     3.443    pccx_v002_system_i/u_npu/inst/u_wrap/u_pccx_npu_top/u_HP_buffer/u_hp1_weight_fifo/xpm_fifo_base_inst/rd_clk
    SLICE_X47Y197        FDRE                                         r  pccx_v002_system_i/u_npu/inst/u_wrap/u_pccx_npu_top/u_HP_buffer/u_hp1_weight_fifo/xpm_fifo_base_inst/gen_fwft.gdvld_fwft.data_valid_fwft_reg/C
  -------------------------------------------------------------------    -------------------
    SLICE_X47Y197        FDRE (Prop_EFF_SLICEL_C_Q)
                                                      0.114     3.557 r  pccx_v002_system_i/u_npu/inst/u_wrap/u_pccx_npu_top/u_HP_buffer/u_hp1_weight_fifo/xpm_fifo_base_inst/gen_fwft.gdvld_fwft.data_valid_fwft_reg/Q
                         net (fo=770, routed)         8.629    12.186    pccx_v002_system_i/u_npu/inst/u_wrap/u_pccx_npu_top/u_HP_buffer/M_CORE_HP1_WEIGHT\\.tvalid
    SLICE_X13Y65         LUT2 (Prop_G6LUT_SLICEM_I1_O)
                                                      0.082    12.268 r  pccx_v002_system_i/u_npu/inst/u_wrap/u_pccx_npu_top/u_HP_buffer/weight_valid_rep_i_1__14/O
                         net (fo=1, routed)           0.080    12.348    pccx_v002_system_i/u_npu/inst/u_wrap/u_pccx_npu_top/u_systolic_engine/u_weight_unpacker/weight_valid_reg_rep__14_1
    SLICE_X13Y65         FDRE                                         r  pccx_v002_system_i/u_npu/inst/u_wrap/u_pccx_npu_top/u_systolic_engine/u_weight_unpacker/weight_valid_reg_rep__14/D
  -------------------------------------------------------------------    -------------------

                         (clock clk_pl_0 rise edge)
                                                     10.000    10.000 r  
    PS8_X0Y0             PS8                          0.000    10.000 r  pccx_v002_system_i/zynq_ps/inst/PS8_i/PLCLK[0]
                         net (fo=1, routed)           0.181    10.181    pccx_v002_system_i/zynq_ps/inst/pl_clk_unbuffered[0]
    BUFG_PS_X0Y90        BUFG_PS (Prop_BUFG_PS_I_O)
                                                      0.035    10.216 r  pccx_v002_system_i/zynq_ps/inst/buffer_pl_clk_0.PL_CLK_0_BUFG/O
    X1Y1 (CLOCK_ROOT)    net (fo=82633, routed)       2.926    13.142    pccx_v002_system_i/u_npu/inst/u_wrap/u_pccx_npu_top/u_systolic_engine/u_weight_unpacker/clk_core
    SLICE_X13Y65         FDRE                                         r  pccx_v002_system_i/u_npu/inst/u_wrap/u_pccx_npu_top/u_systolic_engine/u_weight_unpacker/weight_valid_reg_rep__14/C
                         clock pessimism              0.194    13.336    
                         clock uncertainty           -0.160    13.176    
    SLICE_X13Y65         FDRE (Setup_GFF_SLICEM_C_D)
                                                      0.043    13.219    pccx_v002_system_i/u_npu/inst/u_wrap/u_pccx_npu_top/u_systolic_engine/u_weight_unpacker/weight_valid_reg_rep__14
  -------------------------------------------------------------------
                         required time                         13.219    
                         arrival time                         -12.348    
  -------------------------------------------------------------------
                         slack                                  0.872    

Slack (MET) :             0.918ns  (required time - arrival time)
  Source:                 pccx_v002_system_i/u_npu/inst/u_wrap/u_pccx_npu_top/u_HP_buffer/u_hp1_weight_fifo/xpm_fifo_base_inst/gen_fwft.gdvld_fwft.data_valid_fwft_reg/C
                            (rising edge-triggered cell FDRE clocked by clk_pl_0  {rise@0.000ns fall@5.000ns period=10.000ns})
  Destination:            pccx_v002_system_i/u_npu/inst/u_wrap/u_pccx_npu_top/u_systolic_engine/u_weight_unpacker/weight_valid_reg_rep__575/D
                            (rising edge-triggered cell FDRE clocked by clk_pl_0  {rise@0.000ns fall@5.000ns period=10.000ns})
  Path Group:             clk_pl_0
  Path Type:              Setup (Max at Slow Process Corner)
  Requirement:            10.000ns  (clk_pl_0 rise@10.000ns - clk_pl_0 rise@0.000ns)
  Data Path Delay:        8.884ns  (logic 0.300ns (3.377%)  route 8.584ns (96.623%))
  Logic Levels:           1  (LUT2=1)
  Clock Path Skew:        -0.081ns (DCD - SCD + CPR)
    Destination Clock Delay (DCD):    3.168ns = ( 13.168 - 10.000 ) 
    Source Clock Delay      (SCD):    3.443ns
    Clock Pessimism Removal (CPR):    0.194ns
  Clock Uncertainty:      0.160ns  ((TSJ^2 + DJ^2)^1/2) / 2 + PE
    Total System Jitter     (TSJ):    0.071ns
    Discrete Jitter          (DJ):    0.312ns
    Phase Error              (PE):    0.000ns
  Clock Net Delay (Source):      3.176ns (routing 1.681ns, distribution 1.495ns)
  Clock Net Delay (Destination): 2.952ns (routing 1.538ns, distribution 1.414ns)

    Location             Delay type                Incr(ns)  Path(ns)    Netlist Resource(s)
  -------------------------------------------------------------------    -------------------
                         (clock clk_pl_0 rise edge)
                                                      0.000     0.000 r  
    PS8_X0Y0             PS8                          0.000     0.000 r  pccx_v002_system_i/zynq_ps/inst/PS8_i/PLCLK[0]
                         net (fo=1, routed)           0.229     0.229    pccx_v002_system_i/zynq_ps/inst/pl_clk_unbuffered[0]
    BUFG_PS_X0Y90        BUFG_PS (Prop_BUFG_PS_I_O)
                                                      0.038     0.267 r  pccx_v002_system_i/zynq_ps/inst/buffer_pl_clk_0.PL_CLK_0_BUFG/O
    X1Y1 (CLOCK_ROOT)    net (fo=82633, routed)       3.176     3.443    pccx_v002_system_i/u_npu/inst/u_wrap/u_pccx_npu_top/u_HP_buffer/u_hp1_weight_fifo/xpm_fifo_base_inst/rd_clk
    SLICE_X47Y197        FDRE                                         r  pccx_v002_system_i/u_npu/inst/u_wrap/u_pccx_npu_top/u_HP_buffer/u_hp1_weight_fifo/xpm_fifo_base_inst/gen_fwft.gdvld_fwft.data_valid_fwft_reg/C
  -------------------------------------------------------------------    -------------------
    SLICE_X47Y197        FDRE (Prop_EFF_SLICEL_C_Q)
                                                      0.114     3.557 r  pccx_v002_system_i/u_npu/inst/u_wrap/u_pccx_npu_top/u_HP_buffer/u_hp1_weight_fifo/xpm_fifo_base_inst/gen_fwft.gdvld_fwft.data_valid_fwft_reg/Q
                         net (fo=770, routed)         8.489    12.046    pccx_v002_system_i/u_npu/inst/u_wrap/u_pccx_npu_top/u_HP_buffer/M_CORE_HP1_WEIGHT\\.tvalid
    SLICE_X1Y56          LUT2 (Prop_C6LUT_SLICEM_I1_O)
                                                      0.186    12.232 r  pccx_v002_system_i/u_npu/inst/u_wrap/u_pccx_npu_top/u_HP_buffer/weight_valid_rep_i_1__575/O
                         net (fo=1, routed)           0.095    12.327    pccx_v002_system_i/u_npu/inst/u_wrap/u_pccx_npu_top/u_systolic_engine/u_weight_unpacker/weight_valid_reg_rep__575_1
    SLICE_X1Y56          FDRE                                         r  pccx_v002_system_i/u_npu/inst/u_wrap/u_pccx_npu_top/u_systolic_engine/u_weight_unpacker/weight_valid_reg_rep__575/D
  -------------------------------------------------------------------    -------------------

                         (clock clk_pl_0 rise edge)
                                                     10.000    10.000 r  
    PS8_X0Y0             PS8                          0.000    10.000 r  pccx_v002_system_i/zynq_ps/inst/PS8_i/PLCLK[0]
                         net (fo=1, routed)           0.181    10.181    pccx_v002_system_i/zynq_ps/inst/pl_clk_unbuffered[0]
    BUFG_PS_X0Y90        BUFG_PS (Prop_BUFG_PS_I_O)
                                                      0.035    10.216 r  pccx_v002_system_i/zynq_ps/inst/buffer_pl_clk_0.PL_CLK_0_BUFG/O
    X1Y1 (CLOCK_ROOT)    net (fo=82633, routed)       2.952    13.168    pccx_v002_system_i/u_npu/inst/u_wrap/u_pccx_npu_top/u_systolic_engine/u_weight_unpacker/clk_core
    SLICE_X1Y56          FDRE                                         r  pccx_v002_system_i/u_npu/inst/u_wrap/u_pccx_npu_top/u_systolic_engine/u_weight_unpacker/weight_valid_reg_rep__575/C
                         clock pessimism              0.194    13.362    
                         clock uncertainty           -0.160    13.202    
    SLICE_X1Y56          FDRE (Setup_CFF_SLICEM_C_D)
                                                      0.043    13.245    pccx_v002_system_i/u_npu/inst/u_wrap/u_pccx_npu_top/u_systolic_engine/u_weight_unpacker/weight_valid_reg_rep__575
  -------------------------------------------------------------------
                         required time                         13.245    
                         arrival time                         -12.327    
  -------------------------------------------------------------------
                         slack                                  0.918    

Slack (MET) :             0.982ns  (required time - arrival time)
  Source:                 pccx_v002_system_i/u_npu/inst/u_wrap/u_pccx_npu_top/u_HP_buffer/u_hp1_weight_fifo/xpm_fifo_base_inst/gen_fwft.gdvld_fwft.data_valid_fwft_reg/C
                            (rising edge-triggered cell FDRE clocked by clk_pl_0  {rise@0.000ns fall@5.000ns period=10.000ns})
  Destination:            pccx_v002_system_i/u_npu/inst/u_wrap/u_pccx_npu_top/u_systolic_engine/u_weight_unpacker/weight_valid_reg_rep__557/D
                            (rising edge-triggered cell FDRE clocked by clk_pl_0  {rise@0.000ns fall@5.000ns period=10.000ns})
  Path Group:             clk_pl_0
  Path Type:              Setup (Max at Slow Process Corner)
  Requirement:            10.000ns  (clk_pl_0 rise@10.000ns - clk_pl_0 rise@0.000ns)
  Data Path Delay:        8.820ns  (logic 0.248ns (2.812%)  route 8.572ns (97.188%))
  Logic Levels:           1  (LUT2=1)
  Clock Path Skew:        -0.081ns (DCD - SCD + CPR)
    Destination Clock Delay (DCD):    3.168ns = ( 13.168 - 10.000 ) 
    Source Clock Delay      (SCD):    3.443ns
    Clock Pessimism Removal (CPR):    0.194ns
  Clock Uncertainty:      0.160ns  ((TSJ^2 + DJ^2)^1/2) / 2 + PE
    Total System Jitter     (TSJ):    0.071ns
    Discrete Jitter          (DJ):    0.312ns
    Phase Error              (PE):    0.000ns
  Clock Net Delay (Source):      3.176ns (routing 1.681ns, distribution 1.495ns)
  Clock Net Delay (Destination): 2.952ns (routing 1.538ns, distribution 1.414ns)

    Location             Delay type                Incr(ns)  Path(ns)    Netlist Resource(s)
  -------------------------------------------------------------------    -------------------
                         (clock clk_pl_0 rise edge)
                                                      0.000     0.000 r  
    PS8_X0Y0             PS8                          0.000     0.000 r  pccx_v002_system_i/zynq_ps/inst/PS8_i/PLCLK[0]
                         net (fo=1, routed)           0.229     0.229    pccx_v002_system_i/zynq_ps/inst/pl_clk_unbuffered[0]
    BUFG_PS_X0Y90        BUFG_PS (Prop_BUFG_PS_I_O)
                                                      0.038     0.267 r  pccx_v002_system_i/zynq_ps/inst/buffer_pl_clk_0.PL_CLK_0_BUFG/O
    X1Y1 (CLOCK_ROOT)    net (fo=82633, routed)       3.176     3.443    pccx_v002_system_i/u_npu/inst/u_wrap/u_pccx_npu_top/u_HP_buffer/u_hp1_weight_fifo/xpm_fifo_base_inst/rd_clk
    SLICE_X47Y197        FDRE                                         r  pccx_v002_system_i/u_npu/inst/u_wrap/u_pccx_npu_top/u_HP_buffer/u_hp1_weight_fifo/xpm_fifo_base_inst/gen_fwft.gdvld_fwft.data_valid_fwft_reg/C
  -------------------------------------------------------------------    -------------------
    SLICE_X47Y197        FDRE (Prop_EFF_SLICEL_C_Q)
                                                      0.114     3.557 r  pccx_v002_system_i/u_npu/inst/u_wrap/u_pccx_npu_top/u_HP_buffer/u_hp1_weight_fifo/xpm_fifo_base_inst/gen_fwft.gdvld_fwft.data_valid_fwft_reg/Q
                         net (fo=770, routed)         8.476    12.033    pccx_v002_system_i/u_npu/inst/u_wrap/u_pccx_npu_top/u_HP_buffer/M_CORE_HP1_WEIGHT\\.tvalid
    SLICE_X1Y56          LUT2 (Prop_D6LUT_SLICEM_I1_O)
                                                      0.134    12.167 r  pccx_v002_system_i/u_npu/inst/u_wrap/u_pccx_npu_top/u_HP_buffer/weight_valid_rep_i_1__557/O
                         net (fo=1, routed)           0.096    12.263    pccx_v002_system_i/u_npu/inst/u_wrap/u_pccx_npu_top/u_systolic_engine/u_weight_unpacker/weight_valid_reg_rep__557_1
    SLICE_X1Y56          FDRE                                         r  pccx_v002_system_i/u_npu/inst/u_wrap/u_pccx_npu_top/u_systolic_engine/u_weight_unpacker/weight_valid_reg_rep__557/D
  -------------------------------------------------------------------    -------------------

                         (clock clk_pl_0 rise edge)
                                                     10.000    10.000 r  
    PS8_X0Y0             PS8                          0.000    10.000 r  pccx_v002_system_i/zynq_ps/inst/PS8_i/PLCLK[0]
                         net (fo=1, routed)           0.181    10.181    pccx_v002_system_i/zynq_ps/inst/pl_clk_unbuffered[0]
    BUFG_PS_X0Y90        BUFG_PS (Prop_BUFG_PS_I_O)
                                                      0.035    10.216 r  pccx_v002_system_i/zynq_ps/inst/buffer_pl_clk_0.PL_CLK_0_BUFG/O
    X1Y1 (CLOCK_ROOT)    net (fo=82633, routed)       2.952    13.168    pccx_v002_system_i/u_npu/inst/u_wrap/u_pccx_npu_top/u_systolic_engine/u_weight_unpacker/clk_core
    SLICE_X1Y56          FDRE                                         r  pccx_v002_system_i/u_npu/inst/u_wrap/u_pccx_npu_top/u_systolic_engine/u_weight_unpacker/weight_valid_reg_rep__557/C
                         clock pessimism              0.194    13.362    
                         clock uncertainty           -0.160    13.202    
    SLICE_X1Y56          FDRE (Setup_DFF_SLICEM_C_D)
                                                      0.043    13.245    pccx_v002_system_i/u_npu/inst/u_wrap/u_pccx_npu_top/u_systolic_engine/u_weight_unpacker/weight_valid_reg_rep__557
  -------------------------------------------------------------------
                         required time                         13.245    
                         arrival time                         -12.263    
  -------------------------------------------------------------------
                         slack                                  0.982    

Slack (MET) :             1.016ns  (required time - arrival time)
  Source:                 pccx_v002_system_i/u_npu/inst/u_wrap/u_pccx_npu_top/u_HP_buffer/u_hp1_weight_fifo/xpm_fifo_base_inst/gen_fwft.gdvld_fwft.data_valid_fwft_reg/C
                            (rising edge-triggered cell FDRE clocked by clk_pl_0  {rise@0.000ns fall@5.000ns period=10.000ns})
  Destination:            pccx_v002_system_i/u_npu/inst/u_wrap/u_pccx_npu_top/u_systolic_engine/u_weight_unpacker/weight_valid_reg_rep__453/D
                            (rising edge-triggered cell FDRE clocked by clk_pl_0  {rise@0.000ns fall@5.000ns period=10.000ns})
  Path Group:             clk_pl_0
  Path Type:              Setup (Max at Slow Process Corner)
  Requirement:            10.000ns  (clk_pl_0 rise@10.000ns - clk_pl_0 rise@0.000ns)
  Data Path Delay:        8.736ns  (logic 0.194ns (2.221%)  route 8.542ns (97.779%))
  Logic Levels:           1  (LUT2=1)
  Clock Path Skew:        -0.131ns (DCD - SCD + CPR)
    Destination Clock Delay (DCD):    3.118ns = ( 13.118 - 10.000 ) 
    Source Clock Delay      (SCD):    3.443ns
    Clock Pessimism Removal (CPR):    0.194ns
  Clock Uncertainty:      0.160ns  ((TSJ^2 + DJ^2)^1/2) / 2 + PE
    Total System Jitter     (TSJ):    0.071ns
    Discrete Jitter          (DJ):    0.312ns
    Phase Error              (PE):    0.000ns
  Clock Net Delay (Source):      3.176ns (routing 1.681ns, distribution 1.495ns)
  Clock Net Delay (Destination): 2.902ns (routing 1.538ns, distribution 1.364ns)

    Location             Delay type                Incr(ns)  Path(ns)    Netlist Resource(s)
  -------------------------------------------------------------------    -------------------
                         (clock clk_pl_0 rise edge)
                                                      0.000     0.000 r  
    PS8_X0Y0             PS8                          0.000     0.000 r  pccx_v002_system_i/zynq_ps/inst/PS8_i/PLCLK[0]
                         net (fo=1, routed)           0.229     0.229    pccx_v002_system_i/zynq_ps/inst/pl_clk_unbuffered[0]
    BUFG_PS_X0Y90        BUFG_PS (Prop_BUFG_PS_I_O)
                                                      0.038     0.267 r  pccx_v002_system_i/zynq_ps/inst/buffer_pl_clk_0.PL_CLK_0_BUFG/O
    X1Y1 (CLOCK_ROOT)    net (fo=82633, routed)       3.176     3.443    pccx_v002_system_i/u_npu/inst/u_wrap/u_pccx_npu_top/u_HP_buffer/u_hp1_weight_fifo/xpm_fifo_base_inst/rd_clk
    SLICE_X47Y197        FDRE                                         r  pccx_v002_system_i/u_npu/inst/u_wrap/u_pccx_npu_top/u_HP_buffer/u_hp1_weight_fifo/xpm_fifo_base_inst/gen_fwft.gdvld_fwft.data_valid_fwft_reg/C
  -------------------------------------------------------------------    -------------------
    SLICE_X47Y197        FDRE (Prop_EFF_SLICEL_C_Q)
                                                      0.114     3.557 r  pccx_v002_system_i/u_npu/inst/u_wrap/u_pccx_npu_top/u_HP_buffer/u_hp1_weight_fifo/xpm_fifo_base_inst/gen_fwft.gdvld_fwft.data_valid_fwft_reg/Q
                         net (fo=770, routed)         8.447    12.004    pccx_v002_system_i/u_npu/inst/u_wrap/u_pccx_npu_top/u_HP_buffer/M_CORE_HP1_WEIGHT\\.tvalid
    SLICE_X21Y44         LUT2 (Prop_C6LUT_SLICEM_I1_O)
                                                      0.080    12.084 r  pccx_v002_system_i/u_npu/inst/u_wrap/u_pccx_npu_top/u_HP_buffer/weight_valid_rep_i_1__453/O
                         net (fo=1, routed)           0.095    12.179    pccx_v002_system_i/u_npu/inst/u_wrap/u_pccx_npu_top/u_systolic_engine/u_weight_unpacker/weight_valid_reg_rep__453_1
    SLICE_X21Y44         FDRE                                         r  pccx_v002_system_i/u_npu/inst/u_wrap/u_pccx_npu_top/u_systolic_engine/u_weight_unpacker/weight_valid_reg_rep__453/D
  -------------------------------------------------------------------    -------------------

                         (clock clk_pl_0 rise edge)
                                                     10.000    10.000 r  
    PS8_X0Y0             PS8                          0.000    10.000 r  pccx_v002_system_i/zynq_ps/inst/PS8_i/PLCLK[0]
                         net (fo=1, routed)           0.181    10.181    pccx_v002_system_i/zynq_ps/inst/pl_clk_unbuffered[0]
    BUFG_PS_X0Y90        BUFG_PS (Prop_BUFG_PS_I_O)
                                                      0.035    10.216 r  pccx_v002_system_i/zynq_ps/inst/buffer_pl_clk_0.PL_CLK_0_BUFG/O
    X1Y1 (CLOCK_ROOT)    net (fo=82633, routed)       2.902    13.118    pccx_v002_system_i/u_npu/inst/u_wrap/u_pccx_npu_top/u_systolic_engine/u_weight_unpacker/clk_core
    SLICE_X21Y44         FDRE                                         r  pccx_v002_system_i/u_npu/inst/u_wrap/u_pccx_npu_top/u_systolic_engine/u_weight_unpacker/weight_valid_reg_rep__453/C
                         clock pessimism              0.194    13.312    
                         clock uncertainty           -0.160    13.152    
    SLICE_X21Y44         FDRE (Setup_CFF_SLICEM_C_D)
                                                      0.043    13.195    pccx_v002_system_i/u_npu/inst/u_wrap/u_pccx_npu_top/u_systolic_engine/u_weight_unpacker/weight_valid_reg_rep__453
  -------------------------------------------------------------------
                         required time                         13.195    
                         arrival time                         -12.179    
  -------------------------------------------------------------------
                         slack                                  1.016    

Slack (MET) :             1.105ns  (required time - arrival time)
  Source:                 pccx_v002_system_i/u_npu/inst/u_wrap/u_pccx_npu_top/u_HP_buffer/u_hp1_weight_fifo/xpm_fifo_base_inst/gen_fwft.gdvld_fwft.data_valid_fwft_reg/C
                            (rising edge-triggered cell FDRE clocked by clk_pl_0  {rise@0.000ns fall@5.000ns period=10.000ns})
  Destination:            pccx_v002_system_i/u_npu/inst/u_wrap/u_pccx_npu_top/u_systolic_engine/u_weight_unpacker/weight_valid_reg_rep__578/D
                            (rising edge-triggered cell FDRE clocked by clk_pl_0  {rise@0.000ns fall@5.000ns period=10.000ns})
  Path Group:             clk_pl_0
  Path Type:              Setup (Max at Slow Process Corner)
  Requirement:            10.000ns  (clk_pl_0 rise@10.000ns - clk_pl_0 rise@0.000ns)
  Data Path Delay:        8.691ns  (logic 0.268ns (3.084%)  route 8.423ns (96.916%))
  Logic Levels:           1  (LUT2=1)
  Clock Path Skew:        -0.088ns (DCD - SCD + CPR)
    Destination Clock Delay (DCD):    3.161ns = ( 13.161 - 10.000 ) 
    Source Clock Delay      (SCD):    3.443ns
    Clock Pessimism Removal (CPR):    0.194ns
  Clock Uncertainty:      0.160ns  ((TSJ^2 + DJ^2)^1/2) / 2 + PE
    Total System Jitter     (TSJ):    0.071ns
    Discrete Jitter          (DJ):    0.312ns
    Phase Error              (PE):    0.000ns
  Clock Net Delay (Source):      3.176ns (routing 1.681ns, distribution 1.495ns)
  Clock Net Delay (Destination): 2.945ns (routing 1.538ns, distribution 1.407ns)

    Location             Delay type                Incr(ns)  Path(ns)    Netlist Resource(s)
  -------------------------------------------------------------------    -------------------
                         (clock clk_pl_0 rise edge)
                                                      0.000     0.000 r  
    PS8_X0Y0             PS8                          0.000     0.000 r  pccx_v002_system_i/zynq_ps/inst/PS8_i/PLCLK[0]
                         net (fo=1, routed)           0.229     0.229    pccx_v002_system_i/zynq_ps/inst/pl_clk_unbuffered[0]
    BUFG_PS_X0Y90        BUFG_PS (Prop_BUFG_PS_I_O)
                                                      0.038     0.267 r  pccx_v002_system_i/zynq_ps/inst/buffer_pl_clk_0.PL_CLK_0_BUFG/O
    X1Y1 (CLOCK_ROOT)    net (fo=82633, routed)       3.176     3.443    pccx_v002_system_i/u_npu/inst/u_wrap/u_pccx_npu_top/u_HP_buffer/u_hp1_weight_fifo/xpm_fifo_base_inst/rd_clk
    SLICE_X47Y197        FDRE                                         r  pccx_v002_system_i/u_npu/inst/u_wrap/u_pccx_npu_top/u_HP_buffer/u_hp1_weight_fifo/xpm_fifo_base_inst/gen_fwft.gdvld_fwft.data_valid_fwft_reg/C
  -------------------------------------------------------------------    -------------------
    SLICE_X47Y197        FDRE (Prop_EFF_SLICEL_C_Q)
                                                      0.114     3.557 r  pccx_v002_system_i/u_npu/inst/u_wrap/u_pccx_npu_top/u_HP_buffer/u_hp1_weight_fifo/xpm_fifo_base_inst/gen_fwft.gdvld_fwft.data_valid_fwft_reg/Q
                         net (fo=770, routed)         8.343    11.899    pccx_v002_system_i/u_npu/inst/u_wrap/u_pccx_npu_top/u_HP_buffer/M_CORE_HP1_WEIGHT\\.tvalid
    SLICE_X1Y52          LUT2 (Prop_H6LUT_SLICEM_I1_O)
                                                      0.154    12.053 r  pccx_v002_system_i/u_npu/inst/u_wrap/u_pccx_npu_top/u_HP_buffer/weight_valid_rep_i_1__578/O
                         net (fo=1, routed)           0.080    12.133    pccx_v002_system_i/u_npu/inst/u_wrap/u_pccx_npu_top/u_systolic_engine/u_weight_unpacker/weight_valid_reg_rep__578_1
    SLICE_X1Y52          FDRE                                         r  pccx_v002_system_i/u_npu/inst/u_wrap/u_pccx_npu_top/u_systolic_engine/u_weight_unpacker/weight_valid_reg_rep__578/D
  -------------------------------------------------------------------    -------------------

                         (clock clk_pl_0 rise edge)
                                                     10.000    10.000 r  
    PS8_X0Y0             PS8                          0.000    10.000 r  pccx_v002_system_i/zynq_ps/inst/PS8_i/PLCLK[0]
                         net (fo=1, routed)           0.181    10.181    pccx_v002_system_i/zynq_ps/inst/pl_clk_unbuffered[0]
    BUFG_PS_X0Y90        BUFG_PS (Prop_BUFG_PS_I_O)
                                                      0.035    10.216 r  pccx_v002_system_i/zynq_ps/inst/buffer_pl_clk_0.PL_CLK_0_BUFG/O
    X1Y1 (CLOCK_ROOT)    net (fo=82633, routed)       2.945    13.161    pccx_v002_system_i/u_npu/inst/u_wrap/u_pccx_npu_top/u_systolic_engine/u_weight_unpacker/clk_core
    SLICE_X1Y52          FDRE                                         r  pccx_v002_system_i/u_npu/inst/u_wrap/u_pccx_npu_top/u_systolic_engine/u_weight_unpacker/weight_valid_reg_rep__578/C
                         clock pessimism              0.194    13.355    
                         clock uncertainty           -0.160    13.195    
    SLICE_X1Y52          FDRE (Setup_HFF_SLICEM_C_D)
                                                      0.044    13.239    pccx_v002_system_i/u_npu/inst/u_wrap/u_pccx_npu_top/u_systolic_engine/u_weight_unpacker/weight_valid_reg_rep__578
  -------------------------------------------------------------------
                         required time                         13.239    
                         arrival time                         -12.133    
  -------------------------------------------------------------------
                         slack                                  1.105    

Slack (MET) :             1.146ns  (required time - arrival time)
  Source:                 pccx_v002_system_i/u_npu/inst/u_wrap/u_pccx_npu_top/u_HP_buffer/u_hp1_weight_fifo/xpm_fifo_base_inst/gen_fwft.gdvld_fwft.data_valid_fwft_reg/C
                            (rising edge-triggered cell FDRE clocked by clk_pl_0  {rise@0.000ns fall@5.000ns period=10.000ns})
  Destination:            pccx_v002_system_i/u_npu/inst/u_wrap/u_pccx_npu_top/u_systolic_engine/u_weight_unpacker/weight_valid_reg_rep__551/D
                            (rising edge-triggered cell FDRE clocked by clk_pl_0  {rise@0.000ns fall@5.000ns period=10.000ns})
  Path Group:             clk_pl_0
  Path Type:              Setup (Max at Slow Process Corner)
  Requirement:            10.000ns  (clk_pl_0 rise@10.000ns - clk_pl_0 rise@0.000ns)
  Data Path Delay:        8.647ns  (logic 0.334ns (3.863%)  route 8.313ns (96.137%))
  Logic Levels:           1  (LUT2=1)
  Clock Path Skew:        -0.090ns (DCD - SCD + CPR)
    Destination Clock Delay (DCD):    3.159ns = ( 13.159 - 10.000 ) 
    Source Clock Delay      (SCD):    3.443ns
    Clock Pessimism Removal (CPR):    0.194ns
  Clock Uncertainty:      0.160ns  ((TSJ^2 + DJ^2)^1/2) / 2 + PE
    Total System Jitter     (TSJ):    0.071ns
    Discrete Jitter          (DJ):    0.312ns
    Phase Error              (PE):    0.000ns
  Clock Net Delay (Source):      3.176ns (routing 1.681ns, distribution 1.495ns)
  Clock Net Delay (Destination): 2.943ns (routing 1.538ns, distribution 1.405ns)

    Location             Delay type                Incr(ns)  Path(ns)    Netlist Resource(s)
  -------------------------------------------------------------------    -------------------
                         (clock clk_pl_0 rise edge)
                                                      0.000     0.000 r  
    PS8_X0Y0             PS8                          0.000     0.000 r  pccx_v002_system_i/zynq_ps/inst/PS8_i/PLCLK[0]
                         net (fo=1, routed)           0.229     0.229    pccx_v002_system_i/zynq_ps/inst/pl_clk_unbuffered[0]
    BUFG_PS_X0Y90        BUFG_PS (Prop_BUFG_PS_I_O)
                                                      0.038     0.267 r  pccx_v002_system_i/zynq_ps/inst/buffer_pl_clk_0.PL_CLK_0_BUFG/O
    X1Y1 (CLOCK_ROOT)    net (fo=82633, routed)       3.176     3.443    pccx_v002_system_i/u_npu/inst/u_wrap/u_pccx_npu_top/u_HP_buffer/u_hp1_weight_fifo/xpm_fifo_base_inst/rd_clk
    SLICE_X47Y197        FDRE                                         r  pccx_v002_system_i/u_npu/inst/u_wrap/u_pccx_npu_top/u_HP_buffer/u_hp1_weight_fifo/xpm_fifo_base_inst/gen_fwft.gdvld_fwft.data_valid_fwft_reg/C
  -------------------------------------------------------------------    -------------------
    SLICE_X47Y197        FDRE (Prop_EFF_SLICEL_C_Q)
                                                      0.114     3.557 r  pccx_v002_system_i/u_npu/inst/u_wrap/u_pccx_npu_top/u_HP_buffer/u_hp1_weight_fifo/xpm_fifo_base_inst/gen_fwft.gdvld_fwft.data_valid_fwft_reg/Q
                         net (fo=770, routed)         8.218    11.775    pccx_v002_system_i/u_npu/inst/u_wrap/u_pccx_npu_top/u_HP_buffer/M_CORE_HP1_WEIGHT\\.tvalid
    SLICE_X1Y47          LUT2 (Prop_C6LUT_SLICEM_I1_O)
                                                      0.220    11.995 r  pccx_v002_system_i/u_npu/inst/u_wrap/u_pccx_npu_top/u_HP_buffer/weight_valid_rep_i_1__551/O
                         net (fo=1, routed)           0.095    12.090    pccx_v002_system_i/u_npu/inst/u_wrap/u_pccx_npu_top/u_systolic_engine/u_weight_unpacker/weight_valid_reg_rep__551_1
    SLICE_X1Y47          FDRE                                         r  pccx_v002_system_i/u_npu/inst/u_wrap/u_pccx_npu_top/u_systolic_engine/u_weight_unpacker/weight_valid_reg_rep__551/D
  -------------------------------------------------------------------    -------------------

                         (clock clk_pl_0 rise edge)
                                                     10.000    10.000 r  
    PS8_X0Y0             PS8                          0.000    10.000 r  pccx_v002_system_i/zynq_ps/inst/PS8_i/PLCLK[0]
                         net (fo=1, routed)           0.181    10.181    pccx_v002_system_i/zynq_ps/inst/pl_clk_unbuffered[0]
    BUFG_PS_X0Y90        BUFG_PS (Prop_BUFG_PS_I_O)
                                                      0.035    10.216 r  pccx_v002_system_i/zynq_ps/inst/buffer_pl_clk_0.PL_CLK_0_BUFG/O
    X1Y1 (CLOCK_ROOT)    net (fo=82633, routed)       2.943    13.159    pccx_v002_system_i/u_npu/inst/u_wrap/u_pccx_npu_top/u_systolic_engine/u_weight_unpacker/clk_core
    SLICE_X1Y47          FDRE                                         r  pccx_v002_system_i/u_npu/inst/u_wrap/u_pccx_npu_top/u_systolic_engine/u_weight_unpacker/weight_valid_reg_rep__551/C
                         clock pessimism              0.194    13.353    
                         clock uncertainty           -0.160    13.193    
    SLICE_X1Y47          FDRE (Setup_CFF_SLICEM_C_D)
                                                      0.043    13.236    pccx_v002_system_i/u_npu/inst/u_wrap/u_pccx_npu_top/u_systolic_engine/u_weight_unpacker/weight_valid_reg_rep__551
  -------------------------------------------------------------------
                         required time                         13.236    
                         arrival time                         -12.090    
  -------------------------------------------------------------------
                         slack                                  1.146    

Slack (MET) :             1.149ns  (required time - arrival time)
  Source:                 pccx_v002_system_i/u_npu/inst/u_wrap/u_pccx_npu_top/u_HP_buffer/u_hp1_weight_fifo/xpm_fifo_base_inst/gen_fwft.gdvld_fwft.data_valid_fwft_reg/C
                            (rising edge-triggered cell FDRE clocked by clk_pl_0  {rise@0.000ns fall@5.000ns period=10.000ns})
  Destination:            pccx_v002_system_i/u_npu/inst/u_wrap/u_pccx_npu_top/u_systolic_engine/u_weight_unpacker/weight_valid_reg_rep__456/D
                            (rising edge-triggered cell FDRE clocked by clk_pl_0  {rise@0.000ns fall@5.000ns period=10.000ns})
  Path Group:             clk_pl_0
  Path Type:              Setup (Max at Slow Process Corner)
  Requirement:            10.000ns  (clk_pl_0 rise@10.000ns - clk_pl_0 rise@0.000ns)
  Data Path Delay:        8.618ns  (logic 0.266ns (3.087%)  route 8.352ns (96.913%))
  Logic Levels:           1  (LUT2=1)
  Clock Path Skew:        -0.116ns (DCD - SCD + CPR)
    Destination Clock Delay (DCD):    3.133ns = ( 13.133 - 10.000 ) 
    Source Clock Delay      (SCD):    3.443ns
    Clock Pessimism Removal (CPR):    0.194ns
  Clock Uncertainty:      0.160ns  ((TSJ^2 + DJ^2)^1/2) / 2 + PE
    Total System Jitter     (TSJ):    0.071ns
    Discrete Jitter          (DJ):    0.312ns
    Phase Error              (PE):    0.000ns
  Clock Net Delay (Source):      3.176ns (routing 1.681ns, distribution 1.495ns)
  Clock Net Delay (Destination): 2.917ns (routing 1.538ns, distribution 1.379ns)

    Location             Delay type                Incr(ns)  Path(ns)    Netlist Resource(s)
  -------------------------------------------------------------------    -------------------
                         (clock clk_pl_0 rise edge)
                                                      0.000     0.000 r  
    PS8_X0Y0             PS8                          0.000     0.000 r  pccx_v002_system_i/zynq_ps/inst/PS8_i/PLCLK[0]
                         net (fo=1, routed)           0.229     0.229    pccx_v002_system_i/zynq_ps/inst/pl_clk_unbuffered[0]
    BUFG_PS_X0Y90        BUFG_PS (Prop_BUFG_PS_I_O)
                                                      0.038     0.267 r  pccx_v002_system_i/zynq_ps/inst/buffer_pl_clk_0.PL_CLK_0_BUFG/O
    X1Y1 (CLOCK_ROOT)    net (fo=82633, routed)       3.176     3.443    pccx_v002_system_i/u_npu/inst/u_wrap/u_pccx_npu_top/u_HP_buffer/u_hp1_weight_fifo/xpm_fifo_base_inst/rd_clk
    SLICE_X47Y197        FDRE                                         r  pccx_v002_system_i/u_npu/inst/u_wrap/u_pccx_npu_top/u_HP_buffer/u_hp1_weight_fifo/xpm_fifo_base_inst/gen_fwft.gdvld_fwft.data_valid_fwft_reg/C
  -------------------------------------------------------------------    -------------------
    SLICE_X47Y197        FDRE (Prop_EFF_SLICEL_C_Q)
                                                      0.114     3.557 r  pccx_v002_system_i/u_npu/inst/u_wrap/u_pccx_npu_top/u_HP_buffer/u_hp1_weight_fifo/xpm_fifo_base_inst/gen_fwft.gdvld_fwft.data_valid_fwft_reg/Q
                         net (fo=770, routed)         8.272    11.829    pccx_v002_system_i/u_npu/inst/u_wrap/u_pccx_npu_top/u_HP_buffer/M_CORE_HP1_WEIGHT\\.tvalid
    SLICE_X18Y18         LUT2 (Prop_G6LUT_SLICEM_I1_O)
                                                      0.152    11.981 r  pccx_v002_system_i/u_npu/inst/u_wrap/u_pccx_npu_top/u_HP_buffer/weight_valid_rep_i_1__456/O
                         net (fo=1, routed)           0.080    12.061    pccx_v002_system_i/u_npu/inst/u_wrap/u_pccx_npu_top/u_systolic_engine/u_weight_unpacker/weight_valid_reg_rep__456_1
    SLICE_X18Y18         FDRE                                         r  pccx_v002_system_i/u_npu/inst/u_wrap/u_pccx_npu_top/u_systolic_engine/u_weight_unpacker/weight_valid_reg_rep__456/D
  -------------------------------------------------------------------    -------------------

                         (clock clk_pl_0 rise edge)
                                                     10.000    10.000 r  
    PS8_X0Y0             PS8                          0.000    10.000 r  pccx_v002_system_i/zynq_ps/inst/PS8_i/PLCLK[0]
                         net (fo=1, routed)           0.181    10.181    pccx_v002_system_i/zynq_ps/inst/pl_clk_unbuffered[0]
    BUFG_PS_X0Y90        BUFG_PS (Prop_BUFG_PS_I_O)
                                                      0.035    10.216 r  pccx_v002_system_i/zynq_ps/inst/buffer_pl_clk_0.PL_CLK_0_BUFG/O
    X1Y1 (CLOCK_ROOT)    net (fo=82633, routed)       2.917    13.133    pccx_v002_system_i/u_npu/inst/u_wrap/u_pccx_npu_top/u_systolic_engine/u_weight_unpacker/clk_core
    SLICE_X18Y18         FDRE                                         r  pccx_v002_system_i/u_npu/inst/u_wrap/u_pccx_npu_top/u_systolic_engine/u_weight_unpacker/weight_valid_reg_rep__456/C
                         clock pessimism              0.194    13.327    
                         clock uncertainty           -0.160    13.167    
    SLICE_X18Y18         FDRE (Setup_GFF_SLICEM_C_D)
                                                      0.043    13.210    pccx_v002_system_i/u_npu/inst/u_wrap/u_pccx_npu_top/u_systolic_engine/u_weight_unpacker/weight_valid_reg_rep__456
  -------------------------------------------------------------------
                         required time                         13.210    
                         arrival time                         -12.061    
  -------------------------------------------------------------------
                         slack                                  1.149    

Slack (MET) :             1.234ns  (required time - arrival time)
  Source:                 pccx_v002_system_i/u_npu/inst/u_wrap/u_pccx_npu_top/u_HP_buffer/u_hp1_weight_fifo/xpm_fifo_base_inst/gen_fwft.gdvld_fwft.data_valid_fwft_reg/C
                            (rising edge-triggered cell FDRE clocked by clk_pl_0  {rise@0.000ns fall@5.000ns period=10.000ns})
  Destination:            pccx_v002_system_i/u_npu/inst/u_wrap/u_pccx_npu_top/u_systolic_engine/u_weight_unpacker/weight_valid_reg_rep__636/D
                            (rising edge-triggered cell FDRE clocked by clk_pl_0  {rise@0.000ns fall@5.000ns period=10.000ns})
  Path Group:             clk_pl_0
  Path Type:              Setup (Max at Slow Process Corner)
  Requirement:            10.000ns  (clk_pl_0 rise@10.000ns - clk_pl_0 rise@0.000ns)
  Data Path Delay:        8.533ns  (logic 0.170ns (1.992%)  route 8.363ns (98.008%))
  Logic Levels:           1  (LUT2=1)
  Clock Path Skew:        -0.116ns (DCD - SCD + CPR)
    Destination Clock Delay (DCD):    3.133ns = ( 13.133 - 10.000 ) 
    Source Clock Delay      (SCD):    3.443ns
    Clock Pessimism Removal (CPR):    0.194ns
  Clock Uncertainty:      0.160ns  ((TSJ^2 + DJ^2)^1/2) / 2 + PE
    Total System Jitter     (TSJ):    0.071ns
    Discrete Jitter          (DJ):    0.312ns
    Phase Error              (PE):    0.000ns
  Clock Net Delay (Source):      3.176ns (routing 1.681ns, distribution 1.495ns)
  Clock Net Delay (Destination): 2.917ns (routing 1.538ns, distribution 1.379ns)

    Location             Delay type                Incr(ns)  Path(ns)    Netlist Resource(s)
  -------------------------------------------------------------------    -------------------
                         (clock clk_pl_0 rise edge)
                                                      0.000     0.000 r  
    PS8_X0Y0             PS8                          0.000     0.000 r  pccx_v002_system_i/zynq_ps/inst/PS8_i/PLCLK[0]
                         net (fo=1, routed)           0.229     0.229    pccx_v002_system_i/zynq_ps/inst/pl_clk_unbuffered[0]
    BUFG_PS_X0Y90        BUFG_PS (Prop_BUFG_PS_I_O)
                                                      0.038     0.267 r  pccx_v002_system_i/zynq_ps/inst/buffer_pl_clk_0.PL_CLK_0_BUFG/O
    X1Y1 (CLOCK_ROOT)    net (fo=82633, routed)       3.176     3.443    pccx_v002_system_i/u_npu/inst/u_wrap/u_pccx_npu_top/u_HP_buffer/u_hp1_weight_fifo/xpm_fifo_base_inst/rd_clk
    SLICE_X47Y197        FDRE                                         r  pccx_v002_system_i/u_npu/inst/u_wrap/u_pccx_npu_top/u_HP_buffer/u_hp1_weight_fifo/xpm_fifo_base_inst/gen_fwft.gdvld_fwft.data_valid_fwft_reg/C
  -------------------------------------------------------------------    -------------------
    SLICE_X47Y197        FDRE (Prop_EFF_SLICEL_C_Q)
                                                      0.114     3.557 r  pccx_v002_system_i/u_npu/inst/u_wrap/u_pccx_npu_top/u_HP_buffer/u_hp1_weight_fifo/xpm_fifo_base_inst/gen_fwft.gdvld_fwft.data_valid_fwft_reg/Q
                         net (fo=770, routed)         8.268    11.825    pccx_v002_system_i/u_npu/inst/u_wrap/u_pccx_npu_top/u_HP_buffer/M_CORE_HP1_WEIGHT\\.tvalid
    SLICE_X18Y18         LUT2 (Prop_F6LUT_SLICEM_I1_O)
                                                      0.056    11.881 r  pccx_v002_system_i/u_npu/inst/u_wrap/u_pccx_npu_top/u_HP_buffer/weight_valid_rep_i_1__636/O
                         net (fo=1, routed)           0.095    11.976    pccx_v002_system_i/u_npu/inst/u_wrap/u_pccx_npu_top/u_systolic_engine/u_weight_unpacker/weight_valid_reg_rep__636_1
    SLICE_X18Y18         FDRE                                         r  pccx_v002_system_i/u_npu/inst/u_wrap/u_pccx_npu_top/u_systolic_engine/u_weight_unpacker/weight_valid_reg_rep__636/D
  -------------------------------------------------------------------    -------------------

                         (clock clk_pl_0 rise edge)
                                                     10.000    10.000 r  
    PS8_X0Y0             PS8                          0.000    10.000 r  pccx_v002_system_i/zynq_ps/inst/PS8_i/PLCLK[0]
                         net (fo=1, routed)           0.181    10.181    pccx_v002_system_i/zynq_ps/inst/pl_clk_unbuffered[0]
    BUFG_PS_X0Y90        BUFG_PS (Prop_BUFG_PS_I_O)
                                                      0.035    10.216 r  pccx_v002_system_i/zynq_ps/inst/buffer_pl_clk_0.PL_CLK_0_BUFG/O
    X1Y1 (CLOCK_ROOT)    net (fo=82633, routed)       2.917    13.133    pccx_v002_system_i/u_npu/inst/u_wrap/u_pccx_npu_top/u_systolic_engine/u_weight_unpacker/clk_core
    SLICE_X18Y18         FDRE                                         r  pccx_v002_system_i/u_npu/inst/u_wrap/u_pccx_npu_top/u_systolic_engine/u_weight_unpacker/weight_valid_reg_rep__636/C
                         clock pessimism              0.194    13.327    
                         clock uncertainty           -0.160    13.167    
    SLICE_X18Y18         FDRE (Setup_FFF_SLICEM_C_D)
                                                      0.043    13.210    pccx_v002_system_i/u_npu/inst/u_wrap/u_pccx_npu_top/u_systolic_engine/u_weight_unpacker/weight_valid_reg_rep__636
  -------------------------------------------------------------------
                         required time                         13.210    
                         arrival time                         -11.976    
  -------------------------------------------------------------------
                         slack                                  1.234    

Slack (MET) :             1.238ns  (required time - arrival time)
  Source:                 pccx_v002_system_i/u_npu/inst/u_wrap/u_pccx_npu_top/u_HP_buffer/u_hp1_weight_fifo/xpm_fifo_base_inst/gen_fwft.gdvld_fwft.data_valid_fwft_reg/C
                            (rising edge-triggered cell FDRE clocked by clk_pl_0  {rise@0.000ns fall@5.000ns period=10.000ns})
  Destination:            pccx_v002_system_i/u_npu/inst/u_wrap/u_pccx_npu_top/u_systolic_engine/u_weight_unpacker/weight_valid_reg_rep__569/D
                            (rising edge-triggered cell FDRE clocked by clk_pl_0  {rise@0.000ns fall@5.000ns period=10.000ns})
  Path Group:             clk_pl_0
  Path Type:              Setup (Max at Slow Process Corner)
  Requirement:            10.000ns  (clk_pl_0 rise@10.000ns - clk_pl_0 rise@0.000ns)
  Data Path Delay:        8.556ns  (logic 0.268ns (3.132%)  route 8.288ns (96.868%))
  Logic Levels:           1  (LUT2=1)
  Clock Path Skew:        -0.090ns (DCD - SCD + CPR)
    Destination Clock Delay (DCD):    3.159ns = ( 13.159 - 10.000 ) 
    Source Clock Delay      (SCD):    3.443ns
    Clock Pessimism Removal (CPR):    0.194ns
  Clock Uncertainty:      0.160ns  ((TSJ^2 + DJ^2)^1/2) / 2 + PE
    Total System Jitter     (TSJ):    0.071ns
    Discrete Jitter          (DJ):    0.312ns
    Phase Error              (PE):    0.000ns
  Clock Net Delay (Source):      3.176ns (routing 1.681ns, distribution 1.495ns)
  Clock Net Delay (Destination): 2.943ns (routing 1.538ns, distribution 1.405ns)

    Location             Delay type                Incr(ns)  Path(ns)    Netlist Resource(s)
  -------------------------------------------------------------------    -------------------
                         (clock clk_pl_0 rise edge)
                                                      0.000     0.000 r  
    PS8_X0Y0             PS8                          0.000     0.000 r  pccx_v002_system_i/zynq_ps/inst/PS8_i/PLCLK[0]
                         net (fo=1, routed)           0.229     0.229    pccx_v002_system_i/zynq_ps/inst/pl_clk_unbuffered[0]
    BUFG_PS_X0Y90        BUFG_PS (Prop_BUFG_PS_I_O)
                                                      0.038     0.267 r  pccx_v002_system_i/zynq_ps/inst/buffer_pl_clk_0.PL_CLK_0_BUFG/O
    X1Y1 (CLOCK_ROOT)    net (fo=82633, routed)       3.176     3.443    pccx_v002_system_i/u_npu/inst/u_wrap/u_pccx_npu_top/u_HP_buffer/u_hp1_weight_fifo/xpm_fifo_base_inst/rd_clk
    SLICE_X47Y197        FDRE                                         r  pccx_v002_system_i/u_npu/inst/u_wrap/u_pccx_npu_top/u_HP_buffer/u_hp1_weight_fifo/xpm_fifo_base_inst/gen_fwft.gdvld_fwft.data_valid_fwft_reg/C
  -------------------------------------------------------------------    -------------------
    SLICE_X47Y197        FDRE (Prop_EFF_SLICEL_C_Q)
                                                      0.114     3.557 r  pccx_v002_system_i/u_npu/inst/u_wrap/u_pccx_npu_top/u_HP_buffer/u_hp1_weight_fifo/xpm_fifo_base_inst/gen_fwft.gdvld_fwft.data_valid_fwft_reg/Q
                         net (fo=770, routed)         8.208    11.765    pccx_v002_system_i/u_npu/inst/u_wrap/u_pccx_npu_top/u_HP_buffer/M_CORE_HP1_WEIGHT\\.tvalid
    SLICE_X1Y47          LUT2 (Prop_H6LUT_SLICEM_I1_O)
                                                      0.154    11.919 r  pccx_v002_system_i/u_npu/inst/u_wrap/u_pccx_npu_top/u_HP_buffer/weight_valid_rep_i_1__569/O
                         net (fo=1, routed)           0.080    11.999    pccx_v002_system_i/u_npu/inst/u_wrap/u_pccx_npu_top/u_systolic_engine/u_weight_unpacker/weight_valid_reg_rep__569_1
    SLICE_X1Y47          FDRE                                         r  pccx_v002_system_i/u_npu/inst/u_wrap/u_pccx_npu_top/u_systolic_engine/u_weight_unpacker/weight_valid_reg_rep__569/D
  -------------------------------------------------------------------    -------------------

                         (clock clk_pl_0 rise edge)
                                                     10.000    10.000 r  
    PS8_X0Y0             PS8                          0.000    10.000 r  pccx_v002_system_i/zynq_ps/inst/PS8_i/PLCLK[0]
                         net (fo=1, routed)           0.181    10.181    pccx_v002_system_i/zynq_ps/inst/pl_clk_unbuffered[0]
    BUFG_PS_X0Y90        BUFG_PS (Prop_BUFG_PS_I_O)
                                                      0.035    10.216 r  pccx_v002_system_i/zynq_ps/inst/buffer_pl_clk_0.PL_CLK_0_BUFG/O
    X1Y1 (CLOCK_ROOT)    net (fo=82633, routed)       2.943    13.159    pccx_v002_system_i/u_npu/inst/u_wrap/u_pccx_npu_top/u_systolic_engine/u_weight_unpacker/clk_core
    SLICE_X1Y47          FDRE                                         r  pccx_v002_system_i/u_npu/inst/u_wrap/u_pccx_npu_top/u_systolic_engine/u_weight_unpacker/weight_valid_reg_rep__569/C
                         clock pessimism              0.194    13.353    
                         clock uncertainty           -0.160    13.193    
    SLICE_X1Y47          FDRE (Setup_HFF_SLICEM_C_D)
                                                      0.044    13.237    pccx_v002_system_i/u_npu/inst/u_wrap/u_pccx_npu_top/u_systolic_engine/u_weight_unpacker/weight_valid_reg_rep__569
  -------------------------------------------------------------------
                         required time                         13.237    
                         arrival time                         -11.999    
  -------------------------------------------------------------------
                         slack                                  1.238    

Slack (MET) :             1.425ns  (required time - arrival time)
  Source:                 pccx_v002_system_i/u_npu/inst/u_wrap/u_pccx_npu_top/u_HP_buffer/u_hp1_weight_fifo/xpm_fifo_base_inst/gen_fwft.gdvld_fwft.data_valid_fwft_reg/C
                            (rising edge-triggered cell FDRE clocked by clk_pl_0  {rise@0.000ns fall@5.000ns period=10.000ns})
  Destination:            pccx_v002_system_i/u_npu/inst/u_wrap/u_pccx_npu_top/u_systolic_engine/u_weight_unpacker/weight_valid_reg_rep__570/D
                            (rising edge-triggered cell FDRE clocked by clk_pl_0  {rise@0.000ns fall@5.000ns period=10.000ns})
  Path Group:             clk_pl_0
  Path Type:              Setup (Max at Slow Process Corner)
  Requirement:            10.000ns  (clk_pl_0 rise@10.000ns - clk_pl_0 rise@0.000ns)
  Data Path Delay:        8.368ns  (logic 0.335ns (4.003%)  route 8.033ns (95.997%))
  Logic Levels:           1  (LUT2=1)
  Clock Path Skew:        -0.091ns (DCD - SCD + CPR)
    Destination Clock Delay (DCD):    3.158ns = ( 13.158 - 10.000 ) 
    Source Clock Delay      (SCD):    3.443ns
    Clock Pessimism Removal (CPR):    0.194ns
  Clock Uncertainty:      0.160ns  ((TSJ^2 + DJ^2)^1/2) / 2 + PE
    Total System Jitter     (TSJ):    0.071ns
    Discrete Jitter          (DJ):    0.312ns
    Phase Error              (PE):    0.000ns
  Clock Net Delay (Source):      3.176ns (routing 1.681ns, distribution 1.495ns)
  Clock Net Delay (Destination): 2.942ns (routing 1.538ns, distribution 1.404ns)

    Location             Delay type                Incr(ns)  Path(ns)    Netlist Resource(s)
  -------------------------------------------------------------------    -------------------
                         (clock clk_pl_0 rise edge)
                                                      0.000     0.000 r  
    PS8_X0Y0             PS8                          0.000     0.000 r  pccx_v002_system_i/zynq_ps/inst/PS8_i/PLCLK[0]
                         net (fo=1, routed)           0.229     0.229    pccx_v002_system_i/zynq_ps/inst/pl_clk_unbuffered[0]
    BUFG_PS_X0Y90        BUFG_PS (Prop_BUFG_PS_I_O)
                                                      0.038     0.267 r  pccx_v002_system_i/zynq_ps/inst/buffer_pl_clk_0.PL_CLK_0_BUFG/O
    X1Y1 (CLOCK_ROOT)    net (fo=82633, routed)       3.176     3.443    pccx_v002_system_i/u_npu/inst/u_wrap/u_pccx_npu_top/u_HP_buffer/u_hp1_weight_fifo/xpm_fifo_base_inst/rd_clk
    SLICE_X47Y197        FDRE                                         r  pccx_v002_system_i/u_npu/inst/u_wrap/u_pccx_npu_top/u_HP_buffer/u_hp1_weight_fifo/xpm_fifo_base_inst/gen_fwft.gdvld_fwft.data_valid_fwft_reg/C
  -------------------------------------------------------------------    -------------------
    SLICE_X47Y197        FDRE (Prop_EFF_SLICEL_C_Q)
                                                      0.114     3.557 r  pccx_v002_system_i/u_npu/inst/u_wrap/u_pccx_npu_top/u_HP_buffer/u_hp1_weight_fifo/xpm_fifo_base_inst/gen_fwft.gdvld_fwft.data_valid_fwft_reg/Q
                         net (fo=770, routed)         7.964    11.521    pccx_v002_system_i/u_npu/inst/u_wrap/u_pccx_npu_top/u_HP_buffer/M_CORE_HP1_WEIGHT\\.tvalid
    SLICE_X3Y37          LUT2 (Prop_C6LUT_SLICEL_I1_O)
                                                      0.221    11.742 r  pccx_v002_system_i/u_npu/inst/u_wrap/u_pccx_npu_top/u_HP_buffer/weight_valid_rep_i_1__570/O
                         net (fo=1, routed)           0.069    11.811    pccx_v002_system_i/u_npu/inst/u_wrap/u_pccx_npu_top/u_systolic_engine/u_weight_unpacker/weight_valid_reg_rep__570_1
    SLICE_X3Y37          FDRE                                         r  pccx_v002_system_i/u_npu/inst/u_wrap/u_pccx_npu_top/u_systolic_engine/u_weight_unpacker/weight_valid_reg_rep__570/D
  -------------------------------------------------------------------    -------------------

                         (clock clk_pl_0 rise edge)
                                                     10.000    10.000 r  
    PS8_X0Y0             PS8                          0.000    10.000 r  pccx_v002_system_i/zynq_ps/inst/PS8_i/PLCLK[0]
                         net (fo=1, routed)           0.181    10.181    pccx_v002_system_i/zynq_ps/inst/pl_clk_unbuffered[0]
    BUFG_PS_X0Y90        BUFG_PS (Prop_BUFG_PS_I_O)
                                                      0.035    10.216 r  pccx_v002_system_i/zynq_ps/inst/buffer_pl_clk_0.PL_CLK_0_BUFG/O
    X1Y1 (CLOCK_ROOT)    net (fo=82633, routed)       2.942    13.158    pccx_v002_system_i/u_npu/inst/u_wrap/u_pccx_npu_top/u_systolic_engine/u_weight_unpacker/clk_core
    SLICE_X3Y37          FDRE                                         r  pccx_v002_system_i/u_npu/inst/u_wrap/u_pccx_npu_top/u_systolic_engine/u_weight_unpacker/weight_valid_reg_rep__570/C
                         clock pessimism              0.194    13.352    
                         clock uncertainty           -0.160    13.192    
    SLICE_X3Y37          FDRE (Setup_CFF_SLICEL_C_D)
                                                      0.044    13.236    pccx_v002_system_i/u_npu/inst/u_wrap/u_pccx_npu_top/u_systolic_engine/u_weight_unpacker/weight_valid_reg_rep__570
  -------------------------------------------------------------------
                         required time                         13.236    
                         arrival time                         -11.811    
  -------------------------------------------------------------------
                         slack                                  1.425    

Slack (MET) :             1.455ns  (required time - arrival time)
  Source:                 pccx_v002_system_i/u_npu/inst/u_wrap/u_pccx_npu_top/u_HP_buffer/u_hp1_weight_fifo/xpm_fifo_base_inst/gen_fwft.gdvld_fwft.data_valid_fwft_reg/C
                            (rising edge-triggered cell FDRE clocked by clk_pl_0  {rise@0.000ns fall@5.000ns period=10.000ns})
  Destination:            pccx_v002_system_i/u_npu/inst/u_wrap/u_pccx_npu_top/u_systolic_engine/u_weight_unpacker/weight_valid_reg_rep__600/D
                            (rising edge-triggered cell FDRE clocked by clk_pl_0  {rise@0.000ns fall@5.000ns period=10.000ns})
  Path Group:             clk_pl_0
  Path Type:              Setup (Max at Slow Process Corner)
  Requirement:            10.000ns  (clk_pl_0 rise@10.000ns - clk_pl_0 rise@0.000ns)
  Data Path Delay:        8.326ns  (logic 0.248ns (2.979%)  route 8.078ns (97.021%))
  Logic Levels:           1  (LUT2=1)
  Clock Path Skew:        -0.102ns (DCD - SCD + CPR)
    Destination Clock Delay (DCD):    3.147ns = ( 13.147 - 10.000 ) 
    Source Clock Delay      (SCD):    3.443ns
    Clock Pessimism Removal (CPR):    0.194ns
  Clock Uncertainty:      0.160ns  ((TSJ^2 + DJ^2)^1/2) / 2 + PE
    Total System Jitter     (TSJ):    0.071ns
    Discrete Jitter          (DJ):    0.312ns
    Phase Error              (PE):    0.000ns
  Clock Net Delay (Source):      3.176ns (routing 1.681ns, distribution 1.495ns)
  Clock Net Delay (Destination): 2.931ns (routing 1.538ns, distribution 1.393ns)

    Location             Delay type                Incr(ns)  Path(ns)    Netlist Resource(s)
  -------------------------------------------------------------------    -------------------
                         (clock clk_pl_0 rise edge)
                                                      0.000     0.000 r  
    PS8_X0Y0             PS8                          0.000     0.000 r  pccx_v002_system_i/zynq_ps/inst/PS8_i/PLCLK[0]
                         net (fo=1, routed)           0.229     0.229    pccx_v002_system_i/zynq_ps/inst/pl_clk_unbuffered[0]
    BUFG_PS_X0Y90        BUFG_PS (Prop_BUFG_PS_I_O)
                                                      0.038     0.267 r  pccx_v002_system_i/zynq_ps/inst/buffer_pl_clk_0.PL_CLK_0_BUFG/O
    X1Y1 (CLOCK_ROOT)    net (fo=82633, routed)       3.176     3.443    pccx_v002_system_i/u_npu/inst/u_wrap/u_pccx_npu_top/u_HP_buffer/u_hp1_weight_fifo/xpm_fifo_base_inst/rd_clk
    SLICE_X47Y197        FDRE                                         r  pccx_v002_system_i/u_npu/inst/u_wrap/u_pccx_npu_top/u_HP_buffer/u_hp1_weight_fifo/xpm_fifo_base_inst/gen_fwft.gdvld_fwft.data_valid_fwft_reg/C
  -------------------------------------------------------------------    -------------------
    SLICE_X47Y197        FDRE (Prop_EFF_SLICEL_C_Q)
                                                      0.114     3.557 r  pccx_v002_system_i/u_npu/inst/u_wrap/u_pccx_npu_top/u_HP_buffer/u_hp1_weight_fifo/xpm_fifo_base_inst/gen_fwft.gdvld_fwft.data_valid_fwft_reg/Q
                         net (fo=770, routed)         7.982    11.539    pccx_v002_system_i/u_npu/inst/u_wrap/u_pccx_npu_top/u_HP_buffer/M_CORE_HP1_WEIGHT\\.tvalid
    SLICE_X10Y24         LUT2 (Prop_D6LUT_SLICEM_I1_O)
                                                      0.134    11.673 r  pccx_v002_system_i/u_npu/inst/u_wrap/u_pccx_npu_top/u_HP_buffer/weight_valid_rep_i_1__600/O
                         net (fo=1, routed)           0.096    11.769    pccx_v002_system_i/u_npu/inst/u_wrap/u_pccx_npu_top/u_systolic_engine/u_weight_unpacker/weight_valid_reg_rep__600_1
    SLICE_X10Y24         FDRE                                         r  pccx_v002_system_i/u_npu/inst/u_wrap/u_pccx_npu_top/u_systolic_engine/u_weight_unpacker/weight_valid_reg_rep__600/D
  -------------------------------------------------------------------    -------------------

                         (clock clk_pl_0 rise edge)
                                                     10.000    10.000 r  
    PS8_X0Y0             PS8                          0.000    10.000 r  pccx_v002_system_i/zynq_ps/inst/PS8_i/PLCLK[0]
                         net (fo=1, routed)           0.181    10.181    pccx_v002_system_i/zynq_ps/inst/pl_clk_unbuffered[0]
    BUFG_PS_X0Y90        BUFG_PS (Prop_BUFG_PS_I_O)
                                                      0.035    10.216 r  pccx_v002_system_i/zynq_ps/inst/buffer_pl_clk_0.PL_CLK_0_BUFG/O
    X1Y1 (CLOCK_ROOT)    net (fo=82633, routed)       2.931    13.147    pccx_v002_system_i/u_npu/inst/u_wrap/u_pccx_npu_top/u_systolic_engine/u_weight_unpacker/clk_core
    SLICE_X10Y24         FDRE                                         r  pccx_v002_system_i/u_npu/inst/u_wrap/u_pccx_npu_top/u_systolic_engine/u_weight_unpacker/weight_valid_reg_rep__600/C
                         clock pessimism              0.194    13.341    
                         clock uncertainty           -0.160    13.181    
    SLICE_X10Y24         FDRE (Setup_DFF_SLICEM_C_D)
                                                      0.043    13.224    pccx_v002_system_i/u_npu/inst/u_wrap/u_pccx_npu_top/u_systolic_engine/u_weight_unpacker/weight_valid_reg_rep__600
  -------------------------------------------------------------------
                         required time                         13.224    
                         arrival time                         -11.769    
  -------------------------------------------------------------------
                         slack                                  1.455    

Slack (MET) :             1.500ns  (required time - arrival time)
  Source:                 pccx_v002_system_i/u_npu/inst/u_wrap/u_pccx_npu_top/u_HP_buffer/u_hp1_weight_fifo/xpm_fifo_base_inst/gen_fwft.gdvld_fwft.data_valid_fwft_reg/C
                            (rising edge-triggered cell FDRE clocked by clk_pl_0  {rise@0.000ns fall@5.000ns period=10.000ns})
  Destination:            pccx_v002_system_i/u_npu/inst/u_wrap/u_pccx_npu_top/u_systolic_engine/u_weight_unpacker/weight_valid_reg_rep__553/D
                            (rising edge-triggered cell FDRE clocked by clk_pl_0  {rise@0.000ns fall@5.000ns period=10.000ns})
  Path Group:             clk_pl_0
  Path Type:              Setup (Max at Slow Process Corner)
  Requirement:            10.000ns  (clk_pl_0 rise@10.000ns - clk_pl_0 rise@0.000ns)
  Data Path Delay:        8.293ns  (logic 0.267ns (3.220%)  route 8.026ns (96.780%))
  Logic Levels:           1  (LUT2=1)
  Clock Path Skew:        -0.091ns (DCD - SCD + CPR)
    Destination Clock Delay (DCD):    3.158ns = ( 13.158 - 10.000 ) 
    Source Clock Delay      (SCD):    3.443ns
    Clock Pessimism Removal (CPR):    0.194ns
  Clock Uncertainty:      0.160ns  ((TSJ^2 + DJ^2)^1/2) / 2 + PE
    Total System Jitter     (TSJ):    0.071ns
    Discrete Jitter          (DJ):    0.312ns
    Phase Error              (PE):    0.000ns
  Clock Net Delay (Source):      3.176ns (routing 1.681ns, distribution 1.495ns)
  Clock Net Delay (Destination): 2.942ns (routing 1.538ns, distribution 1.404ns)

    Location             Delay type                Incr(ns)  Path(ns)    Netlist Resource(s)
  -------------------------------------------------------------------    -------------------
                         (clock clk_pl_0 rise edge)
                                                      0.000     0.000 r  
    PS8_X0Y0             PS8                          0.000     0.000 r  pccx_v002_system_i/zynq_ps/inst/PS8_i/PLCLK[0]
                         net (fo=1, routed)           0.229     0.229    pccx_v002_system_i/zynq_ps/inst/pl_clk_unbuffered[0]
    BUFG_PS_X0Y90        BUFG_PS (Prop_BUFG_PS_I_O)
                                                      0.038     0.267 r  pccx_v002_system_i/zynq_ps/inst/buffer_pl_clk_0.PL_CLK_0_BUFG/O
    X1Y1 (CLOCK_ROOT)    net (fo=82633, routed)       3.176     3.443    pccx_v002_system_i/u_npu/inst/u_wrap/u_pccx_npu_top/u_HP_buffer/u_hp1_weight_fifo/xpm_fifo_base_inst/rd_clk
    SLICE_X47Y197        FDRE                                         r  pccx_v002_system_i/u_npu/inst/u_wrap/u_pccx_npu_top/u_HP_buffer/u_hp1_weight_fifo/xpm_fifo_base_inst/gen_fwft.gdvld_fwft.data_valid_fwft_reg/C
  -------------------------------------------------------------------    -------------------
    SLICE_X47Y197        FDRE (Prop_EFF_SLICEL_C_Q)
                                                      0.114     3.557 r  pccx_v002_system_i/u_npu/inst/u_wrap/u_pccx_npu_top/u_HP_buffer/u_hp1_weight_fifo/xpm_fifo_base_inst/gen_fwft.gdvld_fwft.data_valid_fwft_reg/Q
                         net (fo=770, routed)         7.956    11.513    pccx_v002_system_i/u_npu/inst/u_wrap/u_pccx_npu_top/u_HP_buffer/M_CORE_HP1_WEIGHT\\.tvalid
    SLICE_X3Y34          LUT2 (Prop_H6LUT_SLICEL_I1_O)
                                                      0.153    11.666 r  pccx_v002_system_i/u_npu/inst/u_wrap/u_pccx_npu_top/u_HP_buffer/weight_valid_rep_i_1__553/O
                         net (fo=1, routed)           0.070    11.736    pccx_v002_system_i/u_npu/inst/u_wrap/u_pccx_npu_top/u_systolic_engine/u_weight_unpacker/weight_valid_reg_rep__553_1
    SLICE_X3Y34          FDRE                                         r  pccx_v002_system_i/u_npu/inst/u_wrap/u_pccx_npu_top/u_systolic_engine/u_weight_unpacker/weight_valid_reg_rep__553/D
  -------------------------------------------------------------------    -------------------

                         (clock clk_pl_0 rise edge)
                                                     10.000    10.000 r  
    PS8_X0Y0             PS8                          0.000    10.000 r  pccx_v002_system_i/zynq_ps/inst/PS8_i/PLCLK[0]
                         net (fo=1, routed)           0.181    10.181    pccx_v002_system_i/zynq_ps/inst/pl_clk_unbuffered[0]
    BUFG_PS_X0Y90        BUFG_PS (Prop_BUFG_PS_I_O)
                                                      0.035    10.216 r  pccx_v002_system_i/zynq_ps/inst/buffer_pl_clk_0.PL_CLK_0_BUFG/O
    X1Y1 (CLOCK_ROOT)    net (fo=82633, routed)       2.942    13.158    pccx_v002_system_i/u_npu/inst/u_wrap/u_pccx_npu_top/u_systolic_engine/u_weight_unpacker/clk_core
    SLICE_X3Y34          FDRE                                         r  pccx_v002_system_i/u_npu/inst/u_wrap/u_pccx_npu_top/u_systolic_engine/u_weight_unpacker/weight_valid_reg_rep__553/C
                         clock pessimism              0.194    13.352    
                         clock uncertainty           -0.160    13.192    
    SLICE_X3Y34          FDRE (Setup_HFF_SLICEL_C_D)
                                                      0.044    13.236    pccx_v002_system_i/u_npu/inst/u_wrap/u_pccx_npu_top/u_systolic_engine/u_weight_unpacker/weight_valid_reg_rep__553
  -------------------------------------------------------------------
                         required time                         13.236    
                         arrival time                         -11.736    
  -------------------------------------------------------------------
                         slack                                  1.500    

Slack (MET) :             1.526ns  (required time - arrival time)
  Source:                 pccx_v002_system_i/u_npu/inst/u_wrap/u_pccx_npu_top/u_HP_buffer/u_hp1_weight_fifo/xpm_fifo_base_inst/gen_fwft.gdvld_fwft.data_valid_fwft_reg/C
                            (rising edge-triggered cell FDRE clocked by clk_pl_0  {rise@0.000ns fall@5.000ns period=10.000ns})
  Destination:            pccx_v002_system_i/u_npu/inst/u_wrap/u_pccx_npu_top/u_systolic_engine/u_weight_unpacker/weight_valid_reg_rep__556/D
                            (rising edge-triggered cell FDRE clocked by clk_pl_0  {rise@0.000ns fall@5.000ns period=10.000ns})
  Path Group:             clk_pl_0
  Path Type:              Setup (Max at Slow Process Corner)
  Requirement:            10.000ns  (clk_pl_0 rise@10.000ns - clk_pl_0 rise@0.000ns)
  Data Path Delay:        8.267ns  (logic 0.250ns (3.024%)  route 8.017ns (96.976%))
  Logic Levels:           1  (LUT2=1)
  Clock Path Skew:        -0.091ns (DCD - SCD + CPR)
    Destination Clock Delay (DCD):    3.158ns = ( 13.158 - 10.000 ) 
    Source Clock Delay      (SCD):    3.443ns
    Clock Pessimism Removal (CPR):    0.194ns
  Clock Uncertainty:      0.160ns  ((TSJ^2 + DJ^2)^1/2) / 2 + PE
    Total System Jitter     (TSJ):    0.071ns
    Discrete Jitter          (DJ):    0.312ns
    Phase Error              (PE):    0.000ns
  Clock Net Delay (Source):      3.176ns (routing 1.681ns, distribution 1.495ns)
  Clock Net Delay (Destination): 2.942ns (routing 1.538ns, distribution 1.404ns)

    Location             Delay type                Incr(ns)  Path(ns)    Netlist Resource(s)
  -------------------------------------------------------------------    -------------------
                         (clock clk_pl_0 rise edge)
                                                      0.000     0.000 r  
    PS8_X0Y0             PS8                          0.000     0.000 r  pccx_v002_system_i/zynq_ps/inst/PS8_i/PLCLK[0]
                         net (fo=1, routed)           0.229     0.229    pccx_v002_system_i/zynq_ps/inst/pl_clk_unbuffered[0]
    BUFG_PS_X0Y90        BUFG_PS (Prop_BUFG_PS_I_O)
                                                      0.038     0.267 r  pccx_v002_system_i/zynq_ps/inst/buffer_pl_clk_0.PL_CLK_0_BUFG/O
    X1Y1 (CLOCK_ROOT)    net (fo=82633, routed)       3.176     3.443    pccx_v002_system_i/u_npu/inst/u_wrap/u_pccx_npu_top/u_HP_buffer/u_hp1_weight_fifo/xpm_fifo_base_inst/rd_clk
    SLICE_X47Y197        FDRE                                         r  pccx_v002_system_i/u_npu/inst/u_wrap/u_pccx_npu_top/u_HP_buffer/u_hp1_weight_fifo/xpm_fifo_base_inst/gen_fwft.gdvld_fwft.data_valid_fwft_reg/C
  -------------------------------------------------------------------    -------------------
    SLICE_X47Y197        FDRE (Prop_EFF_SLICEL_C_Q)
                                                      0.114     3.557 r  pccx_v002_system_i/u_npu/inst/u_wrap/u_pccx_npu_top/u_HP_buffer/u_hp1_weight_fifo/xpm_fifo_base_inst/gen_fwft.gdvld_fwft.data_valid_fwft_reg/Q
                         net (fo=770, routed)         7.950    11.507    pccx_v002_system_i/u_npu/inst/u_wrap/u_pccx_npu_top/u_HP_buffer/M_CORE_HP1_WEIGHT\\.tvalid
    SLICE_X3Y37          LUT2 (Prop_D6LUT_SLICEL_I1_O)
                                                      0.136    11.643 r  pccx_v002_system_i/u_npu/inst/u_wrap/u_pccx_npu_top/u_HP_buffer/weight_valid_rep_i_1__556/O
                         net (fo=1, routed)           0.067    11.710    pccx_v002_system_i/u_npu/inst/u_wrap/u_pccx_npu_top/u_systolic_engine/u_weight_unpacker/weight_valid_reg_rep__556_1
    SLICE_X3Y37          FDRE                                         r  pccx_v002_system_i/u_npu/inst/u_wrap/u_pccx_npu_top/u_systolic_engine/u_weight_unpacker/weight_valid_reg_rep__556/D
  -------------------------------------------------------------------    -------------------

                         (clock clk_pl_0 rise edge)
                                                     10.000    10.000 r  
    PS8_X0Y0             PS8                          0.000    10.000 r  pccx_v002_system_i/zynq_ps/inst/PS8_i/PLCLK[0]
                         net (fo=1, routed)           0.181    10.181    pccx_v002_system_i/zynq_ps/inst/pl_clk_unbuffered[0]
    BUFG_PS_X0Y90        BUFG_PS (Prop_BUFG_PS_I_O)
                                                      0.035    10.216 r  pccx_v002_system_i/zynq_ps/inst/buffer_pl_clk_0.PL_CLK_0_BUFG/O
    X1Y1 (CLOCK_ROOT)    net (fo=82633, routed)       2.942    13.158    pccx_v002_system_i/u_npu/inst/u_wrap/u_pccx_npu_top/u_systolic_engine/u_weight_unpacker/clk_core
    SLICE_X3Y37          FDRE                                         r  pccx_v002_system_i/u_npu/inst/u_wrap/u_pccx_npu_top/u_systolic_engine/u_weight_unpacker/weight_valid_reg_rep__556/C
                         clock pessimism              0.194    13.352    
                         clock uncertainty           -0.160    13.192    
    SLICE_X3Y37          FDRE (Setup_DFF_SLICEL_C_D)
                                                      0.044    13.236    pccx_v002_system_i/u_npu/inst/u_wrap/u_pccx_npu_top/u_systolic_engine/u_weight_unpacker/weight_valid_reg_rep__556
  -------------------------------------------------------------------
                         required time                         13.236    
                         arrival time                         -11.710    
  -------------------------------------------------------------------
                         slack                                  1.526    

Slack (MET) :             1.541ns  (required time - arrival time)
  Source:                 pccx_v002_system_i/u_npu/inst/u_wrap/u_pccx_npu_top/u_HP_buffer/u_hp1_weight_fifo/xpm_fifo_base_inst/gen_fwft.gdvld_fwft.data_valid_fwft_reg/C
                            (rising edge-triggered cell FDRE clocked by clk_pl_0  {rise@0.000ns fall@5.000ns period=10.000ns})
  Destination:            pccx_v002_system_i/u_npu/inst/u_wrap/u_pccx_npu_top/u_systolic_engine/u_weight_unpacker/weight_valid_reg_rep__623/D
                            (rising edge-triggered cell FDRE clocked by clk_pl_0  {rise@0.000ns fall@5.000ns period=10.000ns})
  Path Group:             clk_pl_0
  Path Type:              Setup (Max at Slow Process Corner)
  Requirement:            10.000ns  (clk_pl_0 rise@10.000ns - clk_pl_0 rise@0.000ns)
  Data Path Delay:        8.222ns  (logic 0.249ns (3.028%)  route 7.973ns (96.972%))
  Logic Levels:           1  (LUT2=1)
  Clock Path Skew:        -0.120ns (DCD - SCD + CPR)
    Destination Clock Delay (DCD):    3.129ns = ( 13.129 - 10.000 ) 
    Source Clock Delay      (SCD):    3.443ns
    Clock Pessimism Removal (CPR):    0.194ns
  Clock Uncertainty:      0.160ns  ((TSJ^2 + DJ^2)^1/2) / 2 + PE
    Total System Jitter     (TSJ):    0.071ns
    Discrete Jitter          (DJ):    0.312ns
    Phase Error              (PE):    0.000ns
  Clock Net Delay (Source):      3.176ns (routing 1.681ns, distribution 1.495ns)
  Clock Net Delay (Destination): 2.913ns (routing 1.538ns, distribution 1.375ns)

    Location             Delay type                Incr(ns)  Path(ns)    Netlist Resource(s)
  -------------------------------------------------------------------    -------------------
                         (clock clk_pl_0 rise edge)
                                                      0.000     0.000 r  
    PS8_X0Y0             PS8                          0.000     0.000 r  pccx_v002_system_i/zynq_ps/inst/PS8_i/PLCLK[0]
                         net (fo=1, routed)           0.229     0.229    pccx_v002_system_i/zynq_ps/inst/pl_clk_unbuffered[0]
    BUFG_PS_X0Y90        BUFG_PS (Prop_BUFG_PS_I_O)
                                                      0.038     0.267 r  pccx_v002_system_i/zynq_ps/inst/buffer_pl_clk_0.PL_CLK_0_BUFG/O
    X1Y1 (CLOCK_ROOT)    net (fo=82633, routed)       3.176     3.443    pccx_v002_system_i/u_npu/inst/u_wrap/u_pccx_npu_top/u_HP_buffer/u_hp1_weight_fifo/xpm_fifo_base_inst/rd_clk
    SLICE_X47Y197        FDRE                                         r  pccx_v002_system_i/u_npu/inst/u_wrap/u_pccx_npu_top/u_HP_buffer/u_hp1_weight_fifo/xpm_fifo_base_inst/gen_fwft.gdvld_fwft.data_valid_fwft_reg/C
  -------------------------------------------------------------------    -------------------
    SLICE_X47Y197        FDRE (Prop_EFF_SLICEL_C_Q)
                                                      0.114     3.557 r  pccx_v002_system_i/u_npu/inst/u_wrap/u_pccx_npu_top/u_HP_buffer/u_hp1_weight_fifo/xpm_fifo_base_inst/gen_fwft.gdvld_fwft.data_valid_fwft_reg/Q
                         net (fo=770, routed)         7.878    11.435    pccx_v002_system_i/u_npu/inst/u_wrap/u_pccx_npu_top/u_HP_buffer/M_CORE_HP1_WEIGHT\\.tvalid
    SLICE_X12Y37         LUT2 (Prop_C6LUT_SLICEM_I1_O)
                                                      0.135    11.570 r  pccx_v002_system_i/u_npu/inst/u_wrap/u_pccx_npu_top/u_HP_buffer/weight_valid_rep_i_1__623/O
                         net (fo=1, routed)           0.095    11.665    pccx_v002_system_i/u_npu/inst/u_wrap/u_pccx_npu_top/u_systolic_engine/u_weight_unpacker/weight_valid_reg_rep__623_1
    SLICE_X12Y37         FDRE                                         r  pccx_v002_system_i/u_npu/inst/u_wrap/u_pccx_npu_top/u_systolic_engine/u_weight_unpacker/weight_valid_reg_rep__623/D
  -------------------------------------------------------------------    -------------------

                         (clock clk_pl_0 rise edge)
                                                     10.000    10.000 r  
    PS8_X0Y0             PS8                          0.000    10.000 r  pccx_v002_system_i/zynq_ps/inst/PS8_i/PLCLK[0]
                         net (fo=1, routed)           0.181    10.181    pccx_v002_system_i/zynq_ps/inst/pl_clk_unbuffered[0]
    BUFG_PS_X0Y90        BUFG_PS (Prop_BUFG_PS_I_O)
                                                      0.035    10.216 r  pccx_v002_system_i/zynq_ps/inst/buffer_pl_clk_0.PL_CLK_0_BUFG/O
    X1Y1 (CLOCK_ROOT)    net (fo=82633, routed)       2.913    13.129    pccx_v002_system_i/u_npu/inst/u_wrap/u_pccx_npu_top/u_systolic_engine/u_weight_unpacker/clk_core
    SLICE_X12Y37         FDRE                                         r  pccx_v002_system_i/u_npu/inst/u_wrap/u_pccx_npu_top/u_systolic_engine/u_weight_unpacker/weight_valid_reg_rep__623/C
                         clock pessimism              0.194    13.323    
                         clock uncertainty           -0.160    13.163    
    SLICE_X12Y37         FDRE (Setup_CFF_SLICEM_C_D)
                                                      0.043    13.206    pccx_v002_system_i/u_npu/inst/u_wrap/u_pccx_npu_top/u_systolic_engine/u_weight_unpacker/weight_valid_reg_rep__623
  -------------------------------------------------------------------
                         required time                         13.206    
                         arrival time                         -11.665    
  -------------------------------------------------------------------
                         slack                                  1.541    

Slack (MET) :             1.560ns  (required time - arrival time)
  Source:                 pccx_v002_system_i/u_npu/inst/u_wrap/u_pccx_npu_top/u_HP_buffer/u_hp1_weight_fifo/xpm_fifo_base_inst/gen_fwft.gdvld_fwft.data_valid_fwft_reg/C
                            (rising edge-triggered cell FDRE clocked by clk_pl_0  {rise@0.000ns fall@5.000ns period=10.000ns})
  Destination:            pccx_v002_system_i/u_npu/inst/u_wrap/u_pccx_npu_top/u_systolic_engine/u_weight_unpacker/weight_valid_reg_rep__563/D
                            (rising edge-triggered cell FDRE clocked by clk_pl_0  {rise@0.000ns fall@5.000ns period=10.000ns})
  Path Group:             clk_pl_0
  Path Type:              Setup (Max at Slow Process Corner)
  Requirement:            10.000ns  (clk_pl_0 rise@10.000ns - clk_pl_0 rise@0.000ns)
  Data Path Delay:        8.219ns  (logic 0.334ns (4.064%)  route 7.885ns (95.936%))
  Logic Levels:           1  (LUT2=1)
  Clock Path Skew:        -0.104ns (DCD - SCD + CPR)
    Destination Clock Delay (DCD):    3.145ns = ( 13.145 - 10.000 ) 
    Source Clock Delay      (SCD):    3.443ns
    Clock Pessimism Removal (CPR):    0.194ns
  Clock Uncertainty:      0.160ns  ((TSJ^2 + DJ^2)^1/2) / 2 + PE
    Total System Jitter     (TSJ):    0.071ns
    Discrete Jitter          (DJ):    0.312ns
    Phase Error              (PE):    0.000ns
  Clock Net Delay (Source):      3.176ns (routing 1.681ns, distribution 1.495ns)
  Clock Net Delay (Destination): 2.929ns (routing 1.538ns, distribution 1.391ns)

    Location             Delay type                Incr(ns)  Path(ns)    Netlist Resource(s)
  -------------------------------------------------------------------    -------------------
                         (clock clk_pl_0 rise edge)
                                                      0.000     0.000 r  
    PS8_X0Y0             PS8                          0.000     0.000 r  pccx_v002_system_i/zynq_ps/inst/PS8_i/PLCLK[0]
                         net (fo=1, routed)           0.229     0.229    pccx_v002_system_i/zynq_ps/inst/pl_clk_unbuffered[0]
    BUFG_PS_X0Y90        BUFG_PS (Prop_BUFG_PS_I_O)
                                                      0.038     0.267 r  pccx_v002_system_i/zynq_ps/inst/buffer_pl_clk_0.PL_CLK_0_BUFG/O
    X1Y1 (CLOCK_ROOT)    net (fo=82633, routed)       3.176     3.443    pccx_v002_system_i/u_npu/inst/u_wrap/u_pccx_npu_top/u_HP_buffer/u_hp1_weight_fifo/xpm_fifo_base_inst/rd_clk
    SLICE_X47Y197        FDRE                                         r  pccx_v002_system_i/u_npu/inst/u_wrap/u_pccx_npu_top/u_HP_buffer/u_hp1_weight_fifo/xpm_fifo_base_inst/gen_fwft.gdvld_fwft.data_valid_fwft_reg/C
  -------------------------------------------------------------------    -------------------
    SLICE_X47Y197        FDRE (Prop_EFF_SLICEL_C_Q)
                                                      0.114     3.557 r  pccx_v002_system_i/u_npu/inst/u_wrap/u_pccx_npu_top/u_HP_buffer/u_hp1_weight_fifo/xpm_fifo_base_inst/gen_fwft.gdvld_fwft.data_valid_fwft_reg/Q
                         net (fo=770, routed)         7.789    11.346    pccx_v002_system_i/u_npu/inst/u_wrap/u_pccx_npu_top/u_HP_buffer/M_CORE_HP1_WEIGHT\\.tvalid
    SLICE_X7Y35          LUT2 (Prop_D6LUT_SLICEM_I1_O)
                                                      0.220    11.566 r  pccx_v002_system_i/u_npu/inst/u_wrap/u_pccx_npu_top/u_HP_buffer/weight_valid_rep_i_1__563/O
                         net (fo=1, routed)           0.096    11.662    pccx_v002_system_i/u_npu/inst/u_wrap/u_pccx_npu_top/u_systolic_engine/u_weight_unpacker/weight_valid_reg_rep__563_1
    SLICE_X7Y35          FDRE                                         r  pccx_v002_system_i/u_npu/inst/u_wrap/u_pccx_npu_top/u_systolic_engine/u_weight_unpacker/weight_valid_reg_rep__563/D
  -------------------------------------------------------------------    -------------------

                         (clock clk_pl_0 rise edge)
                                                     10.000    10.000 r  
    PS8_X0Y0             PS8                          0.000    10.000 r  pccx_v002_system_i/zynq_ps/inst/PS8_i/PLCLK[0]
                         net (fo=1, routed)           0.181    10.181    pccx_v002_system_i/zynq_ps/inst/pl_clk_unbuffered[0]
    BUFG_PS_X0Y90        BUFG_PS (Prop_BUFG_PS_I_O)
                                                      0.035    10.216 r  pccx_v002_system_i/zynq_ps/inst/buffer_pl_clk_0.PL_CLK_0_BUFG/O
    X1Y1 (CLOCK_ROOT)    net (fo=82633, routed)       2.929    13.145    pccx_v002_system_i/u_npu/inst/u_wrap/u_pccx_npu_top/u_systolic_engine/u_weight_unpacker/clk_core
    SLICE_X7Y35          FDRE                                         r  pccx_v002_system_i/u_npu/inst/u_wrap/u_pccx_npu_top/u_systolic_engine/u_weight_unpacker/weight_valid_reg_rep__563/C
                         clock pessimism              0.194    13.339    
                         clock uncertainty           -0.160    13.179    
    SLICE_X7Y35          FDRE (Setup_DFF_SLICEM_C_D)
                                                      0.043    13.222    pccx_v002_system_i/u_npu/inst/u_wrap/u_pccx_npu_top/u_systolic_engine/u_weight_unpacker/weight_valid_reg_rep__563
  -------------------------------------------------------------------
                         required time                         13.222    
                         arrival time                         -11.662    
  -------------------------------------------------------------------
                         slack                                  1.560    

Slack (MET) :             1.621ns  (required time - arrival time)
  Source:                 pccx_v002_system_i/u_npu/inst/u_wrap/u_pccx_npu_top/u_HP_buffer/u_hp1_weight_fifo/xpm_fifo_base_inst/gen_fwft.gdvld_fwft.data_valid_fwft_reg/C
                            (rising edge-triggered cell FDRE clocked by clk_pl_0  {rise@0.000ns fall@5.000ns period=10.000ns})
  Destination:            pccx_v002_system_i/u_npu/inst/u_wrap/u_pccx_npu_top/u_systolic_engine/u_weight_unpacker/weight_valid_reg_rep__567/D
                            (rising edge-triggered cell FDRE clocked by clk_pl_0  {rise@0.000ns fall@5.000ns period=10.000ns})
  Path Group:             clk_pl_0
  Path Type:              Setup (Max at Slow Process Corner)
  Requirement:            10.000ns  (clk_pl_0 rise@10.000ns - clk_pl_0 rise@0.000ns)
  Data Path Delay:        8.163ns  (logic 0.300ns (3.675%)  route 7.863ns (96.325%))
  Logic Levels:           1  (LUT2=1)
  Clock Path Skew:        -0.099ns (DCD - SCD + CPR)
    Destination Clock Delay (DCD):    3.150ns = ( 13.150 - 10.000 ) 
    Source Clock Delay      (SCD):    3.443ns
    Clock Pessimism Removal (CPR):    0.194ns
  Clock Uncertainty:      0.160ns  ((TSJ^2 + DJ^2)^1/2) / 2 + PE
    Total System Jitter     (TSJ):    0.071ns
    Discrete Jitter          (DJ):    0.312ns
    Phase Error              (PE):    0.000ns
  Clock Net Delay (Source):      3.176ns (routing 1.681ns, distribution 1.495ns)
  Clock Net Delay (Destination): 2.934ns (routing 1.538ns, distribution 1.396ns)

    Location             Delay type                Incr(ns)  Path(ns)    Netlist Resource(s)
  -------------------------------------------------------------------    -------------------
                         (clock clk_pl_0 rise edge)
                                                      0.000     0.000 r  
    PS8_X0Y0             PS8                          0.000     0.000 r  pccx_v002_system_i/zynq_ps/inst/PS8_i/PLCLK[0]
                         net (fo=1, routed)           0.229     0.229    pccx_v002_system_i/zynq_ps/inst/pl_clk_unbuffered[0]
    BUFG_PS_X0Y90        BUFG_PS (Prop_BUFG_PS_I_O)
                                                      0.038     0.267 r  pccx_v002_system_i/zynq_ps/inst/buffer_pl_clk_0.PL_CLK_0_BUFG/O
    X1Y1 (CLOCK_ROOT)    net (fo=82633, routed)       3.176     3.443    pccx_v002_system_i/u_npu/inst/u_wrap/u_pccx_npu_top/u_HP_buffer/u_hp1_weight_fifo/xpm_fifo_base_inst/rd_clk
    SLICE_X47Y197        FDRE                                         r  pccx_v002_system_i/u_npu/inst/u_wrap/u_pccx_npu_top/u_HP_buffer/u_hp1_weight_fifo/xpm_fifo_base_inst/gen_fwft.gdvld_fwft.data_valid_fwft_reg/C
  -------------------------------------------------------------------    -------------------
    SLICE_X47Y197        FDRE (Prop_EFF_SLICEL_C_Q)
                                                      0.114     3.557 r  pccx_v002_system_i/u_npu/inst/u_wrap/u_pccx_npu_top/u_HP_buffer/u_hp1_weight_fifo/xpm_fifo_base_inst/gen_fwft.gdvld_fwft.data_valid_fwft_reg/Q
                         net (fo=770, routed)         7.768    11.325    pccx_v002_system_i/u_npu/inst/u_wrap/u_pccx_npu_top/u_HP_buffer/M_CORE_HP1_WEIGHT\\.tvalid
    SLICE_X7Y40          LUT2 (Prop_C6LUT_SLICEM_I1_O)
                                                      0.186    11.511 r  pccx_v002_system_i/u_npu/inst/u_wrap/u_pccx_npu_top/u_HP_buffer/weight_valid_rep_i_1__567/O
                         net (fo=1, routed)           0.095    11.606    pccx_v002_system_i/u_npu/inst/u_wrap/u_pccx_npu_top/u_systolic_engine/u_weight_unpacker/weight_valid_reg_rep__567_1
    SLICE_X7Y40          FDRE                                         r  pccx_v002_system_i/u_npu/inst/u_wrap/u_pccx_npu_top/u_systolic_engine/u_weight_unpacker/weight_valid_reg_rep__567/D
  -------------------------------------------------------------------    -------------------

                         (clock clk_pl_0 rise edge)
                                                     10.000    10.000 r  
    PS8_X0Y0             PS8                          0.000    10.000 r  pccx_v002_system_i/zynq_ps/inst/PS8_i/PLCLK[0]
                         net (fo=1, routed)           0.181    10.181    pccx_v002_system_i/zynq_ps/inst/pl_clk_unbuffered[0]
    BUFG_PS_X0Y90        BUFG_PS (Prop_BUFG_PS_I_O)
                                                      0.035    10.216 r  pccx_v002_system_i/zynq_ps/inst/buffer_pl_clk_0.PL_CLK_0_BUFG/O
    X1Y1 (CLOCK_ROOT)    net (fo=82633, routed)       2.934    13.150    pccx_v002_system_i/u_npu/inst/u_wrap/u_pccx_npu_top/u_systolic_engine/u_weight_unpacker/clk_core
    SLICE_X7Y40          FDRE                                         r  pccx_v002_system_i/u_npu/inst/u_wrap/u_pccx_npu_top/u_systolic_engine/u_weight_unpacker/weight_valid_reg_rep__567/C
                         clock pessimism              0.194    13.344    
                         clock uncertainty           -0.160    13.184    
    SLICE_X7Y40          FDRE (Setup_CFF_SLICEM_C_D)
                                                      0.043    13.227    pccx_v002_system_i/u_npu/inst/u_wrap/u_pccx_npu_top/u_systolic_engine/u_weight_unpacker/weight_valid_reg_rep__567
  -------------------------------------------------------------------
                         required time                         13.227    
                         arrival time                         -11.606    
  -------------------------------------------------------------------
                         slack                                  1.621    

Slack (MET) :             1.622ns  (required time - arrival time)
  Source:                 pccx_v002_system_i/u_npu/inst/u_wrap/u_pccx_npu_top/u_HP_buffer/u_hp1_weight_fifo/xpm_fifo_base_inst/gen_fwft.gdvld_fwft.data_valid_fwft_reg/C
                            (rising edge-triggered cell FDRE clocked by clk_pl_0  {rise@0.000ns fall@5.000ns period=10.000ns})
  Destination:            pccx_v002_system_i/u_npu/inst/u_wrap/u_pccx_npu_top/u_systolic_engine/u_weight_unpacker/weight_valid_reg_rep__555/D
                            (rising edge-triggered cell FDRE clocked by clk_pl_0  {rise@0.000ns fall@5.000ns period=10.000ns})
  Path Group:             clk_pl_0
  Path Type:              Setup (Max at Slow Process Corner)
  Requirement:            10.000ns  (clk_pl_0 rise@10.000ns - clk_pl_0 rise@0.000ns)
  Data Path Delay:        8.162ns  (logic 0.299ns (3.663%)  route 7.863ns (96.337%))
  Logic Levels:           1  (LUT2=1)
  Clock Path Skew:        -0.099ns (DCD - SCD + CPR)
    Destination Clock Delay (DCD):    3.150ns = ( 13.150 - 10.000 ) 
    Source Clock Delay      (SCD):    3.443ns
    Clock Pessimism Removal (CPR):    0.194ns
  Clock Uncertainty:      0.160ns  ((TSJ^2 + DJ^2)^1/2) / 2 + PE
    Total System Jitter     (TSJ):    0.071ns
    Discrete Jitter          (DJ):    0.312ns
    Phase Error              (PE):    0.000ns
  Clock Net Delay (Source):      3.176ns (routing 1.681ns, distribution 1.495ns)
  Clock Net Delay (Destination): 2.934ns (routing 1.538ns, distribution 1.396ns)

    Location             Delay type                Incr(ns)  Path(ns)    Netlist Resource(s)
  -------------------------------------------------------------------    -------------------
                         (clock clk_pl_0 rise edge)
                                                      0.000     0.000 r  
    PS8_X0Y0             PS8                          0.000     0.000 r  pccx_v002_system_i/zynq_ps/inst/PS8_i/PLCLK[0]
                         net (fo=1, routed)           0.229     0.229    pccx_v002_system_i/zynq_ps/inst/pl_clk_unbuffered[0]
    BUFG_PS_X0Y90        BUFG_PS (Prop_BUFG_PS_I_O)
                                                      0.038     0.267 r  pccx_v002_system_i/zynq_ps/inst/buffer_pl_clk_0.PL_CLK_0_BUFG/O
    X1Y1 (CLOCK_ROOT)    net (fo=82633, routed)       3.176     3.443    pccx_v002_system_i/u_npu/inst/u_wrap/u_pccx_npu_top/u_HP_buffer/u_hp1_weight_fifo/xpm_fifo_base_inst/rd_clk
    SLICE_X47Y197        FDRE                                         r  pccx_v002_system_i/u_npu/inst/u_wrap/u_pccx_npu_top/u_HP_buffer/u_hp1_weight_fifo/xpm_fifo_base_inst/gen_fwft.gdvld_fwft.data_valid_fwft_reg/C
  -------------------------------------------------------------------    -------------------
    SLICE_X47Y197        FDRE (Prop_EFF_SLICEL_C_Q)
                                                      0.114     3.557 r  pccx_v002_system_i/u_npu/inst/u_wrap/u_pccx_npu_top/u_HP_buffer/u_hp1_weight_fifo/xpm_fifo_base_inst/gen_fwft.gdvld_fwft.data_valid_fwft_reg/Q
                         net (fo=770, routed)         7.767    11.324    pccx_v002_system_i/u_npu/inst/u_wrap/u_pccx_npu_top/u_HP_buffer/M_CORE_HP1_WEIGHT\\.tvalid
    SLICE_X7Y40          LUT2 (Prop_D6LUT_SLICEM_I1_O)
                                                      0.185    11.509 r  pccx_v002_system_i/u_npu/inst/u_wrap/u_pccx_npu_top/u_HP_buffer/weight_valid_rep_i_1__555/O
                         net (fo=1, routed)           0.096    11.605    pccx_v002_system_i/u_npu/inst/u_wrap/u_pccx_npu_top/u_systolic_engine/u_weight_unpacker/weight_valid_reg_rep__555_1
    SLICE_X7Y40          FDRE                                         r  pccx_v002_system_i/u_npu/inst/u_wrap/u_pccx_npu_top/u_systolic_engine/u_weight_unpacker/weight_valid_reg_rep__555/D
  -------------------------------------------------------------------    -------------------

                         (clock clk_pl_0 rise edge)
                                                     10.000    10.000 r  
    PS8_X0Y0             PS8                          0.000    10.000 r  pccx_v002_system_i/zynq_ps/inst/PS8_i/PLCLK[0]
                         net (fo=1, routed)           0.181    10.181    pccx_v002_system_i/zynq_ps/inst/pl_clk_unbuffered[0]
    BUFG_PS_X0Y90        BUFG_PS (Prop_BUFG_PS_I_O)
                                                      0.035    10.216 r  pccx_v002_system_i/zynq_ps/inst/buffer_pl_clk_0.PL_CLK_0_BUFG/O
    X1Y1 (CLOCK_ROOT)    net (fo=82633, routed)       2.934    13.150    pccx_v002_system_i/u_npu/inst/u_wrap/u_pccx_npu_top/u_systolic_engine/u_weight_unpacker/clk_core
    SLICE_X7Y40          FDRE                                         r  pccx_v002_system_i/u_npu/inst/u_wrap/u_pccx_npu_top/u_systolic_engine/u_weight_unpacker/weight_valid_reg_rep__555/C
                         clock pessimism              0.194    13.344    
                         clock uncertainty           -0.160    13.184    
    SLICE_X7Y40          FDRE (Setup_DFF_SLICEM_C_D)
                                                      0.043    13.227    pccx_v002_system_i/u_npu/inst/u_wrap/u_pccx_npu_top/u_systolic_engine/u_weight_unpacker/weight_valid_reg_rep__555
  -------------------------------------------------------------------
                         required time                         13.227    
                         arrival time                         -11.605    
  -------------------------------------------------------------------
                         slack                                  1.622    

Slack (MET) :             1.645ns  (required time - arrival time)
  Source:                 pccx_v002_system_i/u_npu/inst/u_wrap/u_pccx_npu_top/u_HP_buffer/u_hp1_weight_fifo/xpm_fifo_base_inst/gen_fwft.gdvld_fwft.data_valid_fwft_reg/C
                            (rising edge-triggered cell FDRE clocked by clk_pl_0  {rise@0.000ns fall@5.000ns period=10.000ns})
  Destination:            pccx_v002_system_i/u_npu/inst/u_wrap/u_pccx_npu_top/u_systolic_engine/u_weight_unpacker/weight_valid_reg_rep__77/D
                            (rising edge-triggered cell FDRE clocked by clk_pl_0  {rise@0.000ns fall@5.000ns period=10.000ns})
  Path Group:             clk_pl_0
  Path Type:              Setup (Max at Slow Process Corner)
  Requirement:            10.000ns  (clk_pl_0 rise@10.000ns - clk_pl_0 rise@0.000ns)
  Data Path Delay:        7.949ns  (logic 0.334ns (4.202%)  route 7.615ns (95.798%))
  Logic Levels:           1  (LUT2=1)
  Clock Path Skew:        -0.289ns (DCD - SCD + CPR)
    Destination Clock Delay (DCD):    2.960ns = ( 12.960 - 10.000 ) 
    Source Clock Delay      (SCD):    3.443ns
    Clock Pessimism Removal (CPR):    0.194ns
  Clock Uncertainty:      0.160ns  ((TSJ^2 + DJ^2)^1/2) / 2 + PE
    Total System Jitter     (TSJ):    0.071ns
    Discrete Jitter          (DJ):    0.312ns
    Phase Error              (PE):    0.000ns
  Clock Net Delay (Source):      3.176ns (routing 1.681ns, distribution 1.495ns)
  Clock Net Delay (Destination): 2.744ns (routing 1.538ns, distribution 1.206ns)

    Location             Delay type                Incr(ns)  Path(ns)    Netlist Resource(s)
  -------------------------------------------------------------------    -------------------
                         (clock clk_pl_0 rise edge)
                                                      0.000     0.000 r  
    PS8_X0Y0             PS8                          0.000     0.000 r  pccx_v002_system_i/zynq_ps/inst/PS8_i/PLCLK[0]
                         net (fo=1, routed)           0.229     0.229    pccx_v002_system_i/zynq_ps/inst/pl_clk_unbuffered[0]
    BUFG_PS_X0Y90        BUFG_PS (Prop_BUFG_PS_I_O)
                                                      0.038     0.267 r  pccx_v002_system_i/zynq_ps/inst/buffer_pl_clk_0.PL_CLK_0_BUFG/O
    X1Y1 (CLOCK_ROOT)    net (fo=82633, routed)       3.176     3.443    pccx_v002_system_i/u_npu/inst/u_wrap/u_pccx_npu_top/u_HP_buffer/u_hp1_weight_fifo/xpm_fifo_base_inst/rd_clk
    SLICE_X47Y197        FDRE                                         r  pccx_v002_system_i/u_npu/inst/u_wrap/u_pccx_npu_top/u_HP_buffer/u_hp1_weight_fifo/xpm_fifo_base_inst/gen_fwft.gdvld_fwft.data_valid_fwft_reg/C
  -------------------------------------------------------------------    -------------------
    SLICE_X47Y197        FDRE (Prop_EFF_SLICEL_C_Q)
                                                      0.114     3.557 r  pccx_v002_system_i/u_npu/inst/u_wrap/u_pccx_npu_top/u_HP_buffer/u_hp1_weight_fifo/xpm_fifo_base_inst/gen_fwft.gdvld_fwft.data_valid_fwft_reg/Q
                         net (fo=770, routed)         7.520    11.077    pccx_v002_system_i/u_npu/inst/u_wrap/u_pccx_npu_top/u_HP_buffer/M_CORE_HP1_WEIGHT\\.tvalid
    SLICE_X24Y52         LUT2 (Prop_C6LUT_SLICEM_I1_O)
                                                      0.220    11.297 r  pccx_v002_system_i/u_npu/inst/u_wrap/u_pccx_npu_top/u_HP_buffer/weight_valid_rep_i_1__77/O
                         net (fo=1, routed)           0.095    11.392    pccx_v002_system_i/u_npu/inst/u_wrap/u_pccx_npu_top/u_systolic_engine/u_weight_unpacker/weight_valid_reg_rep__77_0
    SLICE_X24Y52         FDRE                                         r  pccx_v002_system_i/u_npu/inst/u_wrap/u_pccx_npu_top/u_systolic_engine/u_weight_unpacker/weight_valid_reg_rep__77/D
  -------------------------------------------------------------------    -------------------

                         (clock clk_pl_0 rise edge)
                                                     10.000    10.000 r  
    PS8_X0Y0             PS8                          0.000    10.000 r  pccx_v002_system_i/zynq_ps/inst/PS8_i/PLCLK[0]
                         net (fo=1, routed)           0.181    10.181    pccx_v002_system_i/zynq_ps/inst/pl_clk_unbuffered[0]
    BUFG_PS_X0Y90        BUFG_PS (Prop_BUFG_PS_I_O)
                                                      0.035    10.216 r  pccx_v002_system_i/zynq_ps/inst/buffer_pl_clk_0.PL_CLK_0_BUFG/O
    X1Y1 (CLOCK_ROOT)    net (fo=82633, routed)       2.744    12.960    pccx_v002_system_i/u_npu/inst/u_wrap/u_pccx_npu_top/u_systolic_engine/u_weight_unpacker/clk_core
    SLICE_X24Y52         FDRE                                         r  pccx_v002_system_i/u_npu/inst/u_wrap/u_pccx_npu_top/u_systolic_engine/u_weight_unpacker/weight_valid_reg_rep__77/C
                         clock pessimism              0.194    13.154    
                         clock uncertainty           -0.160    12.994    
    SLICE_X24Y52         FDRE (Setup_CFF_SLICEM_C_D)
                                                      0.043    13.037    pccx_v002_system_i/u_npu/inst/u_wrap/u_pccx_npu_top/u_systolic_engine/u_weight_unpacker/weight_valid_reg_rep__77
  -------------------------------------------------------------------
                         required time                         13.037    
                         arrival time                         -11.392    
  -------------------------------------------------------------------
                         slack                                  1.645    

Slack (MET) :             1.744ns  (required time - arrival time)
  Source:                 pccx_v002_system_i/u_npu/inst/u_wrap/u_pccx_npu_top/u_HP_buffer/u_hp1_weight_fifo/xpm_fifo_base_inst/gen_fwft.gdvld_fwft.data_valid_fwft_reg/C
                            (rising edge-triggered cell FDRE clocked by clk_pl_0  {rise@0.000ns fall@5.000ns period=10.000ns})
  Destination:            pccx_v002_system_i/u_npu/inst/u_wrap/u_pccx_npu_top/u_systolic_engine/u_weight_unpacker/weight_valid_reg_rep__76/D
                            (rising edge-triggered cell FDRE clocked by clk_pl_0  {rise@0.000ns fall@5.000ns period=10.000ns})
  Path Group:             clk_pl_0
  Path Type:              Setup (Max at Slow Process Corner)
  Requirement:            10.000ns  (clk_pl_0 rise@10.000ns - clk_pl_0 rise@0.000ns)
  Data Path Delay:        7.850ns  (logic 0.248ns (3.159%)  route 7.602ns (96.841%))
  Logic Levels:           1  (LUT2=1)
  Clock Path Skew:        -0.289ns (DCD - SCD + CPR)
    Destination Clock Delay (DCD):    2.960ns = ( 12.960 - 10.000 ) 
    Source Clock Delay      (SCD):    3.443ns
    Clock Pessimism Removal (CPR):    0.194ns
  Clock Uncertainty:      0.160ns  ((TSJ^2 + DJ^2)^1/2) / 2 + PE
    Total System Jitter     (TSJ):    0.071ns
    Discrete Jitter          (DJ):    0.312ns
    Phase Error              (PE):    0.000ns
  Clock Net Delay (Source):      3.176ns (routing 1.681ns, distribution 1.495ns)
  Clock Net Delay (Destination): 2.744ns (routing 1.538ns, distribution 1.206ns)

    Location             Delay type                Incr(ns)  Path(ns)    Netlist Resource(s)
  -------------------------------------------------------------------    -------------------
                         (clock clk_pl_0 rise edge)
                                                      0.000     0.000 r  
    PS8_X0Y0             PS8                          0.000     0.000 r  pccx_v002_system_i/zynq_ps/inst/PS8_i/PLCLK[0]
                         net (fo=1, routed)           0.229     0.229    pccx_v002_system_i/zynq_ps/inst/pl_clk_unbuffered[0]
    BUFG_PS_X0Y90        BUFG_PS (Prop_BUFG_PS_I_O)
                                                      0.038     0.267 r  pccx_v002_system_i/zynq_ps/inst/buffer_pl_clk_0.PL_CLK_0_BUFG/O
    X1Y1 (CLOCK_ROOT)    net (fo=82633, routed)       3.176     3.443    pccx_v002_system_i/u_npu/inst/u_wrap/u_pccx_npu_top/u_HP_buffer/u_hp1_weight_fifo/xpm_fifo_base_inst/rd_clk
    SLICE_X47Y197        FDRE                                         r  pccx_v002_system_i/u_npu/inst/u_wrap/u_pccx_npu_top/u_HP_buffer/u_hp1_weight_fifo/xpm_fifo_base_inst/gen_fwft.gdvld_fwft.data_valid_fwft_reg/C
  -------------------------------------------------------------------    -------------------
    SLICE_X47Y197        FDRE (Prop_EFF_SLICEL_C_Q)
                                                      0.114     3.557 r  pccx_v002_system_i/u_npu/inst/u_wrap/u_pccx_npu_top/u_HP_buffer/u_hp1_weight_fifo/xpm_fifo_base_inst/gen_fwft.gdvld_fwft.data_valid_fwft_reg/Q
                         net (fo=770, routed)         7.506    11.063    pccx_v002_system_i/u_npu/inst/u_wrap/u_pccx_npu_top/u_HP_buffer/M_CORE_HP1_WEIGHT\\.tvalid
    SLICE_X24Y52         LUT2 (Prop_D6LUT_SLICEM_I1_O)
                                                      0.134    11.197 r  pccx_v002_system_i/u_npu/inst/u_wrap/u_pccx_npu_top/u_HP_buffer/weight_valid_rep_i_1__76/O
                         net (fo=1, routed)           0.096    11.293    pccx_v002_system_i/u_npu/inst/u_wrap/u_pccx_npu_top/u_systolic_engine/u_weight_unpacker/weight_valid_reg_rep__76_0
    SLICE_X24Y52         FDRE                                         r  pccx_v002_system_i/u_npu/inst/u_wrap/u_pccx_npu_top/u_systolic_engine/u_weight_unpacker/weight_valid_reg_rep__76/D
  -------------------------------------------------------------------    -------------------

                         (clock clk_pl_0 rise edge)
                                                     10.000    10.000 r  
    PS8_X0Y0             PS8                          0.000    10.000 r  pccx_v002_system_i/zynq_ps/inst/PS8_i/PLCLK[0]
                         net (fo=1, routed)           0.181    10.181    pccx_v002_system_i/zynq_ps/inst/pl_clk_unbuffered[0]
    BUFG_PS_X0Y90        BUFG_PS (Prop_BUFG_PS_I_O)
                                                      0.035    10.216 r  pccx_v002_system_i/zynq_ps/inst/buffer_pl_clk_0.PL_CLK_0_BUFG/O
    X1Y1 (CLOCK_ROOT)    net (fo=82633, routed)       2.744    12.960    pccx_v002_system_i/u_npu/inst/u_wrap/u_pccx_npu_top/u_systolic_engine/u_weight_unpacker/clk_core
    SLICE_X24Y52         FDRE                                         r  pccx_v002_system_i/u_npu/inst/u_wrap/u_pccx_npu_top/u_systolic_engine/u_weight_unpacker/weight_valid_reg_rep__76/C
                         clock pessimism              0.194    13.154    
                         clock uncertainty           -0.160    12.994    
    SLICE_X24Y52         FDRE (Setup_DFF_SLICEM_C_D)
                                                      0.043    13.037    pccx_v002_system_i/u_npu/inst/u_wrap/u_pccx_npu_top/u_systolic_engine/u_weight_unpacker/weight_valid_reg_rep__76
  -------------------------------------------------------------------
                         required time                         13.037    
                         arrival time                         -11.293    
  -------------------------------------------------------------------
                         slack                                  1.744    





Min Delay Paths
--------------------------------------------------------------------------------------
Slack (MET) :             0.010ns  (arrival time - required time)
  Source:                 pccx_v002_system_i/sc_axil/inst/m05_exit_pipeline/m05_exit/inst/w_reg/m_vector_i_reg[1051]/C
                            (rising edge-triggered cell FDRE clocked by clk_pl_0  {rise@0.000ns fall@5.000ns period=10.000ns})
  Destination:            pccx_v002_system_i/cmdsts_acp_fmap/inst/u_body/wdata_q_reg[26]/D
                            (rising edge-triggered cell FDRE clocked by clk_pl_0  {rise@0.000ns fall@5.000ns period=10.000ns})
  Path Group:             clk_pl_0
  Path Type:              Hold (Min at Slow Process Corner)
  Requirement:            0.000ns  (clk_pl_0 rise@0.000ns - clk_pl_0 rise@0.000ns)
  Data Path Delay:        0.269ns  (logic 0.112ns (41.636%)  route 0.157ns (58.364%))
  Logic Levels:           0  
  Clock Path Skew:        0.157ns (DCD - SCD - CPR)
    Destination Clock Delay (DCD):    3.301ns
    Source Clock Delay      (SCD):    2.946ns
    Clock Pessimism Removal (CPR):    0.197ns
  Clock Net Delay (Source):      2.730ns (routing 1.538ns, distribution 1.192ns)
  Clock Net Delay (Destination): 3.034ns (routing 1.681ns, distribution 1.353ns)

    Location             Delay type                Incr(ns)  Path(ns)    Netlist Resource(s)
  -------------------------------------------------------------------    -------------------
                         (clock clk_pl_0 rise edge)
                                                      0.000     0.000 r  
    PS8_X0Y0             PS8                          0.000     0.000 r  pccx_v002_system_i/zynq_ps/inst/PS8_i/PLCLK[0]
                         net (fo=1, routed)           0.181     0.181    pccx_v002_system_i/zynq_ps/inst/pl_clk_unbuffered[0]
    BUFG_PS_X0Y90        BUFG_PS (Prop_BUFG_PS_I_O)
                                                      0.035     0.216 r  pccx_v002_system_i/zynq_ps/inst/buffer_pl_clk_0.PL_CLK_0_BUFG/O
    X1Y1 (CLOCK_ROOT)    net (fo=82633, routed)       2.730     2.946    pccx_v002_system_i/sc_axil/inst/m05_exit_pipeline/m05_exit/inst/w_reg/aclk
    SLICE_X30Y62         FDRE                                         r  pccx_v002_system_i/sc_axil/inst/m05_exit_pipeline/m05_exit/inst/w_reg/m_vector_i_reg[1051]/C
  -------------------------------------------------------------------    -------------------
    SLICE_X30Y62         FDRE (Prop_BFF_SLICEL_C_Q)
                                                      0.112     3.058 r  pccx_v002_system_i/sc_axil/inst/m05_exit_pipeline/m05_exit/inst/w_reg/m_vector_i_reg[1051]/Q
                         net (fo=1, routed)           0.157     3.215    pccx_v002_system_i/cmdsts_acp_fmap/inst/u_body/s_axil_wdata[26]
    SLICE_X30Y58         FDRE                                         r  pccx_v002_system_i/cmdsts_acp_fmap/inst/u_body/wdata_q_reg[26]/D
  -------------------------------------------------------------------    -------------------

                         (clock clk_pl_0 rise edge)
                                                      0.000     0.000 r  
    PS8_X0Y0             PS8                          0.000     0.000 r  pccx_v002_system_i/zynq_ps/inst/PS8_i/PLCLK[0]
                         net (fo=1, routed)           0.229     0.229    pccx_v002_system_i/zynq_ps/inst/pl_clk_unbuffered[0]
    BUFG_PS_X0Y90        BUFG_PS (Prop_BUFG_PS_I_O)
                                                      0.038     0.267 r  pccx_v002_system_i/zynq_ps/inst/buffer_pl_clk_0.PL_CLK_0_BUFG/O
    X1Y1 (CLOCK_ROOT)    net (fo=82633, routed)       3.034     3.301    pccx_v002_system_i/cmdsts_acp_fmap/inst/u_body/s_axil_aclk
    SLICE_X30Y58         FDRE                                         r  pccx_v002_system_i/cmdsts_acp_fmap/inst/u_body/wdata_q_reg[26]/C
                         clock pessimism             -0.197     3.104    
    SLICE_X30Y58         FDRE (Hold_DFF2_SLICEL_C_D)
                                                      0.102     3.206    pccx_v002_system_i/cmdsts_acp_fmap/inst/u_body/wdata_q_reg[26]
  -------------------------------------------------------------------
                         required time                         -3.206    
                         arrival time                           3.215    
  -------------------------------------------------------------------
                         slack                                  0.010    

Slack (MET) :             0.010ns  (arrival time - required time)
  Source:                 pccx_v002_system_i/u_npu/inst/u_wrap/u_pccx_npu_top/u_HP_buffer/u_hp0_weight_fifo/xpm_fifo_base_inst/rdp_inst/count_value_i_reg[4]/C
                            (rising edge-triggered cell FDRE clocked by clk_pl_0  {rise@0.000ns fall@5.000ns period=10.000ns})
  Destination:            pccx_v002_system_i/u_npu/inst/u_wrap/u_pccx_npu_top/u_HP_buffer/u_hp0_weight_fifo/xpm_fifo_base_inst/rdp_inst/count_value_i_reg[6]/D
                            (rising edge-triggered cell FDRE clocked by clk_pl_0  {rise@0.000ns fall@5.000ns period=10.000ns})
  Path Group:             clk_pl_0
  Path Type:              Hold (Min at Slow Process Corner)
  Requirement:            0.000ns  (clk_pl_0 rise@0.000ns - clk_pl_0 rise@0.000ns)
  Data Path Delay:        0.297ns  (logic 0.145ns (48.784%)  route 0.152ns (51.216%))
  Logic Levels:           1  (LUT6=1)
  Clock Path Skew:        0.186ns (DCD - SCD - CPR)
    Destination Clock Delay (DCD):    3.466ns
    Source Clock Delay      (SCD):    3.082ns
    Clock Pessimism Removal (CPR):    0.197ns
  Clock Net Delay (Source):      2.866ns (routing 1.538ns, distribution 1.328ns)
  Clock Net Delay (Destination): 3.199ns (routing 1.681ns, distribution 1.518ns)

    Location             Delay type                Incr(ns)  Path(ns)    Netlist Resource(s)
  -------------------------------------------------------------------    -------------------
                         (clock clk_pl_0 rise edge)
                                                      0.000     0.000 r  
    PS8_X0Y0             PS8                          0.000     0.000 r  pccx_v002_system_i/zynq_ps/inst/PS8_i/PLCLK[0]
                         net (fo=1, routed)           0.181     0.181    pccx_v002_system_i/zynq_ps/inst/pl_clk_unbuffered[0]
    BUFG_PS_X0Y90        BUFG_PS (Prop_BUFG_PS_I_O)
                                                      0.035     0.216 r  pccx_v002_system_i/zynq_ps/inst/buffer_pl_clk_0.PL_CLK_0_BUFG/O
    X1Y1 (CLOCK_ROOT)    net (fo=82633, routed)       2.866     3.082    pccx_v002_system_i/u_npu/inst/u_wrap/u_pccx_npu_top/u_HP_buffer/u_hp0_weight_fifo/xpm_fifo_base_inst/rdp_inst/rd_clk
    SLICE_X49Y61         FDRE                                         r  pccx_v002_system_i/u_npu/inst/u_wrap/u_pccx_npu_top/u_HP_buffer/u_hp0_weight_fifo/xpm_fifo_base_inst/rdp_inst/count_value_i_reg[4]/C
  -------------------------------------------------------------------    -------------------
    SLICE_X49Y61         FDRE (Prop_DFF_SLICEL_C_Q)
                                                      0.112     3.194 r  pccx_v002_system_i/u_npu/inst/u_wrap/u_pccx_npu_top/u_HP_buffer/u_hp0_weight_fifo/xpm_fifo_base_inst/rdp_inst/count_value_i_reg[4]/Q
                         net (fo=27, routed)          0.121     3.315    pccx_v002_system_i/u_npu/inst/u_wrap/u_pccx_npu_top/u_HP_buffer/u_hp0_weight_fifo/xpm_fifo_base_inst/rdp_inst/Q[4]
    SLICE_X50Y59         LUT6 (Prop_F6LUT_SLICEL_I1_O)
                                                      0.033     3.348 r  pccx_v002_system_i/u_npu/inst/u_wrap/u_pccx_npu_top/u_HP_buffer/u_hp0_weight_fifo/xpm_fifo_base_inst/rdp_inst/count_value_i[6]_i_1__2/O
                         net (fo=1, routed)           0.031     3.379    pccx_v002_system_i/u_npu/inst/u_wrap/u_pccx_npu_top/u_HP_buffer/u_hp0_weight_fifo/xpm_fifo_base_inst/rdp_inst/count_value_i[6]_i_1__2_n_0
    SLICE_X50Y59         FDRE                                         r  pccx_v002_system_i/u_npu/inst/u_wrap/u_pccx_npu_top/u_HP_buffer/u_hp0_weight_fifo/xpm_fifo_base_inst/rdp_inst/count_value_i_reg[6]/D
  -------------------------------------------------------------------    -------------------

                         (clock clk_pl_0 rise edge)
                                                      0.000     0.000 r  
    PS8_X0Y0             PS8                          0.000     0.000 r  pccx_v002_system_i/zynq_ps/inst/PS8_i/PLCLK[0]
                         net (fo=1, routed)           0.229     0.229    pccx_v002_system_i/zynq_ps/inst/pl_clk_unbuffered[0]
    BUFG_PS_X0Y90        BUFG_PS (Prop_BUFG_PS_I_O)
                                                      0.038     0.267 r  pccx_v002_system_i/zynq_ps/inst/buffer_pl_clk_0.PL_CLK_0_BUFG/O
    X1Y1 (CLOCK_ROOT)    net (fo=82633, routed)       3.199     3.466    pccx_v002_system_i/u_npu/inst/u_wrap/u_pccx_npu_top/u_HP_buffer/u_hp0_weight_fifo/xpm_fifo_base_inst/rdp_inst/rd_clk
    SLICE_X50Y59         FDRE                                         r  pccx_v002_system_i/u_npu/inst/u_wrap/u_pccx_npu_top/u_HP_buffer/u_hp0_weight_fifo/xpm_fifo_base_inst/rdp_inst/count_value_i_reg[6]/C
                         clock pessimism             -0.197     3.269    
    SLICE_X50Y59         FDRE (Hold_FFF_SLICEL_C_D)
                                                      0.101     3.370    pccx_v002_system_i/u_npu/inst/u_wrap/u_pccx_npu_top/u_HP_buffer/u_hp0_weight_fifo/xpm_fifo_base_inst/rdp_inst/count_value_i_reg[6]
  -------------------------------------------------------------------
                         required time                         -3.370    
                         arrival time                           3.379    
  -------------------------------------------------------------------
                         slack                                  0.010    

Slack (MET) :             0.010ns  (arrival time - required time)
  Source:                 pccx_v002_system_i/u_npu/inst/u_wrap/u_pccx_npu_top/u_systolic_engine/u_compute_core/gemm_row_loop[7].gemm_col_loop[8].normal_row.dsp_unit/w_upper_reg_reg[1]/C
                            (rising edge-triggered cell FDRE clocked by clk_pl_0  {rise@0.000ns fall@5.000ns period=10.000ns})
  Destination:            pccx_v002_system_i/u_npu/inst/u_wrap/u_pccx_npu_top/u_systolic_engine/u_compute_core/gemm_row_loop[7].gemm_col_loop[9].normal_row.dsp_unit/w_upper_reg_reg[1]/D
                            (rising edge-triggered cell FDRE clocked by clk_pl_0  {rise@0.000ns fall@5.000ns period=10.000ns})
  Path Group:             clk_pl_0
  Path Type:              Hold (Min at Slow Process Corner)
  Requirement:            0.000ns  (clk_pl_0 rise@0.000ns - clk_pl_0 rise@0.000ns)
  Data Path Delay:        0.225ns  (logic 0.113ns (50.155%)  route 0.112ns (49.845%))
  Logic Levels:           0  
  Clock Path Skew:        0.112ns (DCD - SCD - CPR)
    Destination Clock Delay (DCD):    3.549ns
    Source Clock Delay      (SCD):    3.187ns
    Clock Pessimism Removal (CPR):    0.249ns
  Clock Net Delay (Source):      2.971ns (routing 1.538ns, distribution 1.433ns)
  Clock Net Delay (Destination): 3.282ns (routing 1.681ns, distribution 1.601ns)

    Location             Delay type                Incr(ns)  Path(ns)    Netlist Resource(s)
  -------------------------------------------------------------------    -------------------
                         (clock clk_pl_0 rise edge)
                                                      0.000     0.000 r  
    PS8_X0Y0             PS8                          0.000     0.000 r  pccx_v002_system_i/zynq_ps/inst/PS8_i/PLCLK[0]
                         net (fo=1, routed)           0.181     0.181    pccx_v002_system_i/zynq_ps/inst/pl_clk_unbuffered[0]
    BUFG_PS_X0Y90        BUFG_PS (Prop_BUFG_PS_I_O)
                                                      0.035     0.216 r  pccx_v002_system_i/zynq_ps/inst/buffer_pl_clk_0.PL_CLK_0_BUFG/O
    X1Y1 (CLOCK_ROOT)    net (fo=82633, routed)       2.971     3.187    pccx_v002_system_i/u_npu/inst/u_wrap/u_pccx_npu_top/u_systolic_engine/u_compute_core/gemm_row_loop[7].gemm_col_loop[8].normal_row.dsp_unit/clk_core
    SLICE_X14Y184        FDRE                                         r  pccx_v002_system_i/u_npu/inst/u_wrap/u_pccx_npu_top/u_systolic_engine/u_compute_core/gemm_row_loop[7].gemm_col_loop[8].normal_row.dsp_unit/w_upper_reg_reg[1]/C
  -------------------------------------------------------------------    -------------------
    SLICE_X14Y184        FDRE (Prop_CFF2_SLICEL_C_Q)
                                                      0.113     3.300 r  pccx_v002_system_i/u_npu/inst/u_wrap/u_pccx_npu_top/u_systolic_engine/u_compute_core/gemm_row_loop[7].gemm_col_loop[8].normal_row.dsp_unit/w_upper_reg_reg[1]/Q
                         net (fo=3, routed)           0.112     3.412    pccx_v002_system_i/u_npu/inst/u_wrap/u_pccx_npu_top/u_systolic_engine/u_compute_core/gemm_row_loop[7].gemm_col_loop[9].normal_row.dsp_unit/w_upper_reg_reg[3]_2[1]
    SLICE_X15Y184        FDRE                                         r  pccx_v002_system_i/u_npu/inst/u_wrap/u_pccx_npu_top/u_systolic_engine/u_compute_core/gemm_row_loop[7].gemm_col_loop[9].normal_row.dsp_unit/w_upper_reg_reg[1]/D
  -------------------------------------------------------------------    -------------------

                         (clock clk_pl_0 rise edge)
                                                      0.000     0.000 r  
    PS8_X0Y0             PS8                          0.000     0.000 r  pccx_v002_system_i/zynq_ps/inst/PS8_i/PLCLK[0]
                         net (fo=1, routed)           0.229     0.229    pccx_v002_system_i/zynq_ps/inst/pl_clk_unbuffered[0]
    BUFG_PS_X0Y90        BUFG_PS (Prop_BUFG_PS_I_O)
                                                      0.038     0.267 r  pccx_v002_system_i/zynq_ps/inst/buffer_pl_clk_0.PL_CLK_0_BUFG/O
    X1Y1 (CLOCK_ROOT)    net (fo=82633, routed)       3.282     3.549    pccx_v002_system_i/u_npu/inst/u_wrap/u_pccx_npu_top/u_systolic_engine/u_compute_core/gemm_row_loop[7].gemm_col_loop[9].normal_row.dsp_unit/clk_core
    SLICE_X15Y184        FDRE                                         r  pccx_v002_system_i/u_npu/inst/u_wrap/u_pccx_npu_top/u_systolic_engine/u_compute_core/gemm_row_loop[7].gemm_col_loop[9].normal_row.dsp_unit/w_upper_reg_reg[1]/C
                         clock pessimism             -0.249     3.300    
    SLICE_X15Y184        FDRE (Hold_GFF2_SLICEL_C_D)
                                                      0.103     3.403    pccx_v002_system_i/u_npu/inst/u_wrap/u_pccx_npu_top/u_systolic_engine/u_compute_core/gemm_row_loop[7].gemm_col_loop[9].normal_row.dsp_unit/w_upper_reg_reg[1]
  -------------------------------------------------------------------
                         required time                         -3.403    
                         arrival time                           3.412    
  -------------------------------------------------------------------
                         slack                                  0.010    

Slack (MET) :             0.010ns  (arrival time - required time)
  Source:                 pccx_v002_system_i/u_npu/inst/u_wrap/u_pccx_npu_top/u_systolic_engine/u_compute_core/gemm_row_loop[11].gemm_col_loop[14].normal_row.dsp_unit/inst_valid_out_V_reg/C
                            (rising edge-triggered cell FDRE clocked by clk_pl_0  {rise@0.000ns fall@5.000ns period=10.000ns})
  Destination:            pccx_v002_system_i/u_npu/inst/u_wrap/u_pccx_npu_top/u_systolic_engine/u_compute_core/gemm_row_loop[12].gemm_col_loop[14].normal_row.dsp_unit/inst_valid_out_V_reg/D
                            (rising edge-triggered cell FDRE clocked by clk_pl_0  {rise@0.000ns fall@5.000ns period=10.000ns})
  Path Group:             clk_pl_0
  Path Type:              Hold (Min at Slow Process Corner)
  Requirement:            0.000ns  (clk_pl_0 rise@0.000ns - clk_pl_0 rise@0.000ns)
  Data Path Delay:        0.504ns  (logic 0.112ns (22.200%)  route 0.392ns (77.800%))
  Logic Levels:           0  
  Clock Path Skew:        0.392ns (DCD - SCD - CPR)
    Destination Clock Delay (DCD):    3.539ns
    Source Clock Delay      (SCD):    2.952ns
    Clock Pessimism Removal (CPR):    0.194ns
  Clock Net Delay (Source):      2.736ns (routing 1.538ns, distribution 1.198ns)
  Clock Net Delay (Destination): 3.272ns (routing 1.681ns, distribution 1.591ns)

    Location             Delay type                Incr(ns)  Path(ns)    Netlist Resource(s)
  -------------------------------------------------------------------    -------------------
                         (clock clk_pl_0 rise edge)
                                                      0.000     0.000 r  
    PS8_X0Y0             PS8                          0.000     0.000 r  pccx_v002_system_i/zynq_ps/inst/PS8_i/PLCLK[0]
                         net (fo=1, routed)           0.181     0.181    pccx_v002_system_i/zynq_ps/inst/pl_clk_unbuffered[0]
    BUFG_PS_X0Y90        BUFG_PS (Prop_BUFG_PS_I_O)
                                                      0.035     0.216 r  pccx_v002_system_i/zynq_ps/inst/buffer_pl_clk_0.PL_CLK_0_BUFG/O
    X1Y1 (CLOCK_ROOT)    net (fo=82633, routed)       2.736     2.952    pccx_v002_system_i/u_npu/inst/u_wrap/u_pccx_npu_top/u_systolic_engine/u_compute_core/gemm_row_loop[11].gemm_col_loop[14].normal_row.dsp_unit/clk_core
    SLICE_X23Y117        FDRE                                         r  pccx_v002_system_i/u_npu/inst/u_wrap/u_pccx_npu_top/u_systolic_engine/u_compute_core/gemm_row_loop[11].gemm_col_loop[14].normal_row.dsp_unit/inst_valid_out_V_reg/C
  -------------------------------------------------------------------    -------------------
    SLICE_X23Y117        FDRE (Prop_GFF_SLICEL_C_Q)
                                                      0.112     3.064 r  pccx_v002_system_i/u_npu/inst/u_wrap/u_pccx_npu_top/u_systolic_engine/u_compute_core/gemm_row_loop[11].gemm_col_loop[14].normal_row.dsp_unit/inst_valid_out_V_reg/Q
                         net (fo=3, routed)           0.392     3.457    pccx_v002_system_i/u_npu/inst/u_wrap/u_pccx_npu_top/u_systolic_engine/u_compute_core/gemm_row_loop[12].gemm_col_loop[14].normal_row.dsp_unit/gemm_inst_valid_wire[12][14]_1160
    SLICE_X21Y121        FDRE                                         r  pccx_v002_system_i/u_npu/inst/u_wrap/u_pccx_npu_top/u_systolic_engine/u_compute_core/gemm_row_loop[12].gemm_col_loop[14].normal_row.dsp_unit/inst_valid_out_V_reg/D
  -------------------------------------------------------------------    -------------------

                         (clock clk_pl_0 rise edge)
                                                      0.000     0.000 r  
    PS8_X0Y0             PS8                          0.000     0.000 r  pccx_v002_system_i/zynq_ps/inst/PS8_i/PLCLK[0]
                         net (fo=1, routed)           0.229     0.229    pccx_v002_system_i/zynq_ps/inst/pl_clk_unbuffered[0]
    BUFG_PS_X0Y90        BUFG_PS (Prop_BUFG_PS_I_O)
                                                      0.038     0.267 r  pccx_v002_system_i/zynq_ps/inst/buffer_pl_clk_0.PL_CLK_0_BUFG/O
    X1Y1 (CLOCK_ROOT)    net (fo=82633, routed)       3.272     3.539    pccx_v002_system_i/u_npu/inst/u_wrap/u_pccx_npu_top/u_systolic_engine/u_compute_core/gemm_row_loop[12].gemm_col_loop[14].normal_row.dsp_unit/clk_core
    SLICE_X21Y121        FDRE                                         r  pccx_v002_system_i/u_npu/inst/u_wrap/u_pccx_npu_top/u_systolic_engine/u_compute_core/gemm_row_loop[12].gemm_col_loop[14].normal_row.dsp_unit/inst_valid_out_V_reg/C
                         clock pessimism             -0.194     3.345    
    SLICE_X21Y121        FDRE (Hold_AFF2_SLICEM_C_D)
                                                      0.102     3.447    pccx_v002_system_i/u_npu/inst/u_wrap/u_pccx_npu_top/u_systolic_engine/u_compute_core/gemm_row_loop[12].gemm_col_loop[14].normal_row.dsp_unit/inst_valid_out_V_reg
  -------------------------------------------------------------------
                         required time                         -3.447    
                         arrival time                           3.457    
  -------------------------------------------------------------------
                         slack                                  0.010    

Slack (MET) :             0.010ns  (arrival time - required time)
  Source:                 pccx_v002_system_i/u_npu/inst/u_wrap/u_pccx_npu_top/u_systolic_engine/u_compute_core/gemm_row_loop[24].gemm_col_loop[22].normal_row.dsp_unit/instruction_out_V_reg[0]/C
                            (rising edge-triggered cell FDRE clocked by clk_pl_0  {rise@0.000ns fall@5.000ns period=10.000ns})
  Destination:            pccx_v002_system_i/u_npu/inst/u_wrap/u_pccx_npu_top/u_systolic_engine/u_compute_core/gemm_row_loop[25].gemm_col_loop[22].normal_row.dsp_unit/instruction_out_V_reg[0]/D
                            (rising edge-triggered cell FDRE clocked by clk_pl_0  {rise@0.000ns fall@5.000ns period=10.000ns})
  Path Group:             clk_pl_0
  Path Type:              Hold (Min at Slow Process Corner)
  Requirement:            0.000ns  (clk_pl_0 rise@0.000ns - clk_pl_0 rise@0.000ns)
  Data Path Delay:        0.328ns  (logic 0.112ns (34.095%)  route 0.216ns (65.905%))
  Logic Levels:           0  
  Clock Path Skew:        0.216ns (DCD - SCD - CPR)
    Destination Clock Delay (DCD):    3.341ns
    Source Clock Delay      (SCD):    2.930ns
    Clock Pessimism Removal (CPR):    0.194ns
  Clock Net Delay (Source):      2.714ns (routing 1.538ns, distribution 1.176ns)
  Clock Net Delay (Destination): 3.074ns (routing 1.681ns, distribution 1.393ns)

    Location             Delay type                Incr(ns)  Path(ns)    Netlist Resource(s)
  -------------------------------------------------------------------    -------------------
                         (clock clk_pl_0 rise edge)
                                                      0.000     0.000 r  
    PS8_X0Y0             PS8                          0.000     0.000 r  pccx_v002_system_i/zynq_ps/inst/PS8_i/PLCLK[0]
                         net (fo=1, routed)           0.181     0.181    pccx_v002_system_i/zynq_ps/inst/pl_clk_unbuffered[0]
    BUFG_PS_X0Y90        BUFG_PS (Prop_BUFG_PS_I_O)
                                                      0.035     0.216 r  pccx_v002_system_i/zynq_ps/inst/buffer_pl_clk_0.PL_CLK_0_BUFG/O
    X1Y1 (CLOCK_ROOT)    net (fo=82633, routed)       2.714     2.930    pccx_v002_system_i/u_npu/inst/u_wrap/u_pccx_npu_top/u_systolic_engine/u_compute_core/gemm_row_loop[24].gemm_col_loop[22].normal_row.dsp_unit/clk_core
    SLICE_X35Y117        FDRE                                         r  pccx_v002_system_i/u_npu/inst/u_wrap/u_pccx_npu_top/u_systolic_engine/u_compute_core/gemm_row_loop[24].gemm_col_loop[22].normal_row.dsp_unit/instruction_out_V_reg[0]/C
  -------------------------------------------------------------------    -------------------
    SLICE_X35Y117        FDRE (Prop_HFF_SLICEM_C_Q)
                                                      0.112     3.042 r  pccx_v002_system_i/u_npu/inst/u_wrap/u_pccx_npu_top/u_systolic_engine/u_compute_core/gemm_row_loop[24].gemm_col_loop[22].normal_row.dsp_unit/instruction_out_V_reg[0]/Q
                         net (fo=2, routed)           0.216     3.259    pccx_v002_system_i/u_npu/inst/u_wrap/u_pccx_npu_top/u_systolic_engine/u_compute_core/gemm_row_loop[25].gemm_col_loop[22].normal_row.dsp_unit/instruction_out_V_reg[2]_1[0]
    SLICE_X35Y120        FDRE                                         r  pccx_v002_system_i/u_npu/inst/u_wrap/u_pccx_npu_top/u_systolic_engine/u_compute_core/gemm_row_loop[25].gemm_col_loop[22].normal_row.dsp_unit/instruction_out_V_reg[0]/D
  -------------------------------------------------------------------    -------------------

                         (clock clk_pl_0 rise edge)
                                                      0.000     0.000 r  
    PS8_X0Y0             PS8                          0.000     0.000 r  pccx_v002_system_i/zynq_ps/inst/PS8_i/PLCLK[0]
                         net (fo=1, routed)           0.229     0.229    pccx_v002_system_i/zynq_ps/inst/pl_clk_unbuffered[0]
    BUFG_PS_X0Y90        BUFG_PS (Prop_BUFG_PS_I_O)
                                                      0.038     0.267 r  pccx_v002_system_i/zynq_ps/inst/buffer_pl_clk_0.PL_CLK_0_BUFG/O
    X1Y1 (CLOCK_ROOT)    net (fo=82633, routed)       3.074     3.341    pccx_v002_system_i/u_npu/inst/u_wrap/u_pccx_npu_top/u_systolic_engine/u_compute_core/gemm_row_loop[25].gemm_col_loop[22].normal_row.dsp_unit/clk_core
    SLICE_X35Y120        FDRE                                         r  pccx_v002_system_i/u_npu/inst/u_wrap/u_pccx_npu_top/u_systolic_engine/u_compute_core/gemm_row_loop[25].gemm_col_loop[22].normal_row.dsp_unit/instruction_out_V_reg[0]/C
                         clock pessimism             -0.194     3.147    
    SLICE_X35Y120        FDRE (Hold_FFF2_SLICEM_C_D)
                                                      0.102     3.249    pccx_v002_system_i/u_npu/inst/u_wrap/u_pccx_npu_top/u_systolic_engine/u_compute_core/gemm_row_loop[25].gemm_col_loop[22].normal_row.dsp_unit/instruction_out_V_reg[0]
  -------------------------------------------------------------------
                         required time                         -3.249    
                         arrival time                           3.259    
  -------------------------------------------------------------------
                         slack                                  0.010    

Slack (MET) :             0.010ns  (arrival time - required time)
  Source:                 pccx_v002_system_i/u_npu/inst/u_wrap/u_pccx_npu_top/u_systolic_engine/u_compute_core/v_delay_row[7].v_delay_col[12].gemm_in_V_fabric_reg[8][12][4]/C
                            (rising edge-triggered cell FDRE clocked by clk_pl_0  {rise@0.000ns fall@5.000ns period=10.000ns})
  Destination:            pccx_v002_system_i/u_npu/inst/u_wrap/u_pccx_npu_top/u_systolic_engine/u_compute_core/v_delay_row[8].v_delay_col[12].gemm_in_V_fabric_reg[9][12][4]/D
                            (rising edge-triggered cell FDRE clocked by clk_pl_0  {rise@0.000ns fall@5.000ns period=10.000ns})
  Path Group:             clk_pl_0
  Path Type:              Hold (Min at Slow Process Corner)
  Requirement:            0.000ns  (clk_pl_0 rise@0.000ns - clk_pl_0 rise@0.000ns)
  Data Path Delay:        0.316ns  (logic 0.112ns (35.443%)  route 0.204ns (64.557%))
  Logic Levels:           0  
  Clock Path Skew:        0.206ns (DCD - SCD - CPR)
    Destination Clock Delay (DCD):    3.526ns
    Source Clock Delay      (SCD):    3.126ns
    Clock Pessimism Removal (CPR):    0.194ns
  Clock Net Delay (Source):      2.910ns (routing 1.538ns, distribution 1.372ns)
  Clock Net Delay (Destination): 3.259ns (routing 1.681ns, distribution 1.578ns)

    Location             Delay type                Incr(ns)  Path(ns)    Netlist Resource(s)
  -------------------------------------------------------------------    -------------------
                         (clock clk_pl_0 rise edge)
                                                      0.000     0.000 r  
    PS8_X0Y0             PS8                          0.000     0.000 r  pccx_v002_system_i/zynq_ps/inst/PS8_i/PLCLK[0]
                         net (fo=1, routed)           0.181     0.181    pccx_v002_system_i/zynq_ps/inst/pl_clk_unbuffered[0]
    BUFG_PS_X0Y90        BUFG_PS (Prop_BUFG_PS_I_O)
                                                      0.035     0.216 r  pccx_v002_system_i/zynq_ps/inst/buffer_pl_clk_0.PL_CLK_0_BUFG/O
    X1Y1 (CLOCK_ROOT)    net (fo=82633, routed)       2.910     3.126    pccx_v002_system_i/u_npu/inst/u_wrap/u_pccx_npu_top/u_systolic_engine/u_compute_core/clk_core
    SLICE_X17Y118        FDRE                                         r  pccx_v002_system_i/u_npu/inst/u_wrap/u_pccx_npu_top/u_systolic_engine/u_compute_core/v_delay_row[7].v_delay_col[12].gemm_in_V_fabric_reg[8][12][4]/C
  -------------------------------------------------------------------    -------------------
    SLICE_X17Y118        FDRE (Prop_GFF_SLICEM_C_Q)
                                                      0.112     3.238 r  pccx_v002_system_i/u_npu/inst/u_wrap/u_pccx_npu_top/u_systolic_engine/u_compute_core/v_delay_row[7].v_delay_col[12].gemm_in_V_fabric_reg[8][12][4]/Q
                         net (fo=1, routed)           0.204     3.442    pccx_v002_system_i/u_npu/inst/u_wrap/u_pccx_npu_top/u_systolic_engine/u_compute_core/v_delay_row[7].v_delay_col[12].gemm_in_V_fabric_reg[8][12]_4202[4]
    SLICE_X17Y125        FDRE                                         r  pccx_v002_system_i/u_npu/inst/u_wrap/u_pccx_npu_top/u_systolic_engine/u_compute_core/v_delay_row[8].v_delay_col[12].gemm_in_V_fabric_reg[9][12][4]/D
  -------------------------------------------------------------------    -------------------

                         (clock clk_pl_0 rise edge)
                                                      0.000     0.000 r  
    PS8_X0Y0             PS8                          0.000     0.000 r  pccx_v002_system_i/zynq_ps/inst/PS8_i/PLCLK[0]
                         net (fo=1, routed)           0.229     0.229    pccx_v002_system_i/zynq_ps/inst/pl_clk_unbuffered[0]
    BUFG_PS_X0Y90        BUFG_PS (Prop_BUFG_PS_I_O)
                                                      0.038     0.267 r  pccx_v002_system_i/zynq_ps/inst/buffer_pl_clk_0.PL_CLK_0_BUFG/O
    X1Y1 (CLOCK_ROOT)    net (fo=82633, routed)       3.259     3.526    pccx_v002_system_i/u_npu/inst/u_wrap/u_pccx_npu_top/u_systolic_engine/u_compute_core/clk_core
    SLICE_X17Y125        FDRE                                         r  pccx_v002_system_i/u_npu/inst/u_wrap/u_pccx_npu_top/u_systolic_engine/u_compute_core/v_delay_row[8].v_delay_col[12].gemm_in_V_fabric_reg[9][12][4]/C
                         clock pessimism             -0.194     3.332    
    SLICE_X17Y125        FDRE (Hold_GFF_SLICEM_C_D)
                                                      0.100     3.432    pccx_v002_system_i/u_npu/inst/u_wrap/u_pccx_npu_top/u_systolic_engine/u_compute_core/v_delay_row[8].v_delay_col[12].gemm_in_V_fabric_reg[9][12][4]
  -------------------------------------------------------------------
                         required time                         -3.432    
                         arrival time                           3.442    
  -------------------------------------------------------------------
                         slack                                  0.010    

Slack (MET) :             0.010ns  (arrival time - required time)
  Source:                 pccx_v002_system_i/u_npu/inst/u_wrap/u_pccx_npu_top/u_fmap_pre/u_fmap_shifter/m_axis_tdata_reg[34]/C
                            (rising edge-triggered cell FDRE clocked by clk_pl_0  {rise@0.000ns fall@5.000ns period=10.000ns})
  Destination:            pccx_v002_system_i/u_npu/inst/u_wrap/u_pccx_npu_top/u_fmap_pre/u_fmap_sram/u_fmap_bram/xpm_memory_base_inst/gen_wr_a.gen_word_wide.mem_reg_bram_1/DINADIN[7]
                            (rising edge-triggered cell RAMB36E2 clocked by clk_pl_0  {rise@0.000ns fall@5.000ns period=10.000ns})
  Path Group:             clk_pl_0
  Path Type:              Hold (Min at Slow Process Corner)
  Requirement:            0.000ns  (clk_pl_0 rise@0.000ns - clk_pl_0 rise@0.000ns)
  Data Path Delay:        0.217ns  (logic 0.112ns (51.613%)  route 0.105ns (48.387%))
  Logic Levels:           0  
  Clock Path Skew:        0.255ns (DCD - SCD - CPR)
    Destination Clock Delay (DCD):    3.648ns
    Source Clock Delay      (SCD):    3.137ns
    Clock Pessimism Removal (CPR):    0.256ns
  Clock Net Delay (Source):      2.921ns (routing 1.538ns, distribution 1.383ns)
  Clock Net Delay (Destination): 3.381ns (routing 1.681ns, distribution 1.700ns)

    Location             Delay type                Incr(ns)  Path(ns)    Netlist Resource(s)
  -------------------------------------------------------------------    -------------------
                         (clock clk_pl_0 rise edge)
                                                      0.000     0.000 r  
    PS8_X0Y0             PS8                          0.000     0.000 r  pccx_v002_system_i/zynq_ps/inst/PS8_i/PLCLK[0]
                         net (fo=1, routed)           0.181     0.181    pccx_v002_system_i/zynq_ps/inst/pl_clk_unbuffered[0]
    BUFG_PS_X0Y90        BUFG_PS (Prop_BUFG_PS_I_O)
                                                      0.035     0.216 r  pccx_v002_system_i/zynq_ps/inst/buffer_pl_clk_0.PL_CLK_0_BUFG/O
    X1Y1 (CLOCK_ROOT)    net (fo=82633, routed)       2.921     3.137    pccx_v002_system_i/u_npu/inst/u_wrap/u_pccx_npu_top/u_fmap_pre/u_fmap_shifter/clk_core
    SLICE_X53Y126        FDRE                                         r  pccx_v002_system_i/u_npu/inst/u_wrap/u_pccx_npu_top/u_fmap_pre/u_fmap_shifter/m_axis_tdata_reg[34]/C
  -------------------------------------------------------------------    -------------------
    SLICE_X53Y126        FDRE (Prop_GFF_SLICEM_C_Q)
                                                      0.112     3.249 r  pccx_v002_system_i/u_npu/inst/u_wrap/u_pccx_npu_top/u_fmap_pre/u_fmap_shifter/m_axis_tdata_reg[34]/Q
                         net (fo=1, routed)           0.105     3.354    pccx_v002_system_i/u_npu/inst/u_wrap/u_pccx_npu_top/u_fmap_pre/u_fmap_sram/u_fmap_bram/xpm_memory_base_inst/dina[34]
    RAMB36_X2Y25         RAMB36E2                                     r  pccx_v002_system_i/u_npu/inst/u_wrap/u_pccx_npu_top/u_fmap_pre/u_fmap_sram/u_fmap_bram/xpm_memory_base_inst/gen_wr_a.gen_word_wide.mem_reg_bram_1/DINADIN[7]
  -------------------------------------------------------------------    -------------------

                         (clock clk_pl_0 rise edge)
                                                      0.000     0.000 r  
    PS8_X0Y0             PS8                          0.000     0.000 r  pccx_v002_system_i/zynq_ps/inst/PS8_i/PLCLK[0]
                         net (fo=1, routed)           0.229     0.229    pccx_v002_system_i/zynq_ps/inst/pl_clk_unbuffered[0]
    BUFG_PS_X0Y90        BUFG_PS (Prop_BUFG_PS_I_O)
                                                      0.038     0.267 r  pccx_v002_system_i/zynq_ps/inst/buffer_pl_clk_0.PL_CLK_0_BUFG/O
    X1Y1 (CLOCK_ROOT)    net (fo=82633, routed)       3.381     3.648    pccx_v002_system_i/u_npu/inst/u_wrap/u_pccx_npu_top/u_fmap_pre/u_fmap_sram/u_fmap_bram/xpm_memory_base_inst/clka
    RAMB36_X2Y25         RAMB36E2                                     r  pccx_v002_system_i/u_npu/inst/u_wrap/u_pccx_npu_top/u_fmap_pre/u_fmap_sram/u_fmap_bram/xpm_memory_base_inst/gen_wr_a.gen_word_wide.mem_reg_bram_1/CLKBWRCLK
                         clock pessimism             -0.256     3.392    
    RAMB36_X2Y25         RAMB36E2 (Hold_RAMB36E2_RAMB36_CLKBWRCLK_DINADIN[7])
                                                     -0.048     3.344    pccx_v002_system_i/u_npu/inst/u_wrap/u_pccx_npu_top/u_fmap_pre/u_fmap_sram/u_fmap_bram/xpm_memory_base_inst/gen_wr_a.gen_word_wide.mem_reg_bram_1
  -------------------------------------------------------------------
                         required time                         -3.344    
                         arrival time                           3.354    
  -------------------------------------------------------------------
                         slack                                  0.010    

Slack (MET) :             0.010ns  (arrival time - required time)
  Source:                 pccx_v002_system_i/sc_axil/inst/s00_nodes/s00_w_node/inst/inst_mi_handler/gen_normal_area.inst_fifo_node_payld/gen_xpm_memory_fifo.inst_fifo/gen_mem_rep[0].inst_xpm_memory/xpm_memory_base_inst/gen_rd_b.gen_rd_b_synth_template.gen_rf_narrow_reg.doutb_reg_reg[35]/C
                            (rising edge-triggered cell FDRE clocked by clk_pl_0  {rise@0.000ns fall@5.000ns period=10.000ns})
  Destination:            pccx_v002_system_i/sc_axil/inst/switchboards/w_switchboard/inst/gen_mi[0].inst_opipe_payld/gen_pipe[1].pipe_reg[1][35]/D
                            (rising edge-triggered cell FDRE clocked by clk_pl_0  {rise@0.000ns fall@5.000ns period=10.000ns})
  Path Group:             clk_pl_0
  Path Type:              Hold (Min at Slow Process Corner)
  Requirement:            0.000ns  (clk_pl_0 rise@0.000ns - clk_pl_0 rise@0.000ns)
  Data Path Delay:        0.238ns  (logic 0.112ns (47.059%)  route 0.126ns (52.941%))
  Logic Levels:           0  
  Clock Path Skew:        0.126ns (DCD - SCD - CPR)
    Destination Clock Delay (DCD):    3.524ns
    Source Clock Delay      (SCD):    3.147ns
    Clock Pessimism Removal (CPR):    0.251ns
  Clock Net Delay (Source):      2.931ns (routing 1.538ns, distribution 1.393ns)
  Clock Net Delay (Destination): 3.257ns (routing 1.681ns, distribution 1.576ns)

    Location             Delay type                Incr(ns)  Path(ns)    Netlist Resource(s)
  -------------------------------------------------------------------    -------------------
                         (clock clk_pl_0 rise edge)
                                                      0.000     0.000 r  
    PS8_X0Y0             PS8                          0.000     0.000 r  pccx_v002_system_i/zynq_ps/inst/PS8_i/PLCLK[0]
                         net (fo=1, routed)           0.181     0.181    pccx_v002_system_i/zynq_ps/inst/pl_clk_unbuffered[0]
    BUFG_PS_X0Y90        BUFG_PS (Prop_BUFG_PS_I_O)
                                                      0.035     0.216 r  pccx_v002_system_i/zynq_ps/inst/buffer_pl_clk_0.PL_CLK_0_BUFG/O
    X1Y1 (CLOCK_ROOT)    net (fo=82633, routed)       2.931     3.147    pccx_v002_system_i/sc_axil/inst/s00_nodes/s00_w_node/inst/inst_mi_handler/gen_normal_area.inst_fifo_node_payld/gen_xpm_memory_fifo.inst_fifo/gen_mem_rep[0].inst_xpm_memory/xpm_memory_base_inst/clka
    SLICE_X7Y110         FDRE                                         r  pccx_v002_system_i/sc_axil/inst/s00_nodes/s00_w_node/inst/inst_mi_handler/gen_normal_area.inst_fifo_node_payld/gen_xpm_memory_fifo.inst_fifo/gen_mem_rep[0].inst_xpm_memory/xpm_memory_base_inst/gen_rd_b.gen_rd_b_synth_template.gen_rf_narrow_reg.doutb_reg_reg[35]/C
  -------------------------------------------------------------------    -------------------
    SLICE_X7Y110         FDRE (Prop_DFF_SLICEM_C_Q)
                                                      0.112     3.259 r  pccx_v002_system_i/sc_axil/inst/s00_nodes/s00_w_node/inst/inst_mi_handler/gen_normal_area.inst_fifo_node_payld/gen_xpm_memory_fifo.inst_fifo/gen_mem_rep[0].inst_xpm_memory/xpm_memory_base_inst/gen_rd_b.gen_rd_b_synth_template.gen_rf_narrow_reg.doutb_reg_reg[35]/Q
                         net (fo=1, routed)           0.126     3.385    pccx_v002_system_i/sc_axil/inst/switchboards/w_switchboard/inst/gen_mi[0].inst_opipe_payld/s_sc_payld[23]
    SLICE_X9Y110         FDRE                                         r  pccx_v002_system_i/sc_axil/inst/switchboards/w_switchboard/inst/gen_mi[0].inst_opipe_payld/gen_pipe[1].pipe_reg[1][35]/D
  -------------------------------------------------------------------    -------------------

                         (clock clk_pl_0 rise edge)
                                                      0.000     0.000 r  
    PS8_X0Y0             PS8                          0.000     0.000 r  pccx_v002_system_i/zynq_ps/inst/PS8_i/PLCLK[0]
                         net (fo=1, routed)           0.229     0.229    pccx_v002_system_i/zynq_ps/inst/pl_clk_unbuffered[0]
    BUFG_PS_X0Y90        BUFG_PS (Prop_BUFG_PS_I_O)
                                                      0.038     0.267 r  pccx_v002_system_i/zynq_ps/inst/buffer_pl_clk_0.PL_CLK_0_BUFG/O
    X1Y1 (CLOCK_ROOT)    net (fo=82633, routed)       3.257     3.524    pccx_v002_system_i/sc_axil/inst/switchboards/w_switchboard/inst/gen_mi[0].inst_opipe_payld/aclk
    SLICE_X9Y110         FDRE                                         r  pccx_v002_system_i/sc_axil/inst/switchboards/w_switchboard/inst/gen_mi[0].inst_opipe_payld/gen_pipe[1].pipe_reg[1][35]/C
                         clock pessimism             -0.251     3.273    
    SLICE_X9Y110         FDRE (Hold_DFF2_SLICEL_C_D)
                                                      0.102     3.375    pccx_v002_system_i/sc_axil/inst/switchboards/w_switchboard/inst/gen_mi[0].inst_opipe_payld/gen_pipe[1].pipe_reg[1][35]
  -------------------------------------------------------------------
                         required time                         -3.375    
                         arrival time                           3.385    
  -------------------------------------------------------------------
                         slack                                  0.010    

Slack (MET) :             0.010ns  (arrival time - required time)
  Source:                 pccx_v002_system_i/u_npu/inst/u_wrap/u_pccx_npu_top/gen_norm[3].u_norm_seq/s1_abs_data_reg[10]/C
                            (rising edge-triggered cell FDRE clocked by clk_pl_0  {rise@0.000ns fall@5.000ns period=10.000ns})
  Destination:            pccx_v002_system_i/u_npu/inst/u_wrap/u_pccx_npu_top/gen_norm[3].u_norm_seq/s2_abs_data_reg[10]/D
                            (rising edge-triggered cell FDRE clocked by clk_pl_0  {rise@0.000ns fall@5.000ns period=10.000ns})
  Path Group:             clk_pl_0
  Path Type:              Hold (Min at Slow Process Corner)
  Requirement:            0.000ns  (clk_pl_0 rise@0.000ns - clk_pl_0 rise@0.000ns)
  Data Path Delay:        0.212ns  (logic 0.112ns (52.779%)  route 0.100ns (47.221%))
  Logic Levels:           0  
  Clock Path Skew:        0.099ns (DCD - SCD - CPR)
    Destination Clock Delay (DCD):    3.502ns
    Source Clock Delay      (SCD):    3.152ns
    Clock Pessimism Removal (CPR):    0.251ns
  Clock Net Delay (Source):      2.936ns (routing 1.538ns, distribution 1.398ns)
  Clock Net Delay (Destination): 3.235ns (routing 1.681ns, distribution 1.554ns)

    Location             Delay type                Incr(ns)  Path(ns)    Netlist Resource(s)
  -------------------------------------------------------------------    -------------------
                         (clock clk_pl_0 rise edge)
                                                      0.000     0.000 r  
    PS8_X0Y0             PS8                          0.000     0.000 r  pccx_v002_system_i/zynq_ps/inst/PS8_i/PLCLK[0]
                         net (fo=1, routed)           0.181     0.181    pccx_v002_system_i/zynq_ps/inst/pl_clk_unbuffered[0]
    BUFG_PS_X0Y90        BUFG_PS (Prop_BUFG_PS_I_O)
                                                      0.035     0.216 r  pccx_v002_system_i/zynq_ps/inst/buffer_pl_clk_0.PL_CLK_0_BUFG/O
    X1Y1 (CLOCK_ROOT)    net (fo=82633, routed)       2.936     3.152    pccx_v002_system_i/u_npu/inst/u_wrap/u_pccx_npu_top/gen_norm[3].u_norm_seq/clk_core
    SLICE_X1Y81          FDRE                                         r  pccx_v002_system_i/u_npu/inst/u_wrap/u_pccx_npu_top/gen_norm[3].u_norm_seq/s1_abs_data_reg[10]/C
  -------------------------------------------------------------------    -------------------
    SLICE_X1Y81          FDRE (Prop_CFF_SLICEM_C_Q)
                                                      0.112     3.264 r  pccx_v002_system_i/u_npu/inst/u_wrap/u_pccx_npu_top/gen_norm[3].u_norm_seq/s1_abs_data_reg[10]/Q
                         net (fo=3, routed)           0.100     3.364    pccx_v002_system_i/u_npu/inst/u_wrap/u_pccx_npu_top/gen_norm[3].u_norm_seq/s1_abs_data_reg_n_0_[10]
    SLICE_X0Y80          FDRE                                         r  pccx_v002_system_i/u_npu/inst/u_wrap/u_pccx_npu_top/gen_norm[3].u_norm_seq/s2_abs_data_reg[10]/D
  -------------------------------------------------------------------    -------------------

                         (clock clk_pl_0 rise edge)
                                                      0.000     0.000 r  
    PS8_X0Y0             PS8                          0.000     0.000 r  pccx_v002_system_i/zynq_ps/inst/PS8_i/PLCLK[0]
                         net (fo=1, routed)           0.229     0.229    pccx_v002_system_i/zynq_ps/inst/pl_clk_unbuffered[0]
    BUFG_PS_X0Y90        BUFG_PS (Prop_BUFG_PS_I_O)
                                                      0.038     0.267 r  pccx_v002_system_i/zynq_ps/inst/buffer_pl_clk_0.PL_CLK_0_BUFG/O
    X1Y1 (CLOCK_ROOT)    net (fo=82633, routed)       3.235     3.502    pccx_v002_system_i/u_npu/inst/u_wrap/u_pccx_npu_top/gen_norm[3].u_norm_seq/clk_core
    SLICE_X0Y80          FDRE                                         r  pccx_v002_system_i/u_npu/inst/u_wrap/u_pccx_npu_top/gen_norm[3].u_norm_seq/s2_abs_data_reg[10]/C
                         clock pessimism             -0.251     3.251    
    SLICE_X0Y80          FDRE (Hold_GFF2_SLICEL_C_D)
                                                      0.103     3.354    pccx_v002_system_i/u_npu/inst/u_wrap/u_pccx_npu_top/gen_norm[3].u_norm_seq/s2_abs_data_reg[10]
  -------------------------------------------------------------------
                         required time                         -3.354    
                         arrival time                           3.364    
  -------------------------------------------------------------------
                         slack                                  0.010    

Slack (MET) :             0.011ns  (arrival time - required time)
  Source:                 pccx_v002_system_i/fmap_dm_acp/U0/GEN_MM2S_FULL.I_MM2S_FULL_WRAPPER/ENABLE_AXIS_SKID.I_MM2S_SKID_BUF/sig_data_reg_out_reg[87]/C
                            (rising edge-triggered cell FDRE clocked by clk_pl_0  {rise@0.000ns fall@5.000ns period=10.000ns})
  Destination:            pccx_v002_system_i/u_npu/inst/u_wrap/u_pccx_npu_top/u_mem_dispatcher/u_l2_cache/u_acp_cdc/u_acp_rx_fifo/xpm_fifo_base_inst/gen_sdpram.xpm_memory_base_inst/gen_wr_a.gen_word_narrow.mem_reg_1/DINADIN[15]
                            (rising edge-triggered cell RAMB36E2 clocked by clk_pl_0  {rise@0.000ns fall@5.000ns period=10.000ns})
  Path Group:             clk_pl_0
  Path Type:              Hold (Min at Slow Process Corner)
  Requirement:            0.000ns  (clk_pl_0 rise@0.000ns - clk_pl_0 rise@0.000ns)
  Data Path Delay:        0.218ns  (logic 0.112ns (51.376%)  route 0.106ns (48.624%))
  Logic Levels:           0  
  Clock Path Skew:        0.255ns (DCD - SCD - CPR)
    Destination Clock Delay (DCD):    3.544ns
    Source Clock Delay      (SCD):    3.036ns
    Clock Pessimism Removal (CPR):    0.252ns
  Clock Net Delay (Source):      2.820ns (routing 1.538ns, distribution 1.282ns)
  Clock Net Delay (Destination): 3.277ns (routing 1.681ns, distribution 1.596ns)

    Location             Delay type                Incr(ns)  Path(ns)    Netlist Resource(s)
  -------------------------------------------------------------------    -------------------
                         (clock clk_pl_0 rise edge)
                                                      0.000     0.000 r  
    PS8_X0Y0             PS8                          0.000     0.000 r  pccx_v002_system_i/zynq_ps/inst/PS8_i/PLCLK[0]
                         net (fo=1, routed)           0.181     0.181    pccx_v002_system_i/zynq_ps/inst/pl_clk_unbuffered[0]
    BUFG_PS_X0Y90        BUFG_PS (Prop_BUFG_PS_I_O)
                                                      0.035     0.216 r  pccx_v002_system_i/zynq_ps/inst/buffer_pl_clk_0.PL_CLK_0_BUFG/O
    X1Y1 (CLOCK_ROOT)    net (fo=82633, routed)       2.820     3.036    pccx_v002_system_i/fmap_dm_acp/U0/GEN_MM2S_FULL.I_MM2S_FULL_WRAPPER/ENABLE_AXIS_SKID.I_MM2S_SKID_BUF/m_axi_mm2s_aclk
    SLICE_X48Y85         FDRE                                         r  pccx_v002_system_i/fmap_dm_acp/U0/GEN_MM2S_FULL.I_MM2S_FULL_WRAPPER/ENABLE_AXIS_SKID.I_MM2S_SKID_BUF/sig_data_reg_out_reg[87]/C
  -------------------------------------------------------------------    -------------------
    SLICE_X48Y85         FDRE (Prop_CFF_SLICEL_C_Q)
                                                      0.112     3.148 r  pccx_v002_system_i/fmap_dm_acp/U0/GEN_MM2S_FULL.I_MM2S_FULL_WRAPPER/ENABLE_AXIS_SKID.I_MM2S_SKID_BUF/sig_data_reg_out_reg[87]/Q
                         net (fo=1, routed)           0.106     3.254    pccx_v002_system_i/u_npu/inst/u_wrap/u_pccx_npu_top/u_mem_dispatcher/u_l2_cache/u_acp_cdc/u_acp_rx_fifo/xpm_fifo_base_inst/gen_sdpram.xpm_memory_base_inst/dina[87]
    RAMB36_X1Y16         RAMB36E2                                     r  pccx_v002_system_i/u_npu/inst/u_wrap/u_pccx_npu_top/u_mem_dispatcher/u_l2_cache/u_acp_cdc/u_acp_rx_fifo/xpm_fifo_base_inst/gen_sdpram.xpm_memory_base_inst/gen_wr_a.gen_word_narrow.mem_reg_1/DINADIN[15]
  -------------------------------------------------------------------    -------------------

                         (clock clk_pl_0 rise edge)
                                                      0.000     0.000 r  
    PS8_X0Y0             PS8                          0.000     0.000 r  pccx_v002_system_i/zynq_ps/inst/PS8_i/PLCLK[0]
                         net (fo=1, routed)           0.229     0.229    pccx_v002_system_i/zynq_ps/inst/pl_clk_unbuffered[0]
    BUFG_PS_X0Y90        BUFG_PS (Prop_BUFG_PS_I_O)
                                                      0.038     0.267 r  pccx_v002_system_i/zynq_ps/inst/buffer_pl_clk_0.PL_CLK_0_BUFG/O
    X1Y1 (CLOCK_ROOT)    net (fo=82633, routed)       3.277     3.544    pccx_v002_system_i/u_npu/inst/u_wrap/u_pccx_npu_top/u_mem_dispatcher/u_l2_cache/u_acp_cdc/u_acp_rx_fifo/xpm_fifo_base_inst/gen_sdpram.xpm_memory_base_inst/clka
    RAMB36_X1Y16         RAMB36E2                                     r  pccx_v002_system_i/u_npu/inst/u_wrap/u_pccx_npu_top/u_mem_dispatcher/u_l2_cache/u_acp_cdc/u_acp_rx_fifo/xpm_fifo_base_inst/gen_sdpram.xpm_memory_base_inst/gen_wr_a.gen_word_narrow.mem_reg_1/CLKBWRCLK
                         clock pessimism             -0.252     3.291    
    RAMB36_X1Y16         RAMB36E2 (Hold_RAMB36E2_RAMB36_CLKBWRCLK_DINADIN[15])
                                                     -0.048     3.243    pccx_v002_system_i/u_npu/inst/u_wrap/u_pccx_npu_top/u_mem_dispatcher/u_l2_cache/u_acp_cdc/u_acp_rx_fifo/xpm_fifo_base_inst/gen_sdpram.xpm_memory_base_inst/gen_wr_a.gen_word_narrow.mem_reg_1
  -------------------------------------------------------------------
                         required time                         -3.243    
                         arrival time                           3.254    
  -------------------------------------------------------------------
                         slack                                  0.011    

Slack (MET) :             0.011ns  (arrival time - required time)
  Source:                 pccx_v002_system_i/u_npu/inst/u_wrap/u_pccx_npu_top/u_systolic_engine/u_compute_core/gemm_row_loop[15].gemm_col_loop[26].normal_row.dsp_unit/w_upper_reg_reg[1]/C
                            (rising edge-triggered cell FDRE clocked by clk_pl_0  {rise@0.000ns fall@5.000ns period=10.000ns})
  Destination:            pccx_v002_system_i/u_npu/inst/u_wrap/u_pccx_npu_top/u_systolic_engine/u_compute_core/gemm_row_loop[15].gemm_col_loop[27].normal_row.dsp_unit/w_upper_reg_reg[1]/D
                            (rising edge-triggered cell FDRE clocked by clk_pl_0  {rise@0.000ns fall@5.000ns period=10.000ns})
  Path Group:             clk_pl_0
  Path Type:              Hold (Min at Slow Process Corner)
  Requirement:            0.000ns  (clk_pl_0 rise@0.000ns - clk_pl_0 rise@0.000ns)
  Data Path Delay:        0.223ns  (logic 0.112ns (50.156%)  route 0.111ns (49.844%))
  Logic Levels:           0  
  Clock Path Skew:        0.112ns (DCD - SCD - CPR)
    Destination Clock Delay (DCD):    3.281ns
    Source Clock Delay      (SCD):    2.930ns
    Clock Pessimism Removal (CPR):    0.239ns
  Clock Net Delay (Source):      2.714ns (routing 1.538ns, distribution 1.176ns)
  Clock Net Delay (Destination): 3.014ns (routing 1.681ns, distribution 1.333ns)

    Location             Delay type                Incr(ns)  Path(ns)    Netlist Resource(s)
  -------------------------------------------------------------------    -------------------
                         (clock clk_pl_0 rise edge)
                                                      0.000     0.000 r  
    PS8_X0Y0             PS8                          0.000     0.000 r  pccx_v002_system_i/zynq_ps/inst/PS8_i/PLCLK[0]
                         net (fo=1, routed)           0.181     0.181    pccx_v002_system_i/zynq_ps/inst/pl_clk_unbuffered[0]
    BUFG_PS_X0Y90        BUFG_PS (Prop_BUFG_PS_I_O)
                                                      0.035     0.216 r  pccx_v002_system_i/zynq_ps/inst/buffer_pl_clk_0.PL_CLK_0_BUFG/O
    X1Y1 (CLOCK_ROOT)    net (fo=82633, routed)       2.714     2.930    pccx_v002_system_i/u_npu/inst/u_wrap/u_pccx_npu_top/u_systolic_engine/u_compute_core/gemm_row_loop[15].gemm_col_loop[26].normal_row.dsp_unit/clk_core
    SLICE_X31Y39         FDRE                                         r  pccx_v002_system_i/u_npu/inst/u_wrap/u_pccx_npu_top/u_systolic_engine/u_compute_core/gemm_row_loop[15].gemm_col_loop[26].normal_row.dsp_unit/w_upper_reg_reg[1]/C
  -------------------------------------------------------------------    -------------------
    SLICE_X31Y39         FDRE (Prop_AFF_SLICEM_C_Q)
                                                      0.112     3.042 r  pccx_v002_system_i/u_npu/inst/u_wrap/u_pccx_npu_top/u_systolic_engine/u_compute_core/gemm_row_loop[15].gemm_col_loop[26].normal_row.dsp_unit/w_upper_reg_reg[1]/Q
                         net (fo=3, routed)           0.111     3.153    pccx_v002_system_i/u_npu/inst/u_wrap/u_pccx_npu_top/u_systolic_engine/u_compute_core/gemm_row_loop[15].gemm_col_loop[27].normal_row.dsp_unit/w_upper_reg_reg[3]_2[1]
    SLICE_X30Y39         FDRE                                         r  pccx_v002_system_i/u_npu/inst/u_wrap/u_pccx_npu_top/u_systolic_engine/u_compute_core/gemm_row_loop[15].gemm_col_loop[27].normal_row.dsp_unit/w_upper_reg_reg[1]/D
  -------------------------------------------------------------------    -------------------

                         (clock clk_pl_0 rise edge)
                                                      0.000     0.000 r  
    PS8_X0Y0             PS8                          0.000     0.000 r  pccx_v002_system_i/zynq_ps/inst/PS8_i/PLCLK[0]
                         net (fo=1, routed)           0.229     0.229    pccx_v002_system_i/zynq_ps/inst/pl_clk_unbuffered[0]
    BUFG_PS_X0Y90        BUFG_PS (Prop_BUFG_PS_I_O)
                                                      0.038     0.267 r  pccx_v002_system_i/zynq_ps/inst/buffer_pl_clk_0.PL_CLK_0_BUFG/O
    X1Y1 (CLOCK_ROOT)    net (fo=82633, routed)       3.014     3.281    pccx_v002_system_i/u_npu/inst/u_wrap/u_pccx_npu_top/u_systolic_engine/u_compute_core/gemm_row_loop[15].gemm_col_loop[27].normal_row.dsp_unit/clk_core
    SLICE_X30Y39         FDRE                                         r  pccx_v002_system_i/u_npu/inst/u_wrap/u_pccx_npu_top/u_systolic_engine/u_compute_core/gemm_row_loop[15].gemm_col_loop[27].normal_row.dsp_unit/w_upper_reg_reg[1]/C
                         clock pessimism             -0.239     3.042    
    SLICE_X30Y39         FDRE (Hold_HFF_SLICEL_C_D)
                                                      0.101     3.143    pccx_v002_system_i/u_npu/inst/u_wrap/u_pccx_npu_top/u_systolic_engine/u_compute_core/gemm_row_loop[15].gemm_col_loop[27].normal_row.dsp_unit/w_upper_reg_reg[1]
  -------------------------------------------------------------------
                         required time                         -3.143    
                         arrival time                           3.153    
  -------------------------------------------------------------------
                         slack                                  0.011    

Slack (MET) :             0.011ns  (arrival time - required time)
  Source:                 pccx_v002_system_i/u_npu/inst/u_wrap/u_pccx_npu_top/gen_norm[0].u_norm_seq/s1_abs_data_reg[21]/C
                            (rising edge-triggered cell FDRE clocked by clk_pl_0  {rise@0.000ns fall@5.000ns period=10.000ns})
  Destination:            pccx_v002_system_i/u_npu/inst/u_wrap/u_pccx_npu_top/gen_norm[0].u_norm_seq/s2_abs_data_reg[21]/D
                            (rising edge-triggered cell FDRE clocked by clk_pl_0  {rise@0.000ns fall@5.000ns period=10.000ns})
  Path Group:             clk_pl_0
  Path Type:              Hold (Min at Slow Process Corner)
  Requirement:            0.000ns  (clk_pl_0 rise@0.000ns - clk_pl_0 rise@0.000ns)
  Data Path Delay:        0.244ns  (logic 0.111ns (45.427%)  route 0.133ns (54.573%))
  Logic Levels:           0  
  Clock Path Skew:        0.132ns (DCD - SCD - CPR)
    Destination Clock Delay (DCD):    3.574ns
    Source Clock Delay      (SCD):    3.187ns
    Clock Pessimism Removal (CPR):    0.255ns
  Clock Net Delay (Source):      2.971ns (routing 1.538ns, distribution 1.433ns)
  Clock Net Delay (Destination): 3.307ns (routing 1.681ns, distribution 1.626ns)

    Location             Delay type                Incr(ns)  Path(ns)    Netlist Resource(s)
  -------------------------------------------------------------------    -------------------
                         (clock clk_pl_0 rise edge)
                                                      0.000     0.000 r  
    PS8_X0Y0             PS8                          0.000     0.000 r  pccx_v002_system_i/zynq_ps/inst/PS8_i/PLCLK[0]
                         net (fo=1, routed)           0.181     0.181    pccx_v002_system_i/zynq_ps/inst/pl_clk_unbuffered[0]
    BUFG_PS_X0Y90        BUFG_PS (Prop_BUFG_PS_I_O)
                                                      0.035     0.216 r  pccx_v002_system_i/zynq_ps/inst/buffer_pl_clk_0.PL_CLK_0_BUFG/O
    X1Y1 (CLOCK_ROOT)    net (fo=82633, routed)       2.971     3.187    pccx_v002_system_i/u_npu/inst/u_wrap/u_pccx_npu_top/gen_norm[0].u_norm_seq/clk_core
    SLICE_X7Y142         FDRE                                         r  pccx_v002_system_i/u_npu/inst/u_wrap/u_pccx_npu_top/gen_norm[0].u_norm_seq/s1_abs_data_reg[21]/C
  -------------------------------------------------------------------    -------------------
    SLICE_X7Y142         FDRE (Prop_FFF_SLICEM_C_Q)
                                                      0.111     3.298 r  pccx_v002_system_i/u_npu/inst/u_wrap/u_pccx_npu_top/gen_norm[0].u_norm_seq/s1_abs_data_reg[21]/Q
                         net (fo=5, routed)           0.133     3.431    pccx_v002_system_i/u_npu/inst/u_wrap/u_pccx_npu_top/gen_norm[0].u_norm_seq/s1_abs_data_reg_n_0_[21]
    SLICE_X9Y142         FDRE                                         r  pccx_v002_system_i/u_npu/inst/u_wrap/u_pccx_npu_top/gen_norm[0].u_norm_seq/s2_abs_data_reg[21]/D
  -------------------------------------------------------------------    -------------------

                         (clock clk_pl_0 rise edge)
                                                      0.000     0.000 r  
    PS8_X0Y0             PS8                          0.000     0.000 r  pccx_v002_system_i/zynq_ps/inst/PS8_i/PLCLK[0]
                         net (fo=1, routed)           0.229     0.229    pccx_v002_system_i/zynq_ps/inst/pl_clk_unbuffered[0]
    BUFG_PS_X0Y90        BUFG_PS (Prop_BUFG_PS_I_O)
                                                      0.038     0.267 r  pccx_v002_system_i/zynq_ps/inst/buffer_pl_clk_0.PL_CLK_0_BUFG/O
    X1Y1 (CLOCK_ROOT)    net (fo=82633, routed)       3.307     3.574    pccx_v002_system_i/u_npu/inst/u_wrap/u_pccx_npu_top/gen_norm[0].u_norm_seq/clk_core
    SLICE_X9Y142         FDRE                                         r  pccx_v002_system_i/u_npu/inst/u_wrap/u_pccx_npu_top/gen_norm[0].u_norm_seq/s2_abs_data_reg[21]/C
                         clock pessimism             -0.255     3.319    
    SLICE_X9Y142         FDRE (Hold_EFF2_SLICEL_C_D)
                                                      0.102     3.421    pccx_v002_system_i/u_npu/inst/u_wrap/u_pccx_npu_top/gen_norm[0].u_norm_seq/s2_abs_data_reg[21]
  -------------------------------------------------------------------
                         required time                         -3.421    
                         arrival time                           3.431    
  -------------------------------------------------------------------
                         slack                                  0.011    

Slack (MET) :             0.011ns  (arrival time - required time)
  Source:                 pccx_v002_system_i/result_dm_acp/U0/GEN_S2MM_FULL.I_S2MM_FULL_WRAPPER/GEN_INCLUDE_REALIGNER.I_S2MM_REALIGNER/GEN_INCLUDE_SCATTER.I_S2MM_SCATTER/I_MSSAI_SKID_BUF/sig_data_reg_out_reg[53]/C
                            (rising edge-triggered cell FDRE clocked by clk_pl_0  {rise@0.000ns fall@5.000ns period=10.000ns})
  Destination:            pccx_v002_system_i/result_dm_acp/U0/GEN_S2MM_FULL.I_S2MM_FULL_WRAPPER/GEN_INCLUDE_GP_SF.I_S2MM_GP_SF/I_DATA_FIFO/BLK_MEM.I_SYNC_FIFOGEN_FIFO/xpm_fifo_base_inst/gen_sdpram.xpm_memory_base_inst/gen_wr_a.gen_word_narrow.mem_reg_0/DINBDIN[21]
                            (rising edge-triggered cell RAMB36E2 clocked by clk_pl_0  {rise@0.000ns fall@5.000ns period=10.000ns})
  Path Group:             clk_pl_0
  Path Type:              Hold (Min at Slow Process Corner)
  Requirement:            0.000ns  (clk_pl_0 rise@0.000ns - clk_pl_0 rise@0.000ns)
  Data Path Delay:        0.212ns  (logic 0.111ns (52.358%)  route 0.101ns (47.641%))
  Logic Levels:           0  
  Clock Path Skew:        0.249ns (DCD - SCD - CPR)
    Destination Clock Delay (DCD):    3.425ns
    Source Clock Delay      (SCD):    2.933ns
    Clock Pessimism Removal (CPR):    0.242ns
  Clock Net Delay (Source):      2.717ns (routing 1.538ns, distribution 1.179ns)
  Clock Net Delay (Destination): 3.158ns (routing 1.681ns, distribution 1.477ns)

    Location             Delay type                Incr(ns)  Path(ns)    Netlist Resource(s)
  -------------------------------------------------------------------    -------------------
                         (clock clk_pl_0 rise edge)
                                                      0.000     0.000 r  
    PS8_X0Y0             PS8                          0.000     0.000 r  pccx_v002_system_i/zynq_ps/inst/PS8_i/PLCLK[0]
                         net (fo=1, routed)           0.181     0.181    pccx_v002_system_i/zynq_ps/inst/pl_clk_unbuffered[0]
    BUFG_PS_X0Y90        BUFG_PS (Prop_BUFG_PS_I_O)
                                                      0.035     0.216 r  pccx_v002_system_i/zynq_ps/inst/buffer_pl_clk_0.PL_CLK_0_BUFG/O
    X1Y1 (CLOCK_ROOT)    net (fo=82633, routed)       2.717     2.933    pccx_v002_system_i/result_dm_acp/U0/GEN_S2MM_FULL.I_S2MM_FULL_WRAPPER/GEN_INCLUDE_REALIGNER.I_S2MM_REALIGNER/GEN_INCLUDE_SCATTER.I_S2MM_SCATTER/I_MSSAI_SKID_BUF/m_axi_s2mm_aclk
    SLICE_X28Y34         FDRE                                         r  pccx_v002_system_i/result_dm_acp/U0/GEN_S2MM_FULL.I_S2MM_FULL_WRAPPER/GEN_INCLUDE_REALIGNER.I_S2MM_REALIGNER/GEN_INCLUDE_SCATTER.I_S2MM_SCATTER/I_MSSAI_SKID_BUF/sig_data_reg_out_reg[53]/C
  -------------------------------------------------------------------    -------------------
    SLICE_X28Y34         FDRE (Prop_BFF_SLICEM_C_Q)
                                                      0.111     3.044 r  pccx_v002_system_i/result_dm_acp/U0/GEN_S2MM_FULL.I_S2MM_FULL_WRAPPER/GEN_INCLUDE_REALIGNER.I_S2MM_REALIGNER/GEN_INCLUDE_SCATTER.I_S2MM_SCATTER/I_MSSAI_SKID_BUF/sig_data_reg_out_reg[53]/Q
                         net (fo=1, routed)           0.101     3.145    pccx_v002_system_i/result_dm_acp/U0/GEN_S2MM_FULL.I_S2MM_FULL_WRAPPER/GEN_INCLUDE_GP_SF.I_S2MM_GP_SF/I_DATA_FIFO/BLK_MEM.I_SYNC_FIFOGEN_FIFO/xpm_fifo_base_inst/gen_sdpram.xpm_memory_base_inst/dina[53]
    RAMB36_X0Y6          RAMB36E2                                     r  pccx_v002_system_i/result_dm_acp/U0/GEN_S2MM_FULL.I_S2MM_FULL_WRAPPER/GEN_INCLUDE_GP_SF.I_S2MM_GP_SF/I_DATA_FIFO/BLK_MEM.I_SYNC_FIFOGEN_FIFO/xpm_fifo_base_inst/gen_sdpram.xpm_memory_base_inst/gen_wr_a.gen_word_narrow.mem_reg_0/DINBDIN[21]
  -------------------------------------------------------------------    -------------------

                         (clock clk_pl_0 rise edge)
                                                      0.000     0.000 r  
    PS8_X0Y0             PS8                          0.000     0.000 r  pccx_v002_system_i/zynq_ps/inst/PS8_i/PLCLK[0]
                         net (fo=1, routed)           0.229     0.229    pccx_v002_system_i/zynq_ps/inst/pl_clk_unbuffered[0]
    BUFG_PS_X0Y90        BUFG_PS (Prop_BUFG_PS_I_O)
                                                      0.038     0.267 r  pccx_v002_system_i/zynq_ps/inst/buffer_pl_clk_0.PL_CLK_0_BUFG/O
    X1Y1 (CLOCK_ROOT)    net (fo=82633, routed)       3.158     3.425    pccx_v002_system_i/result_dm_acp/U0/GEN_S2MM_FULL.I_S2MM_FULL_WRAPPER/GEN_INCLUDE_GP_SF.I_S2MM_GP_SF/I_DATA_FIFO/BLK_MEM.I_SYNC_FIFOGEN_FIFO/xpm_fifo_base_inst/gen_sdpram.xpm_memory_base_inst/clka
    RAMB36_X0Y6          RAMB36E2                                     r  pccx_v002_system_i/result_dm_acp/U0/GEN_S2MM_FULL.I_S2MM_FULL_WRAPPER/GEN_INCLUDE_GP_SF.I_S2MM_GP_SF/I_DATA_FIFO/BLK_MEM.I_SYNC_FIFOGEN_FIFO/xpm_fifo_base_inst/gen_sdpram.xpm_memory_base_inst/gen_wr_a.gen_word_narrow.mem_reg_0/CLKBWRCLK
                         clock pessimism             -0.242     3.182    
    RAMB36_X0Y6          RAMB36E2 (Hold_RAMB36E2_RAMB36_CLKBWRCLK_DINBDIN[21])
                                                     -0.048     3.134    pccx_v002_system_i/result_dm_acp/U0/GEN_S2MM_FULL.I_S2MM_FULL_WRAPPER/GEN_INCLUDE_GP_SF.I_S2MM_GP_SF/I_DATA_FIFO/BLK_MEM.I_SYNC_FIFOGEN_FIFO/xpm_fifo_base_inst/gen_sdpram.xpm_memory_base_inst/gen_wr_a.gen_word_narrow.mem_reg_0
  -------------------------------------------------------------------
                         required time                         -3.134    
                         arrival time                           3.145    
  -------------------------------------------------------------------
                         slack                                  0.011    

Slack (MET) :             0.011ns  (arrival time - required time)
  Source:                 pccx_v002_system_i/sc_hp0_stage0/inst/s02_entry_pipeline/s02_transaction_regulator/inst/gen_endpoint.gen_w_singleorder.w_singleorder/gen_cmd_reg.cmd_reg/m_vector_i_reg[142]/C
                            (rising edge-triggered cell FDRE clocked by clk_pl_0  {rise@0.000ns fall@5.000ns period=10.000ns})
  Destination:            pccx_v002_system_i/sc_hp0_stage0/inst/s02_entry_pipeline/s02_si_converter/inst/converter.low_area_converter.low_area_wrap_inst/aw_user_reg[cascade][exclusive][len][3]/D
                            (rising edge-triggered cell FDRE clocked by clk_pl_0  {rise@0.000ns fall@5.000ns period=10.000ns})
  Path Group:             clk_pl_0
  Path Type:              Hold (Min at Slow Process Corner)
  Requirement:            0.000ns  (clk_pl_0 rise@0.000ns - clk_pl_0 rise@0.000ns)
  Data Path Delay:        0.233ns  (logic 0.112ns (48.069%)  route 0.121ns (51.931%))
  Logic Levels:           0  
  Clock Path Skew:        0.120ns (DCD - SCD - CPR)
    Destination Clock Delay (DCD):    3.495ns
    Source Clock Delay      (SCD):    3.129ns
    Clock Pessimism Removal (CPR):    0.245ns
  Clock Net Delay (Source):      2.913ns (routing 1.538ns, distribution 1.375ns)
  Clock Net Delay (Destination): 3.228ns (routing 1.681ns, distribution 1.547ns)

    Location             Delay type                Incr(ns)  Path(ns)    Netlist Resource(s)
  -------------------------------------------------------------------    -------------------
                         (clock clk_pl_0 rise edge)
                                                      0.000     0.000 r  
    PS8_X0Y0             PS8                          0.000     0.000 r  pccx_v002_system_i/zynq_ps/inst/PS8_i/PLCLK[0]
                         net (fo=1, routed)           0.181     0.181    pccx_v002_system_i/zynq_ps/inst/pl_clk_unbuffered[0]
    BUFG_PS_X0Y90        BUFG_PS (Prop_BUFG_PS_I_O)
                                                      0.035     0.216 r  pccx_v002_system_i/zynq_ps/inst/buffer_pl_clk_0.PL_CLK_0_BUFG/O
    X1Y1 (CLOCK_ROOT)    net (fo=82633, routed)       2.913     3.129    pccx_v002_system_i/sc_hp0_stage0/inst/s02_entry_pipeline/s02_transaction_regulator/inst/gen_endpoint.gen_w_singleorder.w_singleorder/gen_cmd_reg.cmd_reg/aclk
    SLICE_X15Y27         FDRE                                         r  pccx_v002_system_i/sc_hp0_stage0/inst/s02_entry_pipeline/s02_transaction_regulator/inst/gen_endpoint.gen_w_singleorder.w_singleorder/gen_cmd_reg.cmd_reg/m_vector_i_reg[142]/C
  -------------------------------------------------------------------    -------------------
    SLICE_X15Y27         FDRE (Prop_BFF_SLICEL_C_Q)
                                                      0.112     3.241 r  pccx_v002_system_i/sc_hp0_stage0/inst/s02_entry_pipeline/s02_transaction_regulator/inst/gen_endpoint.gen_w_singleorder.w_singleorder/gen_cmd_reg.cmd_reg/m_vector_i_reg[142]/Q
                         net (fo=1, routed)           0.121     3.362    pccx_v002_system_i/sc_hp0_stage0/inst/s02_entry_pipeline/s02_si_converter/inst/converter.low_area_converter.low_area_wrap_inst/s_axi_awuser[6]
    SLICE_X14Y26         FDRE                                         r  pccx_v002_system_i/sc_hp0_stage0/inst/s02_entry_pipeline/s02_si_converter/inst/converter.low_area_converter.low_area_wrap_inst/aw_user_reg[cascade][exclusive][len][3]/D
  -------------------------------------------------------------------    -------------------

                         (clock clk_pl_0 rise edge)
                                                      0.000     0.000 r  
    PS8_X0Y0             PS8                          0.000     0.000 r  pccx_v002_system_i/zynq_ps/inst/PS8_i/PLCLK[0]
                         net (fo=1, routed)           0.229     0.229    pccx_v002_system_i/zynq_ps/inst/pl_clk_unbuffered[0]
    BUFG_PS_X0Y90        BUFG_PS (Prop_BUFG_PS_I_O)
                                                      0.038     0.267 r  pccx_v002_system_i/zynq_ps/inst/buffer_pl_clk_0.PL_CLK_0_BUFG/O
    X1Y1 (CLOCK_ROOT)    net (fo=82633, routed)       3.228     3.495    pccx_v002_system_i/sc_hp0_stage0/inst/s02_entry_pipeline/s02_si_converter/inst/converter.low_area_converter.low_area_wrap_inst/aclk
    SLICE_X14Y26         FDRE                                         r  pccx_v002_system_i/sc_hp0_stage0/inst/s02_entry_pipeline/s02_si_converter/inst/converter.low_area_converter.low_area_wrap_inst/aw_user_reg[cascade][exclusive][len][3]/C
                         clock pessimism             -0.245     3.249    
    SLICE_X14Y26         FDRE (Hold_DFF2_SLICEL_C_D)
                                                      0.102     3.351    pccx_v002_system_i/sc_hp0_stage0/inst/s02_entry_pipeline/s02_si_converter/inst/converter.low_area_converter.low_area_wrap_inst/aw_user_reg[cascade][exclusive][len][3]
  -------------------------------------------------------------------
                         required time                         -3.351    
                         arrival time                           3.362    
  -------------------------------------------------------------------
                         slack                                  0.011    

Slack (MET) :             0.011ns  (arrival time - required time)
  Source:                 pccx_v002_system_i/u_npu/inst/u_wrap/u_pccx_npu_top/u_systolic_engine/u_compute_core/gemm_row_loop[28].gemm_col_loop[29].normal_row.dsp_unit/valid_delay_reg/C
                            (rising edge-triggered cell FDRE clocked by clk_pl_0  {rise@0.000ns fall@5.000ns period=10.000ns})
  Destination:            pccx_v002_system_i/u_npu/inst/u_wrap/u_pccx_npu_top/u_systolic_engine/u_compute_core/gemm_row_loop[29].gemm_col_loop[29].normal_row.dsp_unit/valid_delay_reg/D
                            (rising edge-triggered cell FDRE clocked by clk_pl_0  {rise@0.000ns fall@5.000ns period=10.000ns})
  Path Group:             clk_pl_0
  Path Type:              Hold (Min at Slow Process Corner)
  Requirement:            0.000ns  (clk_pl_0 rise@0.000ns - clk_pl_0 rise@0.000ns)
  Data Path Delay:        0.252ns  (logic 0.112ns (44.392%)  route 0.140ns (55.608%))
  Logic Levels:           0  
  Clock Path Skew:        0.138ns (DCD - SCD - CPR)
    Destination Clock Delay (DCD):    3.468ns
    Source Clock Delay      (SCD):    3.081ns
    Clock Pessimism Removal (CPR):    0.248ns
  Clock Net Delay (Source):      2.865ns (routing 1.538ns, distribution 1.327ns)
  Clock Net Delay (Destination): 3.201ns (routing 1.681ns, distribution 1.520ns)

    Location             Delay type                Incr(ns)  Path(ns)    Netlist Resource(s)
  -------------------------------------------------------------------    -------------------
                         (clock clk_pl_0 rise edge)
                                                      0.000     0.000 r  
    PS8_X0Y0             PS8                          0.000     0.000 r  pccx_v002_system_i/zynq_ps/inst/PS8_i/PLCLK[0]
                         net (fo=1, routed)           0.181     0.181    pccx_v002_system_i/zynq_ps/inst/pl_clk_unbuffered[0]
    BUFG_PS_X0Y90        BUFG_PS (Prop_BUFG_PS_I_O)
                                                      0.035     0.216 r  pccx_v002_system_i/zynq_ps/inst/buffer_pl_clk_0.PL_CLK_0_BUFG/O
    X1Y1 (CLOCK_ROOT)    net (fo=82633, routed)       2.865     3.081    pccx_v002_system_i/u_npu/inst/u_wrap/u_pccx_npu_top/u_systolic_engine/u_compute_core/gemm_row_loop[28].gemm_col_loop[29].normal_row.dsp_unit/clk_core
    SLICE_X56Y107        FDRE                                         r  pccx_v002_system_i/u_npu/inst/u_wrap/u_pccx_npu_top/u_systolic_engine/u_compute_core/gemm_row_loop[28].gemm_col_loop[29].normal_row.dsp_unit/valid_delay_reg/C
  -------------------------------------------------------------------    -------------------
    SLICE_X56Y107        FDRE (Prop_EFF_SLICEL_C_Q)
                                                      0.112     3.193 r  pccx_v002_system_i/u_npu/inst/u_wrap/u_pccx_npu_top/u_systolic_engine/u_compute_core/gemm_row_loop[28].gemm_col_loop[29].normal_row.dsp_unit/valid_delay_reg/Q
                         net (fo=13, routed)          0.140     3.333    pccx_v002_system_i/u_npu/inst/u_wrap/u_pccx_npu_top/u_systolic_engine/u_compute_core/gemm_row_loop[29].gemm_col_loop[29].normal_row.dsp_unit/E[0]
    SLICE_X55Y109        FDRE                                         r  pccx_v002_system_i/u_npu/inst/u_wrap/u_pccx_npu_top/u_systolic_engine/u_compute_core/gemm_row_loop[29].gemm_col_loop[29].normal_row.dsp_unit/valid_delay_reg/D
  -------------------------------------------------------------------    -------------------

                         (clock clk_pl_0 rise edge)
                                                      0.000     0.000 r  
    PS8_X0Y0             PS8                          0.000     0.000 r  pccx_v002_system_i/zynq_ps/inst/PS8_i/PLCLK[0]
                         net (fo=1, routed)           0.229     0.229    pccx_v002_system_i/zynq_ps/inst/pl_clk_unbuffered[0]
    BUFG_PS_X0Y90        BUFG_PS (Prop_BUFG_PS_I_O)
                                                      0.038     0.267 r  pccx_v002_system_i/zynq_ps/inst/buffer_pl_clk_0.PL_CLK_0_BUFG/O
    X1Y1 (CLOCK_ROOT)    net (fo=82633, routed)       3.201     3.468    pccx_v002_system_i/u_npu/inst/u_wrap/u_pccx_npu_top/u_systolic_engine/u_compute_core/gemm_row_loop[29].gemm_col_loop[29].normal_row.dsp_unit/clk_core
    SLICE_X55Y109        FDRE                                         r  pccx_v002_system_i/u_npu/inst/u_wrap/u_pccx_npu_top/u_systolic_engine/u_compute_core/gemm_row_loop[29].gemm_col_loop[29].normal_row.dsp_unit/valid_delay_reg/C
                         clock pessimism             -0.248     3.219    
    SLICE_X55Y109        FDRE (Hold_HFF2_SLICEL_C_D)
                                                      0.103     3.322    pccx_v002_system_i/u_npu/inst/u_wrap/u_pccx_npu_top/u_systolic_engine/u_compute_core/gemm_row_loop[29].gemm_col_loop[29].normal_row.dsp_unit/valid_delay_reg
  -------------------------------------------------------------------
                         required time                         -3.322    
                         arrival time                           3.333    
  -------------------------------------------------------------------
                         slack                                  0.011    

Slack (MET) :             0.011ns  (arrival time - required time)
  Source:                 pccx_v002_system_i/sc_axil/inst/m04_exit_pipeline/m04_exit/inst/aw_reg/m_vector_i_reg[1065]/C
                            (rising edge-triggered cell FDRE clocked by clk_pl_0  {rise@0.000ns fall@5.000ns period=10.000ns})
  Destination:            pccx_v002_system_i/cmdsts_hp3/inst/u_body/awaddr_q_reg[4]/D
                            (rising edge-triggered cell FDRE clocked by clk_pl_0  {rise@0.000ns fall@5.000ns period=10.000ns})
  Path Group:             clk_pl_0
  Path Type:              Hold (Min at Slow Process Corner)
  Requirement:            0.000ns  (clk_pl_0 rise@0.000ns - clk_pl_0 rise@0.000ns)
  Data Path Delay:        0.247ns  (logic 0.112ns (45.344%)  route 0.135ns (54.656%))
  Logic Levels:           0  
  Clock Path Skew:        0.133ns (DCD - SCD - CPR)
    Destination Clock Delay (DCD):    3.528ns
    Source Clock Delay      (SCD):    3.139ns
    Clock Pessimism Removal (CPR):    0.255ns
  Clock Net Delay (Source):      2.923ns (routing 1.538ns, distribution 1.385ns)
  Clock Net Delay (Destination): 3.261ns (routing 1.681ns, distribution 1.580ns)

    Location             Delay type                Incr(ns)  Path(ns)    Netlist Resource(s)
  -------------------------------------------------------------------    -------------------
                         (clock clk_pl_0 rise edge)
                                                      0.000     0.000 r  
    PS8_X0Y0             PS8                          0.000     0.000 r  pccx_v002_system_i/zynq_ps/inst/PS8_i/PLCLK[0]
                         net (fo=1, routed)           0.181     0.181    pccx_v002_system_i/zynq_ps/inst/pl_clk_unbuffered[0]
    BUFG_PS_X0Y90        BUFG_PS (Prop_BUFG_PS_I_O)
                                                      0.035     0.216 r  pccx_v002_system_i/zynq_ps/inst/buffer_pl_clk_0.PL_CLK_0_BUFG/O
    X1Y1 (CLOCK_ROOT)    net (fo=82633, routed)       2.923     3.139    pccx_v002_system_i/sc_axil/inst/m04_exit_pipeline/m04_exit/inst/aw_reg/aclk
    SLICE_X20Y154        FDRE                                         r  pccx_v002_system_i/sc_axil/inst/m04_exit_pipeline/m04_exit/inst/aw_reg/m_vector_i_reg[1065]/C
  -------------------------------------------------------------------    -------------------
    SLICE_X20Y154        FDRE (Prop_DFF_SLICEM_C_Q)
                                                      0.112     3.251 r  pccx_v002_system_i/sc_axil/inst/m04_exit_pipeline/m04_exit/inst/aw_reg/m_vector_i_reg[1065]/Q
                         net (fo=1, routed)           0.135     3.386    pccx_v002_system_i/cmdsts_hp3/inst/u_body/s_axil_awaddr[2]
    SLICE_X19Y154        FDRE                                         r  pccx_v002_system_i/cmdsts_hp3/inst/u_body/awaddr_q_reg[4]/D
  -------------------------------------------------------------------    -------------------

                         (clock clk_pl_0 rise edge)
                                                      0.000     0.000 r  
    PS8_X0Y0             PS8                          0.000     0.000 r  pccx_v002_system_i/zynq_ps/inst/PS8_i/PLCLK[0]
                         net (fo=1, routed)           0.229     0.229    pccx_v002_system_i/zynq_ps/inst/pl_clk_unbuffered[0]
    BUFG_PS_X0Y90        BUFG_PS (Prop_BUFG_PS_I_O)
                                                      0.038     0.267 r  pccx_v002_system_i/zynq_ps/inst/buffer_pl_clk_0.PL_CLK_0_BUFG/O
    X1Y1 (CLOCK_ROOT)    net (fo=82633, routed)       3.261     3.528    pccx_v002_system_i/cmdsts_hp3/inst/u_body/s_axil_aclk
    SLICE_X19Y154        FDRE                                         r  pccx_v002_system_i/cmdsts_hp3/inst/u_body/awaddr_q_reg[4]/C
                         clock pessimism             -0.255     3.272    
    SLICE_X19Y154        FDRE (Hold_FFF2_SLICEL_C_D)
                                                      0.103     3.375    pccx_v002_system_i/cmdsts_hp3/inst/u_body/awaddr_q_reg[4]
  -------------------------------------------------------------------
                         required time                         -3.375    
                         arrival time                           3.386    
  -------------------------------------------------------------------
                         slack                                  0.011    

Slack (MET) :             0.011ns  (arrival time - required time)
  Source:                 pccx_v002_system_i/u_npu/inst/u_wrap/u_pccx_npu_top/gen_norm[19].u_norm_seq/s1_abs_data_reg[22]/C
                            (rising edge-triggered cell FDRE clocked by clk_pl_0  {rise@0.000ns fall@5.000ns period=10.000ns})
  Destination:            pccx_v002_system_i/u_npu/inst/u_wrap/u_pccx_npu_top/gen_norm[19].u_norm_seq/s2_abs_data_reg[22]/D
                            (rising edge-triggered cell FDRE clocked by clk_pl_0  {rise@0.000ns fall@5.000ns period=10.000ns})
  Path Group:             clk_pl_0
  Path Type:              Hold (Min at Slow Process Corner)
  Requirement:            0.000ns  (clk_pl_0 rise@0.000ns - clk_pl_0 rise@0.000ns)
  Data Path Delay:        0.304ns  (logic 0.112ns (36.808%)  route 0.192ns (63.192%))
  Logic Levels:           0  
  Clock Path Skew:        0.191ns (DCD - SCD - CPR)
    Destination Clock Delay (DCD):    3.418ns
    Source Clock Delay      (SCD):    2.980ns
    Clock Pessimism Removal (CPR):    0.246ns
  Clock Net Delay (Source):      2.764ns (routing 1.538ns, distribution 1.226ns)
  Clock Net Delay (Destination): 3.151ns (routing 1.681ns, distribution 1.470ns)

    Location             Delay type                Incr(ns)  Path(ns)    Netlist Resource(s)
  -------------------------------------------------------------------    -------------------
                         (clock clk_pl_0 rise edge)
                                                      0.000     0.000 r  
    PS8_X0Y0             PS8                          0.000     0.000 r  pccx_v002_system_i/zynq_ps/inst/PS8_i/PLCLK[0]
                         net (fo=1, routed)           0.181     0.181    pccx_v002_system_i/zynq_ps/inst/pl_clk_unbuffered[0]
    BUFG_PS_X0Y90        BUFG_PS (Prop_BUFG_PS_I_O)
                                                      0.035     0.216 r  pccx_v002_system_i/zynq_ps/inst/buffer_pl_clk_0.PL_CLK_0_BUFG/O
    X1Y1 (CLOCK_ROOT)    net (fo=82633, routed)       2.764     2.980    pccx_v002_system_i/u_npu/inst/u_wrap/u_pccx_npu_top/gen_norm[19].u_norm_seq/clk_core
    SLICE_X40Y182        FDRE                                         r  pccx_v002_system_i/u_npu/inst/u_wrap/u_pccx_npu_top/gen_norm[19].u_norm_seq/s1_abs_data_reg[22]/C
  -------------------------------------------------------------------    -------------------
    SLICE_X40Y182        FDRE (Prop_GFF_SLICEM_C_Q)
                                                      0.112     3.092 r  pccx_v002_system_i/u_npu/inst/u_wrap/u_pccx_npu_top/gen_norm[19].u_norm_seq/s1_abs_data_reg[22]/Q
                         net (fo=5, routed)           0.192     3.284    pccx_v002_system_i/u_npu/inst/u_wrap/u_pccx_npu_top/gen_norm[19].u_norm_seq/s1_abs_data_reg_n_0_[22]
    SLICE_X42Y184        FDRE                                         r  pccx_v002_system_i/u_npu/inst/u_wrap/u_pccx_npu_top/gen_norm[19].u_norm_seq/s2_abs_data_reg[22]/D
  -------------------------------------------------------------------    -------------------

                         (clock clk_pl_0 rise edge)
                                                      0.000     0.000 r  
    PS8_X0Y0             PS8                          0.000     0.000 r  pccx_v002_system_i/zynq_ps/inst/PS8_i/PLCLK[0]
                         net (fo=1, routed)           0.229     0.229    pccx_v002_system_i/zynq_ps/inst/pl_clk_unbuffered[0]
    BUFG_PS_X0Y90        BUFG_PS (Prop_BUFG_PS_I_O)
                                                      0.038     0.267 r  pccx_v002_system_i/zynq_ps/inst/buffer_pl_clk_0.PL_CLK_0_BUFG/O
    X1Y1 (CLOCK_ROOT)    net (fo=82633, routed)       3.151     3.418    pccx_v002_system_i/u_npu/inst/u_wrap/u_pccx_npu_top/gen_norm[19].u_norm_seq/clk_core
    SLICE_X42Y184        FDRE                                         r  pccx_v002_system_i/u_npu/inst/u_wrap/u_pccx_npu_top/gen_norm[19].u_norm_seq/s2_abs_data_reg[22]/C
                         clock pessimism             -0.246     3.171    
    SLICE_X42Y184        FDRE (Hold_EFF2_SLICEL_C_D)
                                                      0.102     3.273    pccx_v002_system_i/u_npu/inst/u_wrap/u_pccx_npu_top/gen_norm[19].u_norm_seq/s2_abs_data_reg[22]
  -------------------------------------------------------------------
                         required time                         -3.273    
                         arrival time                           3.284    
  -------------------------------------------------------------------
                         slack                                  0.011    

Slack (MET) :             0.011ns  (arrival time - required time)
  Source:                 pccx_v002_system_i/u_npu/inst/u_wrap/u_pccx_npu_top/u_systolic_engine/u_compute_core/v_delay_row[15].v_delay_col[31].gemm_in_V_fabric_reg[16][31][7]/C
                            (rising edge-triggered cell FDRE clocked by clk_pl_0  {rise@0.000ns fall@5.000ns period=10.000ns})
  Destination:            pccx_v002_system_i/u_npu/inst/u_wrap/u_pccx_npu_top/u_systolic_engine/u_compute_core/v_delay_row[16].v_delay_col[31].gemm_in_V_fabric_reg[17][31][7]/D
                            (rising edge-triggered cell FDRE clocked by clk_pl_0  {rise@0.000ns fall@5.000ns period=10.000ns})
  Path Group:             clk_pl_0
  Path Type:              Hold (Min at Slow Process Corner)
  Requirement:            0.000ns  (clk_pl_0 rise@0.000ns - clk_pl_0 rise@0.000ns)
  Data Path Delay:        0.204ns  (logic 0.112ns (54.903%)  route 0.092ns (45.097%))
  Logic Levels:           0  
  Clock Path Skew:        0.091ns (DCD - SCD - CPR)
    Destination Clock Delay (DCD):    3.401ns
    Source Clock Delay      (SCD):    3.067ns
    Clock Pessimism Removal (CPR):    0.243ns
  Clock Net Delay (Source):      2.851ns (routing 1.538ns, distribution 1.313ns)
  Clock Net Delay (Destination): 3.134ns (routing 1.681ns, distribution 1.453ns)

    Location             Delay type                Incr(ns)  Path(ns)    Netlist Resource(s)
  -------------------------------------------------------------------    -------------------
                         (clock clk_pl_0 rise edge)
                                                      0.000     0.000 r  
    PS8_X0Y0             PS8                          0.000     0.000 r  pccx_v002_system_i/zynq_ps/inst/PS8_i/PLCLK[0]
                         net (fo=1, routed)           0.181     0.181    pccx_v002_system_i/zynq_ps/inst/pl_clk_unbuffered[0]
    BUFG_PS_X0Y90        BUFG_PS (Prop_BUFG_PS_I_O)
                                                      0.035     0.216 r  pccx_v002_system_i/zynq_ps/inst/buffer_pl_clk_0.PL_CLK_0_BUFG/O
    X1Y1 (CLOCK_ROOT)    net (fo=82633, routed)       2.851     3.067    pccx_v002_system_i/u_npu/inst/u_wrap/u_pccx_npu_top/u_systolic_engine/u_compute_core/clk_core
    SLICE_X47Y58         FDRE                                         r  pccx_v002_system_i/u_npu/inst/u_wrap/u_pccx_npu_top/u_systolic_engine/u_compute_core/v_delay_row[15].v_delay_col[31].gemm_in_V_fabric_reg[16][31][7]/C
  -------------------------------------------------------------------    -------------------
    SLICE_X47Y58         FDRE (Prop_HFF_SLICEL_C_Q)
                                                      0.112     3.179 r  pccx_v002_system_i/u_npu/inst/u_wrap/u_pccx_npu_top/u_systolic_engine/u_compute_core/v_delay_row[15].v_delay_col[31].gemm_in_V_fabric_reg[16][31][7]/Q
                         net (fo=12, routed)          0.092     3.271    pccx_v002_system_i/u_npu/inst/u_wrap/u_pccx_npu_top/u_systolic_engine/u_compute_core/v_delay_row[15].v_delay_col[31].gemm_in_V_fabric_reg_n_0_[16][31][7]
    SLICE_X48Y58         FDRE                                         r  pccx_v002_system_i/u_npu/inst/u_wrap/u_pccx_npu_top/u_systolic_engine/u_compute_core/v_delay_row[16].v_delay_col[31].gemm_in_V_fabric_reg[17][31][7]/D
  -------------------------------------------------------------------    -------------------

                         (clock clk_pl_0 rise edge)
                                                      0.000     0.000 r  
    PS8_X0Y0             PS8                          0.000     0.000 r  pccx_v002_system_i/zynq_ps/inst/PS8_i/PLCLK[0]
                         net (fo=1, routed)           0.229     0.229    pccx_v002_system_i/zynq_ps/inst/pl_clk_unbuffered[0]
    BUFG_PS_X0Y90        BUFG_PS (Prop_BUFG_PS_I_O)
                                                      0.038     0.267 r  pccx_v002_system_i/zynq_ps/inst/buffer_pl_clk_0.PL_CLK_0_BUFG/O
    X1Y1 (CLOCK_ROOT)    net (fo=82633, routed)       3.134     3.401    pccx_v002_system_i/u_npu/inst/u_wrap/u_pccx_npu_top/u_systolic_engine/u_compute_core/clk_core
    SLICE_X48Y58         FDRE                                         r  pccx_v002_system_i/u_npu/inst/u_wrap/u_pccx_npu_top/u_systolic_engine/u_compute_core/v_delay_row[16].v_delay_col[31].gemm_in_V_fabric_reg[17][31][7]/C
                         clock pessimism             -0.243     3.158    
    SLICE_X48Y58         FDRE (Hold_EFF2_SLICEL_C_D)
                                                      0.102     3.260    pccx_v002_system_i/u_npu/inst/u_wrap/u_pccx_npu_top/u_systolic_engine/u_compute_core/v_delay_row[16].v_delay_col[31].gemm_in_V_fabric_reg[17][31][7]
  -------------------------------------------------------------------
                         required time                         -3.260    
                         arrival time                           3.271    
  -------------------------------------------------------------------
                         slack                                  0.011    

Slack (MET) :             0.011ns  (arrival time - required time)
  Source:                 pccx_v002_system_i/result_dm_acp/U0/GEN_S2MM_FULL.I_S2MM_FULL_WRAPPER/I_ADDR_CNTL/sig_next_cache_reg_reg[3]/C
                            (rising edge-triggered cell FDRE clocked by clk_pl_0  {rise@0.000ns fall@5.000ns period=10.000ns})
  Destination:            pccx_v002_system_i/sc_hp0_stage0/inst/s02_entry_pipeline/s02_mmu/inst/aw_sreg/skid_buffer_reg[1144]/D
                            (rising edge-triggered cell FDRE clocked by clk_pl_0  {rise@0.000ns fall@5.000ns period=10.000ns})
  Path Group:             clk_pl_0
  Path Type:              Hold (Min at Slow Process Corner)
  Requirement:            0.000ns  (clk_pl_0 rise@0.000ns - clk_pl_0 rise@0.000ns)
  Data Path Delay:        0.231ns  (logic 0.112ns (48.395%)  route 0.119ns (51.605%))
  Logic Levels:           0  
  Clock Path Skew:        0.119ns (DCD - SCD - CPR)
    Destination Clock Delay (DCD):    3.471ns
    Source Clock Delay      (SCD):    3.106ns
    Clock Pessimism Removal (CPR):    0.245ns
  Clock Net Delay (Source):      2.890ns (routing 1.538ns, distribution 1.352ns)
  Clock Net Delay (Destination): 3.204ns (routing 1.681ns, distribution 1.523ns)

    Location             Delay type                Incr(ns)  Path(ns)    Netlist Resource(s)
  -------------------------------------------------------------------    -------------------
                         (clock clk_pl_0 rise edge)
                                                      0.000     0.000 r  
    PS8_X0Y0             PS8                          0.000     0.000 r  pccx_v002_system_i/zynq_ps/inst/PS8_i/PLCLK[0]
                         net (fo=1, routed)           0.181     0.181    pccx_v002_system_i/zynq_ps/inst/pl_clk_unbuffered[0]
    BUFG_PS_X0Y90        BUFG_PS (Prop_BUFG_PS_I_O)
                                                      0.035     0.216 r  pccx_v002_system_i/zynq_ps/inst/buffer_pl_clk_0.PL_CLK_0_BUFG/O
    X1Y1 (CLOCK_ROOT)    net (fo=82633, routed)       2.890     3.106    pccx_v002_system_i/result_dm_acp/U0/GEN_S2MM_FULL.I_S2MM_FULL_WRAPPER/I_ADDR_CNTL/m_axi_s2mm_aclk
    SLICE_X20Y27         FDRE                                         r  pccx_v002_system_i/result_dm_acp/U0/GEN_S2MM_FULL.I_S2MM_FULL_WRAPPER/I_ADDR_CNTL/sig_next_cache_reg_reg[3]/C
  -------------------------------------------------------------------    -------------------
    SLICE_X20Y27         FDRE (Prop_AFF_SLICEM_C_Q)
                                                      0.112     3.218 r  pccx_v002_system_i/result_dm_acp/U0/GEN_S2MM_FULL.I_S2MM_FULL_WRAPPER/I_ADDR_CNTL/sig_next_cache_reg_reg[3]/Q
                         net (fo=2, routed)           0.119     3.337    pccx_v002_system_i/sc_hp0_stage0/inst/s02_entry_pipeline/s02_mmu/inst/aw_sreg/skid_buffer_reg[1144]_0[45]
    SLICE_X18Y27         FDRE                                         r  pccx_v002_system_i/sc_hp0_stage0/inst/s02_entry_pipeline/s02_mmu/inst/aw_sreg/skid_buffer_reg[1144]/D
  -------------------------------------------------------------------    -------------------

                         (clock clk_pl_0 rise edge)
                                                      0.000     0.000 r  
    PS8_X0Y0             PS8                          0.000     0.000 r  pccx_v002_system_i/zynq_ps/inst/PS8_i/PLCLK[0]
                         net (fo=1, routed)           0.229     0.229    pccx_v002_system_i/zynq_ps/inst/pl_clk_unbuffered[0]
    BUFG_PS_X0Y90        BUFG_PS (Prop_BUFG_PS_I_O)
                                                      0.038     0.267 r  pccx_v002_system_i/zynq_ps/inst/buffer_pl_clk_0.PL_CLK_0_BUFG/O
    X1Y1 (CLOCK_ROOT)    net (fo=82633, routed)       3.204     3.471    pccx_v002_system_i/sc_hp0_stage0/inst/s02_entry_pipeline/s02_mmu/inst/aw_sreg/aclk
    SLICE_X18Y27         FDRE                                         r  pccx_v002_system_i/sc_hp0_stage0/inst/s02_entry_pipeline/s02_mmu/inst/aw_sreg/skid_buffer_reg[1144]/C
                         clock pessimism             -0.245     3.225    
    SLICE_X18Y27         FDRE (Hold_HFF_SLICEM_C_D)
                                                      0.101     3.326    pccx_v002_system_i/sc_hp0_stage0/inst/s02_entry_pipeline/s02_mmu/inst/aw_sreg/skid_buffer_reg[1144]
  -------------------------------------------------------------------
                         required time                         -3.326    
                         arrival time                           3.337    
  -------------------------------------------------------------------
                         slack                                  0.011    

Slack (MET) :             0.011ns  (arrival time - required time)
  Source:                 pccx_v002_system_i/sc_axil/inst/s00_nodes/s00_w_node/inst/inst_mi_handler/gen_normal_area.inst_fifo_node_payld/gen_xpm_memory_fifo.inst_fifo/gen_mem_rep[0].inst_xpm_memory/xpm_memory_base_inst/gen_rd_b.gen_rd_b_synth_template.gen_rf_narrow_reg.doutb_reg_reg[137]/C
                            (rising edge-triggered cell FDRE clocked by clk_pl_0  {rise@0.000ns fall@5.000ns period=10.000ns})
  Destination:            pccx_v002_system_i/sc_axil/inst/switchboards/w_switchboard/inst/gen_mi[0].inst_opipe_payld/gen_pipe[1].pipe_reg[1][137]/D
                            (rising edge-triggered cell FDRE clocked by clk_pl_0  {rise@0.000ns fall@5.000ns period=10.000ns})
  Path Group:             clk_pl_0
  Path Type:              Hold (Min at Slow Process Corner)
  Requirement:            0.000ns  (clk_pl_0 rise@0.000ns - clk_pl_0 rise@0.000ns)
  Data Path Delay:        0.232ns  (logic 0.111ns (47.845%)  route 0.121ns (52.155%))
  Logic Levels:           0  
  Clock Path Skew:        0.119ns (DCD - SCD - CPR)
    Destination Clock Delay (DCD):    3.517ns
    Source Clock Delay      (SCD):    3.147ns
    Clock Pessimism Removal (CPR):    0.251ns
  Clock Net Delay (Source):      2.931ns (routing 1.538ns, distribution 1.393ns)
  Clock Net Delay (Destination): 3.250ns (routing 1.681ns, distribution 1.569ns)

    Location             Delay type                Incr(ns)  Path(ns)    Netlist Resource(s)
  -------------------------------------------------------------------    -------------------
                         (clock clk_pl_0 rise edge)
                                                      0.000     0.000 r  
    PS8_X0Y0             PS8                          0.000     0.000 r  pccx_v002_system_i/zynq_ps/inst/PS8_i/PLCLK[0]
                         net (fo=1, routed)           0.181     0.181    pccx_v002_system_i/zynq_ps/inst/pl_clk_unbuffered[0]
    BUFG_PS_X0Y90        BUFG_PS (Prop_BUFG_PS_I_O)
                                                      0.035     0.216 r  pccx_v002_system_i/zynq_ps/inst/buffer_pl_clk_0.PL_CLK_0_BUFG/O
    X1Y1 (CLOCK_ROOT)    net (fo=82633, routed)       2.931     3.147    pccx_v002_system_i/sc_axil/inst/s00_nodes/s00_w_node/inst/inst_mi_handler/gen_normal_area.inst_fifo_node_payld/gen_xpm_memory_fifo.inst_fifo/gen_mem_rep[0].inst_xpm_memory/xpm_memory_base_inst/clka
    SLICE_X7Y109         FDRE                                         r  pccx_v002_system_i/sc_axil/inst/s00_nodes/s00_w_node/inst/inst_mi_handler/gen_normal_area.inst_fifo_node_payld/gen_xpm_memory_fifo.inst_fifo/gen_mem_rep[0].inst_xpm_memory/xpm_memory_base_inst/gen_rd_b.gen_rd_b_synth_template.gen_rf_narrow_reg.doutb_reg_reg[137]/C
  -------------------------------------------------------------------    -------------------
    SLICE_X7Y109         FDRE (Prop_FFF_SLICEM_C_Q)
                                                      0.111     3.258 r  pccx_v002_system_i/sc_axil/inst/s00_nodes/s00_w_node/inst/inst_mi_handler/gen_normal_area.inst_fifo_node_payld/gen_xpm_memory_fifo.inst_fifo/gen_mem_rep[0].inst_xpm_memory/xpm_memory_base_inst/gen_rd_b.gen_rd_b_synth_template.gen_rf_narrow_reg.doutb_reg_reg[137]/Q
                         net (fo=1, routed)           0.121     3.379    pccx_v002_system_i/sc_axil/inst/switchboards/w_switchboard/inst/gen_mi[0].inst_opipe_payld/s_sc_payld[125]
    SLICE_X8Y109         FDRE                                         r  pccx_v002_system_i/sc_axil/inst/switchboards/w_switchboard/inst/gen_mi[0].inst_opipe_payld/gen_pipe[1].pipe_reg[1][137]/D
  -------------------------------------------------------------------    -------------------

                         (clock clk_pl_0 rise edge)
                                                      0.000     0.000 r  
    PS8_X0Y0             PS8                          0.000     0.000 r  pccx_v002_system_i/zynq_ps/inst/PS8_i/PLCLK[0]
                         net (fo=1, routed)           0.229     0.229    pccx_v002_system_i/zynq_ps/inst/pl_clk_unbuffered[0]
    BUFG_PS_X0Y90        BUFG_PS (Prop_BUFG_PS_I_O)
                                                      0.038     0.267 r  pccx_v002_system_i/zynq_ps/inst/buffer_pl_clk_0.PL_CLK_0_BUFG/O
    X1Y1 (CLOCK_ROOT)    net (fo=82633, routed)       3.250     3.517    pccx_v002_system_i/sc_axil/inst/switchboards/w_switchboard/inst/gen_mi[0].inst_opipe_payld/aclk
    SLICE_X8Y109         FDRE                                         r  pccx_v002_system_i/sc_axil/inst/switchboards/w_switchboard/inst/gen_mi[0].inst_opipe_payld/gen_pipe[1].pipe_reg[1][137]/C
                         clock pessimism             -0.251     3.266    
    SLICE_X8Y109         FDRE (Hold_DFF2_SLICEM_C_D)
                                                      0.102     3.368    pccx_v002_system_i/sc_axil/inst/switchboards/w_switchboard/inst/gen_mi[0].inst_opipe_payld/gen_pipe[1].pipe_reg[1][137]
  -------------------------------------------------------------------
                         required time                         -3.368    
                         arrival time                           3.379    
  -------------------------------------------------------------------
                         slack                                  0.011    





Pulse Width Checks
--------------------------------------------------------------------------------------
Clock Name:         clk_pl_0
Waveform(ns):       { 0.000 5.000 }
Period(ns):         10.000
Sources:            { pccx_v002_system_i/zynq_ps/inst/PS8_i/PLCLK[0] }

Check Type        Corner  Lib Pin          Reference Pin  Required(ns)  Actual(ns)  Slack(ns)  Location       Pin
Min Period        n/a     PS8/MAXIGP0ACLK  n/a            3.000         10.000      7.000      PS8_X0Y0       pccx_v002_system_i/zynq_ps/inst/PS8_i/MAXIGP0ACLK
Min Period        n/a     PS8/SAXIACPACLK  n/a            3.000         10.000      7.000      PS8_X0Y0       pccx_v002_system_i/zynq_ps/inst/PS8_i/SAXIACPACLK
Min Period        n/a     PS8/SAXIGP2RCLK  n/a            3.000         10.000      7.000      PS8_X0Y0       pccx_v002_system_i/zynq_ps/inst/PS8_i/SAXIGP2RCLK
Min Period        n/a     PS8/SAXIGP2WCLK  n/a            3.000         10.000      7.000      PS8_X0Y0       pccx_v002_system_i/zynq_ps/inst/PS8_i/SAXIGP2WCLK
Min Period        n/a     PS8/SAXIGP3RCLK  n/a            3.000         10.000      7.000      PS8_X0Y0       pccx_v002_system_i/zynq_ps/inst/PS8_i/SAXIGP3RCLK
Min Period        n/a     PS8/SAXIGP3WCLK  n/a            3.000         10.000      7.000      PS8_X0Y0       pccx_v002_system_i/zynq_ps/inst/PS8_i/SAXIGP3WCLK
Min Period        n/a     PS8/SAXIGP4RCLK  n/a            3.000         10.000      7.000      PS8_X0Y0       pccx_v002_system_i/zynq_ps/inst/PS8_i/SAXIGP4RCLK
Min Period        n/a     PS8/SAXIGP4WCLK  n/a            3.000         10.000      7.000      PS8_X0Y0       pccx_v002_system_i/zynq_ps/inst/PS8_i/SAXIGP4WCLK
Min Period        n/a     PS8/SAXIGP5RCLK  n/a            3.000         10.000      7.000      PS8_X0Y0       pccx_v002_system_i/zynq_ps/inst/PS8_i/SAXIGP5RCLK
Min Period        n/a     PS8/SAXIGP5WCLK  n/a            3.000         10.000      7.000      PS8_X0Y0       pccx_v002_system_i/zynq_ps/inst/PS8_i/SAXIGP5WCLK
Min Period        n/a     URAM288/CLK      n/a            2.000         10.000      8.000      URAM288_X0Y56  pccx_v002_system_i/u_npu/inst/u_wrap/u_pccx_npu_top/u_mem_dispatcher/u_l2_cache/u_l2_uram/u_l2_uram/xpm_memory_base_inst/gen_wr_a.gen_word_narrow.mem_reg_uram_0/CLK
Min Period        n/a     URAM288/CLK      n/a            2.000         10.000      8.000      URAM288_X0Y57  pccx_v002_system_i/u_npu/inst/u_wrap/u_pccx_npu_top/u_mem_dispatcher/u_l2_cache/u_l2_uram/u_l2_uram/xpm_memory_base_inst/gen_wr_a.gen_word_narrow.mem_reg_uram_1/CLK
Min Period        n/a     URAM288/CLK      n/a            2.000         10.000      8.000      URAM288_X0Y52  pccx_v002_system_i/u_npu/inst/u_wrap/u_pccx_npu_top/u_mem_dispatcher/u_l2_cache/u_l2_uram/u_l2_uram/xpm_memory_base_inst/gen_wr_a.gen_word_narrow.mem_reg_uram_10/CLK
Min Period        n/a     URAM288/CLK      n/a            2.000         10.000      8.000      URAM288_X0Y53  pccx_v002_system_i/u_npu/inst/u_wrap/u_pccx_npu_top/u_mem_dispatcher/u_l2_cache/u_l2_uram/u_l2_uram/xpm_memory_base_inst/gen_wr_a.gen_word_narrow.mem_reg_uram_11/CLK
Min Period        n/a     URAM288/CLK      n/a            2.000         10.000      8.000      URAM288_X0Y48  pccx_v002_system_i/u_npu/inst/u_wrap/u_pccx_npu_top/u_mem_dispatcher/u_l2_cache/u_l2_uram/u_l2_uram/xpm_memory_base_inst/gen_wr_a.gen_word_narrow.mem_reg_uram_12/CLK
Min Period        n/a     URAM288/CLK      n/a            2.000         10.000      8.000      URAM288_X0Y49  pccx_v002_system_i/u_npu/inst/u_wrap/u_pccx_npu_top/u_mem_dispatcher/u_l2_cache/u_l2_uram/u_l2_uram/xpm_memory_base_inst/gen_wr_a.gen_word_narrow.mem_reg_uram_13/CLK
Min Period        n/a     URAM288/CLK      n/a            2.000         10.000      8.000      URAM288_X0Y44  pccx_v002_system_i/u_npu/inst/u_wrap/u_pccx_npu_top/u_mem_dispatcher/u_l2_cache/u_l2_uram/u_l2_uram/xpm_memory_base_inst/gen_wr_a.gen_word_narrow.mem_reg_uram_14/CLK
Min Period        n/a     URAM288/CLK      n/a            2.000         10.000      8.000      URAM288_X0Y45  pccx_v002_system_i/u_npu/inst/u_wrap/u_pccx_npu_top/u_mem_dispatcher/u_l2_cache/u_l2_uram/u_l2_uram/xpm_memory_base_inst/gen_wr_a.gen_word_narrow.mem_reg_uram_15/CLK
Min Period        n/a     URAM288/CLK      n/a            2.000         10.000      8.000      URAM288_X0Y46  pccx_v002_system_i/u_npu/inst/u_wrap/u_pccx_npu_top/u_mem_dispatcher/u_l2_cache/u_l2_uram/u_l2_uram/xpm_memory_base_inst/gen_wr_a.gen_word_narrow.mem_reg_uram_16/CLK
Min Period        n/a     URAM288/CLK      n/a            2.000         10.000      8.000      URAM288_X0Y47  pccx_v002_system_i/u_npu/inst/u_wrap/u_pccx_npu_top/u_mem_dispatcher/u_l2_cache/u_l2_uram/u_l2_uram/xpm_memory_base_inst/gen_wr_a.gen_word_narrow.mem_reg_uram_17/CLK
Low Pulse Width   Slow    PS8/MAXIGP0ACLK  n/a            1.500         5.000       3.500      PS8_X0Y0       pccx_v002_system_i/zynq_ps/inst/PS8_i/MAXIGP0ACLK
Low Pulse Width   Fast    PS8/MAXIGP0ACLK  n/a            1.500         5.000       3.500      PS8_X0Y0       pccx_v002_system_i/zynq_ps/inst/PS8_i/MAXIGP0ACLK
Low Pulse Width   Slow    PS8/SAXIACPACLK  n/a            1.500         5.000       3.500      PS8_X0Y0       pccx_v002_system_i/zynq_ps/inst/PS8_i/SAXIACPACLK
Low Pulse Width   Fast    PS8/SAXIACPACLK  n/a            1.500         5.000       3.500      PS8_X0Y0       pccx_v002_system_i/zynq_ps/inst/PS8_i/SAXIACPACLK
Low Pulse Width   Slow    PS8/SAXIGP2RCLK  n/a            1.500         5.000       3.500      PS8_X0Y0       pccx_v002_system_i/zynq_ps/inst/PS8_i/SAXIGP2RCLK
Low Pulse Width   Fast    PS8/SAXIGP2RCLK  n/a            1.500         5.000       3.500      PS8_X0Y0       pccx_v002_system_i/zynq_ps/inst/PS8_i/SAXIGP2RCLK
Low Pulse Width   Slow    PS8/SAXIGP2WCLK  n/a            1.500         5.000       3.500      PS8_X0Y0       pccx_v002_system_i/zynq_ps/inst/PS8_i/SAXIGP2WCLK
Low Pulse Width   Fast    PS8/SAXIGP2WCLK  n/a            1.500         5.000       3.500      PS8_X0Y0       pccx_v002_system_i/zynq_ps/inst/PS8_i/SAXIGP2WCLK
Low Pulse Width   Slow    PS8/SAXIGP3RCLK  n/a            1.500         5.000       3.500      PS8_X0Y0       pccx_v002_system_i/zynq_ps/inst/PS8_i/SAXIGP3RCLK
Low Pulse Width   Fast    PS8/SAXIGP3RCLK  n/a            1.500         5.000       3.500      PS8_X0Y0       pccx_v002_system_i/zynq_ps/inst/PS8_i/SAXIGP3RCLK
Low Pulse Width   Slow    PS8/SAXIGP3WCLK  n/a            1.500         5.000       3.500      PS8_X0Y0       pccx_v002_system_i/zynq_ps/inst/PS8_i/SAXIGP3WCLK
Low Pulse Width   Fast    PS8/SAXIGP3WCLK  n/a            1.500         5.000       3.500      PS8_X0Y0       pccx_v002_system_i/zynq_ps/inst/PS8_i/SAXIGP3WCLK
Low Pulse Width   Slow    PS8/SAXIGP4RCLK  n/a            1.500         5.000       3.500      PS8_X0Y0       pccx_v002_system_i/zynq_ps/inst/PS8_i/SAXIGP4RCLK
Low Pulse Width   Fast    PS8/SAXIGP4RCLK  n/a            1.500         5.000       3.500      PS8_X0Y0       pccx_v002_system_i/zynq_ps/inst/PS8_i/SAXIGP4RCLK
Low Pulse Width   Slow    PS8/SAXIGP4WCLK  n/a            1.500         5.000       3.500      PS8_X0Y0       pccx_v002_system_i/zynq_ps/inst/PS8_i/SAXIGP4WCLK
Low Pulse Width   Fast    PS8/SAXIGP4WCLK  n/a            1.500         5.000       3.500      PS8_X0Y0       pccx_v002_system_i/zynq_ps/inst/PS8_i/SAXIGP4WCLK
Low Pulse Width   Slow    PS8/SAXIGP5RCLK  n/a            1.500         5.000       3.500      PS8_X0Y0       pccx_v002_system_i/zynq_ps/inst/PS8_i/SAXIGP5RCLK
Low Pulse Width   Fast    PS8/SAXIGP5RCLK  n/a            1.500         5.000       3.500      PS8_X0Y0       pccx_v002_system_i/zynq_ps/inst/PS8_i/SAXIGP5RCLK
Low Pulse Width   Slow    PS8/SAXIGP5WCLK  n/a            1.500         5.000       3.500      PS8_X0Y0       pccx_v002_system_i/zynq_ps/inst/PS8_i/SAXIGP5WCLK
Low Pulse Width   Fast    PS8/SAXIGP5WCLK  n/a            1.500         5.000       3.500      PS8_X0Y0       pccx_v002_system_i/zynq_ps/inst/PS8_i/SAXIGP5WCLK
High Pulse Width  Slow    PS8/MAXIGP0ACLK  n/a            1.500         5.000       3.500      PS8_X0Y0       pccx_v002_system_i/zynq_ps/inst/PS8_i/MAXIGP0ACLK
High Pulse Width  Fast    PS8/MAXIGP0ACLK  n/a            1.500         5.000       3.500      PS8_X0Y0       pccx_v002_system_i/zynq_ps/inst/PS8_i/MAXIGP0ACLK
High Pulse Width  Slow    PS8/SAXIACPACLK  n/a            1.500         5.000       3.500      PS8_X0Y0       pccx_v002_system_i/zynq_ps/inst/PS8_i/SAXIACPACLK
High Pulse Width  Fast    PS8/SAXIACPACLK  n/a            1.500         5.000       3.500      PS8_X0Y0       pccx_v002_system_i/zynq_ps/inst/PS8_i/SAXIACPACLK
High Pulse Width  Slow    PS8/SAXIGP2RCLK  n/a            1.500         5.000       3.500      PS8_X0Y0       pccx_v002_system_i/zynq_ps/inst/PS8_i/SAXIGP2RCLK
High Pulse Width  Fast    PS8/SAXIGP2RCLK  n/a            1.500         5.000       3.500      PS8_X0Y0       pccx_v002_system_i/zynq_ps/inst/PS8_i/SAXIGP2RCLK
High Pulse Width  Slow    PS8/SAXIGP2WCLK  n/a            1.500         5.000       3.500      PS8_X0Y0       pccx_v002_system_i/zynq_ps/inst/PS8_i/SAXIGP2WCLK
High Pulse Width  Fast    PS8/SAXIGP2WCLK  n/a            1.500         5.000       3.500      PS8_X0Y0       pccx_v002_system_i/zynq_ps/inst/PS8_i/SAXIGP2WCLK
High Pulse Width  Slow    PS8/SAXIGP3RCLK  n/a            1.500         5.000       3.500      PS8_X0Y0       pccx_v002_system_i/zynq_ps/inst/PS8_i/SAXIGP3RCLK
High Pulse Width  Fast    PS8/SAXIGP3RCLK  n/a            1.500         5.000       3.500      PS8_X0Y0       pccx_v002_system_i/zynq_ps/inst/PS8_i/SAXIGP3RCLK
High Pulse Width  Slow    PS8/SAXIGP3WCLK  n/a            1.500         5.000       3.500      PS8_X0Y0       pccx_v002_system_i/zynq_ps/inst/PS8_i/SAXIGP3WCLK
High Pulse Width  Fast    PS8/SAXIGP3WCLK  n/a            1.500         5.000       3.500      PS8_X0Y0       pccx_v002_system_i/zynq_ps/inst/PS8_i/SAXIGP3WCLK
High Pulse Width  Slow    PS8/SAXIGP4RCLK  n/a            1.500         5.000       3.500      PS8_X0Y0       pccx_v002_system_i/zynq_ps/inst/PS8_i/SAXIGP4RCLK
High Pulse Width  Fast    PS8/SAXIGP4RCLK  n/a            1.500         5.000       3.500      PS8_X0Y0       pccx_v002_system_i/zynq_ps/inst/PS8_i/SAXIGP4RCLK
High Pulse Width  Slow    PS8/SAXIGP4WCLK  n/a            1.500         5.000       3.500      PS8_X0Y0       pccx_v002_system_i/zynq_ps/inst/PS8_i/SAXIGP4WCLK
High Pulse Width  Fast    PS8/SAXIGP4WCLK  n/a            1.500         5.000       3.500      PS8_X0Y0       pccx_v002_system_i/zynq_ps/inst/PS8_i/SAXIGP4WCLK
High Pulse Width  Slow    PS8/SAXIGP5RCLK  n/a            1.500         5.000       3.500      PS8_X0Y0       pccx_v002_system_i/zynq_ps/inst/PS8_i/SAXIGP5RCLK
High Pulse Width  Fast    PS8/SAXIGP5RCLK  n/a            1.500         5.000       3.500      PS8_X0Y0       pccx_v002_system_i/zynq_ps/inst/PS8_i/SAXIGP5RCLK
High Pulse Width  Slow    PS8/SAXIGP5WCLK  n/a            1.500         5.000       3.500      PS8_X0Y0       pccx_v002_system_i/zynq_ps/inst/PS8_i/SAXIGP5WCLK
High Pulse Width  Fast    PS8/SAXIGP5WCLK  n/a            1.500         5.000       3.500      PS8_X0Y0       pccx_v002_system_i/zynq_ps/inst/PS8_i/SAXIGP5WCLK



--------------------------------------------------------------------------------------
Path Group:  (none)
From Clock:  
  To Clock:  clk_pl_0

Max Delay             1 Endpoint
Min Delay             1 Endpoint
--------------------------------------------------------------------------------------


Max Delay Paths
--------------------------------------------------------------------------------------
Slack:                    inf
  Source:                 pccx_v002_system_i/zynq_ps/inst/PS8_i/EMIOGPIOO[95]
                            (internal pin)
  Destination:            pccx_v002_system_i/rst_axi/U0/EXT_LPF/ACTIVE_LOW_EXT.ACT_LO_EXT/syncstages_ff_reg[0]/D
                            (rising edge-triggered cell FDRE clocked by clk_pl_0  {rise@0.000ns fall@5.000ns period=10.000ns})
  Path Group:             (none)
  Path Type:              Setup (Max at Slow Process Corner)
  Data Path Delay:        4.265ns  (logic 0.084ns (1.970%)  route 4.181ns (98.030%))
  Logic Levels:           1  (LUT1=1)
  Clock Uncertainty:      0.158ns  ((TSJ^2 + DJ^2)^1/2) / 2 + PE
    Total System Jitter     (TSJ):    0.050ns
    Discrete Jitter          (DJ):    0.312ns
    Phase Error              (PE):    0.000ns
  Clock Net Delay (Destination): 2.870ns (routing 1.538ns, distribution 1.332ns)
  Timing Exception:       False Path

    Location             Delay type                Incr(ns)  Path(ns)    Netlist Resource(s)
  -------------------------------------------------------------------    -------------------
    PS8_X0Y0             PS8                          0.000     0.000 f  pccx_v002_system_i/zynq_ps/inst/PS8_i/EMIOGPIOO[95]
                         net (fo=1, routed)           3.765     3.765    pccx_v002_system_i/rst_axi/U0/EXT_LPF/ext_reset_in
    SLICE_X54Y34         LUT1 (Prop_H6LUT_SLICEM_I0_O)
                                                      0.084     3.849 r  pccx_v002_system_i/rst_axi/U0/EXT_LPF/ACTIVE_LOW_EXT.ACT_LO_EXT_i_1/O
                         net (fo=1, routed)           0.416     4.265    pccx_v002_system_i/rst_axi/U0/EXT_LPF/ACTIVE_LOW_EXT.ACT_LO_EXT/src_in
    SLICE_X54Y34         FDRE                                         r  pccx_v002_system_i/rst_axi/U0/EXT_LPF/ACTIVE_LOW_EXT.ACT_LO_EXT/syncstages_ff_reg[0]/D
  -------------------------------------------------------------------    -------------------

                         (clock clk_pl_0 rise edge)
                                                      0.000     0.000 r  
    PS8_X0Y0             PS8                          0.000     0.000 r  pccx_v002_system_i/zynq_ps/inst/PS8_i/PLCLK[0]
                         net (fo=1, routed)           0.181     0.181    pccx_v002_system_i/zynq_ps/inst/pl_clk_unbuffered[0]
    BUFG_PS_X0Y90        BUFG_PS (Prop_BUFG_PS_I_O)
                                                      0.035     0.216 r  pccx_v002_system_i/zynq_ps/inst/buffer_pl_clk_0.PL_CLK_0_BUFG/O
    X1Y1 (CLOCK_ROOT)    net (fo=82633, routed)       2.870     3.086    pccx_v002_system_i/rst_axi/U0/EXT_LPF/ACTIVE_LOW_EXT.ACT_LO_EXT/dest_clk
    SLICE_X54Y34         FDRE                                         r  pccx_v002_system_i/rst_axi/U0/EXT_LPF/ACTIVE_LOW_EXT.ACT_LO_EXT/syncstages_ff_reg[0]/C





Min Delay Paths
--------------------------------------------------------------------------------------
Slack:                    inf
  Source:                 pccx_v002_system_i/zynq_ps/inst/PS8_i/EMIOGPIOO[95]
                            (internal pin)
  Destination:            pccx_v002_system_i/rst_axi/U0/EXT_LPF/ACTIVE_LOW_EXT.ACT_LO_EXT/syncstages_ff_reg[0]/D
                            (rising edge-triggered cell FDRE clocked by clk_pl_0  {rise@0.000ns fall@5.000ns period=10.000ns})
  Path Group:             (none)
  Path Type:              Hold (Min at Fast Process Corner)
  Data Path Delay:        1.776ns  (logic 0.038ns (2.140%)  route 1.738ns (97.860%))
  Logic Levels:           1  (LUT1=1)
  Clock Uncertainty:      0.158ns  ((TSJ^2 + DJ^2)^1/2) / 2 + PE
    Total System Jitter     (TSJ):    0.050ns
    Discrete Jitter          (DJ):    0.312ns
    Phase Error              (PE):    0.000ns
  Clock Net Delay (Destination): 1.913ns (routing 1.033ns, distribution 0.880ns)
  Timing Exception:       False Path

    Location             Delay type                Incr(ns)  Path(ns)    Netlist Resource(s)
  -------------------------------------------------------------------    -------------------
    PS8_X0Y0             PS8                          0.000     0.000 f  pccx_v002_system_i/zynq_ps/inst/PS8_i/EMIOGPIOO[95]
                         net (fo=1, routed)           1.604     1.604    pccx_v002_system_i/rst_axi/U0/EXT_LPF/ext_reset_in
    SLICE_X54Y34         LUT1 (Prop_H6LUT_SLICEM_I0_O)
                                                      0.038     1.642 r  pccx_v002_system_i/rst_axi/U0/EXT_LPF/ACTIVE_LOW_EXT.ACT_LO_EXT_i_1/O
                         net (fo=1, routed)           0.134     1.776    pccx_v002_system_i/rst_axi/U0/EXT_LPF/ACTIVE_LOW_EXT.ACT_LO_EXT/src_in
    SLICE_X54Y34         FDRE                                         r  pccx_v002_system_i/rst_axi/U0/EXT_LPF/ACTIVE_LOW_EXT.ACT_LO_EXT/syncstages_ff_reg[0]/D
  -------------------------------------------------------------------    -------------------

                         (clock clk_pl_0 rise edge)
                                                      0.000     0.000 r  
    PS8_X0Y0             PS8                          0.000     0.000 r  pccx_v002_system_i/zynq_ps/inst/PS8_i/PLCLK[0]
                         net (fo=1, routed)           0.164     0.164    pccx_v002_system_i/zynq_ps/inst/pl_clk_unbuffered[0]
    BUFG_PS_X0Y90        BUFG_PS (Prop_BUFG_PS_I_O)
                                                      0.023     0.187 r  pccx_v002_system_i/zynq_ps/inst/buffer_pl_clk_0.PL_CLK_0_BUFG/O
    X1Y1 (CLOCK_ROOT)    net (fo=82633, routed)       1.913     2.100    pccx_v002_system_i/rst_axi/U0/EXT_LPF/ACTIVE_LOW_EXT.ACT_LO_EXT/dest_clk
    SLICE_X54Y34         FDRE                                         r  pccx_v002_system_i/rst_axi/U0/EXT_LPF/ACTIVE_LOW_EXT.ACT_LO_EXT/syncstages_ff_reg[0]/C





--------------------------------------------------------------------------------------
Path Group:  (none)
From Clock:  clk_pl_0
  To Clock:  clk_pl_0

Max Delay           237 Endpoints
Min Delay           237 Endpoints
--------------------------------------------------------------------------------------


Max Delay Paths
--------------------------------------------------------------------------------------
Slack:                    inf
  Source:                 pccx_v002_system_i/sc_axil/inst/clk_map/psr_aclk/U0/ACTIVE_LOW_BSR_OUT_DFF[0].FDRE_BSR_N/C
                            (rising edge-triggered cell FDRE clocked by clk_pl_0  {rise@0.000ns fall@5.000ns period=10.000ns})
  Destination:            pccx_v002_system_i/sc_axil/inst/m04_nodes/m04_w_node/inst/s_sc_xpm_cdc_async_rst_inst/arststages_ff_reg[0]/CLR
                            (recovery check against rising-edge clock clk_pl_0  {rise@0.000ns fall@5.000ns period=10.000ns})
  Path Group:             (none)
  Path Type:              Recovery (Max at Slow Process Corner)
  Data Path Delay:        6.795ns  (logic 0.113ns (1.663%)  route 6.682ns (98.337%))
  Logic Levels:           0  
  Clock Path Skew:        -0.316ns (DCD - SCD + CPR)
    Destination Clock Delay (DCD):    3.143ns
    Source Clock Delay      (SCD):    3.459ns
    Clock Pessimism Removal (CPR):    0.000ns
  Clock Uncertainty:      0.160ns  ((TSJ^2 + DJ^2)^1/2) / 2 + PE
    Total System Jitter     (TSJ):    0.071ns
    Discrete Jitter          (DJ):    0.312ns
    Phase Error              (PE):    0.000ns
  Clock Net Delay (Source):      3.192ns (routing 1.681ns, distribution 1.511ns)
  Clock Net Delay (Destination): 2.927ns (routing 1.538ns, distribution 1.389ns)
  Timing Exception:       False Path

    Location             Delay type                Incr(ns)  Path(ns)    Netlist Resource(s)
  -------------------------------------------------------------------    -------------------
                         (clock clk_pl_0 rise edge)
                                                      0.000     0.000 r  
    PS8_X0Y0             PS8                          0.000     0.000 r  pccx_v002_system_i/zynq_ps/inst/PS8_i/PLCLK[0]
                         net (fo=1, routed)           0.229     0.229    pccx_v002_system_i/zynq_ps/inst/pl_clk_unbuffered[0]
    BUFG_PS_X0Y90        BUFG_PS (Prop_BUFG_PS_I_O)
                                                      0.038     0.267 r  pccx_v002_system_i/zynq_ps/inst/buffer_pl_clk_0.PL_CLK_0_BUFG/O
    X1Y1 (CLOCK_ROOT)    net (fo=82633, routed)       3.192     3.459    pccx_v002_system_i/sc_axil/inst/clk_map/psr_aclk/U0/aclk
    SLICE_X18Y5          FDRE                                         r  pccx_v002_system_i/sc_axil/inst/clk_map/psr_aclk/U0/ACTIVE_LOW_BSR_OUT_DFF[0].FDRE_BSR_N/C
  -------------------------------------------------------------------    -------------------
    SLICE_X18Y5          FDRE (Prop_EFF_SLICEM_C_Q)
                                                      0.113     3.572 r  pccx_v002_system_i/sc_axil/inst/clk_map/psr_aclk/U0/ACTIVE_LOW_BSR_OUT_DFF[0].FDRE_BSR_N/Q
                         net (fo=150, routed)         6.682    10.254    pccx_v002_system_i/sc_axil/inst/m04_nodes/m04_w_node/inst/s_sc_xpm_cdc_async_rst_inst/src_arst
    SLICE_X20Y153        FDCE                                         f  pccx_v002_system_i/sc_axil/inst/m04_nodes/m04_w_node/inst/s_sc_xpm_cdc_async_rst_inst/arststages_ff_reg[0]/CLR  (IS_INVERTED)
  -------------------------------------------------------------------    -------------------

                         (clock clk_pl_0 rise edge)
                                                      0.000     0.000 r  
    PS8_X0Y0             PS8                          0.000     0.000 r  pccx_v002_system_i/zynq_ps/inst/PS8_i/PLCLK[0]
                         net (fo=1, routed)           0.181     0.181    pccx_v002_system_i/zynq_ps/inst/pl_clk_unbuffered[0]
    BUFG_PS_X0Y90        BUFG_PS (Prop_BUFG_PS_I_O)
                                                      0.035     0.216 r  pccx_v002_system_i/zynq_ps/inst/buffer_pl_clk_0.PL_CLK_0_BUFG/O
    X1Y1 (CLOCK_ROOT)    net (fo=82633, routed)       2.927     3.143    pccx_v002_system_i/sc_axil/inst/m04_nodes/m04_w_node/inst/s_sc_xpm_cdc_async_rst_inst/dest_clk
    SLICE_X20Y153        FDCE                                         r  pccx_v002_system_i/sc_axil/inst/m04_nodes/m04_w_node/inst/s_sc_xpm_cdc_async_rst_inst/arststages_ff_reg[0]/C

Slack:                    inf
  Source:                 pccx_v002_system_i/sc_axil/inst/clk_map/psr_aclk/U0/ACTIVE_LOW_BSR_OUT_DFF[0].FDRE_BSR_N/C
                            (rising edge-triggered cell FDRE clocked by clk_pl_0  {rise@0.000ns fall@5.000ns period=10.000ns})
  Destination:            pccx_v002_system_i/sc_axil/inst/m04_nodes/m04_w_node/inst/s_sc_xpm_cdc_async_rst_inst/arststages_ff_reg[1]/CLR
                            (recovery check against rising-edge clock clk_pl_0  {rise@0.000ns fall@5.000ns period=10.000ns})
  Path Group:             (none)
  Path Type:              Recovery (Max at Slow Process Corner)
  Data Path Delay:        6.795ns  (logic 0.113ns (1.663%)  route 6.682ns (98.337%))
  Logic Levels:           0  
  Clock Path Skew:        -0.316ns (DCD - SCD + CPR)
    Destination Clock Delay (DCD):    3.143ns
    Source Clock Delay      (SCD):    3.459ns
    Clock Pessimism Removal (CPR):    0.000ns
  Clock Uncertainty:      0.160ns  ((TSJ^2 + DJ^2)^1/2) / 2 + PE
    Total System Jitter     (TSJ):    0.071ns
    Discrete Jitter          (DJ):    0.312ns
    Phase Error              (PE):    0.000ns
  Clock Net Delay (Source):      3.192ns (routing 1.681ns, distribution 1.511ns)
  Clock Net Delay (Destination): 2.927ns (routing 1.538ns, distribution 1.389ns)
  Timing Exception:       False Path

    Location             Delay type                Incr(ns)  Path(ns)    Netlist Resource(s)
  -------------------------------------------------------------------    -------------------
                         (clock clk_pl_0 rise edge)
                                                      0.000     0.000 r  
    PS8_X0Y0             PS8                          0.000     0.000 r  pccx_v002_system_i/zynq_ps/inst/PS8_i/PLCLK[0]
                         net (fo=1, routed)           0.229     0.229    pccx_v002_system_i/zynq_ps/inst/pl_clk_unbuffered[0]
    BUFG_PS_X0Y90        BUFG_PS (Prop_BUFG_PS_I_O)
                                                      0.038     0.267 r  pccx_v002_system_i/zynq_ps/inst/buffer_pl_clk_0.PL_CLK_0_BUFG/O
    X1Y1 (CLOCK_ROOT)    net (fo=82633, routed)       3.192     3.459    pccx_v002_system_i/sc_axil/inst/clk_map/psr_aclk/U0/aclk
    SLICE_X18Y5          FDRE                                         r  pccx_v002_system_i/sc_axil/inst/clk_map/psr_aclk/U0/ACTIVE_LOW_BSR_OUT_DFF[0].FDRE_BSR_N/C
  -------------------------------------------------------------------    -------------------
    SLICE_X18Y5          FDRE (Prop_EFF_SLICEM_C_Q)
                                                      0.113     3.572 r  pccx_v002_system_i/sc_axil/inst/clk_map/psr_aclk/U0/ACTIVE_LOW_BSR_OUT_DFF[0].FDRE_BSR_N/Q
                         net (fo=150, routed)         6.682    10.254    pccx_v002_system_i/sc_axil/inst/m04_nodes/m04_w_node/inst/s_sc_xpm_cdc_async_rst_inst/src_arst
    SLICE_X20Y153        FDCE                                         f  pccx_v002_system_i/sc_axil/inst/m04_nodes/m04_w_node/inst/s_sc_xpm_cdc_async_rst_inst/arststages_ff_reg[1]/CLR  (IS_INVERTED)
  -------------------------------------------------------------------    -------------------

                         (clock clk_pl_0 rise edge)
                                                      0.000     0.000 r  
    PS8_X0Y0             PS8                          0.000     0.000 r  pccx_v002_system_i/zynq_ps/inst/PS8_i/PLCLK[0]
                         net (fo=1, routed)           0.181     0.181    pccx_v002_system_i/zynq_ps/inst/pl_clk_unbuffered[0]
    BUFG_PS_X0Y90        BUFG_PS (Prop_BUFG_PS_I_O)
                                                      0.035     0.216 r  pccx_v002_system_i/zynq_ps/inst/buffer_pl_clk_0.PL_CLK_0_BUFG/O
    X1Y1 (CLOCK_ROOT)    net (fo=82633, routed)       2.927     3.143    pccx_v002_system_i/sc_axil/inst/m04_nodes/m04_w_node/inst/s_sc_xpm_cdc_async_rst_inst/dest_clk
    SLICE_X20Y153        FDCE                                         r  pccx_v002_system_i/sc_axil/inst/m04_nodes/m04_w_node/inst/s_sc_xpm_cdc_async_rst_inst/arststages_ff_reg[1]/C

Slack:                    inf
  Source:                 pccx_v002_system_i/sc_axil/inst/clk_map/psr_aclk/U0/ACTIVE_LOW_BSR_OUT_DFF[0].FDRE_BSR_N/C
                            (rising edge-triggered cell FDRE clocked by clk_pl_0  {rise@0.000ns fall@5.000ns period=10.000ns})
  Destination:            pccx_v002_system_i/sc_axil/inst/m04_nodes/m04_w_node/inst/s_sc_xpm_cdc_async_rst_inst/arststages_ff_reg[2]/CLR
                            (recovery check against rising-edge clock clk_pl_0  {rise@0.000ns fall@5.000ns period=10.000ns})
  Path Group:             (none)
  Path Type:              Recovery (Max at Slow Process Corner)
  Data Path Delay:        6.795ns  (logic 0.113ns (1.663%)  route 6.682ns (98.337%))
  Logic Levels:           0  
  Clock Path Skew:        -0.316ns (DCD - SCD + CPR)
    Destination Clock Delay (DCD):    3.143ns
    Source Clock Delay      (SCD):    3.459ns
    Clock Pessimism Removal (CPR):    0.000ns
  Clock Uncertainty:      0.160ns  ((TSJ^2 + DJ^2)^1/2) / 2 + PE
    Total System Jitter     (TSJ):    0.071ns
    Discrete Jitter          (DJ):    0.312ns
    Phase Error              (PE):    0.000ns
  Clock Net Delay (Source):      3.192ns (routing 1.681ns, distribution 1.511ns)
  Clock Net Delay (Destination): 2.927ns (routing 1.538ns, distribution 1.389ns)
  Timing Exception:       False Path

    Location             Delay type                Incr(ns)  Path(ns)    Netlist Resource(s)
  -------------------------------------------------------------------    -------------------
                         (clock clk_pl_0 rise edge)
                                                      0.000     0.000 r  
    PS8_X0Y0             PS8                          0.000     0.000 r  pccx_v002_system_i/zynq_ps/inst/PS8_i/PLCLK[0]
                         net (fo=1, routed)           0.229     0.229    pccx_v002_system_i/zynq_ps/inst/pl_clk_unbuffered[0]
    BUFG_PS_X0Y90        BUFG_PS (Prop_BUFG_PS_I_O)
                                                      0.038     0.267 r  pccx_v002_system_i/zynq_ps/inst/buffer_pl_clk_0.PL_CLK_0_BUFG/O
    X1Y1 (CLOCK_ROOT)    net (fo=82633, routed)       3.192     3.459    pccx_v002_system_i/sc_axil/inst/clk_map/psr_aclk/U0/aclk
    SLICE_X18Y5          FDRE                                         r  pccx_v002_system_i/sc_axil/inst/clk_map/psr_aclk/U0/ACTIVE_LOW_BSR_OUT_DFF[0].FDRE_BSR_N/C
  -------------------------------------------------------------------    -------------------
    SLICE_X18Y5          FDRE (Prop_EFF_SLICEM_C_Q)
                                                      0.113     3.572 r  pccx_v002_system_i/sc_axil/inst/clk_map/psr_aclk/U0/ACTIVE_LOW_BSR_OUT_DFF[0].FDRE_BSR_N/Q
                         net (fo=150, routed)         6.682    10.254    pccx_v002_system_i/sc_axil/inst/m04_nodes/m04_w_node/inst/s_sc_xpm_cdc_async_rst_inst/src_arst
    SLICE_X20Y153        FDCE                                         f  pccx_v002_system_i/sc_axil/inst/m04_nodes/m04_w_node/inst/s_sc_xpm_cdc_async_rst_inst/arststages_ff_reg[2]/CLR  (IS_INVERTED)
  -------------------------------------------------------------------    -------------------

                         (clock clk_pl_0 rise edge)
                                                      0.000     0.000 r  
    PS8_X0Y0             PS8                          0.000     0.000 r  pccx_v002_system_i/zynq_ps/inst/PS8_i/PLCLK[0]
                         net (fo=1, routed)           0.181     0.181    pccx_v002_system_i/zynq_ps/inst/pl_clk_unbuffered[0]
    BUFG_PS_X0Y90        BUFG_PS (Prop_BUFG_PS_I_O)
                                                      0.035     0.216 r  pccx_v002_system_i/zynq_ps/inst/buffer_pl_clk_0.PL_CLK_0_BUFG/O
    X1Y1 (CLOCK_ROOT)    net (fo=82633, routed)       2.927     3.143    pccx_v002_system_i/sc_axil/inst/m04_nodes/m04_w_node/inst/s_sc_xpm_cdc_async_rst_inst/dest_clk
    SLICE_X20Y153        FDCE                                         r  pccx_v002_system_i/sc_axil/inst/m04_nodes/m04_w_node/inst/s_sc_xpm_cdc_async_rst_inst/arststages_ff_reg[2]/C

Slack:                    inf
  Source:                 pccx_v002_system_i/sc_axil/inst/clk_map/psr_aclk/U0/ACTIVE_LOW_BSR_OUT_DFF[0].FDRE_BSR_N/C
                            (rising edge-triggered cell FDRE clocked by clk_pl_0  {rise@0.000ns fall@5.000ns period=10.000ns})
  Destination:            pccx_v002_system_i/sc_axil/inst/m04_nodes/m04_aw_node/inst/s_sc_xpm_cdc_async_rst_inst/arststages_ff_reg[0]/CLR
                            (recovery check against rising-edge clock clk_pl_0  {rise@0.000ns fall@5.000ns period=10.000ns})
  Path Group:             (none)
  Path Type:              Recovery (Max at Slow Process Corner)
  Data Path Delay:        6.446ns  (logic 0.113ns (1.753%)  route 6.333ns (98.247%))
  Logic Levels:           0  
  Clock Path Skew:        -0.306ns (DCD - SCD + CPR)
    Destination Clock Delay (DCD):    3.153ns
    Source Clock Delay      (SCD):    3.459ns
    Clock Pessimism Removal (CPR):    0.000ns
  Clock Uncertainty:      0.160ns  ((TSJ^2 + DJ^2)^1/2) / 2 + PE
    Total System Jitter     (TSJ):    0.071ns
    Discrete Jitter          (DJ):    0.312ns
    Phase Error              (PE):    0.000ns
  Clock Net Delay (Source):      3.192ns (routing 1.681ns, distribution 1.511ns)
  Clock Net Delay (Destination): 2.937ns (routing 1.538ns, distribution 1.399ns)
  Timing Exception:       False Path

    Location             Delay type                Incr(ns)  Path(ns)    Netlist Resource(s)
  -------------------------------------------------------------------    -------------------
                         (clock clk_pl_0 rise edge)
                                                      0.000     0.000 r  
    PS8_X0Y0             PS8                          0.000     0.000 r  pccx_v002_system_i/zynq_ps/inst/PS8_i/PLCLK[0]
                         net (fo=1, routed)           0.229     0.229    pccx_v002_system_i/zynq_ps/inst/pl_clk_unbuffered[0]
    BUFG_PS_X0Y90        BUFG_PS (Prop_BUFG_PS_I_O)
                                                      0.038     0.267 r  pccx_v002_system_i/zynq_ps/inst/buffer_pl_clk_0.PL_CLK_0_BUFG/O
    X1Y1 (CLOCK_ROOT)    net (fo=82633, routed)       3.192     3.459    pccx_v002_system_i/sc_axil/inst/clk_map/psr_aclk/U0/aclk
    SLICE_X18Y5          FDRE                                         r  pccx_v002_system_i/sc_axil/inst/clk_map/psr_aclk/U0/ACTIVE_LOW_BSR_OUT_DFF[0].FDRE_BSR_N/C
  -------------------------------------------------------------------    -------------------
    SLICE_X18Y5          FDRE (Prop_EFF_SLICEM_C_Q)
                                                      0.113     3.572 r  pccx_v002_system_i/sc_axil/inst/clk_map/psr_aclk/U0/ACTIVE_LOW_BSR_OUT_DFF[0].FDRE_BSR_N/Q
                         net (fo=150, routed)         6.333     9.905    pccx_v002_system_i/sc_axil/inst/m04_nodes/m04_aw_node/inst/s_sc_xpm_cdc_async_rst_inst/src_arst
    SLICE_X21Y140        FDCE                                         f  pccx_v002_system_i/sc_axil/inst/m04_nodes/m04_aw_node/inst/s_sc_xpm_cdc_async_rst_inst/arststages_ff_reg[0]/CLR  (IS_INVERTED)
  -------------------------------------------------------------------    -------------------

                         (clock clk_pl_0 rise edge)
                                                      0.000     0.000 r  
    PS8_X0Y0             PS8                          0.000     0.000 r  pccx_v002_system_i/zynq_ps/inst/PS8_i/PLCLK[0]
                         net (fo=1, routed)           0.181     0.181    pccx_v002_system_i/zynq_ps/inst/pl_clk_unbuffered[0]
    BUFG_PS_X0Y90        BUFG_PS (Prop_BUFG_PS_I_O)
                                                      0.035     0.216 r  pccx_v002_system_i/zynq_ps/inst/buffer_pl_clk_0.PL_CLK_0_BUFG/O
    X1Y1 (CLOCK_ROOT)    net (fo=82633, routed)       2.937     3.153    pccx_v002_system_i/sc_axil/inst/m04_nodes/m04_aw_node/inst/s_sc_xpm_cdc_async_rst_inst/dest_clk
    SLICE_X21Y140        FDCE                                         r  pccx_v002_system_i/sc_axil/inst/m04_nodes/m04_aw_node/inst/s_sc_xpm_cdc_async_rst_inst/arststages_ff_reg[0]/C

Slack:                    inf
  Source:                 pccx_v002_system_i/sc_axil/inst/clk_map/psr_aclk/U0/ACTIVE_LOW_BSR_OUT_DFF[0].FDRE_BSR_N/C
                            (rising edge-triggered cell FDRE clocked by clk_pl_0  {rise@0.000ns fall@5.000ns period=10.000ns})
  Destination:            pccx_v002_system_i/sc_axil/inst/m04_nodes/m04_aw_node/inst/s_sc_xpm_cdc_async_rst_inst/arststages_ff_reg[1]/CLR
                            (recovery check against rising-edge clock clk_pl_0  {rise@0.000ns fall@5.000ns period=10.000ns})
  Path Group:             (none)
  Path Type:              Recovery (Max at Slow Process Corner)
  Data Path Delay:        6.446ns  (logic 0.113ns (1.753%)  route 6.333ns (98.247%))
  Logic Levels:           0  
  Clock Path Skew:        -0.306ns (DCD - SCD + CPR)
    Destination Clock Delay (DCD):    3.153ns
    Source Clock Delay      (SCD):    3.459ns
    Clock Pessimism Removal (CPR):    0.000ns
  Clock Uncertainty:      0.160ns  ((TSJ^2 + DJ^2)^1/2) / 2 + PE
    Total System Jitter     (TSJ):    0.071ns
    Discrete Jitter          (DJ):    0.312ns
    Phase Error              (PE):    0.000ns
  Clock Net Delay (Source):      3.192ns (routing 1.681ns, distribution 1.511ns)
  Clock Net Delay (Destination): 2.937ns (routing 1.538ns, distribution 1.399ns)
  Timing Exception:       False Path

    Location             Delay type                Incr(ns)  Path(ns)    Netlist Resource(s)
  -------------------------------------------------------------------    -------------------
                         (clock clk_pl_0 rise edge)
                                                      0.000     0.000 r  
    PS8_X0Y0             PS8                          0.000     0.000 r  pccx_v002_system_i/zynq_ps/inst/PS8_i/PLCLK[0]
                         net (fo=1, routed)           0.229     0.229    pccx_v002_system_i/zynq_ps/inst/pl_clk_unbuffered[0]
    BUFG_PS_X0Y90        BUFG_PS (Prop_BUFG_PS_I_O)
                                                      0.038     0.267 r  pccx_v002_system_i/zynq_ps/inst/buffer_pl_clk_0.PL_CLK_0_BUFG/O
    X1Y1 (CLOCK_ROOT)    net (fo=82633, routed)       3.192     3.459    pccx_v002_system_i/sc_axil/inst/clk_map/psr_aclk/U0/aclk
    SLICE_X18Y5          FDRE                                         r  pccx_v002_system_i/sc_axil/inst/clk_map/psr_aclk/U0/ACTIVE_LOW_BSR_OUT_DFF[0].FDRE_BSR_N/C
  -------------------------------------------------------------------    -------------------
    SLICE_X18Y5          FDRE (Prop_EFF_SLICEM_C_Q)
                                                      0.113     3.572 r  pccx_v002_system_i/sc_axil/inst/clk_map/psr_aclk/U0/ACTIVE_LOW_BSR_OUT_DFF[0].FDRE_BSR_N/Q
                         net (fo=150, routed)         6.333     9.905    pccx_v002_system_i/sc_axil/inst/m04_nodes/m04_aw_node/inst/s_sc_xpm_cdc_async_rst_inst/src_arst
    SLICE_X21Y140        FDCE                                         f  pccx_v002_system_i/sc_axil/inst/m04_nodes/m04_aw_node/inst/s_sc_xpm_cdc_async_rst_inst/arststages_ff_reg[1]/CLR  (IS_INVERTED)
  -------------------------------------------------------------------    -------------------

                         (clock clk_pl_0 rise edge)
                                                      0.000     0.000 r  
    PS8_X0Y0             PS8                          0.000     0.000 r  pccx_v002_system_i/zynq_ps/inst/PS8_i/PLCLK[0]
                         net (fo=1, routed)           0.181     0.181    pccx_v002_system_i/zynq_ps/inst/pl_clk_unbuffered[0]
    BUFG_PS_X0Y90        BUFG_PS (Prop_BUFG_PS_I_O)
                                                      0.035     0.216 r  pccx_v002_system_i/zynq_ps/inst/buffer_pl_clk_0.PL_CLK_0_BUFG/O
    X1Y1 (CLOCK_ROOT)    net (fo=82633, routed)       2.937     3.153    pccx_v002_system_i/sc_axil/inst/m04_nodes/m04_aw_node/inst/s_sc_xpm_cdc_async_rst_inst/dest_clk
    SLICE_X21Y140        FDCE                                         r  pccx_v002_system_i/sc_axil/inst/m04_nodes/m04_aw_node/inst/s_sc_xpm_cdc_async_rst_inst/arststages_ff_reg[1]/C

Slack:                    inf
  Source:                 pccx_v002_system_i/sc_axil/inst/clk_map/psr_aclk/U0/ACTIVE_LOW_BSR_OUT_DFF[0].FDRE_BSR_N/C
                            (rising edge-triggered cell FDRE clocked by clk_pl_0  {rise@0.000ns fall@5.000ns period=10.000ns})
  Destination:            pccx_v002_system_i/sc_axil/inst/m04_nodes/m04_aw_node/inst/s_sc_xpm_cdc_async_rst_inst/arststages_ff_reg[2]/CLR
                            (recovery check against rising-edge clock clk_pl_0  {rise@0.000ns fall@5.000ns period=10.000ns})
  Path Group:             (none)
  Path Type:              Recovery (Max at Slow Process Corner)
  Data Path Delay:        6.446ns  (logic 0.113ns (1.753%)  route 6.333ns (98.247%))
  Logic Levels:           0  
  Clock Path Skew:        -0.306ns (DCD - SCD + CPR)
    Destination Clock Delay (DCD):    3.153ns
    Source Clock Delay      (SCD):    3.459ns
    Clock Pessimism Removal (CPR):    0.000ns
  Clock Uncertainty:      0.160ns  ((TSJ^2 + DJ^2)^1/2) / 2 + PE
    Total System Jitter     (TSJ):    0.071ns
    Discrete Jitter          (DJ):    0.312ns
    Phase Error              (PE):    0.000ns
  Clock Net Delay (Source):      3.192ns (routing 1.681ns, distribution 1.511ns)
  Clock Net Delay (Destination): 2.937ns (routing 1.538ns, distribution 1.399ns)
  Timing Exception:       False Path

    Location             Delay type                Incr(ns)  Path(ns)    Netlist Resource(s)
  -------------------------------------------------------------------    -------------------
                         (clock clk_pl_0 rise edge)
                                                      0.000     0.000 r  
    PS8_X0Y0             PS8                          0.000     0.000 r  pccx_v002_system_i/zynq_ps/inst/PS8_i/PLCLK[0]
                         net (fo=1, routed)           0.229     0.229    pccx_v002_system_i/zynq_ps/inst/pl_clk_unbuffered[0]
    BUFG_PS_X0Y90        BUFG_PS (Prop_BUFG_PS_I_O)
                                                      0.038     0.267 r  pccx_v002_system_i/zynq_ps/inst/buffer_pl_clk_0.PL_CLK_0_BUFG/O
    X1Y1 (CLOCK_ROOT)    net (fo=82633, routed)       3.192     3.459    pccx_v002_system_i/sc_axil/inst/clk_map/psr_aclk/U0/aclk
    SLICE_X18Y5          FDRE                                         r  pccx_v002_system_i/sc_axil/inst/clk_map/psr_aclk/U0/ACTIVE_LOW_BSR_OUT_DFF[0].FDRE_BSR_N/C
  -------------------------------------------------------------------    -------------------
    SLICE_X18Y5          FDRE (Prop_EFF_SLICEM_C_Q)
                                                      0.113     3.572 r  pccx_v002_system_i/sc_axil/inst/clk_map/psr_aclk/U0/ACTIVE_LOW_BSR_OUT_DFF[0].FDRE_BSR_N/Q
                         net (fo=150, routed)         6.333     9.905    pccx_v002_system_i/sc_axil/inst/m04_nodes/m04_aw_node/inst/s_sc_xpm_cdc_async_rst_inst/src_arst
    SLICE_X21Y140        FDCE                                         f  pccx_v002_system_i/sc_axil/inst/m04_nodes/m04_aw_node/inst/s_sc_xpm_cdc_async_rst_inst/arststages_ff_reg[2]/CLR  (IS_INVERTED)
  -------------------------------------------------------------------    -------------------

                         (clock clk_pl_0 rise edge)
                                                      0.000     0.000 r  
    PS8_X0Y0             PS8                          0.000     0.000 r  pccx_v002_system_i/zynq_ps/inst/PS8_i/PLCLK[0]
                         net (fo=1, routed)           0.181     0.181    pccx_v002_system_i/zynq_ps/inst/pl_clk_unbuffered[0]
    BUFG_PS_X0Y90        BUFG_PS (Prop_BUFG_PS_I_O)
                                                      0.035     0.216 r  pccx_v002_system_i/zynq_ps/inst/buffer_pl_clk_0.PL_CLK_0_BUFG/O
    X1Y1 (CLOCK_ROOT)    net (fo=82633, routed)       2.937     3.153    pccx_v002_system_i/sc_axil/inst/m04_nodes/m04_aw_node/inst/s_sc_xpm_cdc_async_rst_inst/dest_clk
    SLICE_X21Y140        FDCE                                         r  pccx_v002_system_i/sc_axil/inst/m04_nodes/m04_aw_node/inst/s_sc_xpm_cdc_async_rst_inst/arststages_ff_reg[2]/C

Slack:                    inf
  Source:                 pccx_v002_system_i/sc_axil/inst/clk_map/psr_aclk/U0/ACTIVE_LOW_BSR_OUT_DFF[0].FDRE_BSR_N/C
                            (rising edge-triggered cell FDRE clocked by clk_pl_0  {rise@0.000ns fall@5.000ns period=10.000ns})
  Destination:            pccx_v002_system_i/sc_axil/inst/m04_exit_pipeline/m04_exit/inst/xpm_cdc_async_rst_inst/arststages_ff_reg[0]/CLR
                            (recovery check against rising-edge clock clk_pl_0  {rise@0.000ns fall@5.000ns period=10.000ns})
  Path Group:             (none)
  Path Type:              Recovery (Max at Slow Process Corner)
  Data Path Delay:        6.182ns  (logic 0.113ns (1.828%)  route 6.069ns (98.172%))
  Logic Levels:           0  
  Clock Path Skew:        -0.469ns (DCD - SCD + CPR)
    Destination Clock Delay (DCD):    2.990ns
    Source Clock Delay      (SCD):    3.459ns
    Clock Pessimism Removal (CPR):    0.000ns
  Clock Uncertainty:      0.160ns  ((TSJ^2 + DJ^2)^1/2) / 2 + PE
    Total System Jitter     (TSJ):    0.071ns
    Discrete Jitter          (DJ):    0.312ns
    Phase Error              (PE):    0.000ns
  Clock Net Delay (Source):      3.192ns (routing 1.681ns, distribution 1.511ns)
  Clock Net Delay (Destination): 2.774ns (routing 1.538ns, distribution 1.236ns)
  Timing Exception:       False Path

    Location             Delay type                Incr(ns)  Path(ns)    Netlist Resource(s)
  -------------------------------------------------------------------    -------------------
                         (clock clk_pl_0 rise edge)
                                                      0.000     0.000 r  
    PS8_X0Y0             PS8                          0.000     0.000 r  pccx_v002_system_i/zynq_ps/inst/PS8_i/PLCLK[0]
                         net (fo=1, routed)           0.229     0.229    pccx_v002_system_i/zynq_ps/inst/pl_clk_unbuffered[0]
    BUFG_PS_X0Y90        BUFG_PS (Prop_BUFG_PS_I_O)
                                                      0.038     0.267 r  pccx_v002_system_i/zynq_ps/inst/buffer_pl_clk_0.PL_CLK_0_BUFG/O
    X1Y1 (CLOCK_ROOT)    net (fo=82633, routed)       3.192     3.459    pccx_v002_system_i/sc_axil/inst/clk_map/psr_aclk/U0/aclk
    SLICE_X18Y5          FDRE                                         r  pccx_v002_system_i/sc_axil/inst/clk_map/psr_aclk/U0/ACTIVE_LOW_BSR_OUT_DFF[0].FDRE_BSR_N/C
  -------------------------------------------------------------------    -------------------
    SLICE_X18Y5          FDRE (Prop_EFF_SLICEM_C_Q)
                                                      0.113     3.572 r  pccx_v002_system_i/sc_axil/inst/clk_map/psr_aclk/U0/ACTIVE_LOW_BSR_OUT_DFF[0].FDRE_BSR_N/Q
                         net (fo=150, routed)         6.069     9.641    pccx_v002_system_i/sc_axil/inst/m04_exit_pipeline/m04_exit/inst/xpm_cdc_async_rst_inst/src_arst
    SLICE_X23Y139        FDCE                                         f  pccx_v002_system_i/sc_axil/inst/m04_exit_pipeline/m04_exit/inst/xpm_cdc_async_rst_inst/arststages_ff_reg[0]/CLR  (IS_INVERTED)
  -------------------------------------------------------------------    -------------------

                         (clock clk_pl_0 rise edge)
                                                      0.000     0.000 r  
    PS8_X0Y0             PS8                          0.000     0.000 r  pccx_v002_system_i/zynq_ps/inst/PS8_i/PLCLK[0]
                         net (fo=1, routed)           0.181     0.181    pccx_v002_system_i/zynq_ps/inst/pl_clk_unbuffered[0]
    BUFG_PS_X0Y90        BUFG_PS (Prop_BUFG_PS_I_O)
                                                      0.035     0.216 r  pccx_v002_system_i/zynq_ps/inst/buffer_pl_clk_0.PL_CLK_0_BUFG/O
    X1Y1 (CLOCK_ROOT)    net (fo=82633, routed)       2.774     2.990    pccx_v002_system_i/sc_axil/inst/m04_exit_pipeline/m04_exit/inst/xpm_cdc_async_rst_inst/dest_clk
    SLICE_X23Y139        FDCE                                         r  pccx_v002_system_i/sc_axil/inst/m04_exit_pipeline/m04_exit/inst/xpm_cdc_async_rst_inst/arststages_ff_reg[0]/C

Slack:                    inf
  Source:                 pccx_v002_system_i/sc_axil/inst/clk_map/psr_aclk/U0/ACTIVE_LOW_BSR_OUT_DFF[0].FDRE_BSR_N/C
                            (rising edge-triggered cell FDRE clocked by clk_pl_0  {rise@0.000ns fall@5.000ns period=10.000ns})
  Destination:            pccx_v002_system_i/sc_axil/inst/m04_exit_pipeline/m04_exit/inst/xpm_cdc_async_rst_inst/arststages_ff_reg[1]/CLR
                            (recovery check against rising-edge clock clk_pl_0  {rise@0.000ns fall@5.000ns period=10.000ns})
  Path Group:             (none)
  Path Type:              Recovery (Max at Slow Process Corner)
  Data Path Delay:        6.182ns  (logic 0.113ns (1.828%)  route 6.069ns (98.172%))
  Logic Levels:           0  
  Clock Path Skew:        -0.469ns (DCD - SCD + CPR)
    Destination Clock Delay (DCD):    2.990ns
    Source Clock Delay      (SCD):    3.459ns
    Clock Pessimism Removal (CPR):    0.000ns
  Clock Uncertainty:      0.160ns  ((TSJ^2 + DJ^2)^1/2) / 2 + PE
    Total System Jitter     (TSJ):    0.071ns
    Discrete Jitter          (DJ):    0.312ns
    Phase Error              (PE):    0.000ns
  Clock Net Delay (Source):      3.192ns (routing 1.681ns, distribution 1.511ns)
  Clock Net Delay (Destination): 2.774ns (routing 1.538ns, distribution 1.236ns)
  Timing Exception:       False Path

    Location             Delay type                Incr(ns)  Path(ns)    Netlist Resource(s)
  -------------------------------------------------------------------    -------------------
                         (clock clk_pl_0 rise edge)
                                                      0.000     0.000 r  
    PS8_X0Y0             PS8                          0.000     0.000 r  pccx_v002_system_i/zynq_ps/inst/PS8_i/PLCLK[0]
                         net (fo=1, routed)           0.229     0.229    pccx_v002_system_i/zynq_ps/inst/pl_clk_unbuffered[0]
    BUFG_PS_X0Y90        BUFG_PS (Prop_BUFG_PS_I_O)
                                                      0.038     0.267 r  pccx_v002_system_i/zynq_ps/inst/buffer_pl_clk_0.PL_CLK_0_BUFG/O
    X1Y1 (CLOCK_ROOT)    net (fo=82633, routed)       3.192     3.459    pccx_v002_system_i/sc_axil/inst/clk_map/psr_aclk/U0/aclk
    SLICE_X18Y5          FDRE                                         r  pccx_v002_system_i/sc_axil/inst/clk_map/psr_aclk/U0/ACTIVE_LOW_BSR_OUT_DFF[0].FDRE_BSR_N/C
  -------------------------------------------------------------------    -------------------
    SLICE_X18Y5          FDRE (Prop_EFF_SLICEM_C_Q)
                                                      0.113     3.572 r  pccx_v002_system_i/sc_axil/inst/clk_map/psr_aclk/U0/ACTIVE_LOW_BSR_OUT_DFF[0].FDRE_BSR_N/Q
                         net (fo=150, routed)         6.069     9.641    pccx_v002_system_i/sc_axil/inst/m04_exit_pipeline/m04_exit/inst/xpm_cdc_async_rst_inst/src_arst
    SLICE_X23Y139        FDCE                                         f  pccx_v002_system_i/sc_axil/inst/m04_exit_pipeline/m04_exit/inst/xpm_cdc_async_rst_inst/arststages_ff_reg[1]/CLR  (IS_INVERTED)
  -------------------------------------------------------------------    -------------------

                         (clock clk_pl_0 rise edge)
                                                      0.000     0.000 r  
    PS8_X0Y0             PS8                          0.000     0.000 r  pccx_v002_system_i/zynq_ps/inst/PS8_i/PLCLK[0]
                         net (fo=1, routed)           0.181     0.181    pccx_v002_system_i/zynq_ps/inst/pl_clk_unbuffered[0]
    BUFG_PS_X0Y90        BUFG_PS (Prop_BUFG_PS_I_O)
                                                      0.035     0.216 r  pccx_v002_system_i/zynq_ps/inst/buffer_pl_clk_0.PL_CLK_0_BUFG/O
    X1Y1 (CLOCK_ROOT)    net (fo=82633, routed)       2.774     2.990    pccx_v002_system_i/sc_axil/inst/m04_exit_pipeline/m04_exit/inst/xpm_cdc_async_rst_inst/dest_clk
    SLICE_X23Y139        FDCE                                         r  pccx_v002_system_i/sc_axil/inst/m04_exit_pipeline/m04_exit/inst/xpm_cdc_async_rst_inst/arststages_ff_reg[1]/C

Slack:                    inf
  Source:                 pccx_v002_system_i/sc_axil/inst/clk_map/psr_aclk/U0/ACTIVE_LOW_BSR_OUT_DFF[0].FDRE_BSR_N/C
                            (rising edge-triggered cell FDRE clocked by clk_pl_0  {rise@0.000ns fall@5.000ns period=10.000ns})
  Destination:            pccx_v002_system_i/sc_axil/inst/m04_exit_pipeline/m04_exit/inst/xpm_cdc_async_rst_inst/arststages_ff_reg[2]/CLR
                            (recovery check against rising-edge clock clk_pl_0  {rise@0.000ns fall@5.000ns period=10.000ns})
  Path Group:             (none)
  Path Type:              Recovery (Max at Slow Process Corner)
  Data Path Delay:        6.182ns  (logic 0.113ns (1.828%)  route 6.069ns (98.172%))
  Logic Levels:           0  
  Clock Path Skew:        -0.469ns (DCD - SCD + CPR)
    Destination Clock Delay (DCD):    2.990ns
    Source Clock Delay      (SCD):    3.459ns
    Clock Pessimism Removal (CPR):    0.000ns
  Clock Uncertainty:      0.160ns  ((TSJ^2 + DJ^2)^1/2) / 2 + PE
    Total System Jitter     (TSJ):    0.071ns
    Discrete Jitter          (DJ):    0.312ns
    Phase Error              (PE):    0.000ns
  Clock Net Delay (Source):      3.192ns (routing 1.681ns, distribution 1.511ns)
  Clock Net Delay (Destination): 2.774ns (routing 1.538ns, distribution 1.236ns)
  Timing Exception:       False Path

    Location             Delay type                Incr(ns)  Path(ns)    Netlist Resource(s)
  -------------------------------------------------------------------    -------------------
                         (clock clk_pl_0 rise edge)
                                                      0.000     0.000 r  
    PS8_X0Y0             PS8                          0.000     0.000 r  pccx_v002_system_i/zynq_ps/inst/PS8_i/PLCLK[0]
                         net (fo=1, routed)           0.229     0.229    pccx_v002_system_i/zynq_ps/inst/pl_clk_unbuffered[0]
    BUFG_PS_X0Y90        BUFG_PS (Prop_BUFG_PS_I_O)
                                                      0.038     0.267 r  pccx_v002_system_i/zynq_ps/inst/buffer_pl_clk_0.PL_CLK_0_BUFG/O
    X1Y1 (CLOCK_ROOT)    net (fo=82633, routed)       3.192     3.459    pccx_v002_system_i/sc_axil/inst/clk_map/psr_aclk/U0/aclk
    SLICE_X18Y5          FDRE                                         r  pccx_v002_system_i/sc_axil/inst/clk_map/psr_aclk/U0/ACTIVE_LOW_BSR_OUT_DFF[0].FDRE_BSR_N/C
  -------------------------------------------------------------------    -------------------
    SLICE_X18Y5          FDRE (Prop_EFF_SLICEM_C_Q)
                                                      0.113     3.572 r  pccx_v002_system_i/sc_axil/inst/clk_map/psr_aclk/U0/ACTIVE_LOW_BSR_OUT_DFF[0].FDRE_BSR_N/Q
                         net (fo=150, routed)         6.069     9.641    pccx_v002_system_i/sc_axil/inst/m04_exit_pipeline/m04_exit/inst/xpm_cdc_async_rst_inst/src_arst
    SLICE_X23Y139        FDCE                                         f  pccx_v002_system_i/sc_axil/inst/m04_exit_pipeline/m04_exit/inst/xpm_cdc_async_rst_inst/arststages_ff_reg[2]/CLR  (IS_INVERTED)
  -------------------------------------------------------------------    -------------------

                         (clock clk_pl_0 rise edge)
                                                      0.000     0.000 r  
    PS8_X0Y0             PS8                          0.000     0.000 r  pccx_v002_system_i/zynq_ps/inst/PS8_i/PLCLK[0]
                         net (fo=1, routed)           0.181     0.181    pccx_v002_system_i/zynq_ps/inst/pl_clk_unbuffered[0]
    BUFG_PS_X0Y90        BUFG_PS (Prop_BUFG_PS_I_O)
                                                      0.035     0.216 r  pccx_v002_system_i/zynq_ps/inst/buffer_pl_clk_0.PL_CLK_0_BUFG/O
    X1Y1 (CLOCK_ROOT)    net (fo=82633, routed)       2.774     2.990    pccx_v002_system_i/sc_axil/inst/m04_exit_pipeline/m04_exit/inst/xpm_cdc_async_rst_inst/dest_clk
    SLICE_X23Y139        FDCE                                         r  pccx_v002_system_i/sc_axil/inst/m04_exit_pipeline/m04_exit/inst/xpm_cdc_async_rst_inst/arststages_ff_reg[2]/C

Slack:                    inf
  Source:                 pccx_v002_system_i/sc_axil/inst/clk_map/psr_aclk/U0/ACTIVE_LOW_BSR_OUT_DFF[0].FDRE_BSR_N/C
                            (rising edge-triggered cell FDRE clocked by clk_pl_0  {rise@0.000ns fall@5.000ns period=10.000ns})
  Destination:            pccx_v002_system_i/sc_axil/inst/m02_nodes/m02_b_node/inst/s_sc_xpm_cdc_async_rst_inst/arststages_ff_reg[0]/CLR
                            (recovery check against rising-edge clock clk_pl_0  {rise@0.000ns fall@5.000ns period=10.000ns})
  Path Group:             (none)
  Path Type:              Recovery (Max at Slow Process Corner)
  Data Path Delay:        5.977ns  (logic 0.113ns (1.890%)  route 5.864ns (98.110%))
  Logic Levels:           0  
  Clock Path Skew:        -0.462ns (DCD - SCD + CPR)
    Destination Clock Delay (DCD):    2.997ns
    Source Clock Delay      (SCD):    3.459ns
    Clock Pessimism Removal (CPR):    0.000ns
  Clock Uncertainty:      0.160ns  ((TSJ^2 + DJ^2)^1/2) / 2 + PE
    Total System Jitter     (TSJ):    0.071ns
    Discrete Jitter          (DJ):    0.312ns
    Phase Error              (PE):    0.000ns
  Clock Net Delay (Source):      3.192ns (routing 1.681ns, distribution 1.511ns)
  Clock Net Delay (Destination): 2.781ns (routing 1.538ns, distribution 1.243ns)
  Timing Exception:       False Path

    Location             Delay type                Incr(ns)  Path(ns)    Netlist Resource(s)
  -------------------------------------------------------------------    -------------------
                         (clock clk_pl_0 rise edge)
                                                      0.000     0.000 r  
    PS8_X0Y0             PS8                          0.000     0.000 r  pccx_v002_system_i/zynq_ps/inst/PS8_i/PLCLK[0]
                         net (fo=1, routed)           0.229     0.229    pccx_v002_system_i/zynq_ps/inst/pl_clk_unbuffered[0]
    BUFG_PS_X0Y90        BUFG_PS (Prop_BUFG_PS_I_O)
                                                      0.038     0.267 r  pccx_v002_system_i/zynq_ps/inst/buffer_pl_clk_0.PL_CLK_0_BUFG/O
    X1Y1 (CLOCK_ROOT)    net (fo=82633, routed)       3.192     3.459    pccx_v002_system_i/sc_axil/inst/clk_map/psr_aclk/U0/aclk
    SLICE_X18Y5          FDRE                                         r  pccx_v002_system_i/sc_axil/inst/clk_map/psr_aclk/U0/ACTIVE_LOW_BSR_OUT_DFF[0].FDRE_BSR_N/C
  -------------------------------------------------------------------    -------------------
    SLICE_X18Y5          FDRE (Prop_EFF_SLICEM_C_Q)
                                                      0.113     3.572 r  pccx_v002_system_i/sc_axil/inst/clk_map/psr_aclk/U0/ACTIVE_LOW_BSR_OUT_DFF[0].FDRE_BSR_N/Q
                         net (fo=150, routed)         5.864     9.436    pccx_v002_system_i/sc_axil/inst/m02_nodes/m02_b_node/inst/s_sc_xpm_cdc_async_rst_inst/src_arst
    SLICE_X23Y134        FDCE                                         f  pccx_v002_system_i/sc_axil/inst/m02_nodes/m02_b_node/inst/s_sc_xpm_cdc_async_rst_inst/arststages_ff_reg[0]/CLR  (IS_INVERTED)
  -------------------------------------------------------------------    -------------------

                         (clock clk_pl_0 rise edge)
                                                      0.000     0.000 r  
    PS8_X0Y0             PS8                          0.000     0.000 r  pccx_v002_system_i/zynq_ps/inst/PS8_i/PLCLK[0]
                         net (fo=1, routed)           0.181     0.181    pccx_v002_system_i/zynq_ps/inst/pl_clk_unbuffered[0]
    BUFG_PS_X0Y90        BUFG_PS (Prop_BUFG_PS_I_O)
                                                      0.035     0.216 r  pccx_v002_system_i/zynq_ps/inst/buffer_pl_clk_0.PL_CLK_0_BUFG/O
    X1Y1 (CLOCK_ROOT)    net (fo=82633, routed)       2.781     2.997    pccx_v002_system_i/sc_axil/inst/m02_nodes/m02_b_node/inst/s_sc_xpm_cdc_async_rst_inst/dest_clk
    SLICE_X23Y134        FDCE                                         r  pccx_v002_system_i/sc_axil/inst/m02_nodes/m02_b_node/inst/s_sc_xpm_cdc_async_rst_inst/arststages_ff_reg[0]/C

Slack:                    inf
  Source:                 pccx_v002_system_i/sc_axil/inst/clk_map/psr_aclk/U0/ACTIVE_LOW_BSR_OUT_DFF[0].FDRE_BSR_N/C
                            (rising edge-triggered cell FDRE clocked by clk_pl_0  {rise@0.000ns fall@5.000ns period=10.000ns})
  Destination:            pccx_v002_system_i/sc_axil/inst/m02_nodes/m02_b_node/inst/s_sc_xpm_cdc_async_rst_inst/arststages_ff_reg[1]/CLR
                            (recovery check against rising-edge clock clk_pl_0  {rise@0.000ns fall@5.000ns period=10.000ns})
  Path Group:             (none)
  Path Type:              Recovery (Max at Slow Process Corner)
  Data Path Delay:        5.977ns  (logic 0.113ns (1.890%)  route 5.864ns (98.110%))
  Logic Levels:           0  
  Clock Path Skew:        -0.462ns (DCD - SCD + CPR)
    Destination Clock Delay (DCD):    2.997ns
    Source Clock Delay      (SCD):    3.459ns
    Clock Pessimism Removal (CPR):    0.000ns
  Clock Uncertainty:      0.160ns  ((TSJ^2 + DJ^2)^1/2) / 2 + PE
    Total System Jitter     (TSJ):    0.071ns
    Discrete Jitter          (DJ):    0.312ns
    Phase Error              (PE):    0.000ns
  Clock Net Delay (Source):      3.192ns (routing 1.681ns, distribution 1.511ns)
  Clock Net Delay (Destination): 2.781ns (routing 1.538ns, distribution 1.243ns)
  Timing Exception:       False Path

    Location             Delay type                Incr(ns)  Path(ns)    Netlist Resource(s)
  -------------------------------------------------------------------    -------------------
                         (clock clk_pl_0 rise edge)
                                                      0.000     0.000 r  
    PS8_X0Y0             PS8                          0.000     0.000 r  pccx_v002_system_i/zynq_ps/inst/PS8_i/PLCLK[0]
                         net (fo=1, routed)           0.229     0.229    pccx_v002_system_i/zynq_ps/inst/pl_clk_unbuffered[0]
    BUFG_PS_X0Y90        BUFG_PS (Prop_BUFG_PS_I_O)
                                                      0.038     0.267 r  pccx_v002_system_i/zynq_ps/inst/buffer_pl_clk_0.PL_CLK_0_BUFG/O
    X1Y1 (CLOCK_ROOT)    net (fo=82633, routed)       3.192     3.459    pccx_v002_system_i/sc_axil/inst/clk_map/psr_aclk/U0/aclk
    SLICE_X18Y5          FDRE                                         r  pccx_v002_system_i/sc_axil/inst/clk_map/psr_aclk/U0/ACTIVE_LOW_BSR_OUT_DFF[0].FDRE_BSR_N/C
  -------------------------------------------------------------------    -------------------
    SLICE_X18Y5          FDRE (Prop_EFF_SLICEM_C_Q)
                                                      0.113     3.572 r  pccx_v002_system_i/sc_axil/inst/clk_map/psr_aclk/U0/ACTIVE_LOW_BSR_OUT_DFF[0].FDRE_BSR_N/Q
                         net (fo=150, routed)         5.864     9.436    pccx_v002_system_i/sc_axil/inst/m02_nodes/m02_b_node/inst/s_sc_xpm_cdc_async_rst_inst/src_arst
    SLICE_X23Y134        FDCE                                         f  pccx_v002_system_i/sc_axil/inst/m02_nodes/m02_b_node/inst/s_sc_xpm_cdc_async_rst_inst/arststages_ff_reg[1]/CLR  (IS_INVERTED)
  -------------------------------------------------------------------    -------------------

                         (clock clk_pl_0 rise edge)
                                                      0.000     0.000 r  
    PS8_X0Y0             PS8                          0.000     0.000 r  pccx_v002_system_i/zynq_ps/inst/PS8_i/PLCLK[0]
                         net (fo=1, routed)           0.181     0.181    pccx_v002_system_i/zynq_ps/inst/pl_clk_unbuffered[0]
    BUFG_PS_X0Y90        BUFG_PS (Prop_BUFG_PS_I_O)
                                                      0.035     0.216 r  pccx_v002_system_i/zynq_ps/inst/buffer_pl_clk_0.PL_CLK_0_BUFG/O
    X1Y1 (CLOCK_ROOT)    net (fo=82633, routed)       2.781     2.997    pccx_v002_system_i/sc_axil/inst/m02_nodes/m02_b_node/inst/s_sc_xpm_cdc_async_rst_inst/dest_clk
    SLICE_X23Y134        FDCE                                         r  pccx_v002_system_i/sc_axil/inst/m02_nodes/m02_b_node/inst/s_sc_xpm_cdc_async_rst_inst/arststages_ff_reg[1]/C

Slack:                    inf
  Source:                 pccx_v002_system_i/sc_axil/inst/clk_map/psr_aclk/U0/ACTIVE_LOW_BSR_OUT_DFF[0].FDRE_BSR_N/C
                            (rising edge-triggered cell FDRE clocked by clk_pl_0  {rise@0.000ns fall@5.000ns period=10.000ns})
  Destination:            pccx_v002_system_i/sc_axil/inst/m02_nodes/m02_b_node/inst/s_sc_xpm_cdc_async_rst_inst/arststages_ff_reg[2]/CLR
                            (recovery check against rising-edge clock clk_pl_0  {rise@0.000ns fall@5.000ns period=10.000ns})
  Path Group:             (none)
  Path Type:              Recovery (Max at Slow Process Corner)
  Data Path Delay:        5.977ns  (logic 0.113ns (1.890%)  route 5.864ns (98.110%))
  Logic Levels:           0  
  Clock Path Skew:        -0.462ns (DCD - SCD + CPR)
    Destination Clock Delay (DCD):    2.997ns
    Source Clock Delay      (SCD):    3.459ns
    Clock Pessimism Removal (CPR):    0.000ns
  Clock Uncertainty:      0.160ns  ((TSJ^2 + DJ^2)^1/2) / 2 + PE
    Total System Jitter     (TSJ):    0.071ns
    Discrete Jitter          (DJ):    0.312ns
    Phase Error              (PE):    0.000ns
  Clock Net Delay (Source):      3.192ns (routing 1.681ns, distribution 1.511ns)
  Clock Net Delay (Destination): 2.781ns (routing 1.538ns, distribution 1.243ns)
  Timing Exception:       False Path

    Location             Delay type                Incr(ns)  Path(ns)    Netlist Resource(s)
  -------------------------------------------------------------------    -------------------
                         (clock clk_pl_0 rise edge)
                                                      0.000     0.000 r  
    PS8_X0Y0             PS8                          0.000     0.000 r  pccx_v002_system_i/zynq_ps/inst/PS8_i/PLCLK[0]
                         net (fo=1, routed)           0.229     0.229    pccx_v002_system_i/zynq_ps/inst/pl_clk_unbuffered[0]
    BUFG_PS_X0Y90        BUFG_PS (Prop_BUFG_PS_I_O)
                                                      0.038     0.267 r  pccx_v002_system_i/zynq_ps/inst/buffer_pl_clk_0.PL_CLK_0_BUFG/O
    X1Y1 (CLOCK_ROOT)    net (fo=82633, routed)       3.192     3.459    pccx_v002_system_i/sc_axil/inst/clk_map/psr_aclk/U0/aclk
    SLICE_X18Y5          FDRE                                         r  pccx_v002_system_i/sc_axil/inst/clk_map/psr_aclk/U0/ACTIVE_LOW_BSR_OUT_DFF[0].FDRE_BSR_N/C
  -------------------------------------------------------------------    -------------------
    SLICE_X18Y5          FDRE (Prop_EFF_SLICEM_C_Q)
                                                      0.113     3.572 r  pccx_v002_system_i/sc_axil/inst/clk_map/psr_aclk/U0/ACTIVE_LOW_BSR_OUT_DFF[0].FDRE_BSR_N/Q
                         net (fo=150, routed)         5.864     9.436    pccx_v002_system_i/sc_axil/inst/m02_nodes/m02_b_node/inst/s_sc_xpm_cdc_async_rst_inst/src_arst
    SLICE_X23Y134        FDCE                                         f  pccx_v002_system_i/sc_axil/inst/m02_nodes/m02_b_node/inst/s_sc_xpm_cdc_async_rst_inst/arststages_ff_reg[2]/CLR  (IS_INVERTED)
  -------------------------------------------------------------------    -------------------

                         (clock clk_pl_0 rise edge)
                                                      0.000     0.000 r  
    PS8_X0Y0             PS8                          0.000     0.000 r  pccx_v002_system_i/zynq_ps/inst/PS8_i/PLCLK[0]
                         net (fo=1, routed)           0.181     0.181    pccx_v002_system_i/zynq_ps/inst/pl_clk_unbuffered[0]
    BUFG_PS_X0Y90        BUFG_PS (Prop_BUFG_PS_I_O)
                                                      0.035     0.216 r  pccx_v002_system_i/zynq_ps/inst/buffer_pl_clk_0.PL_CLK_0_BUFG/O
    X1Y1 (CLOCK_ROOT)    net (fo=82633, routed)       2.781     2.997    pccx_v002_system_i/sc_axil/inst/m02_nodes/m02_b_node/inst/s_sc_xpm_cdc_async_rst_inst/dest_clk
    SLICE_X23Y134        FDCE                                         r  pccx_v002_system_i/sc_axil/inst/m02_nodes/m02_b_node/inst/s_sc_xpm_cdc_async_rst_inst/arststages_ff_reg[2]/C

Slack:                    inf
  Source:                 pccx_v002_system_i/sc_axil/inst/clk_map/psr_aclk/U0/ACTIVE_LOW_BSR_OUT_DFF[0].FDRE_BSR_N/C
                            (rising edge-triggered cell FDRE clocked by clk_pl_0  {rise@0.000ns fall@5.000ns period=10.000ns})
  Destination:            pccx_v002_system_i/sc_axil/inst/m03_nodes/m03_w_node/inst/s_sc_xpm_cdc_async_rst_inst/arststages_ff_reg[0]/CLR
                            (recovery check against rising-edge clock clk_pl_0  {rise@0.000ns fall@5.000ns period=10.000ns})
  Path Group:             (none)
  Path Type:              Recovery (Max at Slow Process Corner)
  Data Path Delay:        5.976ns  (logic 0.113ns (1.891%)  route 5.863ns (98.109%))
  Logic Levels:           0  
  Clock Path Skew:        -0.256ns (DCD - SCD + CPR)
    Destination Clock Delay (DCD):    3.203ns
    Source Clock Delay      (SCD):    3.459ns
    Clock Pessimism Removal (CPR):    0.000ns
  Clock Uncertainty:      0.160ns  ((TSJ^2 + DJ^2)^1/2) / 2 + PE
    Total System Jitter     (TSJ):    0.071ns
    Discrete Jitter          (DJ):    0.312ns
    Phase Error              (PE):    0.000ns
  Clock Net Delay (Source):      3.192ns (routing 1.681ns, distribution 1.511ns)
  Clock Net Delay (Destination): 2.987ns (routing 1.538ns, distribution 1.449ns)
  Timing Exception:       False Path

    Location             Delay type                Incr(ns)  Path(ns)    Netlist Resource(s)
  -------------------------------------------------------------------    -------------------
                         (clock clk_pl_0 rise edge)
                                                      0.000     0.000 r  
    PS8_X0Y0             PS8                          0.000     0.000 r  pccx_v002_system_i/zynq_ps/inst/PS8_i/PLCLK[0]
                         net (fo=1, routed)           0.229     0.229    pccx_v002_system_i/zynq_ps/inst/pl_clk_unbuffered[0]
    BUFG_PS_X0Y90        BUFG_PS (Prop_BUFG_PS_I_O)
                                                      0.038     0.267 r  pccx_v002_system_i/zynq_ps/inst/buffer_pl_clk_0.PL_CLK_0_BUFG/O
    X1Y1 (CLOCK_ROOT)    net (fo=82633, routed)       3.192     3.459    pccx_v002_system_i/sc_axil/inst/clk_map/psr_aclk/U0/aclk
    SLICE_X18Y5          FDRE                                         r  pccx_v002_system_i/sc_axil/inst/clk_map/psr_aclk/U0/ACTIVE_LOW_BSR_OUT_DFF[0].FDRE_BSR_N/C
  -------------------------------------------------------------------    -------------------
    SLICE_X18Y5          FDRE (Prop_EFF_SLICEM_C_Q)
                                                      0.113     3.572 r  pccx_v002_system_i/sc_axil/inst/clk_map/psr_aclk/U0/ACTIVE_LOW_BSR_OUT_DFF[0].FDRE_BSR_N/Q
                         net (fo=150, routed)         5.863     9.435    pccx_v002_system_i/sc_axil/inst/m03_nodes/m03_w_node/inst/s_sc_xpm_cdc_async_rst_inst/src_arst
    SLICE_X9Y129         FDCE                                         f  pccx_v002_system_i/sc_axil/inst/m03_nodes/m03_w_node/inst/s_sc_xpm_cdc_async_rst_inst/arststages_ff_reg[0]/CLR  (IS_INVERTED)
  -------------------------------------------------------------------    -------------------

                         (clock clk_pl_0 rise edge)
                                                      0.000     0.000 r  
    PS8_X0Y0             PS8                          0.000     0.000 r  pccx_v002_system_i/zynq_ps/inst/PS8_i/PLCLK[0]
                         net (fo=1, routed)           0.181     0.181    pccx_v002_system_i/zynq_ps/inst/pl_clk_unbuffered[0]
    BUFG_PS_X0Y90        BUFG_PS (Prop_BUFG_PS_I_O)
                                                      0.035     0.216 r  pccx_v002_system_i/zynq_ps/inst/buffer_pl_clk_0.PL_CLK_0_BUFG/O
    X1Y1 (CLOCK_ROOT)    net (fo=82633, routed)       2.987     3.203    pccx_v002_system_i/sc_axil/inst/m03_nodes/m03_w_node/inst/s_sc_xpm_cdc_async_rst_inst/dest_clk
    SLICE_X9Y129         FDCE                                         r  pccx_v002_system_i/sc_axil/inst/m03_nodes/m03_w_node/inst/s_sc_xpm_cdc_async_rst_inst/arststages_ff_reg[0]/C

Slack:                    inf
  Source:                 pccx_v002_system_i/sc_axil/inst/clk_map/psr_aclk/U0/ACTIVE_LOW_BSR_OUT_DFF[0].FDRE_BSR_N/C
                            (rising edge-triggered cell FDRE clocked by clk_pl_0  {rise@0.000ns fall@5.000ns period=10.000ns})
  Destination:            pccx_v002_system_i/sc_axil/inst/m03_nodes/m03_w_node/inst/s_sc_xpm_cdc_async_rst_inst/arststages_ff_reg[1]/CLR
                            (recovery check against rising-edge clock clk_pl_0  {rise@0.000ns fall@5.000ns period=10.000ns})
  Path Group:             (none)
  Path Type:              Recovery (Max at Slow Process Corner)
  Data Path Delay:        5.976ns  (logic 0.113ns (1.891%)  route 5.863ns (98.109%))
  Logic Levels:           0  
  Clock Path Skew:        -0.256ns (DCD - SCD + CPR)
    Destination Clock Delay (DCD):    3.203ns
    Source Clock Delay      (SCD):    3.459ns
    Clock Pessimism Removal (CPR):    0.000ns
  Clock Uncertainty:      0.160ns  ((TSJ^2 + DJ^2)^1/2) / 2 + PE
    Total System Jitter     (TSJ):    0.071ns
    Discrete Jitter          (DJ):    0.312ns
    Phase Error              (PE):    0.000ns
  Clock Net Delay (Source):      3.192ns (routing 1.681ns, distribution 1.511ns)
  Clock Net Delay (Destination): 2.987ns (routing 1.538ns, distribution 1.449ns)
  Timing Exception:       False Path

    Location             Delay type                Incr(ns)  Path(ns)    Netlist Resource(s)
  -------------------------------------------------------------------    -------------------
                         (clock clk_pl_0 rise edge)
                                                      0.000     0.000 r  
    PS8_X0Y0             PS8                          0.000     0.000 r  pccx_v002_system_i/zynq_ps/inst/PS8_i/PLCLK[0]
                         net (fo=1, routed)           0.229     0.229    pccx_v002_system_i/zynq_ps/inst/pl_clk_unbuffered[0]
    BUFG_PS_X0Y90        BUFG_PS (Prop_BUFG_PS_I_O)
                                                      0.038     0.267 r  pccx_v002_system_i/zynq_ps/inst/buffer_pl_clk_0.PL_CLK_0_BUFG/O
    X1Y1 (CLOCK_ROOT)    net (fo=82633, routed)       3.192     3.459    pccx_v002_system_i/sc_axil/inst/clk_map/psr_aclk/U0/aclk
    SLICE_X18Y5          FDRE                                         r  pccx_v002_system_i/sc_axil/inst/clk_map/psr_aclk/U0/ACTIVE_LOW_BSR_OUT_DFF[0].FDRE_BSR_N/C
  -------------------------------------------------------------------    -------------------
    SLICE_X18Y5          FDRE (Prop_EFF_SLICEM_C_Q)
                                                      0.113     3.572 r  pccx_v002_system_i/sc_axil/inst/clk_map/psr_aclk/U0/ACTIVE_LOW_BSR_OUT_DFF[0].FDRE_BSR_N/Q
                         net (fo=150, routed)         5.863     9.435    pccx_v002_system_i/sc_axil/inst/m03_nodes/m03_w_node/inst/s_sc_xpm_cdc_async_rst_inst/src_arst
    SLICE_X9Y129         FDCE                                         f  pccx_v002_system_i/sc_axil/inst/m03_nodes/m03_w_node/inst/s_sc_xpm_cdc_async_rst_inst/arststages_ff_reg[1]/CLR  (IS_INVERTED)
  -------------------------------------------------------------------    -------------------

                         (clock clk_pl_0 rise edge)
                                                      0.000     0.000 r  
    PS8_X0Y0             PS8                          0.000     0.000 r  pccx_v002_system_i/zynq_ps/inst/PS8_i/PLCLK[0]
                         net (fo=1, routed)           0.181     0.181    pccx_v002_system_i/zynq_ps/inst/pl_clk_unbuffered[0]
    BUFG_PS_X0Y90        BUFG_PS (Prop_BUFG_PS_I_O)
                                                      0.035     0.216 r  pccx_v002_system_i/zynq_ps/inst/buffer_pl_clk_0.PL_CLK_0_BUFG/O
    X1Y1 (CLOCK_ROOT)    net (fo=82633, routed)       2.987     3.203    pccx_v002_system_i/sc_axil/inst/m03_nodes/m03_w_node/inst/s_sc_xpm_cdc_async_rst_inst/dest_clk
    SLICE_X9Y129         FDCE                                         r  pccx_v002_system_i/sc_axil/inst/m03_nodes/m03_w_node/inst/s_sc_xpm_cdc_async_rst_inst/arststages_ff_reg[1]/C

Slack:                    inf
  Source:                 pccx_v002_system_i/sc_axil/inst/clk_map/psr_aclk/U0/ACTIVE_LOW_BSR_OUT_DFF[0].FDRE_BSR_N/C
                            (rising edge-triggered cell FDRE clocked by clk_pl_0  {rise@0.000ns fall@5.000ns period=10.000ns})
  Destination:            pccx_v002_system_i/sc_axil/inst/m03_nodes/m03_w_node/inst/s_sc_xpm_cdc_async_rst_inst/arststages_ff_reg[2]/CLR
                            (recovery check against rising-edge clock clk_pl_0  {rise@0.000ns fall@5.000ns period=10.000ns})
  Path Group:             (none)
  Path Type:              Recovery (Max at Slow Process Corner)
  Data Path Delay:        5.976ns  (logic 0.113ns (1.891%)  route 5.863ns (98.109%))
  Logic Levels:           0  
  Clock Path Skew:        -0.256ns (DCD - SCD + CPR)
    Destination Clock Delay (DCD):    3.203ns
    Source Clock Delay      (SCD):    3.459ns
    Clock Pessimism Removal (CPR):    0.000ns
  Clock Uncertainty:      0.160ns  ((TSJ^2 + DJ^2)^1/2) / 2 + PE
    Total System Jitter     (TSJ):    0.071ns
    Discrete Jitter          (DJ):    0.312ns
    Phase Error              (PE):    0.000ns
  Clock Net Delay (Source):      3.192ns (routing 1.681ns, distribution 1.511ns)
  Clock Net Delay (Destination): 2.987ns (routing 1.538ns, distribution 1.449ns)
  Timing Exception:       False Path

    Location             Delay type                Incr(ns)  Path(ns)    Netlist Resource(s)
  -------------------------------------------------------------------    -------------------
                         (clock clk_pl_0 rise edge)
                                                      0.000     0.000 r  
    PS8_X0Y0             PS8                          0.000     0.000 r  pccx_v002_system_i/zynq_ps/inst/PS8_i/PLCLK[0]
                         net (fo=1, routed)           0.229     0.229    pccx_v002_system_i/zynq_ps/inst/pl_clk_unbuffered[0]
    BUFG_PS_X0Y90        BUFG_PS (Prop_BUFG_PS_I_O)
                                                      0.038     0.267 r  pccx_v002_system_i/zynq_ps/inst/buffer_pl_clk_0.PL_CLK_0_BUFG/O
    X1Y1 (CLOCK_ROOT)    net (fo=82633, routed)       3.192     3.459    pccx_v002_system_i/sc_axil/inst/clk_map/psr_aclk/U0/aclk
    SLICE_X18Y5          FDRE                                         r  pccx_v002_system_i/sc_axil/inst/clk_map/psr_aclk/U0/ACTIVE_LOW_BSR_OUT_DFF[0].FDRE_BSR_N/C
  -------------------------------------------------------------------    -------------------
    SLICE_X18Y5          FDRE (Prop_EFF_SLICEM_C_Q)
                                                      0.113     3.572 r  pccx_v002_system_i/sc_axil/inst/clk_map/psr_aclk/U0/ACTIVE_LOW_BSR_OUT_DFF[0].FDRE_BSR_N/Q
                         net (fo=150, routed)         5.863     9.435    pccx_v002_system_i/sc_axil/inst/m03_nodes/m03_w_node/inst/s_sc_xpm_cdc_async_rst_inst/src_arst
    SLICE_X9Y129         FDCE                                         f  pccx_v002_system_i/sc_axil/inst/m03_nodes/m03_w_node/inst/s_sc_xpm_cdc_async_rst_inst/arststages_ff_reg[2]/CLR  (IS_INVERTED)
  -------------------------------------------------------------------    -------------------

                         (clock clk_pl_0 rise edge)
                                                      0.000     0.000 r  
    PS8_X0Y0             PS8                          0.000     0.000 r  pccx_v002_system_i/zynq_ps/inst/PS8_i/PLCLK[0]
                         net (fo=1, routed)           0.181     0.181    pccx_v002_system_i/zynq_ps/inst/pl_clk_unbuffered[0]
    BUFG_PS_X0Y90        BUFG_PS (Prop_BUFG_PS_I_O)
                                                      0.035     0.216 r  pccx_v002_system_i/zynq_ps/inst/buffer_pl_clk_0.PL_CLK_0_BUFG/O
    X1Y1 (CLOCK_ROOT)    net (fo=82633, routed)       2.987     3.203    pccx_v002_system_i/sc_axil/inst/m03_nodes/m03_w_node/inst/s_sc_xpm_cdc_async_rst_inst/dest_clk
    SLICE_X9Y129         FDCE                                         r  pccx_v002_system_i/sc_axil/inst/m03_nodes/m03_w_node/inst/s_sc_xpm_cdc_async_rst_inst/arststages_ff_reg[2]/C

Slack:                    inf
  Source:                 pccx_v002_system_i/sc_axil/inst/clk_map/psr_aclk/U0/ACTIVE_LOW_BSR_OUT_DFF[0].FDRE_BSR_N/C
                            (rising edge-triggered cell FDRE clocked by clk_pl_0  {rise@0.000ns fall@5.000ns period=10.000ns})
  Destination:            pccx_v002_system_i/sc_axil/inst/m03_nodes/m03_ar_node/inst/s_sc_xpm_cdc_async_rst_inst/arststages_ff_reg[0]/CLR
                            (recovery check against rising-edge clock clk_pl_0  {rise@0.000ns fall@5.000ns period=10.000ns})
  Path Group:             (none)
  Path Type:              Recovery (Max at Slow Process Corner)
  Data Path Delay:        5.916ns  (logic 0.113ns (1.910%)  route 5.803ns (98.090%))
  Logic Levels:           0  
  Clock Path Skew:        -0.294ns (DCD - SCD + CPR)
    Destination Clock Delay (DCD):    3.165ns
    Source Clock Delay      (SCD):    3.459ns
    Clock Pessimism Removal (CPR):    0.000ns
  Clock Uncertainty:      0.160ns  ((TSJ^2 + DJ^2)^1/2) / 2 + PE
    Total System Jitter     (TSJ):    0.071ns
    Discrete Jitter          (DJ):    0.312ns
    Phase Error              (PE):    0.000ns
  Clock Net Delay (Source):      3.192ns (routing 1.681ns, distribution 1.511ns)
  Clock Net Delay (Destination): 2.949ns (routing 1.538ns, distribution 1.411ns)
  Timing Exception:       False Path

    Location             Delay type                Incr(ns)  Path(ns)    Netlist Resource(s)
  -------------------------------------------------------------------    -------------------
                         (clock clk_pl_0 rise edge)
                                                      0.000     0.000 r  
    PS8_X0Y0             PS8                          0.000     0.000 r  pccx_v002_system_i/zynq_ps/inst/PS8_i/PLCLK[0]
                         net (fo=1, routed)           0.229     0.229    pccx_v002_system_i/zynq_ps/inst/pl_clk_unbuffered[0]
    BUFG_PS_X0Y90        BUFG_PS (Prop_BUFG_PS_I_O)
                                                      0.038     0.267 r  pccx_v002_system_i/zynq_ps/inst/buffer_pl_clk_0.PL_CLK_0_BUFG/O
    X1Y1 (CLOCK_ROOT)    net (fo=82633, routed)       3.192     3.459    pccx_v002_system_i/sc_axil/inst/clk_map/psr_aclk/U0/aclk
    SLICE_X18Y5          FDRE                                         r  pccx_v002_system_i/sc_axil/inst/clk_map/psr_aclk/U0/ACTIVE_LOW_BSR_OUT_DFF[0].FDRE_BSR_N/C
  -------------------------------------------------------------------    -------------------
    SLICE_X18Y5          FDRE (Prop_EFF_SLICEM_C_Q)
                                                      0.113     3.572 r  pccx_v002_system_i/sc_axil/inst/clk_map/psr_aclk/U0/ACTIVE_LOW_BSR_OUT_DFF[0].FDRE_BSR_N/Q
                         net (fo=150, routed)         5.803     9.375    pccx_v002_system_i/sc_axil/inst/m03_nodes/m03_ar_node/inst/s_sc_xpm_cdc_async_rst_inst/src_arst
    SLICE_X20Y123        FDCE                                         f  pccx_v002_system_i/sc_axil/inst/m03_nodes/m03_ar_node/inst/s_sc_xpm_cdc_async_rst_inst/arststages_ff_reg[0]/CLR  (IS_INVERTED)
  -------------------------------------------------------------------    -------------------

                         (clock clk_pl_0 rise edge)
                                                      0.000     0.000 r  
    PS8_X0Y0             PS8                          0.000     0.000 r  pccx_v002_system_i/zynq_ps/inst/PS8_i/PLCLK[0]
                         net (fo=1, routed)           0.181     0.181    pccx_v002_system_i/zynq_ps/inst/pl_clk_unbuffered[0]
    BUFG_PS_X0Y90        BUFG_PS (Prop_BUFG_PS_I_O)
                                                      0.035     0.216 r  pccx_v002_system_i/zynq_ps/inst/buffer_pl_clk_0.PL_CLK_0_BUFG/O
    X1Y1 (CLOCK_ROOT)    net (fo=82633, routed)       2.949     3.165    pccx_v002_system_i/sc_axil/inst/m03_nodes/m03_ar_node/inst/s_sc_xpm_cdc_async_rst_inst/dest_clk
    SLICE_X20Y123        FDCE                                         r  pccx_v002_system_i/sc_axil/inst/m03_nodes/m03_ar_node/inst/s_sc_xpm_cdc_async_rst_inst/arststages_ff_reg[0]/C

Slack:                    inf
  Source:                 pccx_v002_system_i/sc_axil/inst/clk_map/psr_aclk/U0/ACTIVE_LOW_BSR_OUT_DFF[0].FDRE_BSR_N/C
                            (rising edge-triggered cell FDRE clocked by clk_pl_0  {rise@0.000ns fall@5.000ns period=10.000ns})
  Destination:            pccx_v002_system_i/sc_axil/inst/m03_nodes/m03_ar_node/inst/s_sc_xpm_cdc_async_rst_inst/arststages_ff_reg[1]/CLR
                            (recovery check against rising-edge clock clk_pl_0  {rise@0.000ns fall@5.000ns period=10.000ns})
  Path Group:             (none)
  Path Type:              Recovery (Max at Slow Process Corner)
  Data Path Delay:        5.916ns  (logic 0.113ns (1.910%)  route 5.803ns (98.090%))
  Logic Levels:           0  
  Clock Path Skew:        -0.294ns (DCD - SCD + CPR)
    Destination Clock Delay (DCD):    3.165ns
    Source Clock Delay      (SCD):    3.459ns
    Clock Pessimism Removal (CPR):    0.000ns
  Clock Uncertainty:      0.160ns  ((TSJ^2 + DJ^2)^1/2) / 2 + PE
    Total System Jitter     (TSJ):    0.071ns
    Discrete Jitter          (DJ):    0.312ns
    Phase Error              (PE):    0.000ns
  Clock Net Delay (Source):      3.192ns (routing 1.681ns, distribution 1.511ns)
  Clock Net Delay (Destination): 2.949ns (routing 1.538ns, distribution 1.411ns)
  Timing Exception:       False Path

    Location             Delay type                Incr(ns)  Path(ns)    Netlist Resource(s)
  -------------------------------------------------------------------    -------------------
                         (clock clk_pl_0 rise edge)
                                                      0.000     0.000 r  
    PS8_X0Y0             PS8                          0.000     0.000 r  pccx_v002_system_i/zynq_ps/inst/PS8_i/PLCLK[0]
                         net (fo=1, routed)           0.229     0.229    pccx_v002_system_i/zynq_ps/inst/pl_clk_unbuffered[0]
    BUFG_PS_X0Y90        BUFG_PS (Prop_BUFG_PS_I_O)
                                                      0.038     0.267 r  pccx_v002_system_i/zynq_ps/inst/buffer_pl_clk_0.PL_CLK_0_BUFG/O
    X1Y1 (CLOCK_ROOT)    net (fo=82633, routed)       3.192     3.459    pccx_v002_system_i/sc_axil/inst/clk_map/psr_aclk/U0/aclk
    SLICE_X18Y5          FDRE                                         r  pccx_v002_system_i/sc_axil/inst/clk_map/psr_aclk/U0/ACTIVE_LOW_BSR_OUT_DFF[0].FDRE_BSR_N/C
  -------------------------------------------------------------------    -------------------
    SLICE_X18Y5          FDRE (Prop_EFF_SLICEM_C_Q)
                                                      0.113     3.572 r  pccx_v002_system_i/sc_axil/inst/clk_map/psr_aclk/U0/ACTIVE_LOW_BSR_OUT_DFF[0].FDRE_BSR_N/Q
                         net (fo=150, routed)         5.803     9.375    pccx_v002_system_i/sc_axil/inst/m03_nodes/m03_ar_node/inst/s_sc_xpm_cdc_async_rst_inst/src_arst
    SLICE_X20Y123        FDCE                                         f  pccx_v002_system_i/sc_axil/inst/m03_nodes/m03_ar_node/inst/s_sc_xpm_cdc_async_rst_inst/arststages_ff_reg[1]/CLR  (IS_INVERTED)
  -------------------------------------------------------------------    -------------------

                         (clock clk_pl_0 rise edge)
                                                      0.000     0.000 r  
    PS8_X0Y0             PS8                          0.000     0.000 r  pccx_v002_system_i/zynq_ps/inst/PS8_i/PLCLK[0]
                         net (fo=1, routed)           0.181     0.181    pccx_v002_system_i/zynq_ps/inst/pl_clk_unbuffered[0]
    BUFG_PS_X0Y90        BUFG_PS (Prop_BUFG_PS_I_O)
                                                      0.035     0.216 r  pccx_v002_system_i/zynq_ps/inst/buffer_pl_clk_0.PL_CLK_0_BUFG/O
    X1Y1 (CLOCK_ROOT)    net (fo=82633, routed)       2.949     3.165    pccx_v002_system_i/sc_axil/inst/m03_nodes/m03_ar_node/inst/s_sc_xpm_cdc_async_rst_inst/dest_clk
    SLICE_X20Y123        FDCE                                         r  pccx_v002_system_i/sc_axil/inst/m03_nodes/m03_ar_node/inst/s_sc_xpm_cdc_async_rst_inst/arststages_ff_reg[1]/C

Slack:                    inf
  Source:                 pccx_v002_system_i/sc_axil/inst/clk_map/psr_aclk/U0/ACTIVE_LOW_BSR_OUT_DFF[0].FDRE_BSR_N/C
                            (rising edge-triggered cell FDRE clocked by clk_pl_0  {rise@0.000ns fall@5.000ns period=10.000ns})
  Destination:            pccx_v002_system_i/sc_axil/inst/m03_nodes/m03_ar_node/inst/s_sc_xpm_cdc_async_rst_inst/arststages_ff_reg[2]/CLR
                            (recovery check against rising-edge clock clk_pl_0  {rise@0.000ns fall@5.000ns period=10.000ns})
  Path Group:             (none)
  Path Type:              Recovery (Max at Slow Process Corner)
  Data Path Delay:        5.916ns  (logic 0.113ns (1.910%)  route 5.803ns (98.090%))
  Logic Levels:           0  
  Clock Path Skew:        -0.294ns (DCD - SCD + CPR)
    Destination Clock Delay (DCD):    3.165ns
    Source Clock Delay      (SCD):    3.459ns
    Clock Pessimism Removal (CPR):    0.000ns
  Clock Uncertainty:      0.160ns  ((TSJ^2 + DJ^2)^1/2) / 2 + PE
    Total System Jitter     (TSJ):    0.071ns
    Discrete Jitter          (DJ):    0.312ns
    Phase Error              (PE):    0.000ns
  Clock Net Delay (Source):      3.192ns (routing 1.681ns, distribution 1.511ns)
  Clock Net Delay (Destination): 2.949ns (routing 1.538ns, distribution 1.411ns)
  Timing Exception:       False Path

    Location             Delay type                Incr(ns)  Path(ns)    Netlist Resource(s)
  -------------------------------------------------------------------    -------------------
                         (clock clk_pl_0 rise edge)
                                                      0.000     0.000 r  
    PS8_X0Y0             PS8                          0.000     0.000 r  pccx_v002_system_i/zynq_ps/inst/PS8_i/PLCLK[0]
                         net (fo=1, routed)           0.229     0.229    pccx_v002_system_i/zynq_ps/inst/pl_clk_unbuffered[0]
    BUFG_PS_X0Y90        BUFG_PS (Prop_BUFG_PS_I_O)
                                                      0.038     0.267 r  pccx_v002_system_i/zynq_ps/inst/buffer_pl_clk_0.PL_CLK_0_BUFG/O
    X1Y1 (CLOCK_ROOT)    net (fo=82633, routed)       3.192     3.459    pccx_v002_system_i/sc_axil/inst/clk_map/psr_aclk/U0/aclk
    SLICE_X18Y5          FDRE                                         r  pccx_v002_system_i/sc_axil/inst/clk_map/psr_aclk/U0/ACTIVE_LOW_BSR_OUT_DFF[0].FDRE_BSR_N/C
  -------------------------------------------------------------------    -------------------
    SLICE_X18Y5          FDRE (Prop_EFF_SLICEM_C_Q)
                                                      0.113     3.572 r  pccx_v002_system_i/sc_axil/inst/clk_map/psr_aclk/U0/ACTIVE_LOW_BSR_OUT_DFF[0].FDRE_BSR_N/Q
                         net (fo=150, routed)         5.803     9.375    pccx_v002_system_i/sc_axil/inst/m03_nodes/m03_ar_node/inst/s_sc_xpm_cdc_async_rst_inst/src_arst
    SLICE_X20Y123        FDCE                                         f  pccx_v002_system_i/sc_axil/inst/m03_nodes/m03_ar_node/inst/s_sc_xpm_cdc_async_rst_inst/arststages_ff_reg[2]/CLR  (IS_INVERTED)
  -------------------------------------------------------------------    -------------------

                         (clock clk_pl_0 rise edge)
                                                      0.000     0.000 r  
    PS8_X0Y0             PS8                          0.000     0.000 r  pccx_v002_system_i/zynq_ps/inst/PS8_i/PLCLK[0]
                         net (fo=1, routed)           0.181     0.181    pccx_v002_system_i/zynq_ps/inst/pl_clk_unbuffered[0]
    BUFG_PS_X0Y90        BUFG_PS (Prop_BUFG_PS_I_O)
                                                      0.035     0.216 r  pccx_v002_system_i/zynq_ps/inst/buffer_pl_clk_0.PL_CLK_0_BUFG/O
    X1Y1 (CLOCK_ROOT)    net (fo=82633, routed)       2.949     3.165    pccx_v002_system_i/sc_axil/inst/m03_nodes/m03_ar_node/inst/s_sc_xpm_cdc_async_rst_inst/dest_clk
    SLICE_X20Y123        FDCE                                         r  pccx_v002_system_i/sc_axil/inst/m03_nodes/m03_ar_node/inst/s_sc_xpm_cdc_async_rst_inst/arststages_ff_reg[2]/C

Slack:                    inf
  Source:                 pccx_v002_system_i/sc_axil/inst/clk_map/psr_aclk/U0/ACTIVE_LOW_BSR_OUT_DFF[0].FDRE_BSR_N/C
                            (rising edge-triggered cell FDRE clocked by clk_pl_0  {rise@0.000ns fall@5.000ns period=10.000ns})
  Destination:            pccx_v002_system_i/sc_axil/inst/m02_nodes/m02_ar_node/inst/s_sc_xpm_cdc_async_rst_inst/arststages_ff_reg[0]/CLR
                            (recovery check against rising-edge clock clk_pl_0  {rise@0.000ns fall@5.000ns period=10.000ns})
  Path Group:             (none)
  Path Type:              Recovery (Max at Slow Process Corner)
  Data Path Delay:        5.827ns  (logic 0.113ns (1.939%)  route 5.714ns (98.061%))
  Logic Levels:           0  
  Clock Path Skew:        -0.296ns (DCD - SCD + CPR)
    Destination Clock Delay (DCD):    3.163ns
    Source Clock Delay      (SCD):    3.459ns
    Clock Pessimism Removal (CPR):    0.000ns
  Clock Uncertainty:      0.160ns  ((TSJ^2 + DJ^2)^1/2) / 2 + PE
    Total System Jitter     (TSJ):    0.071ns
    Discrete Jitter          (DJ):    0.312ns
    Phase Error              (PE):    0.000ns
  Clock Net Delay (Source):      3.192ns (routing 1.681ns, distribution 1.511ns)
  Clock Net Delay (Destination): 2.947ns (routing 1.538ns, distribution 1.409ns)
  Timing Exception:       False Path

    Location             Delay type                Incr(ns)  Path(ns)    Netlist Resource(s)
  -------------------------------------------------------------------    -------------------
                         (clock clk_pl_0 rise edge)
                                                      0.000     0.000 r  
    PS8_X0Y0             PS8                          0.000     0.000 r  pccx_v002_system_i/zynq_ps/inst/PS8_i/PLCLK[0]
                         net (fo=1, routed)           0.229     0.229    pccx_v002_system_i/zynq_ps/inst/pl_clk_unbuffered[0]
    BUFG_PS_X0Y90        BUFG_PS (Prop_BUFG_PS_I_O)
                                                      0.038     0.267 r  pccx_v002_system_i/zynq_ps/inst/buffer_pl_clk_0.PL_CLK_0_BUFG/O
    X1Y1 (CLOCK_ROOT)    net (fo=82633, routed)       3.192     3.459    pccx_v002_system_i/sc_axil/inst/clk_map/psr_aclk/U0/aclk
    SLICE_X18Y5          FDRE                                         r  pccx_v002_system_i/sc_axil/inst/clk_map/psr_aclk/U0/ACTIVE_LOW_BSR_OUT_DFF[0].FDRE_BSR_N/C
  -------------------------------------------------------------------    -------------------
    SLICE_X18Y5          FDRE (Prop_EFF_SLICEM_C_Q)
                                                      0.113     3.572 r  pccx_v002_system_i/sc_axil/inst/clk_map/psr_aclk/U0/ACTIVE_LOW_BSR_OUT_DFF[0].FDRE_BSR_N/Q
                         net (fo=150, routed)         5.714     9.286    pccx_v002_system_i/sc_axil/inst/m02_nodes/m02_ar_node/inst/s_sc_xpm_cdc_async_rst_inst/src_arst
    SLICE_X21Y123        FDCE                                         f  pccx_v002_system_i/sc_axil/inst/m02_nodes/m02_ar_node/inst/s_sc_xpm_cdc_async_rst_inst/arststages_ff_reg[0]/CLR  (IS_INVERTED)
  -------------------------------------------------------------------    -------------------

                         (clock clk_pl_0 rise edge)
                                                      0.000     0.000 r  
    PS8_X0Y0             PS8                          0.000     0.000 r  pccx_v002_system_i/zynq_ps/inst/PS8_i/PLCLK[0]
                         net (fo=1, routed)           0.181     0.181    pccx_v002_system_i/zynq_ps/inst/pl_clk_unbuffered[0]
    BUFG_PS_X0Y90        BUFG_PS (Prop_BUFG_PS_I_O)
                                                      0.035     0.216 r  pccx_v002_system_i/zynq_ps/inst/buffer_pl_clk_0.PL_CLK_0_BUFG/O
    X1Y1 (CLOCK_ROOT)    net (fo=82633, routed)       2.947     3.163    pccx_v002_system_i/sc_axil/inst/m02_nodes/m02_ar_node/inst/s_sc_xpm_cdc_async_rst_inst/dest_clk
    SLICE_X21Y123        FDCE                                         r  pccx_v002_system_i/sc_axil/inst/m02_nodes/m02_ar_node/inst/s_sc_xpm_cdc_async_rst_inst/arststages_ff_reg[0]/C

Slack:                    inf
  Source:                 pccx_v002_system_i/sc_axil/inst/clk_map/psr_aclk/U0/ACTIVE_LOW_BSR_OUT_DFF[0].FDRE_BSR_N/C
                            (rising edge-triggered cell FDRE clocked by clk_pl_0  {rise@0.000ns fall@5.000ns period=10.000ns})
  Destination:            pccx_v002_system_i/sc_axil/inst/m02_nodes/m02_ar_node/inst/s_sc_xpm_cdc_async_rst_inst/arststages_ff_reg[1]/CLR
                            (recovery check against rising-edge clock clk_pl_0  {rise@0.000ns fall@5.000ns period=10.000ns})
  Path Group:             (none)
  Path Type:              Recovery (Max at Slow Process Corner)
  Data Path Delay:        5.827ns  (logic 0.113ns (1.939%)  route 5.714ns (98.061%))
  Logic Levels:           0  
  Clock Path Skew:        -0.296ns (DCD - SCD + CPR)
    Destination Clock Delay (DCD):    3.163ns
    Source Clock Delay      (SCD):    3.459ns
    Clock Pessimism Removal (CPR):    0.000ns
  Clock Uncertainty:      0.160ns  ((TSJ^2 + DJ^2)^1/2) / 2 + PE
    Total System Jitter     (TSJ):    0.071ns
    Discrete Jitter          (DJ):    0.312ns
    Phase Error              (PE):    0.000ns
  Clock Net Delay (Source):      3.192ns (routing 1.681ns, distribution 1.511ns)
  Clock Net Delay (Destination): 2.947ns (routing 1.538ns, distribution 1.409ns)
  Timing Exception:       False Path

    Location             Delay type                Incr(ns)  Path(ns)    Netlist Resource(s)
  -------------------------------------------------------------------    -------------------
                         (clock clk_pl_0 rise edge)
                                                      0.000     0.000 r  
    PS8_X0Y0             PS8                          0.000     0.000 r  pccx_v002_system_i/zynq_ps/inst/PS8_i/PLCLK[0]
                         net (fo=1, routed)           0.229     0.229    pccx_v002_system_i/zynq_ps/inst/pl_clk_unbuffered[0]
    BUFG_PS_X0Y90        BUFG_PS (Prop_BUFG_PS_I_O)
                                                      0.038     0.267 r  pccx_v002_system_i/zynq_ps/inst/buffer_pl_clk_0.PL_CLK_0_BUFG/O
    X1Y1 (CLOCK_ROOT)    net (fo=82633, routed)       3.192     3.459    pccx_v002_system_i/sc_axil/inst/clk_map/psr_aclk/U0/aclk
    SLICE_X18Y5          FDRE                                         r  pccx_v002_system_i/sc_axil/inst/clk_map/psr_aclk/U0/ACTIVE_LOW_BSR_OUT_DFF[0].FDRE_BSR_N/C
  -------------------------------------------------------------------    -------------------
    SLICE_X18Y5          FDRE (Prop_EFF_SLICEM_C_Q)
                                                      0.113     3.572 r  pccx_v002_system_i/sc_axil/inst/clk_map/psr_aclk/U0/ACTIVE_LOW_BSR_OUT_DFF[0].FDRE_BSR_N/Q
                         net (fo=150, routed)         5.714     9.286    pccx_v002_system_i/sc_axil/inst/m02_nodes/m02_ar_node/inst/s_sc_xpm_cdc_async_rst_inst/src_arst
    SLICE_X21Y123        FDCE                                         f  pccx_v002_system_i/sc_axil/inst/m02_nodes/m02_ar_node/inst/s_sc_xpm_cdc_async_rst_inst/arststages_ff_reg[1]/CLR  (IS_INVERTED)
  -------------------------------------------------------------------    -------------------

                         (clock clk_pl_0 rise edge)
                                                      0.000     0.000 r  
    PS8_X0Y0             PS8                          0.000     0.000 r  pccx_v002_system_i/zynq_ps/inst/PS8_i/PLCLK[0]
                         net (fo=1, routed)           0.181     0.181    pccx_v002_system_i/zynq_ps/inst/pl_clk_unbuffered[0]
    BUFG_PS_X0Y90        BUFG_PS (Prop_BUFG_PS_I_O)
                                                      0.035     0.216 r  pccx_v002_system_i/zynq_ps/inst/buffer_pl_clk_0.PL_CLK_0_BUFG/O
    X1Y1 (CLOCK_ROOT)    net (fo=82633, routed)       2.947     3.163    pccx_v002_system_i/sc_axil/inst/m02_nodes/m02_ar_node/inst/s_sc_xpm_cdc_async_rst_inst/dest_clk
    SLICE_X21Y123        FDCE                                         r  pccx_v002_system_i/sc_axil/inst/m02_nodes/m02_ar_node/inst/s_sc_xpm_cdc_async_rst_inst/arststages_ff_reg[1]/C





Min Delay Paths
--------------------------------------------------------------------------------------
Slack:                    inf
  Source:                 pccx_v002_system_i/u_npu/inst/u_wrap/u_pccx_npu_top/u_mem_dispatcher/u_l2_cache/u_acp_cdc/u_acp_tx_fifo/xpm_fifo_base_inst/xpm_fifo_rst_inst/gen_rst_ic.fifo_wr_rst_ic_reg/C
                            (rising edge-triggered cell FDRE clocked by clk_pl_0  {rise@0.000ns fall@5.000ns period=10.000ns})
  Destination:            pccx_v002_system_i/u_npu/inst/u_wrap/u_pccx_npu_top/u_mem_dispatcher/u_l2_cache/u_acp_cdc/u_acp_tx_fifo/xpm_fifo_base_inst/xpm_fifo_rst_inst/gen_rst_ic.wrst_rd_inst/syncstages_ff_reg[0]/D
                            (rising edge-triggered cell FDRE clocked by clk_pl_0  {rise@0.000ns fall@5.000ns period=10.000ns})
  Path Group:             (none)
  Path Type:              Hold (Min at Fast Process Corner)
  Data Path Delay:        0.124ns  (logic 0.083ns (66.843%)  route 0.041ns (33.157%))
  Logic Levels:           0  
  Clock Path Skew:        0.191ns (DCD - SCD - CPR)
    Destination Clock Delay (DCD):    2.011ns
    Source Clock Delay      (SCD):    1.820ns
    Clock Pessimism Removal (CPR):    -0.000ns
  Clock Uncertainty:      0.160ns  ((TSJ^2 + DJ^2)^1/2) / 2 + PE
    Total System Jitter     (TSJ):    0.071ns
    Discrete Jitter          (DJ):    0.312ns
    Phase Error              (PE):    0.000ns
  Clock Net Delay (Source):      1.669ns (routing 0.940ns, distribution 0.729ns)
  Clock Net Delay (Destination): 1.824ns (routing 1.033ns, distribution 0.791ns)
  Timing Exception:       False Path

    Location             Delay type                Incr(ns)  Path(ns)    Netlist Resource(s)
  -------------------------------------------------------------------    -------------------
                         (clock clk_pl_0 rise edge)
                                                      0.000     0.000 r  
    PS8_X0Y0             PS8                          0.000     0.000 r  pccx_v002_system_i/zynq_ps/inst/PS8_i/PLCLK[0]
                         net (fo=1, routed)           0.129     0.129    pccx_v002_system_i/zynq_ps/inst/pl_clk_unbuffered[0]
    BUFG_PS_X0Y90        BUFG_PS (Prop_BUFG_PS_I_O)
                                                      0.022     0.151 r  pccx_v002_system_i/zynq_ps/inst/buffer_pl_clk_0.PL_CLK_0_BUFG/O
    X1Y1 (CLOCK_ROOT)    net (fo=82633, routed)       1.669     1.820    pccx_v002_system_i/u_npu/inst/u_wrap/u_pccx_npu_top/u_mem_dispatcher/u_l2_cache/u_acp_cdc/u_acp_tx_fifo/xpm_fifo_base_inst/xpm_fifo_rst_inst/wr_clk
    SLICE_X35Y16         FDRE                                         r  pccx_v002_system_i/u_npu/inst/u_wrap/u_pccx_npu_top/u_mem_dispatcher/u_l2_cache/u_acp_cdc/u_acp_tx_fifo/xpm_fifo_base_inst/xpm_fifo_rst_inst/gen_rst_ic.fifo_wr_rst_ic_reg/C
  -------------------------------------------------------------------    -------------------
    SLICE_X35Y16         FDRE (Prop_HFF_SLICEM_C_Q)
                                                      0.083     1.903 r  pccx_v002_system_i/u_npu/inst/u_wrap/u_pccx_npu_top/u_mem_dispatcher/u_l2_cache/u_acp_cdc/u_acp_tx_fifo/xpm_fifo_base_inst/xpm_fifo_rst_inst/gen_rst_ic.fifo_wr_rst_ic_reg/Q
                         net (fo=2, routed)           0.041     1.944    pccx_v002_system_i/u_npu/inst/u_wrap/u_pccx_npu_top/u_mem_dispatcher/u_l2_cache/u_acp_cdc/u_acp_tx_fifo/xpm_fifo_base_inst/xpm_fifo_rst_inst/gen_rst_ic.wrst_rd_inst/src_rst
    SLICE_X35Y16         FDRE                                         r  pccx_v002_system_i/u_npu/inst/u_wrap/u_pccx_npu_top/u_mem_dispatcher/u_l2_cache/u_acp_cdc/u_acp_tx_fifo/xpm_fifo_base_inst/xpm_fifo_rst_inst/gen_rst_ic.wrst_rd_inst/syncstages_ff_reg[0]/D
  -------------------------------------------------------------------    -------------------

                         (clock clk_pl_0 rise edge)
                                                      0.000     0.000 r  
    PS8_X0Y0             PS8                          0.000     0.000 r  pccx_v002_system_i/zynq_ps/inst/PS8_i/PLCLK[0]
                         net (fo=1, routed)           0.164     0.164    pccx_v002_system_i/zynq_ps/inst/pl_clk_unbuffered[0]
    BUFG_PS_X0Y90        BUFG_PS (Prop_BUFG_PS_I_O)
                                                      0.023     0.187 r  pccx_v002_system_i/zynq_ps/inst/buffer_pl_clk_0.PL_CLK_0_BUFG/O
    X1Y1 (CLOCK_ROOT)    net (fo=82633, routed)       1.824     2.011    pccx_v002_system_i/u_npu/inst/u_wrap/u_pccx_npu_top/u_mem_dispatcher/u_l2_cache/u_acp_cdc/u_acp_tx_fifo/xpm_fifo_base_inst/xpm_fifo_rst_inst/gen_rst_ic.wrst_rd_inst/dest_clk
    SLICE_X35Y16         FDRE                                         r  pccx_v002_system_i/u_npu/inst/u_wrap/u_pccx_npu_top/u_mem_dispatcher/u_l2_cache/u_acp_cdc/u_acp_tx_fifo/xpm_fifo_base_inst/xpm_fifo_rst_inst/gen_rst_ic.wrst_rd_inst/syncstages_ff_reg[0]/C

Slack:                    inf
  Source:                 pccx_v002_system_i/u_npu/inst/u_wrap/u_pccx_npu_top/u_mem_dispatcher/u_l2_cache/u_acp_cdc/u_acp_rx_fifo/xpm_fifo_base_inst/xpm_fifo_rst_inst/gen_rst_ic.fifo_wr_rst_ic_reg/C
                            (rising edge-triggered cell FDRE clocked by clk_pl_0  {rise@0.000ns fall@5.000ns period=10.000ns})
  Destination:            pccx_v002_system_i/u_npu/inst/u_wrap/u_pccx_npu_top/u_mem_dispatcher/u_l2_cache/u_acp_cdc/u_acp_rx_fifo/xpm_fifo_base_inst/xpm_fifo_rst_inst/gen_rst_ic.wrst_rd_inst/syncstages_ff_reg[0]/D
                            (rising edge-triggered cell FDRE clocked by clk_pl_0  {rise@0.000ns fall@5.000ns period=10.000ns})
  Path Group:             (none)
  Path Type:              Hold (Min at Fast Process Corner)
  Data Path Delay:        0.120ns  (logic 0.084ns (69.919%)  route 0.036ns (30.081%))
  Logic Levels:           0  
  Clock Path Skew:        0.202ns (DCD - SCD - CPR)
    Destination Clock Delay (DCD):    2.104ns
    Source Clock Delay      (SCD):    1.902ns
    Clock Pessimism Removal (CPR):    -0.000ns
  Clock Uncertainty:      0.160ns  ((TSJ^2 + DJ^2)^1/2) / 2 + PE
    Total System Jitter     (TSJ):    0.071ns
    Discrete Jitter          (DJ):    0.312ns
    Phase Error              (PE):    0.000ns
  Clock Net Delay (Source):      1.751ns (routing 0.940ns, distribution 0.811ns)
  Clock Net Delay (Destination): 1.917ns (routing 1.033ns, distribution 0.884ns)
  Timing Exception:       False Path

    Location             Delay type                Incr(ns)  Path(ns)    Netlist Resource(s)
  -------------------------------------------------------------------    -------------------
                         (clock clk_pl_0 rise edge)
                                                      0.000     0.000 r  
    PS8_X0Y0             PS8                          0.000     0.000 r  pccx_v002_system_i/zynq_ps/inst/PS8_i/PLCLK[0]
                         net (fo=1, routed)           0.129     0.129    pccx_v002_system_i/zynq_ps/inst/pl_clk_unbuffered[0]
    BUFG_PS_X0Y90        BUFG_PS (Prop_BUFG_PS_I_O)
                                                      0.022     0.151 r  pccx_v002_system_i/zynq_ps/inst/buffer_pl_clk_0.PL_CLK_0_BUFG/O
    X1Y1 (CLOCK_ROOT)    net (fo=82633, routed)       1.751     1.902    pccx_v002_system_i/u_npu/inst/u_wrap/u_pccx_npu_top/u_mem_dispatcher/u_l2_cache/u_acp_cdc/u_acp_rx_fifo/xpm_fifo_base_inst/xpm_fifo_rst_inst/wr_clk
    SLICE_X50Y75         FDRE                                         r  pccx_v002_system_i/u_npu/inst/u_wrap/u_pccx_npu_top/u_mem_dispatcher/u_l2_cache/u_acp_cdc/u_acp_rx_fifo/xpm_fifo_base_inst/xpm_fifo_rst_inst/gen_rst_ic.fifo_wr_rst_ic_reg/C
  -------------------------------------------------------------------    -------------------
    SLICE_X50Y75         FDRE (Prop_HFF_SLICEL_C_Q)
                                                      0.084     1.986 r  pccx_v002_system_i/u_npu/inst/u_wrap/u_pccx_npu_top/u_mem_dispatcher/u_l2_cache/u_acp_cdc/u_acp_rx_fifo/xpm_fifo_base_inst/xpm_fifo_rst_inst/gen_rst_ic.fifo_wr_rst_ic_reg/Q
                         net (fo=2, routed)           0.036     2.022    pccx_v002_system_i/u_npu/inst/u_wrap/u_pccx_npu_top/u_mem_dispatcher/u_l2_cache/u_acp_cdc/u_acp_rx_fifo/xpm_fifo_base_inst/xpm_fifo_rst_inst/gen_rst_ic.wrst_rd_inst/src_rst
    SLICE_X50Y75         FDRE                                         r  pccx_v002_system_i/u_npu/inst/u_wrap/u_pccx_npu_top/u_mem_dispatcher/u_l2_cache/u_acp_cdc/u_acp_rx_fifo/xpm_fifo_base_inst/xpm_fifo_rst_inst/gen_rst_ic.wrst_rd_inst/syncstages_ff_reg[0]/D
  -------------------------------------------------------------------    -------------------

                         (clock clk_pl_0 rise edge)
                                                      0.000     0.000 r  
    PS8_X0Y0             PS8                          0.000     0.000 r  pccx_v002_system_i/zynq_ps/inst/PS8_i/PLCLK[0]
                         net (fo=1, routed)           0.164     0.164    pccx_v002_system_i/zynq_ps/inst/pl_clk_unbuffered[0]
    BUFG_PS_X0Y90        BUFG_PS (Prop_BUFG_PS_I_O)
                                                      0.023     0.187 r  pccx_v002_system_i/zynq_ps/inst/buffer_pl_clk_0.PL_CLK_0_BUFG/O
    X1Y1 (CLOCK_ROOT)    net (fo=82633, routed)       1.917     2.104    pccx_v002_system_i/u_npu/inst/u_wrap/u_pccx_npu_top/u_mem_dispatcher/u_l2_cache/u_acp_cdc/u_acp_rx_fifo/xpm_fifo_base_inst/xpm_fifo_rst_inst/gen_rst_ic.wrst_rd_inst/dest_clk
    SLICE_X50Y75         FDRE                                         r  pccx_v002_system_i/u_npu/inst/u_wrap/u_pccx_npu_top/u_mem_dispatcher/u_l2_cache/u_acp_cdc/u_acp_rx_fifo/xpm_fifo_base_inst/xpm_fifo_rst_inst/gen_rst_ic.wrst_rd_inst/syncstages_ff_reg[0]/C

Slack:                    inf
  Source:                 pccx_v002_system_i/u_npu/inst/u_wrap/u_pccx_npu_top/u_HP_buffer/u_hp0_weight_fifo/xpm_fifo_base_inst/xpm_fifo_rst_inst/gen_rst_ic.fifo_wr_rst_ic_reg/C
                            (rising edge-triggered cell FDRE clocked by clk_pl_0  {rise@0.000ns fall@5.000ns period=10.000ns})
  Destination:            pccx_v002_system_i/u_npu/inst/u_wrap/u_pccx_npu_top/u_HP_buffer/u_hp0_weight_fifo/xpm_fifo_base_inst/xpm_fifo_rst_inst/gen_rst_ic.wrst_rd_inst/syncstages_ff_reg[0]/D
                            (rising edge-triggered cell FDRE clocked by clk_pl_0  {rise@0.000ns fall@5.000ns period=10.000ns})
  Path Group:             (none)
  Path Type:              Hold (Min at Fast Process Corner)
  Data Path Delay:        0.122ns  (logic 0.084ns (68.858%)  route 0.038ns (31.142%))
  Logic Levels:           0  
  Clock Path Skew:        0.193ns (DCD - SCD - CPR)
    Destination Clock Delay (DCD):    2.110ns
    Source Clock Delay      (SCD):    1.917ns
    Clock Pessimism Removal (CPR):    -0.000ns
  Clock Uncertainty:      0.160ns  ((TSJ^2 + DJ^2)^1/2) / 2 + PE
    Total System Jitter     (TSJ):    0.071ns
    Discrete Jitter          (DJ):    0.312ns
    Phase Error              (PE):    0.000ns
  Clock Net Delay (Source):      1.766ns (routing 0.940ns, distribution 0.826ns)
  Clock Net Delay (Destination): 1.923ns (routing 1.033ns, distribution 0.890ns)
  Timing Exception:       False Path

    Location             Delay type                Incr(ns)  Path(ns)    Netlist Resource(s)
  -------------------------------------------------------------------    -------------------
                         (clock clk_pl_0 rise edge)
                                                      0.000     0.000 r  
    PS8_X0Y0             PS8                          0.000     0.000 r  pccx_v002_system_i/zynq_ps/inst/PS8_i/PLCLK[0]
                         net (fo=1, routed)           0.129     0.129    pccx_v002_system_i/zynq_ps/inst/pl_clk_unbuffered[0]
    BUFG_PS_X0Y90        BUFG_PS (Prop_BUFG_PS_I_O)
                                                      0.022     0.151 r  pccx_v002_system_i/zynq_ps/inst/buffer_pl_clk_0.PL_CLK_0_BUFG/O
    X1Y1 (CLOCK_ROOT)    net (fo=82633, routed)       1.766     1.917    pccx_v002_system_i/u_npu/inst/u_wrap/u_pccx_npu_top/u_HP_buffer/u_hp0_weight_fifo/xpm_fifo_base_inst/xpm_fifo_rst_inst/wr_clk
    SLICE_X51Y54         FDRE                                         r  pccx_v002_system_i/u_npu/inst/u_wrap/u_pccx_npu_top/u_HP_buffer/u_hp0_weight_fifo/xpm_fifo_base_inst/xpm_fifo_rst_inst/gen_rst_ic.fifo_wr_rst_ic_reg/C
  -------------------------------------------------------------------    -------------------
    SLICE_X51Y54         FDRE (Prop_DFF_SLICEL_C_Q)
                                                      0.084     2.001 r  pccx_v002_system_i/u_npu/inst/u_wrap/u_pccx_npu_top/u_HP_buffer/u_hp0_weight_fifo/xpm_fifo_base_inst/xpm_fifo_rst_inst/gen_rst_ic.fifo_wr_rst_ic_reg/Q
                         net (fo=2, routed)           0.038     2.039    pccx_v002_system_i/u_npu/inst/u_wrap/u_pccx_npu_top/u_HP_buffer/u_hp0_weight_fifo/xpm_fifo_base_inst/xpm_fifo_rst_inst/gen_rst_ic.wrst_rd_inst/src_rst
    SLICE_X51Y54         FDRE                                         r  pccx_v002_system_i/u_npu/inst/u_wrap/u_pccx_npu_top/u_HP_buffer/u_hp0_weight_fifo/xpm_fifo_base_inst/xpm_fifo_rst_inst/gen_rst_ic.wrst_rd_inst/syncstages_ff_reg[0]/D
  -------------------------------------------------------------------    -------------------

                         (clock clk_pl_0 rise edge)
                                                      0.000     0.000 r  
    PS8_X0Y0             PS8                          0.000     0.000 r  pccx_v002_system_i/zynq_ps/inst/PS8_i/PLCLK[0]
                         net (fo=1, routed)           0.164     0.164    pccx_v002_system_i/zynq_ps/inst/pl_clk_unbuffered[0]
    BUFG_PS_X0Y90        BUFG_PS (Prop_BUFG_PS_I_O)
                                                      0.023     0.187 r  pccx_v002_system_i/zynq_ps/inst/buffer_pl_clk_0.PL_CLK_0_BUFG/O
    X1Y1 (CLOCK_ROOT)    net (fo=82633, routed)       1.923     2.110    pccx_v002_system_i/u_npu/inst/u_wrap/u_pccx_npu_top/u_HP_buffer/u_hp0_weight_fifo/xpm_fifo_base_inst/xpm_fifo_rst_inst/gen_rst_ic.wrst_rd_inst/dest_clk
    SLICE_X51Y54         FDRE                                         r  pccx_v002_system_i/u_npu/inst/u_wrap/u_pccx_npu_top/u_HP_buffer/u_hp0_weight_fifo/xpm_fifo_base_inst/xpm_fifo_rst_inst/gen_rst_ic.wrst_rd_inst/syncstages_ff_reg[0]/C

Slack:                    inf
  Source:                 pccx_v002_system_i/u_npu/inst/u_wrap/u_pccx_npu_top/u_mem_dispatcher/u_l2_cache/u_acp_cdc/u_acp_tx_fifo/xpm_fifo_base_inst/xpm_fifo_rst_inst/gen_rst_ic.fifo_rd_rst_ic_reg/C
                            (rising edge-triggered cell FDRE clocked by clk_pl_0  {rise@0.000ns fall@5.000ns period=10.000ns})
  Destination:            pccx_v002_system_i/u_npu/inst/u_wrap/u_pccx_npu_top/u_mem_dispatcher/u_l2_cache/u_acp_cdc/u_acp_tx_fifo/xpm_fifo_base_inst/xpm_fifo_rst_inst/gen_rst_ic.rrst_wr_inst/syncstages_ff_reg[0]/D
                            (rising edge-triggered cell FDRE clocked by clk_pl_0  {rise@0.000ns fall@5.000ns period=10.000ns})
  Path Group:             (none)
  Path Type:              Hold (Min at Fast Process Corner)
  Data Path Delay:        0.227ns  (logic 0.082ns (36.116%)  route 0.145ns (63.884%))
  Logic Levels:           0  
  Clock Path Skew:        0.196ns (DCD - SCD - CPR)
    Destination Clock Delay (DCD):    2.008ns
    Source Clock Delay      (SCD):    1.813ns
    Clock Pessimism Removal (CPR):    -0.000ns
  Clock Uncertainty:      0.160ns  ((TSJ^2 + DJ^2)^1/2) / 2 + PE
    Total System Jitter     (TSJ):    0.071ns
    Discrete Jitter          (DJ):    0.312ns
    Phase Error              (PE):    0.000ns
  Clock Net Delay (Source):      1.662ns (routing 0.940ns, distribution 0.722ns)
  Clock Net Delay (Destination): 1.821ns (routing 1.033ns, distribution 0.788ns)
  Timing Exception:       False Path

    Location             Delay type                Incr(ns)  Path(ns)    Netlist Resource(s)
  -------------------------------------------------------------------    -------------------
                         (clock clk_pl_0 rise edge)
                                                      0.000     0.000 r  
    PS8_X0Y0             PS8                          0.000     0.000 r  pccx_v002_system_i/zynq_ps/inst/PS8_i/PLCLK[0]
                         net (fo=1, routed)           0.129     0.129    pccx_v002_system_i/zynq_ps/inst/pl_clk_unbuffered[0]
    BUFG_PS_X0Y90        BUFG_PS (Prop_BUFG_PS_I_O)
                                                      0.022     0.151 r  pccx_v002_system_i/zynq_ps/inst/buffer_pl_clk_0.PL_CLK_0_BUFG/O
    X1Y1 (CLOCK_ROOT)    net (fo=82633, routed)       1.662     1.813    pccx_v002_system_i/u_npu/inst/u_wrap/u_pccx_npu_top/u_mem_dispatcher/u_l2_cache/u_acp_cdc/u_acp_tx_fifo/xpm_fifo_base_inst/xpm_fifo_rst_inst/rd_clk
    SLICE_X34Y15         FDRE                                         r  pccx_v002_system_i/u_npu/inst/u_wrap/u_pccx_npu_top/u_mem_dispatcher/u_l2_cache/u_acp_cdc/u_acp_tx_fifo/xpm_fifo_base_inst/xpm_fifo_rst_inst/gen_rst_ic.fifo_rd_rst_ic_reg/C
  -------------------------------------------------------------------    -------------------
    SLICE_X34Y15         FDRE (Prop_FFF_SLICEM_C_Q)
                                                      0.082     1.895 r  pccx_v002_system_i/u_npu/inst/u_wrap/u_pccx_npu_top/u_mem_dispatcher/u_l2_cache/u_acp_cdc/u_acp_tx_fifo/xpm_fifo_base_inst/xpm_fifo_rst_inst/gen_rst_ic.fifo_rd_rst_ic_reg/Q
                         net (fo=24, routed)          0.145     2.040    pccx_v002_system_i/u_npu/inst/u_wrap/u_pccx_npu_top/u_mem_dispatcher/u_l2_cache/u_acp_cdc/u_acp_tx_fifo/xpm_fifo_base_inst/xpm_fifo_rst_inst/gen_rst_ic.rrst_wr_inst/src_rst
    SLICE_X34Y16         FDRE                                         r  pccx_v002_system_i/u_npu/inst/u_wrap/u_pccx_npu_top/u_mem_dispatcher/u_l2_cache/u_acp_cdc/u_acp_tx_fifo/xpm_fifo_base_inst/xpm_fifo_rst_inst/gen_rst_ic.rrst_wr_inst/syncstages_ff_reg[0]/D
  -------------------------------------------------------------------    -------------------

                         (clock clk_pl_0 rise edge)
                                                      0.000     0.000 r  
    PS8_X0Y0             PS8                          0.000     0.000 r  pccx_v002_system_i/zynq_ps/inst/PS8_i/PLCLK[0]
                         net (fo=1, routed)           0.164     0.164    pccx_v002_system_i/zynq_ps/inst/pl_clk_unbuffered[0]
    BUFG_PS_X0Y90        BUFG_PS (Prop_BUFG_PS_I_O)
                                                      0.023     0.187 r  pccx_v002_system_i/zynq_ps/inst/buffer_pl_clk_0.PL_CLK_0_BUFG/O
    X1Y1 (CLOCK_ROOT)    net (fo=82633, routed)       1.821     2.008    pccx_v002_system_i/u_npu/inst/u_wrap/u_pccx_npu_top/u_mem_dispatcher/u_l2_cache/u_acp_cdc/u_acp_tx_fifo/xpm_fifo_base_inst/xpm_fifo_rst_inst/gen_rst_ic.rrst_wr_inst/dest_clk
    SLICE_X34Y16         FDRE                                         r  pccx_v002_system_i/u_npu/inst/u_wrap/u_pccx_npu_top/u_mem_dispatcher/u_l2_cache/u_acp_cdc/u_acp_tx_fifo/xpm_fifo_base_inst/xpm_fifo_rst_inst/gen_rst_ic.rrst_wr_inst/syncstages_ff_reg[0]/C

Slack:                    inf
  Source:                 pccx_v002_system_i/u_npu/inst/u_wrap/u_pccx_npu_top/u_HP_buffer/u_hp1_weight_fifo/xpm_fifo_base_inst/xpm_fifo_rst_inst/gen_rst_ic.fifo_wr_rst_ic_reg/C
                            (rising edge-triggered cell FDRE clocked by clk_pl_0  {rise@0.000ns fall@5.000ns period=10.000ns})
  Destination:            pccx_v002_system_i/u_npu/inst/u_wrap/u_pccx_npu_top/u_HP_buffer/u_hp1_weight_fifo/xpm_fifo_base_inst/xpm_fifo_rst_inst/gen_rst_ic.wrst_rd_inst/syncstages_ff_reg[0]/D
                            (rising edge-triggered cell FDRE clocked by clk_pl_0  {rise@0.000ns fall@5.000ns period=10.000ns})
  Path Group:             (none)
  Path Type:              Hold (Min at Fast Process Corner)
  Data Path Delay:        0.130ns  (logic 0.083ns (63.762%)  route 0.047ns (36.238%))
  Logic Levels:           0  
  Clock Path Skew:        0.195ns (DCD - SCD - CPR)
    Destination Clock Delay (DCD):    2.111ns
    Source Clock Delay      (SCD):    1.916ns
    Clock Pessimism Removal (CPR):    -0.000ns
  Clock Uncertainty:      0.160ns  ((TSJ^2 + DJ^2)^1/2) / 2 + PE
    Total System Jitter     (TSJ):    0.071ns
    Discrete Jitter          (DJ):    0.312ns
    Phase Error              (PE):    0.000ns
  Clock Net Delay (Source):      1.765ns (routing 0.940ns, distribution 0.825ns)
  Clock Net Delay (Destination): 1.924ns (routing 1.033ns, distribution 0.891ns)
  Timing Exception:       False Path

    Location             Delay type                Incr(ns)  Path(ns)    Netlist Resource(s)
  -------------------------------------------------------------------    -------------------
                         (clock clk_pl_0 rise edge)
                                                      0.000     0.000 r  
    PS8_X0Y0             PS8                          0.000     0.000 r  pccx_v002_system_i/zynq_ps/inst/PS8_i/PLCLK[0]
                         net (fo=1, routed)           0.129     0.129    pccx_v002_system_i/zynq_ps/inst/pl_clk_unbuffered[0]
    BUFG_PS_X0Y90        BUFG_PS (Prop_BUFG_PS_I_O)
                                                      0.022     0.151 r  pccx_v002_system_i/zynq_ps/inst/buffer_pl_clk_0.PL_CLK_0_BUFG/O
    X1Y1 (CLOCK_ROOT)    net (fo=82633, routed)       1.765     1.916    pccx_v002_system_i/u_npu/inst/u_wrap/u_pccx_npu_top/u_HP_buffer/u_hp1_weight_fifo/xpm_fifo_base_inst/xpm_fifo_rst_inst/wr_clk
    SLICE_X45Y190        FDRE                                         r  pccx_v002_system_i/u_npu/inst/u_wrap/u_pccx_npu_top/u_HP_buffer/u_hp1_weight_fifo/xpm_fifo_base_inst/xpm_fifo_rst_inst/gen_rst_ic.fifo_wr_rst_ic_reg/C
  -------------------------------------------------------------------    -------------------
    SLICE_X45Y190        FDRE (Prop_DFF_SLICEM_C_Q)
                                                      0.083     1.999 r  pccx_v002_system_i/u_npu/inst/u_wrap/u_pccx_npu_top/u_HP_buffer/u_hp1_weight_fifo/xpm_fifo_base_inst/xpm_fifo_rst_inst/gen_rst_ic.fifo_wr_rst_ic_reg/Q
                         net (fo=2, routed)           0.047     2.046    pccx_v002_system_i/u_npu/inst/u_wrap/u_pccx_npu_top/u_HP_buffer/u_hp1_weight_fifo/xpm_fifo_base_inst/xpm_fifo_rst_inst/gen_rst_ic.wrst_rd_inst/src_rst
    SLICE_X45Y190        FDRE                                         r  pccx_v002_system_i/u_npu/inst/u_wrap/u_pccx_npu_top/u_HP_buffer/u_hp1_weight_fifo/xpm_fifo_base_inst/xpm_fifo_rst_inst/gen_rst_ic.wrst_rd_inst/syncstages_ff_reg[0]/D
  -------------------------------------------------------------------    -------------------

                         (clock clk_pl_0 rise edge)
                                                      0.000     0.000 r  
    PS8_X0Y0             PS8                          0.000     0.000 r  pccx_v002_system_i/zynq_ps/inst/PS8_i/PLCLK[0]
                         net (fo=1, routed)           0.164     0.164    pccx_v002_system_i/zynq_ps/inst/pl_clk_unbuffered[0]
    BUFG_PS_X0Y90        BUFG_PS (Prop_BUFG_PS_I_O)
                                                      0.023     0.187 r  pccx_v002_system_i/zynq_ps/inst/buffer_pl_clk_0.PL_CLK_0_BUFG/O
    X1Y1 (CLOCK_ROOT)    net (fo=82633, routed)       1.924     2.111    pccx_v002_system_i/u_npu/inst/u_wrap/u_pccx_npu_top/u_HP_buffer/u_hp1_weight_fifo/xpm_fifo_base_inst/xpm_fifo_rst_inst/gen_rst_ic.wrst_rd_inst/dest_clk
    SLICE_X45Y190        FDRE                                         r  pccx_v002_system_i/u_npu/inst/u_wrap/u_pccx_npu_top/u_HP_buffer/u_hp1_weight_fifo/xpm_fifo_base_inst/xpm_fifo_rst_inst/gen_rst_ic.wrst_rd_inst/syncstages_ff_reg[0]/C

Slack:                    inf
  Source:                 pccx_v002_system_i/u_npu/inst/u_wrap/u_pccx_npu_top/u_HP_buffer/u_hp3_weight_fifo/xpm_fifo_base_inst/xpm_fifo_rst_inst/gen_rst_ic.fifo_wr_rst_ic_reg/C
                            (rising edge-triggered cell FDRE clocked by clk_pl_0  {rise@0.000ns fall@5.000ns period=10.000ns})
  Destination:            pccx_v002_system_i/u_npu/inst/u_wrap/u_pccx_npu_top/u_HP_buffer/u_hp3_weight_fifo/xpm_fifo_base_inst/xpm_fifo_rst_inst/gen_rst_ic.wrst_rd_inst/syncstages_ff_reg[0]/D
                            (rising edge-triggered cell FDRE clocked by clk_pl_0  {rise@0.000ns fall@5.000ns period=10.000ns})
  Path Group:             (none)
  Path Type:              Hold (Min at Fast Process Corner)
  Data Path Delay:        0.199ns  (logic 0.083ns (41.679%)  route 0.116ns (58.321%))
  Logic Levels:           0  
  Clock Path Skew:        0.212ns (DCD - SCD - CPR)
    Destination Clock Delay (DCD):    2.060ns
    Source Clock Delay      (SCD):    1.848ns
    Clock Pessimism Removal (CPR):    -0.000ns
  Clock Uncertainty:      0.160ns  ((TSJ^2 + DJ^2)^1/2) / 2 + PE
    Total System Jitter     (TSJ):    0.071ns
    Discrete Jitter          (DJ):    0.312ns
    Phase Error              (PE):    0.000ns
  Clock Net Delay (Source):      1.697ns (routing 0.940ns, distribution 0.757ns)
  Clock Net Delay (Destination): 1.873ns (routing 1.033ns, distribution 0.840ns)
  Timing Exception:       False Path

    Location             Delay type                Incr(ns)  Path(ns)    Netlist Resource(s)
  -------------------------------------------------------------------    -------------------
                         (clock clk_pl_0 rise edge)
                                                      0.000     0.000 r  
    PS8_X0Y0             PS8                          0.000     0.000 r  pccx_v002_system_i/zynq_ps/inst/PS8_i/PLCLK[0]
                         net (fo=1, routed)           0.129     0.129    pccx_v002_system_i/zynq_ps/inst/pl_clk_unbuffered[0]
    BUFG_PS_X0Y90        BUFG_PS (Prop_BUFG_PS_I_O)
                                                      0.022     0.151 r  pccx_v002_system_i/zynq_ps/inst/buffer_pl_clk_0.PL_CLK_0_BUFG/O
    X1Y1 (CLOCK_ROOT)    net (fo=82633, routed)       1.697     1.848    pccx_v002_system_i/u_npu/inst/u_wrap/u_pccx_npu_top/u_HP_buffer/u_hp3_weight_fifo/xpm_fifo_base_inst/xpm_fifo_rst_inst/wr_clk
    SLICE_X25Y164        FDRE                                         r  pccx_v002_system_i/u_npu/inst/u_wrap/u_pccx_npu_top/u_HP_buffer/u_hp3_weight_fifo/xpm_fifo_base_inst/xpm_fifo_rst_inst/gen_rst_ic.fifo_wr_rst_ic_reg/C
  -------------------------------------------------------------------    -------------------
    SLICE_X25Y164        FDRE (Prop_DFF_SLICEM_C_Q)
                                                      0.083     1.931 r  pccx_v002_system_i/u_npu/inst/u_wrap/u_pccx_npu_top/u_HP_buffer/u_hp3_weight_fifo/xpm_fifo_base_inst/xpm_fifo_rst_inst/gen_rst_ic.fifo_wr_rst_ic_reg/Q
                         net (fo=2, routed)           0.116     2.047    pccx_v002_system_i/u_npu/inst/u_wrap/u_pccx_npu_top/u_HP_buffer/u_hp3_weight_fifo/xpm_fifo_base_inst/xpm_fifo_rst_inst/gen_rst_ic.wrst_rd_inst/src_rst
    SLICE_X25Y171        FDRE                                         r  pccx_v002_system_i/u_npu/inst/u_wrap/u_pccx_npu_top/u_HP_buffer/u_hp3_weight_fifo/xpm_fifo_base_inst/xpm_fifo_rst_inst/gen_rst_ic.wrst_rd_inst/syncstages_ff_reg[0]/D
  -------------------------------------------------------------------    -------------------

                         (clock clk_pl_0 rise edge)
                                                      0.000     0.000 r  
    PS8_X0Y0             PS8                          0.000     0.000 r  pccx_v002_system_i/zynq_ps/inst/PS8_i/PLCLK[0]
                         net (fo=1, routed)           0.164     0.164    pccx_v002_system_i/zynq_ps/inst/pl_clk_unbuffered[0]
    BUFG_PS_X0Y90        BUFG_PS (Prop_BUFG_PS_I_O)
                                                      0.023     0.187 r  pccx_v002_system_i/zynq_ps/inst/buffer_pl_clk_0.PL_CLK_0_BUFG/O
    X1Y1 (CLOCK_ROOT)    net (fo=82633, routed)       1.873     2.060    pccx_v002_system_i/u_npu/inst/u_wrap/u_pccx_npu_top/u_HP_buffer/u_hp3_weight_fifo/xpm_fifo_base_inst/xpm_fifo_rst_inst/gen_rst_ic.wrst_rd_inst/dest_clk
    SLICE_X25Y171        FDRE                                         r  pccx_v002_system_i/u_npu/inst/u_wrap/u_pccx_npu_top/u_HP_buffer/u_hp3_weight_fifo/xpm_fifo_base_inst/xpm_fifo_rst_inst/gen_rst_ic.wrst_rd_inst/syncstages_ff_reg[0]/C

Slack:                    inf
  Source:                 pccx_v002_system_i/u_npu/inst/u_wrap/u_pccx_npu_top/u_HP_buffer/u_hp2_weight_fifo/xpm_fifo_base_inst/xpm_fifo_rst_inst/gen_rst_ic.fifo_wr_rst_ic_reg/C
                            (rising edge-triggered cell FDRE clocked by clk_pl_0  {rise@0.000ns fall@5.000ns period=10.000ns})
  Destination:            pccx_v002_system_i/u_npu/inst/u_wrap/u_pccx_npu_top/u_HP_buffer/u_hp2_weight_fifo/xpm_fifo_base_inst/xpm_fifo_rst_inst/gen_rst_ic.wrst_rd_inst/syncstages_ff_reg[0]/D
                            (rising edge-triggered cell FDRE clocked by clk_pl_0  {rise@0.000ns fall@5.000ns period=10.000ns})
  Path Group:             (none)
  Path Type:              Hold (Min at Fast Process Corner)
  Data Path Delay:        0.122ns  (logic 0.084ns (68.858%)  route 0.038ns (31.142%))
  Logic Levels:           0  
  Clock Path Skew:        0.195ns (DCD - SCD - CPR)
    Destination Clock Delay (DCD):    2.138ns
    Source Clock Delay      (SCD):    1.944ns
    Clock Pessimism Removal (CPR):    -0.000ns
  Clock Uncertainty:      0.160ns  ((TSJ^2 + DJ^2)^1/2) / 2 + PE
    Total System Jitter     (TSJ):    0.071ns
    Discrete Jitter          (DJ):    0.312ns
    Phase Error              (PE):    0.000ns
  Clock Net Delay (Source):      1.793ns (routing 0.940ns, distribution 0.853ns)
  Clock Net Delay (Destination): 1.951ns (routing 1.033ns, distribution 0.918ns)
  Timing Exception:       False Path

    Location             Delay type                Incr(ns)  Path(ns)    Netlist Resource(s)
  -------------------------------------------------------------------    -------------------
                         (clock clk_pl_0 rise edge)
                                                      0.000     0.000 r  
    PS8_X0Y0             PS8                          0.000     0.000 r  pccx_v002_system_i/zynq_ps/inst/PS8_i/PLCLK[0]
                         net (fo=1, routed)           0.129     0.129    pccx_v002_system_i/zynq_ps/inst/pl_clk_unbuffered[0]
    BUFG_PS_X0Y90        BUFG_PS (Prop_BUFG_PS_I_O)
                                                      0.022     0.151 r  pccx_v002_system_i/zynq_ps/inst/buffer_pl_clk_0.PL_CLK_0_BUFG/O
    X1Y1 (CLOCK_ROOT)    net (fo=82633, routed)       1.793     1.944    pccx_v002_system_i/u_npu/inst/u_wrap/u_pccx_npu_top/u_HP_buffer/u_hp2_weight_fifo/xpm_fifo_base_inst/xpm_fifo_rst_inst/wr_clk
    SLICE_X50Y185        FDRE                                         r  pccx_v002_system_i/u_npu/inst/u_wrap/u_pccx_npu_top/u_HP_buffer/u_hp2_weight_fifo/xpm_fifo_base_inst/xpm_fifo_rst_inst/gen_rst_ic.fifo_wr_rst_ic_reg/C
  -------------------------------------------------------------------    -------------------
    SLICE_X50Y185        FDRE (Prop_DFF_SLICEL_C_Q)
                                                      0.084     2.028 r  pccx_v002_system_i/u_npu/inst/u_wrap/u_pccx_npu_top/u_HP_buffer/u_hp2_weight_fifo/xpm_fifo_base_inst/xpm_fifo_rst_inst/gen_rst_ic.fifo_wr_rst_ic_reg/Q
                         net (fo=2, routed)           0.038     2.066    pccx_v002_system_i/u_npu/inst/u_wrap/u_pccx_npu_top/u_HP_buffer/u_hp2_weight_fifo/xpm_fifo_base_inst/xpm_fifo_rst_inst/gen_rst_ic.wrst_rd_inst/src_rst
    SLICE_X50Y185        FDRE                                         r  pccx_v002_system_i/u_npu/inst/u_wrap/u_pccx_npu_top/u_HP_buffer/u_hp2_weight_fifo/xpm_fifo_base_inst/xpm_fifo_rst_inst/gen_rst_ic.wrst_rd_inst/syncstages_ff_reg[0]/D
  -------------------------------------------------------------------    -------------------

                         (clock clk_pl_0 rise edge)
                                                      0.000     0.000 r  
    PS8_X0Y0             PS8                          0.000     0.000 r  pccx_v002_system_i/zynq_ps/inst/PS8_i/PLCLK[0]
                         net (fo=1, routed)           0.164     0.164    pccx_v002_system_i/zynq_ps/inst/pl_clk_unbuffered[0]
    BUFG_PS_X0Y90        BUFG_PS (Prop_BUFG_PS_I_O)
                                                      0.023     0.187 r  pccx_v002_system_i/zynq_ps/inst/buffer_pl_clk_0.PL_CLK_0_BUFG/O
    X1Y1 (CLOCK_ROOT)    net (fo=82633, routed)       1.951     2.138    pccx_v002_system_i/u_npu/inst/u_wrap/u_pccx_npu_top/u_HP_buffer/u_hp2_weight_fifo/xpm_fifo_base_inst/xpm_fifo_rst_inst/gen_rst_ic.wrst_rd_inst/dest_clk
    SLICE_X50Y185        FDRE                                         r  pccx_v002_system_i/u_npu/inst/u_wrap/u_pccx_npu_top/u_HP_buffer/u_hp2_weight_fifo/xpm_fifo_base_inst/xpm_fifo_rst_inst/gen_rst_ic.wrst_rd_inst/syncstages_ff_reg[0]/C

Slack:                    inf
  Source:                 pccx_v002_system_i/u_npu/inst/u_wrap/u_pccx_npu_top/u_mem_dispatcher/u_l2_cache/u_acp_cdc/u_acp_rx_fifo/xpm_fifo_base_inst/xpm_fifo_rst_inst/gen_rst_ic.fifo_rd_rst_ic_reg/C
                            (rising edge-triggered cell FDRE clocked by clk_pl_0  {rise@0.000ns fall@5.000ns period=10.000ns})
  Destination:            pccx_v002_system_i/u_npu/inst/u_wrap/u_pccx_npu_top/u_mem_dispatcher/u_l2_cache/u_acp_cdc/u_acp_rx_fifo/xpm_fifo_base_inst/xpm_fifo_rst_inst/gen_rst_ic.rrst_wr_inst/syncstages_ff_reg[0]/D
                            (rising edge-triggered cell FDRE clocked by clk_pl_0  {rise@0.000ns fall@5.000ns period=10.000ns})
  Path Group:             (none)
  Path Type:              Hold (Min at Fast Process Corner)
  Data Path Delay:        0.194ns  (logic 0.084ns (43.380%)  route 0.110ns (56.620%))
  Logic Levels:           0  
  Clock Path Skew:        0.201ns (DCD - SCD - CPR)
    Destination Clock Delay (DCD):    2.100ns
    Source Clock Delay      (SCD):    1.899ns
    Clock Pessimism Removal (CPR):    -0.000ns
  Clock Uncertainty:      0.160ns  ((TSJ^2 + DJ^2)^1/2) / 2 + PE
    Total System Jitter     (TSJ):    0.071ns
    Discrete Jitter          (DJ):    0.312ns
    Phase Error              (PE):    0.000ns
  Clock Net Delay (Source):      1.748ns (routing 0.940ns, distribution 0.808ns)
  Clock Net Delay (Destination): 1.913ns (routing 1.033ns, distribution 0.880ns)
  Timing Exception:       False Path

    Location             Delay type                Incr(ns)  Path(ns)    Netlist Resource(s)
  -------------------------------------------------------------------    -------------------
                         (clock clk_pl_0 rise edge)
                                                      0.000     0.000 r  
    PS8_X0Y0             PS8                          0.000     0.000 r  pccx_v002_system_i/zynq_ps/inst/PS8_i/PLCLK[0]
                         net (fo=1, routed)           0.129     0.129    pccx_v002_system_i/zynq_ps/inst/pl_clk_unbuffered[0]
    BUFG_PS_X0Y90        BUFG_PS (Prop_BUFG_PS_I_O)
                                                      0.022     0.151 r  pccx_v002_system_i/zynq_ps/inst/buffer_pl_clk_0.PL_CLK_0_BUFG/O
    X1Y1 (CLOCK_ROOT)    net (fo=82633, routed)       1.748     1.899    pccx_v002_system_i/u_npu/inst/u_wrap/u_pccx_npu_top/u_mem_dispatcher/u_l2_cache/u_acp_cdc/u_acp_rx_fifo/xpm_fifo_base_inst/xpm_fifo_rst_inst/rd_clk
    SLICE_X50Y77         FDRE                                         r  pccx_v002_system_i/u_npu/inst/u_wrap/u_pccx_npu_top/u_mem_dispatcher/u_l2_cache/u_acp_cdc/u_acp_rx_fifo/xpm_fifo_base_inst/xpm_fifo_rst_inst/gen_rst_ic.fifo_rd_rst_ic_reg/C
  -------------------------------------------------------------------    -------------------
    SLICE_X50Y77         FDRE (Prop_CFF_SLICEL_C_Q)
                                                      0.084     1.983 r  pccx_v002_system_i/u_npu/inst/u_wrap/u_pccx_npu_top/u_mem_dispatcher/u_l2_cache/u_acp_cdc/u_acp_rx_fifo/xpm_fifo_base_inst/xpm_fifo_rst_inst/gen_rst_ic.fifo_rd_rst_ic_reg/Q
                         net (fo=43, routed)          0.110     2.092    pccx_v002_system_i/u_npu/inst/u_wrap/u_pccx_npu_top/u_mem_dispatcher/u_l2_cache/u_acp_cdc/u_acp_rx_fifo/xpm_fifo_base_inst/xpm_fifo_rst_inst/gen_rst_ic.rrst_wr_inst/src_rst
    SLICE_X51Y75         FDRE                                         r  pccx_v002_system_i/u_npu/inst/u_wrap/u_pccx_npu_top/u_mem_dispatcher/u_l2_cache/u_acp_cdc/u_acp_rx_fifo/xpm_fifo_base_inst/xpm_fifo_rst_inst/gen_rst_ic.rrst_wr_inst/syncstages_ff_reg[0]/D
  -------------------------------------------------------------------    -------------------

                         (clock clk_pl_0 rise edge)
                                                      0.000     0.000 r  
    PS8_X0Y0             PS8                          0.000     0.000 r  pccx_v002_system_i/zynq_ps/inst/PS8_i/PLCLK[0]
                         net (fo=1, routed)           0.164     0.164    pccx_v002_system_i/zynq_ps/inst/pl_clk_unbuffered[0]
    BUFG_PS_X0Y90        BUFG_PS (Prop_BUFG_PS_I_O)
                                                      0.023     0.187 r  pccx_v002_system_i/zynq_ps/inst/buffer_pl_clk_0.PL_CLK_0_BUFG/O
    X1Y1 (CLOCK_ROOT)    net (fo=82633, routed)       1.913     2.100    pccx_v002_system_i/u_npu/inst/u_wrap/u_pccx_npu_top/u_mem_dispatcher/u_l2_cache/u_acp_cdc/u_acp_rx_fifo/xpm_fifo_base_inst/xpm_fifo_rst_inst/gen_rst_ic.rrst_wr_inst/dest_clk
    SLICE_X51Y75         FDRE                                         r  pccx_v002_system_i/u_npu/inst/u_wrap/u_pccx_npu_top/u_mem_dispatcher/u_l2_cache/u_acp_cdc/u_acp_rx_fifo/xpm_fifo_base_inst/xpm_fifo_rst_inst/gen_rst_ic.rrst_wr_inst/syncstages_ff_reg[0]/C

Slack:                    inf
  Source:                 pccx_v002_system_i/u_npu/inst/u_wrap/u_pccx_npu_top/u_HP_buffer/u_hp0_weight_fifo/xpm_fifo_base_inst/xpm_fifo_rst_inst/gen_rst_ic.fifo_rd_rst_ic_reg/C
                            (rising edge-triggered cell FDRE clocked by clk_pl_0  {rise@0.000ns fall@5.000ns period=10.000ns})
  Destination:            pccx_v002_system_i/u_npu/inst/u_wrap/u_pccx_npu_top/u_HP_buffer/u_hp0_weight_fifo/xpm_fifo_base_inst/xpm_fifo_rst_inst/gen_rst_ic.rrst_wr_inst/syncstages_ff_reg[0]/D
                            (rising edge-triggered cell FDRE clocked by clk_pl_0  {rise@0.000ns fall@5.000ns period=10.000ns})
  Path Group:             (none)
  Path Type:              Hold (Min at Fast Process Corner)
  Data Path Delay:        0.213ns  (logic 0.083ns (38.914%)  route 0.130ns (61.086%))
  Logic Levels:           0  
  Clock Path Skew:        0.206ns (DCD - SCD - CPR)
    Destination Clock Delay (DCD):    2.114ns
    Source Clock Delay      (SCD):    1.908ns
    Clock Pessimism Removal (CPR):    -0.000ns
  Clock Uncertainty:      0.160ns  ((TSJ^2 + DJ^2)^1/2) / 2 + PE
    Total System Jitter     (TSJ):    0.071ns
    Discrete Jitter          (DJ):    0.312ns
    Phase Error              (PE):    0.000ns
  Clock Net Delay (Source):      1.757ns (routing 0.940ns, distribution 0.817ns)
  Clock Net Delay (Destination): 1.927ns (routing 1.033ns, distribution 0.894ns)
  Timing Exception:       False Path

    Location             Delay type                Incr(ns)  Path(ns)    Netlist Resource(s)
  -------------------------------------------------------------------    -------------------
                         (clock clk_pl_0 rise edge)
                                                      0.000     0.000 r  
    PS8_X0Y0             PS8                          0.000     0.000 r  pccx_v002_system_i/zynq_ps/inst/PS8_i/PLCLK[0]
                         net (fo=1, routed)           0.129     0.129    pccx_v002_system_i/zynq_ps/inst/pl_clk_unbuffered[0]
    BUFG_PS_X0Y90        BUFG_PS (Prop_BUFG_PS_I_O)
                                                      0.022     0.151 r  pccx_v002_system_i/zynq_ps/inst/buffer_pl_clk_0.PL_CLK_0_BUFG/O
    X1Y1 (CLOCK_ROOT)    net (fo=82633, routed)       1.757     1.908    pccx_v002_system_i/u_npu/inst/u_wrap/u_pccx_npu_top/u_HP_buffer/u_hp0_weight_fifo/xpm_fifo_base_inst/xpm_fifo_rst_inst/rd_clk
    SLICE_X49Y48         FDRE                                         r  pccx_v002_system_i/u_npu/inst/u_wrap/u_pccx_npu_top/u_HP_buffer/u_hp0_weight_fifo/xpm_fifo_base_inst/xpm_fifo_rst_inst/gen_rst_ic.fifo_rd_rst_ic_reg/C
  -------------------------------------------------------------------    -------------------
    SLICE_X49Y48         FDRE (Prop_FFF_SLICEL_C_Q)
                                                      0.083     1.991 r  pccx_v002_system_i/u_npu/inst/u_wrap/u_pccx_npu_top/u_HP_buffer/u_hp0_weight_fifo/xpm_fifo_base_inst/xpm_fifo_rst_inst/gen_rst_ic.fifo_rd_rst_ic_reg/Q
                         net (fo=49, routed)          0.130     2.121    pccx_v002_system_i/u_npu/inst/u_wrap/u_pccx_npu_top/u_HP_buffer/u_hp0_weight_fifo/xpm_fifo_base_inst/xpm_fifo_rst_inst/gen_rst_ic.rrst_wr_inst/src_rst
    SLICE_X51Y55         FDRE                                         r  pccx_v002_system_i/u_npu/inst/u_wrap/u_pccx_npu_top/u_HP_buffer/u_hp0_weight_fifo/xpm_fifo_base_inst/xpm_fifo_rst_inst/gen_rst_ic.rrst_wr_inst/syncstages_ff_reg[0]/D
  -------------------------------------------------------------------    -------------------

                         (clock clk_pl_0 rise edge)
                                                      0.000     0.000 r  
    PS8_X0Y0             PS8                          0.000     0.000 r  pccx_v002_system_i/zynq_ps/inst/PS8_i/PLCLK[0]
                         net (fo=1, routed)           0.164     0.164    pccx_v002_system_i/zynq_ps/inst/pl_clk_unbuffered[0]
    BUFG_PS_X0Y90        BUFG_PS (Prop_BUFG_PS_I_O)
                                                      0.023     0.187 r  pccx_v002_system_i/zynq_ps/inst/buffer_pl_clk_0.PL_CLK_0_BUFG/O
    X1Y1 (CLOCK_ROOT)    net (fo=82633, routed)       1.927     2.114    pccx_v002_system_i/u_npu/inst/u_wrap/u_pccx_npu_top/u_HP_buffer/u_hp0_weight_fifo/xpm_fifo_base_inst/xpm_fifo_rst_inst/gen_rst_ic.rrst_wr_inst/dest_clk
    SLICE_X51Y55         FDRE                                         r  pccx_v002_system_i/u_npu/inst/u_wrap/u_pccx_npu_top/u_HP_buffer/u_hp0_weight_fifo/xpm_fifo_base_inst/xpm_fifo_rst_inst/gen_rst_ic.rrst_wr_inst/syncstages_ff_reg[0]/C

Slack:                    inf
  Source:                 pccx_v002_system_i/u_npu/inst/u_wrap/u_pccx_npu_top/u_HP_buffer/u_hp2_weight_fifo/xpm_fifo_base_inst/xpm_fifo_rst_inst/gen_rst_ic.fifo_rd_rst_ic_reg/C
                            (rising edge-triggered cell FDRE clocked by clk_pl_0  {rise@0.000ns fall@5.000ns period=10.000ns})
  Destination:            pccx_v002_system_i/u_npu/inst/u_wrap/u_pccx_npu_top/u_HP_buffer/u_hp2_weight_fifo/xpm_fifo_base_inst/xpm_fifo_rst_inst/gen_rst_ic.rrst_wr_inst/syncstages_ff_reg[0]/D
                            (rising edge-triggered cell FDRE clocked by clk_pl_0  {rise@0.000ns fall@5.000ns period=10.000ns})
  Path Group:             (none)
  Path Type:              Hold (Min at Fast Process Corner)
  Data Path Delay:        0.178ns  (logic 0.084ns (47.225%)  route 0.094ns (52.775%))
  Logic Levels:           0  
  Clock Path Skew:        0.197ns (DCD - SCD - CPR)
    Destination Clock Delay (DCD):    2.142ns
    Source Clock Delay      (SCD):    1.946ns
    Clock Pessimism Removal (CPR):    -0.000ns
  Clock Uncertainty:      0.160ns  ((TSJ^2 + DJ^2)^1/2) / 2 + PE
    Total System Jitter     (TSJ):    0.071ns
    Discrete Jitter          (DJ):    0.312ns
    Phase Error              (PE):    0.000ns
  Clock Net Delay (Source):      1.795ns (routing 0.940ns, distribution 0.855ns)
  Clock Net Delay (Destination): 1.955ns (routing 1.033ns, distribution 0.922ns)
  Timing Exception:       False Path

    Location             Delay type                Incr(ns)  Path(ns)    Netlist Resource(s)
  -------------------------------------------------------------------    -------------------
                         (clock clk_pl_0 rise edge)
                                                      0.000     0.000 r  
    PS8_X0Y0             PS8                          0.000     0.000 r  pccx_v002_system_i/zynq_ps/inst/PS8_i/PLCLK[0]
                         net (fo=1, routed)           0.129     0.129    pccx_v002_system_i/zynq_ps/inst/pl_clk_unbuffered[0]
    BUFG_PS_X0Y90        BUFG_PS (Prop_BUFG_PS_I_O)
                                                      0.022     0.151 r  pccx_v002_system_i/zynq_ps/inst/buffer_pl_clk_0.PL_CLK_0_BUFG/O
    X1Y1 (CLOCK_ROOT)    net (fo=82633, routed)       1.795     1.946    pccx_v002_system_i/u_npu/inst/u_wrap/u_pccx_npu_top/u_HP_buffer/u_hp2_weight_fifo/xpm_fifo_base_inst/xpm_fifo_rst_inst/rd_clk
    SLICE_X50Y184        FDRE                                         r  pccx_v002_system_i/u_npu/inst/u_wrap/u_pccx_npu_top/u_HP_buffer/u_hp2_weight_fifo/xpm_fifo_base_inst/xpm_fifo_rst_inst/gen_rst_ic.fifo_rd_rst_ic_reg/C
  -------------------------------------------------------------------    -------------------
    SLICE_X50Y184        FDRE (Prop_EFF_SLICEL_C_Q)
                                                      0.084     2.030 r  pccx_v002_system_i/u_npu/inst/u_wrap/u_pccx_npu_top/u_HP_buffer/u_hp2_weight_fifo/xpm_fifo_base_inst/xpm_fifo_rst_inst/gen_rst_ic.fifo_rd_rst_ic_reg/Q
                         net (fo=49, routed)          0.094     2.123    pccx_v002_system_i/u_npu/inst/u_wrap/u_pccx_npu_top/u_HP_buffer/u_hp2_weight_fifo/xpm_fifo_base_inst/xpm_fifo_rst_inst/gen_rst_ic.rrst_wr_inst/src_rst
    SLICE_X50Y186        FDRE                                         r  pccx_v002_system_i/u_npu/inst/u_wrap/u_pccx_npu_top/u_HP_buffer/u_hp2_weight_fifo/xpm_fifo_base_inst/xpm_fifo_rst_inst/gen_rst_ic.rrst_wr_inst/syncstages_ff_reg[0]/D
  -------------------------------------------------------------------    -------------------

                         (clock clk_pl_0 rise edge)
                                                      0.000     0.000 r  
    PS8_X0Y0             PS8                          0.000     0.000 r  pccx_v002_system_i/zynq_ps/inst/PS8_i/PLCLK[0]
                         net (fo=1, routed)           0.164     0.164    pccx_v002_system_i/zynq_ps/inst/pl_clk_unbuffered[0]
    BUFG_PS_X0Y90        BUFG_PS (Prop_BUFG_PS_I_O)
                                                      0.023     0.187 r  pccx_v002_system_i/zynq_ps/inst/buffer_pl_clk_0.PL_CLK_0_BUFG/O
    X1Y1 (CLOCK_ROOT)    net (fo=82633, routed)       1.955     2.142    pccx_v002_system_i/u_npu/inst/u_wrap/u_pccx_npu_top/u_HP_buffer/u_hp2_weight_fifo/xpm_fifo_base_inst/xpm_fifo_rst_inst/gen_rst_ic.rrst_wr_inst/dest_clk
    SLICE_X50Y186        FDRE                                         r  pccx_v002_system_i/u_npu/inst/u_wrap/u_pccx_npu_top/u_HP_buffer/u_hp2_weight_fifo/xpm_fifo_base_inst/xpm_fifo_rst_inst/gen_rst_ic.rrst_wr_inst/syncstages_ff_reg[0]/C

Slack:                    inf
  Source:                 pccx_v002_system_i/u_npu/inst/u_wrap/u_pccx_npu_top/u_HP_buffer/u_hp3_weight_fifo/xpm_fifo_base_inst/xpm_fifo_rst_inst/gen_rst_ic.fifo_rd_rst_ic_reg/C
                            (rising edge-triggered cell FDRE clocked by clk_pl_0  {rise@0.000ns fall@5.000ns period=10.000ns})
  Destination:            pccx_v002_system_i/u_npu/inst/u_wrap/u_pccx_npu_top/u_HP_buffer/u_hp3_weight_fifo/xpm_fifo_base_inst/xpm_fifo_rst_inst/gen_rst_ic.rrst_wr_inst/syncstages_ff_reg[0]/D
                            (rising edge-triggered cell FDRE clocked by clk_pl_0  {rise@0.000ns fall@5.000ns period=10.000ns})
  Path Group:             (none)
  Path Type:              Hold (Min at Fast Process Corner)
  Data Path Delay:        0.316ns  (logic 0.082ns (25.937%)  route 0.234ns (74.063%))
  Logic Levels:           0  
  Clock Path Skew:        0.202ns (DCD - SCD - CPR)
    Destination Clock Delay (DCD):    2.057ns
    Source Clock Delay      (SCD):    1.855ns
    Clock Pessimism Removal (CPR):    -0.000ns
  Clock Uncertainty:      0.160ns  ((TSJ^2 + DJ^2)^1/2) / 2 + PE
    Total System Jitter     (TSJ):    0.071ns
    Discrete Jitter          (DJ):    0.312ns
    Phase Error              (PE):    0.000ns
  Clock Net Delay (Source):      1.704ns (routing 0.940ns, distribution 0.764ns)
  Clock Net Delay (Destination): 1.870ns (routing 1.033ns, distribution 0.837ns)
  Timing Exception:       False Path

    Location             Delay type                Incr(ns)  Path(ns)    Netlist Resource(s)
  -------------------------------------------------------------------    -------------------
                         (clock clk_pl_0 rise edge)
                                                      0.000     0.000 r  
    PS8_X0Y0             PS8                          0.000     0.000 r  pccx_v002_system_i/zynq_ps/inst/PS8_i/PLCLK[0]
                         net (fo=1, routed)           0.129     0.129    pccx_v002_system_i/zynq_ps/inst/pl_clk_unbuffered[0]
    BUFG_PS_X0Y90        BUFG_PS (Prop_BUFG_PS_I_O)
                                                      0.022     0.151 r  pccx_v002_system_i/zynq_ps/inst/buffer_pl_clk_0.PL_CLK_0_BUFG/O
    X1Y1 (CLOCK_ROOT)    net (fo=82633, routed)       1.704     1.855    pccx_v002_system_i/u_npu/inst/u_wrap/u_pccx_npu_top/u_HP_buffer/u_hp3_weight_fifo/xpm_fifo_base_inst/xpm_fifo_rst_inst/rd_clk
    SLICE_X25Y171        FDRE                                         r  pccx_v002_system_i/u_npu/inst/u_wrap/u_pccx_npu_top/u_HP_buffer/u_hp3_weight_fifo/xpm_fifo_base_inst/xpm_fifo_rst_inst/gen_rst_ic.fifo_rd_rst_ic_reg/C
  -------------------------------------------------------------------    -------------------
    SLICE_X25Y171        FDRE (Prop_BFF_SLICEM_C_Q)
                                                      0.082     1.937 r  pccx_v002_system_i/u_npu/inst/u_wrap/u_pccx_npu_top/u_HP_buffer/u_hp3_weight_fifo/xpm_fifo_base_inst/xpm_fifo_rst_inst/gen_rst_ic.fifo_rd_rst_ic_reg/Q
                         net (fo=49, routed)          0.234     2.171    pccx_v002_system_i/u_npu/inst/u_wrap/u_pccx_npu_top/u_HP_buffer/u_hp3_weight_fifo/xpm_fifo_base_inst/xpm_fifo_rst_inst/gen_rst_ic.rrst_wr_inst/src_rst
    SLICE_X25Y163        FDRE                                         r  pccx_v002_system_i/u_npu/inst/u_wrap/u_pccx_npu_top/u_HP_buffer/u_hp3_weight_fifo/xpm_fifo_base_inst/xpm_fifo_rst_inst/gen_rst_ic.rrst_wr_inst/syncstages_ff_reg[0]/D
  -------------------------------------------------------------------    -------------------

                         (clock clk_pl_0 rise edge)
                                                      0.000     0.000 r  
    PS8_X0Y0             PS8                          0.000     0.000 r  pccx_v002_system_i/zynq_ps/inst/PS8_i/PLCLK[0]
                         net (fo=1, routed)           0.164     0.164    pccx_v002_system_i/zynq_ps/inst/pl_clk_unbuffered[0]
    BUFG_PS_X0Y90        BUFG_PS (Prop_BUFG_PS_I_O)
                                                      0.023     0.187 r  pccx_v002_system_i/zynq_ps/inst/buffer_pl_clk_0.PL_CLK_0_BUFG/O
    X1Y1 (CLOCK_ROOT)    net (fo=82633, routed)       1.870     2.057    pccx_v002_system_i/u_npu/inst/u_wrap/u_pccx_npu_top/u_HP_buffer/u_hp3_weight_fifo/xpm_fifo_base_inst/xpm_fifo_rst_inst/gen_rst_ic.rrst_wr_inst/dest_clk
    SLICE_X25Y163        FDRE                                         r  pccx_v002_system_i/u_npu/inst/u_wrap/u_pccx_npu_top/u_HP_buffer/u_hp3_weight_fifo/xpm_fifo_base_inst/xpm_fifo_rst_inst/gen_rst_ic.rrst_wr_inst/syncstages_ff_reg[0]/C

Slack:                    inf
  Source:                 pccx_v002_system_i/u_npu/inst/u_wrap/u_pccx_npu_top/u_HP_buffer/u_hp1_weight_fifo/xpm_fifo_base_inst/xpm_fifo_rst_inst/gen_rst_ic.fifo_rd_rst_ic_reg/C
                            (rising edge-triggered cell FDRE clocked by clk_pl_0  {rise@0.000ns fall@5.000ns period=10.000ns})
  Destination:            pccx_v002_system_i/u_npu/inst/u_wrap/u_pccx_npu_top/u_HP_buffer/u_hp1_weight_fifo/xpm_fifo_base_inst/xpm_fifo_rst_inst/gen_rst_ic.rrst_wr_inst/syncstages_ff_reg[0]/D
                            (rising edge-triggered cell FDRE clocked by clk_pl_0  {rise@0.000ns fall@5.000ns period=10.000ns})
  Path Group:             (none)
  Path Type:              Hold (Min at Fast Process Corner)
  Data Path Delay:        0.254ns  (logic 0.084ns (33.082%)  route 0.170ns (66.918%))
  Logic Levels:           0  
  Clock Path Skew:        0.185ns (DCD - SCD - CPR)
    Destination Clock Delay (DCD):    2.104ns
    Source Clock Delay      (SCD):    1.920ns
    Clock Pessimism Removal (CPR):    -0.000ns
  Clock Uncertainty:      0.160ns  ((TSJ^2 + DJ^2)^1/2) / 2 + PE
    Total System Jitter     (TSJ):    0.071ns
    Discrete Jitter          (DJ):    0.312ns
    Phase Error              (PE):    0.000ns
  Clock Net Delay (Source):      1.769ns (routing 0.940ns, distribution 0.829ns)
  Clock Net Delay (Destination): 1.917ns (routing 1.033ns, distribution 0.884ns)
  Timing Exception:       False Path

    Location             Delay type                Incr(ns)  Path(ns)    Netlist Resource(s)
  -------------------------------------------------------------------    -------------------
                         (clock clk_pl_0 rise edge)
                                                      0.000     0.000 r  
    PS8_X0Y0             PS8                          0.000     0.000 r  pccx_v002_system_i/zynq_ps/inst/PS8_i/PLCLK[0]
                         net (fo=1, routed)           0.129     0.129    pccx_v002_system_i/zynq_ps/inst/pl_clk_unbuffered[0]
    BUFG_PS_X0Y90        BUFG_PS (Prop_BUFG_PS_I_O)
                                                      0.022     0.151 r  pccx_v002_system_i/zynq_ps/inst/buffer_pl_clk_0.PL_CLK_0_BUFG/O
    X1Y1 (CLOCK_ROOT)    net (fo=82633, routed)       1.769     1.920    pccx_v002_system_i/u_npu/inst/u_wrap/u_pccx_npu_top/u_HP_buffer/u_hp1_weight_fifo/xpm_fifo_base_inst/xpm_fifo_rst_inst/rd_clk
    SLICE_X46Y184        FDRE                                         r  pccx_v002_system_i/u_npu/inst/u_wrap/u_pccx_npu_top/u_HP_buffer/u_hp1_weight_fifo/xpm_fifo_base_inst/xpm_fifo_rst_inst/gen_rst_ic.fifo_rd_rst_ic_reg/C
  -------------------------------------------------------------------    -------------------
    SLICE_X46Y184        FDRE (Prop_BFF_SLICEL_C_Q)
                                                      0.084     2.004 r  pccx_v002_system_i/u_npu/inst/u_wrap/u_pccx_npu_top/u_HP_buffer/u_hp1_weight_fifo/xpm_fifo_base_inst/xpm_fifo_rst_inst/gen_rst_ic.fifo_rd_rst_ic_reg/Q
                         net (fo=49, routed)          0.170     2.173    pccx_v002_system_i/u_npu/inst/u_wrap/u_pccx_npu_top/u_HP_buffer/u_hp1_weight_fifo/xpm_fifo_base_inst/xpm_fifo_rst_inst/gen_rst_ic.rrst_wr_inst/src_rst
    SLICE_X45Y191        FDRE                                         r  pccx_v002_system_i/u_npu/inst/u_wrap/u_pccx_npu_top/u_HP_buffer/u_hp1_weight_fifo/xpm_fifo_base_inst/xpm_fifo_rst_inst/gen_rst_ic.rrst_wr_inst/syncstages_ff_reg[0]/D
  -------------------------------------------------------------------    -------------------

                         (clock clk_pl_0 rise edge)
                                                      0.000     0.000 r  
    PS8_X0Y0             PS8                          0.000     0.000 r  pccx_v002_system_i/zynq_ps/inst/PS8_i/PLCLK[0]
                         net (fo=1, routed)           0.164     0.164    pccx_v002_system_i/zynq_ps/inst/pl_clk_unbuffered[0]
    BUFG_PS_X0Y90        BUFG_PS (Prop_BUFG_PS_I_O)
                                                      0.023     0.187 r  pccx_v002_system_i/zynq_ps/inst/buffer_pl_clk_0.PL_CLK_0_BUFG/O
    X1Y1 (CLOCK_ROOT)    net (fo=82633, routed)       1.917     2.104    pccx_v002_system_i/u_npu/inst/u_wrap/u_pccx_npu_top/u_HP_buffer/u_hp1_weight_fifo/xpm_fifo_base_inst/xpm_fifo_rst_inst/gen_rst_ic.rrst_wr_inst/dest_clk
    SLICE_X45Y191        FDRE                                         r  pccx_v002_system_i/u_npu/inst/u_wrap/u_pccx_npu_top/u_HP_buffer/u_hp1_weight_fifo/xpm_fifo_base_inst/xpm_fifo_rst_inst/gen_rst_ic.rrst_wr_inst/syncstages_ff_reg[0]/C

Slack:                    inf
  Source:                 pccx_v002_system_i/sc_axil/inst/clk_map/psr_aclk/U0/ACTIVE_LOW_BSR_OUT_DFF[0].FDRE_BSR_N/C
                            (rising edge-triggered cell FDRE clocked by clk_pl_0  {rise@0.000ns fall@5.000ns period=10.000ns})
  Destination:            pccx_v002_system_i/sc_axil/inst/s00_entry_pipeline/s00_si_converter/inst/xpm_cdc_async_rst_inst/arststages_ff_reg[0]/CLR
                            (removal check against rising-edge clock clk_pl_0  {rise@0.000ns fall@5.000ns period=10.000ns})
  Path Group:             (none)
  Path Type:              Removal (Min at Fast Process Corner)
  Data Path Delay:        0.309ns  (logic 0.082ns (26.570%)  route 0.227ns (73.430%))
  Logic Levels:           0  
  Clock Path Skew:        0.191ns (DCD - SCD - CPR)
    Destination Clock Delay (DCD):    2.116ns
    Source Clock Delay      (SCD):    1.925ns
    Clock Pessimism Removal (CPR):    -0.000ns
  Clock Uncertainty:      0.160ns  ((TSJ^2 + DJ^2)^1/2) / 2 + PE
    Total System Jitter     (TSJ):    0.071ns
    Discrete Jitter          (DJ):    0.312ns
    Phase Error              (PE):    0.000ns
  Clock Net Delay (Source):      1.774ns (routing 0.940ns, distribution 0.834ns)
  Clock Net Delay (Destination): 1.929ns (routing 1.033ns, distribution 0.896ns)
  Timing Exception:       False Path

    Location             Delay type                Incr(ns)  Path(ns)    Netlist Resource(s)
  -------------------------------------------------------------------    -------------------
                         (clock clk_pl_0 rise edge)
                                                      0.000     0.000 r  
    PS8_X0Y0             PS8                          0.000     0.000 r  pccx_v002_system_i/zynq_ps/inst/PS8_i/PLCLK[0]
                         net (fo=1, routed)           0.129     0.129    pccx_v002_system_i/zynq_ps/inst/pl_clk_unbuffered[0]
    BUFG_PS_X0Y90        BUFG_PS (Prop_BUFG_PS_I_O)
                                                      0.022     0.151 r  pccx_v002_system_i/zynq_ps/inst/buffer_pl_clk_0.PL_CLK_0_BUFG/O
    X1Y1 (CLOCK_ROOT)    net (fo=82633, routed)       1.774     1.925    pccx_v002_system_i/sc_axil/inst/clk_map/psr_aclk/U0/aclk
    SLICE_X18Y5          FDRE                                         r  pccx_v002_system_i/sc_axil/inst/clk_map/psr_aclk/U0/ACTIVE_LOW_BSR_OUT_DFF[0].FDRE_BSR_N/C
  -------------------------------------------------------------------    -------------------
    SLICE_X18Y5          FDRE (Prop_EFF_SLICEM_C_Q)
                                                      0.082     2.007 r  pccx_v002_system_i/sc_axil/inst/clk_map/psr_aclk/U0/ACTIVE_LOW_BSR_OUT_DFF[0].FDRE_BSR_N/Q
                         net (fo=150, routed)         0.227     2.234    pccx_v002_system_i/sc_axil/inst/s00_entry_pipeline/s00_si_converter/inst/xpm_cdc_async_rst_inst/src_arst
    SLICE_X18Y36         FDCE                                         f  pccx_v002_system_i/sc_axil/inst/s00_entry_pipeline/s00_si_converter/inst/xpm_cdc_async_rst_inst/arststages_ff_reg[0]/CLR  (IS_INVERTED)
  -------------------------------------------------------------------    -------------------

                         (clock clk_pl_0 rise edge)
                                                      0.000     0.000 r  
    PS8_X0Y0             PS8                          0.000     0.000 r  pccx_v002_system_i/zynq_ps/inst/PS8_i/PLCLK[0]
                         net (fo=1, routed)           0.164     0.164    pccx_v002_system_i/zynq_ps/inst/pl_clk_unbuffered[0]
    BUFG_PS_X0Y90        BUFG_PS (Prop_BUFG_PS_I_O)
                                                      0.023     0.187 r  pccx_v002_system_i/zynq_ps/inst/buffer_pl_clk_0.PL_CLK_0_BUFG/O
    X1Y1 (CLOCK_ROOT)    net (fo=82633, routed)       1.929     2.116    pccx_v002_system_i/sc_axil/inst/s00_entry_pipeline/s00_si_converter/inst/xpm_cdc_async_rst_inst/dest_clk
    SLICE_X18Y36         FDCE                                         r  pccx_v002_system_i/sc_axil/inst/s00_entry_pipeline/s00_si_converter/inst/xpm_cdc_async_rst_inst/arststages_ff_reg[0]/C

Slack:                    inf
  Source:                 pccx_v002_system_i/sc_axil/inst/clk_map/psr_aclk/U0/ACTIVE_LOW_BSR_OUT_DFF[0].FDRE_BSR_N/C
                            (rising edge-triggered cell FDRE clocked by clk_pl_0  {rise@0.000ns fall@5.000ns period=10.000ns})
  Destination:            pccx_v002_system_i/sc_axil/inst/s00_entry_pipeline/s00_si_converter/inst/xpm_cdc_async_rst_inst/arststages_ff_reg[1]/CLR
                            (removal check against rising-edge clock clk_pl_0  {rise@0.000ns fall@5.000ns period=10.000ns})
  Path Group:             (none)
  Path Type:              Removal (Min at Fast Process Corner)
  Data Path Delay:        0.309ns  (logic 0.082ns (26.570%)  route 0.227ns (73.430%))
  Logic Levels:           0  
  Clock Path Skew:        0.191ns (DCD - SCD - CPR)
    Destination Clock Delay (DCD):    2.116ns
    Source Clock Delay      (SCD):    1.925ns
    Clock Pessimism Removal (CPR):    -0.000ns
  Clock Uncertainty:      0.160ns  ((TSJ^2 + DJ^2)^1/2) / 2 + PE
    Total System Jitter     (TSJ):    0.071ns
    Discrete Jitter          (DJ):    0.312ns
    Phase Error              (PE):    0.000ns
  Clock Net Delay (Source):      1.774ns (routing 0.940ns, distribution 0.834ns)
  Clock Net Delay (Destination): 1.929ns (routing 1.033ns, distribution 0.896ns)
  Timing Exception:       False Path

    Location             Delay type                Incr(ns)  Path(ns)    Netlist Resource(s)
  -------------------------------------------------------------------    -------------------
                         (clock clk_pl_0 rise edge)
                                                      0.000     0.000 r  
    PS8_X0Y0             PS8                          0.000     0.000 r  pccx_v002_system_i/zynq_ps/inst/PS8_i/PLCLK[0]
                         net (fo=1, routed)           0.129     0.129    pccx_v002_system_i/zynq_ps/inst/pl_clk_unbuffered[0]
    BUFG_PS_X0Y90        BUFG_PS (Prop_BUFG_PS_I_O)
                                                      0.022     0.151 r  pccx_v002_system_i/zynq_ps/inst/buffer_pl_clk_0.PL_CLK_0_BUFG/O
    X1Y1 (CLOCK_ROOT)    net (fo=82633, routed)       1.774     1.925    pccx_v002_system_i/sc_axil/inst/clk_map/psr_aclk/U0/aclk
    SLICE_X18Y5          FDRE                                         r  pccx_v002_system_i/sc_axil/inst/clk_map/psr_aclk/U0/ACTIVE_LOW_BSR_OUT_DFF[0].FDRE_BSR_N/C
  -------------------------------------------------------------------    -------------------
    SLICE_X18Y5          FDRE (Prop_EFF_SLICEM_C_Q)
                                                      0.082     2.007 r  pccx_v002_system_i/sc_axil/inst/clk_map/psr_aclk/U0/ACTIVE_LOW_BSR_OUT_DFF[0].FDRE_BSR_N/Q
                         net (fo=150, routed)         0.227     2.234    pccx_v002_system_i/sc_axil/inst/s00_entry_pipeline/s00_si_converter/inst/xpm_cdc_async_rst_inst/src_arst
    SLICE_X18Y36         FDCE                                         f  pccx_v002_system_i/sc_axil/inst/s00_entry_pipeline/s00_si_converter/inst/xpm_cdc_async_rst_inst/arststages_ff_reg[1]/CLR  (IS_INVERTED)
  -------------------------------------------------------------------    -------------------

                         (clock clk_pl_0 rise edge)
                                                      0.000     0.000 r  
    PS8_X0Y0             PS8                          0.000     0.000 r  pccx_v002_system_i/zynq_ps/inst/PS8_i/PLCLK[0]
                         net (fo=1, routed)           0.164     0.164    pccx_v002_system_i/zynq_ps/inst/pl_clk_unbuffered[0]
    BUFG_PS_X0Y90        BUFG_PS (Prop_BUFG_PS_I_O)
                                                      0.023     0.187 r  pccx_v002_system_i/zynq_ps/inst/buffer_pl_clk_0.PL_CLK_0_BUFG/O
    X1Y1 (CLOCK_ROOT)    net (fo=82633, routed)       1.929     2.116    pccx_v002_system_i/sc_axil/inst/s00_entry_pipeline/s00_si_converter/inst/xpm_cdc_async_rst_inst/dest_clk
    SLICE_X18Y36         FDCE                                         r  pccx_v002_system_i/sc_axil/inst/s00_entry_pipeline/s00_si_converter/inst/xpm_cdc_async_rst_inst/arststages_ff_reg[1]/C

Slack:                    inf
  Source:                 pccx_v002_system_i/sc_axil/inst/clk_map/psr_aclk/U0/ACTIVE_LOW_BSR_OUT_DFF[0].FDRE_BSR_N/C
                            (rising edge-triggered cell FDRE clocked by clk_pl_0  {rise@0.000ns fall@5.000ns period=10.000ns})
  Destination:            pccx_v002_system_i/sc_axil/inst/s00_entry_pipeline/s00_si_converter/inst/xpm_cdc_async_rst_inst/arststages_ff_reg[2]/CLR
                            (removal check against rising-edge clock clk_pl_0  {rise@0.000ns fall@5.000ns period=10.000ns})
  Path Group:             (none)
  Path Type:              Removal (Min at Fast Process Corner)
  Data Path Delay:        0.309ns  (logic 0.082ns (26.570%)  route 0.227ns (73.430%))
  Logic Levels:           0  
  Clock Path Skew:        0.191ns (DCD - SCD - CPR)
    Destination Clock Delay (DCD):    2.116ns
    Source Clock Delay      (SCD):    1.925ns
    Clock Pessimism Removal (CPR):    -0.000ns
  Clock Uncertainty:      0.160ns  ((TSJ^2 + DJ^2)^1/2) / 2 + PE
    Total System Jitter     (TSJ):    0.071ns
    Discrete Jitter          (DJ):    0.312ns
    Phase Error              (PE):    0.000ns
  Clock Net Delay (Source):      1.774ns (routing 0.940ns, distribution 0.834ns)
  Clock Net Delay (Destination): 1.929ns (routing 1.033ns, distribution 0.896ns)
  Timing Exception:       False Path

    Location             Delay type                Incr(ns)  Path(ns)    Netlist Resource(s)
  -------------------------------------------------------------------    -------------------
                         (clock clk_pl_0 rise edge)
                                                      0.000     0.000 r  
    PS8_X0Y0             PS8                          0.000     0.000 r  pccx_v002_system_i/zynq_ps/inst/PS8_i/PLCLK[0]
                         net (fo=1, routed)           0.129     0.129    pccx_v002_system_i/zynq_ps/inst/pl_clk_unbuffered[0]
    BUFG_PS_X0Y90        BUFG_PS (Prop_BUFG_PS_I_O)
                                                      0.022     0.151 r  pccx_v002_system_i/zynq_ps/inst/buffer_pl_clk_0.PL_CLK_0_BUFG/O
    X1Y1 (CLOCK_ROOT)    net (fo=82633, routed)       1.774     1.925    pccx_v002_system_i/sc_axil/inst/clk_map/psr_aclk/U0/aclk
    SLICE_X18Y5          FDRE                                         r  pccx_v002_system_i/sc_axil/inst/clk_map/psr_aclk/U0/ACTIVE_LOW_BSR_OUT_DFF[0].FDRE_BSR_N/C
  -------------------------------------------------------------------    -------------------
    SLICE_X18Y5          FDRE (Prop_EFF_SLICEM_C_Q)
                                                      0.082     2.007 r  pccx_v002_system_i/sc_axil/inst/clk_map/psr_aclk/U0/ACTIVE_LOW_BSR_OUT_DFF[0].FDRE_BSR_N/Q
                         net (fo=150, routed)         0.227     2.234    pccx_v002_system_i/sc_axil/inst/s00_entry_pipeline/s00_si_converter/inst/xpm_cdc_async_rst_inst/src_arst
    SLICE_X18Y36         FDCE                                         f  pccx_v002_system_i/sc_axil/inst/s00_entry_pipeline/s00_si_converter/inst/xpm_cdc_async_rst_inst/arststages_ff_reg[2]/CLR  (IS_INVERTED)
  -------------------------------------------------------------------    -------------------

                         (clock clk_pl_0 rise edge)
                                                      0.000     0.000 r  
    PS8_X0Y0             PS8                          0.000     0.000 r  pccx_v002_system_i/zynq_ps/inst/PS8_i/PLCLK[0]
                         net (fo=1, routed)           0.164     0.164    pccx_v002_system_i/zynq_ps/inst/pl_clk_unbuffered[0]
    BUFG_PS_X0Y90        BUFG_PS (Prop_BUFG_PS_I_O)
                                                      0.023     0.187 r  pccx_v002_system_i/zynq_ps/inst/buffer_pl_clk_0.PL_CLK_0_BUFG/O
    X1Y1 (CLOCK_ROOT)    net (fo=82633, routed)       1.929     2.116    pccx_v002_system_i/sc_axil/inst/s00_entry_pipeline/s00_si_converter/inst/xpm_cdc_async_rst_inst/dest_clk
    SLICE_X18Y36         FDCE                                         r  pccx_v002_system_i/sc_axil/inst/s00_entry_pipeline/s00_si_converter/inst/xpm_cdc_async_rst_inst/arststages_ff_reg[2]/C

Slack:                    inf
  Source:                 pccx_v002_system_i/sc_axil/inst/clk_map/psr_aclk/U0/ACTIVE_LOW_BSR_OUT_DFF[0].FDRE_BSR_N/C
                            (rising edge-triggered cell FDRE clocked by clk_pl_0  {rise@0.000ns fall@5.000ns period=10.000ns})
  Destination:            pccx_v002_system_i/sc_axil/inst/s00_nodes/s00_ar_node/inst/s_sc_xpm_cdc_async_rst_inst/arststages_ff_reg[0]/CLR
                            (removal check against rising-edge clock clk_pl_0  {rise@0.000ns fall@5.000ns period=10.000ns})
  Path Group:             (none)
  Path Type:              Removal (Min at Fast Process Corner)
  Data Path Delay:        0.365ns  (logic 0.082ns (22.476%)  route 0.283ns (77.524%))
  Logic Levels:           0  
  Clock Path Skew:        0.212ns (DCD - SCD - CPR)
    Destination Clock Delay (DCD):    2.137ns
    Source Clock Delay      (SCD):    1.925ns
    Clock Pessimism Removal (CPR):    -0.000ns
  Clock Uncertainty:      0.160ns  ((TSJ^2 + DJ^2)^1/2) / 2 + PE
    Total System Jitter     (TSJ):    0.071ns
    Discrete Jitter          (DJ):    0.312ns
    Phase Error              (PE):    0.000ns
  Clock Net Delay (Source):      1.774ns (routing 0.940ns, distribution 0.834ns)
  Clock Net Delay (Destination): 1.950ns (routing 1.033ns, distribution 0.917ns)
  Timing Exception:       False Path

    Location             Delay type                Incr(ns)  Path(ns)    Netlist Resource(s)
  -------------------------------------------------------------------    -------------------
                         (clock clk_pl_0 rise edge)
                                                      0.000     0.000 r  
    PS8_X0Y0             PS8                          0.000     0.000 r  pccx_v002_system_i/zynq_ps/inst/PS8_i/PLCLK[0]
                         net (fo=1, routed)           0.129     0.129    pccx_v002_system_i/zynq_ps/inst/pl_clk_unbuffered[0]
    BUFG_PS_X0Y90        BUFG_PS (Prop_BUFG_PS_I_O)
                                                      0.022     0.151 r  pccx_v002_system_i/zynq_ps/inst/buffer_pl_clk_0.PL_CLK_0_BUFG/O
    X1Y1 (CLOCK_ROOT)    net (fo=82633, routed)       1.774     1.925    pccx_v002_system_i/sc_axil/inst/clk_map/psr_aclk/U0/aclk
    SLICE_X18Y5          FDRE                                         r  pccx_v002_system_i/sc_axil/inst/clk_map/psr_aclk/U0/ACTIVE_LOW_BSR_OUT_DFF[0].FDRE_BSR_N/C
  -------------------------------------------------------------------    -------------------
    SLICE_X18Y5          FDRE (Prop_EFF_SLICEM_C_Q)
                                                      0.082     2.007 r  pccx_v002_system_i/sc_axil/inst/clk_map/psr_aclk/U0/ACTIVE_LOW_BSR_OUT_DFF[0].FDRE_BSR_N/Q
                         net (fo=150, routed)         0.283     2.290    pccx_v002_system_i/sc_axil/inst/s00_nodes/s00_ar_node/inst/s_sc_xpm_cdc_async_rst_inst/src_arst
    SLICE_X15Y44         FDCE                                         f  pccx_v002_system_i/sc_axil/inst/s00_nodes/s00_ar_node/inst/s_sc_xpm_cdc_async_rst_inst/arststages_ff_reg[0]/CLR  (IS_INVERTED)
  -------------------------------------------------------------------    -------------------

                         (clock clk_pl_0 rise edge)
                                                      0.000     0.000 r  
    PS8_X0Y0             PS8                          0.000     0.000 r  pccx_v002_system_i/zynq_ps/inst/PS8_i/PLCLK[0]
                         net (fo=1, routed)           0.164     0.164    pccx_v002_system_i/zynq_ps/inst/pl_clk_unbuffered[0]
    BUFG_PS_X0Y90        BUFG_PS (Prop_BUFG_PS_I_O)
                                                      0.023     0.187 r  pccx_v002_system_i/zynq_ps/inst/buffer_pl_clk_0.PL_CLK_0_BUFG/O
    X1Y1 (CLOCK_ROOT)    net (fo=82633, routed)       1.950     2.137    pccx_v002_system_i/sc_axil/inst/s00_nodes/s00_ar_node/inst/s_sc_xpm_cdc_async_rst_inst/dest_clk
    SLICE_X15Y44         FDCE                                         r  pccx_v002_system_i/sc_axil/inst/s00_nodes/s00_ar_node/inst/s_sc_xpm_cdc_async_rst_inst/arststages_ff_reg[0]/C

Slack:                    inf
  Source:                 pccx_v002_system_i/sc_axil/inst/clk_map/psr_aclk/U0/ACTIVE_LOW_BSR_OUT_DFF[0].FDRE_BSR_N/C
                            (rising edge-triggered cell FDRE clocked by clk_pl_0  {rise@0.000ns fall@5.000ns period=10.000ns})
  Destination:            pccx_v002_system_i/sc_axil/inst/s00_nodes/s00_ar_node/inst/s_sc_xpm_cdc_async_rst_inst/arststages_ff_reg[1]/CLR
                            (removal check against rising-edge clock clk_pl_0  {rise@0.000ns fall@5.000ns period=10.000ns})
  Path Group:             (none)
  Path Type:              Removal (Min at Fast Process Corner)
  Data Path Delay:        0.365ns  (logic 0.082ns (22.476%)  route 0.283ns (77.524%))
  Logic Levels:           0  
  Clock Path Skew:        0.212ns (DCD - SCD - CPR)
    Destination Clock Delay (DCD):    2.137ns
    Source Clock Delay      (SCD):    1.925ns
    Clock Pessimism Removal (CPR):    -0.000ns
  Clock Uncertainty:      0.160ns  ((TSJ^2 + DJ^2)^1/2) / 2 + PE
    Total System Jitter     (TSJ):    0.071ns
    Discrete Jitter          (DJ):    0.312ns
    Phase Error              (PE):    0.000ns
  Clock Net Delay (Source):      1.774ns (routing 0.940ns, distribution 0.834ns)
  Clock Net Delay (Destination): 1.950ns (routing 1.033ns, distribution 0.917ns)
  Timing Exception:       False Path

    Location             Delay type                Incr(ns)  Path(ns)    Netlist Resource(s)
  -------------------------------------------------------------------    -------------------
                         (clock clk_pl_0 rise edge)
                                                      0.000     0.000 r  
    PS8_X0Y0             PS8                          0.000     0.000 r  pccx_v002_system_i/zynq_ps/inst/PS8_i/PLCLK[0]
                         net (fo=1, routed)           0.129     0.129    pccx_v002_system_i/zynq_ps/inst/pl_clk_unbuffered[0]
    BUFG_PS_X0Y90        BUFG_PS (Prop_BUFG_PS_I_O)
                                                      0.022     0.151 r  pccx_v002_system_i/zynq_ps/inst/buffer_pl_clk_0.PL_CLK_0_BUFG/O
    X1Y1 (CLOCK_ROOT)    net (fo=82633, routed)       1.774     1.925    pccx_v002_system_i/sc_axil/inst/clk_map/psr_aclk/U0/aclk
    SLICE_X18Y5          FDRE                                         r  pccx_v002_system_i/sc_axil/inst/clk_map/psr_aclk/U0/ACTIVE_LOW_BSR_OUT_DFF[0].FDRE_BSR_N/C
  -------------------------------------------------------------------    -------------------
    SLICE_X18Y5          FDRE (Prop_EFF_SLICEM_C_Q)
                                                      0.082     2.007 r  pccx_v002_system_i/sc_axil/inst/clk_map/psr_aclk/U0/ACTIVE_LOW_BSR_OUT_DFF[0].FDRE_BSR_N/Q
                         net (fo=150, routed)         0.283     2.290    pccx_v002_system_i/sc_axil/inst/s00_nodes/s00_ar_node/inst/s_sc_xpm_cdc_async_rst_inst/src_arst
    SLICE_X15Y44         FDCE                                         f  pccx_v002_system_i/sc_axil/inst/s00_nodes/s00_ar_node/inst/s_sc_xpm_cdc_async_rst_inst/arststages_ff_reg[1]/CLR  (IS_INVERTED)
  -------------------------------------------------------------------    -------------------

                         (clock clk_pl_0 rise edge)
                                                      0.000     0.000 r  
    PS8_X0Y0             PS8                          0.000     0.000 r  pccx_v002_system_i/zynq_ps/inst/PS8_i/PLCLK[0]
                         net (fo=1, routed)           0.164     0.164    pccx_v002_system_i/zynq_ps/inst/pl_clk_unbuffered[0]
    BUFG_PS_X0Y90        BUFG_PS (Prop_BUFG_PS_I_O)
                                                      0.023     0.187 r  pccx_v002_system_i/zynq_ps/inst/buffer_pl_clk_0.PL_CLK_0_BUFG/O
    X1Y1 (CLOCK_ROOT)    net (fo=82633, routed)       1.950     2.137    pccx_v002_system_i/sc_axil/inst/s00_nodes/s00_ar_node/inst/s_sc_xpm_cdc_async_rst_inst/dest_clk
    SLICE_X15Y44         FDCE                                         r  pccx_v002_system_i/sc_axil/inst/s00_nodes/s00_ar_node/inst/s_sc_xpm_cdc_async_rst_inst/arststages_ff_reg[1]/C

Slack:                    inf
  Source:                 pccx_v002_system_i/sc_axil/inst/clk_map/psr_aclk/U0/ACTIVE_LOW_BSR_OUT_DFF[0].FDRE_BSR_N/C
                            (rising edge-triggered cell FDRE clocked by clk_pl_0  {rise@0.000ns fall@5.000ns period=10.000ns})
  Destination:            pccx_v002_system_i/sc_axil/inst/s00_nodes/s00_ar_node/inst/s_sc_xpm_cdc_async_rst_inst/arststages_ff_reg[2]/CLR
                            (removal check against rising-edge clock clk_pl_0  {rise@0.000ns fall@5.000ns period=10.000ns})
  Path Group:             (none)
  Path Type:              Removal (Min at Fast Process Corner)
  Data Path Delay:        0.365ns  (logic 0.082ns (22.476%)  route 0.283ns (77.524%))
  Logic Levels:           0  
  Clock Path Skew:        0.212ns (DCD - SCD - CPR)
    Destination Clock Delay (DCD):    2.137ns
    Source Clock Delay      (SCD):    1.925ns
    Clock Pessimism Removal (CPR):    -0.000ns
  Clock Uncertainty:      0.160ns  ((TSJ^2 + DJ^2)^1/2) / 2 + PE
    Total System Jitter     (TSJ):    0.071ns
    Discrete Jitter          (DJ):    0.312ns
    Phase Error              (PE):    0.000ns
  Clock Net Delay (Source):      1.774ns (routing 0.940ns, distribution 0.834ns)
  Clock Net Delay (Destination): 1.950ns (routing 1.033ns, distribution 0.917ns)
  Timing Exception:       False Path

    Location             Delay type                Incr(ns)  Path(ns)    Netlist Resource(s)
  -------------------------------------------------------------------    -------------------
                         (clock clk_pl_0 rise edge)
                                                      0.000     0.000 r  
    PS8_X0Y0             PS8                          0.000     0.000 r  pccx_v002_system_i/zynq_ps/inst/PS8_i/PLCLK[0]
                         net (fo=1, routed)           0.129     0.129    pccx_v002_system_i/zynq_ps/inst/pl_clk_unbuffered[0]
    BUFG_PS_X0Y90        BUFG_PS (Prop_BUFG_PS_I_O)
                                                      0.022     0.151 r  pccx_v002_system_i/zynq_ps/inst/buffer_pl_clk_0.PL_CLK_0_BUFG/O
    X1Y1 (CLOCK_ROOT)    net (fo=82633, routed)       1.774     1.925    pccx_v002_system_i/sc_axil/inst/clk_map/psr_aclk/U0/aclk
    SLICE_X18Y5          FDRE                                         r  pccx_v002_system_i/sc_axil/inst/clk_map/psr_aclk/U0/ACTIVE_LOW_BSR_OUT_DFF[0].FDRE_BSR_N/C
  -------------------------------------------------------------------    -------------------
    SLICE_X18Y5          FDRE (Prop_EFF_SLICEM_C_Q)
                                                      0.082     2.007 r  pccx_v002_system_i/sc_axil/inst/clk_map/psr_aclk/U0/ACTIVE_LOW_BSR_OUT_DFF[0].FDRE_BSR_N/Q
                         net (fo=150, routed)         0.283     2.290    pccx_v002_system_i/sc_axil/inst/s00_nodes/s00_ar_node/inst/s_sc_xpm_cdc_async_rst_inst/src_arst
    SLICE_X15Y44         FDCE                                         f  pccx_v002_system_i/sc_axil/inst/s00_nodes/s00_ar_node/inst/s_sc_xpm_cdc_async_rst_inst/arststages_ff_reg[2]/CLR  (IS_INVERTED)
  -------------------------------------------------------------------    -------------------

                         (clock clk_pl_0 rise edge)
                                                      0.000     0.000 r  
    PS8_X0Y0             PS8                          0.000     0.000 r  pccx_v002_system_i/zynq_ps/inst/PS8_i/PLCLK[0]
                         net (fo=1, routed)           0.164     0.164    pccx_v002_system_i/zynq_ps/inst/pl_clk_unbuffered[0]
    BUFG_PS_X0Y90        BUFG_PS (Prop_BUFG_PS_I_O)
                                                      0.023     0.187 r  pccx_v002_system_i/zynq_ps/inst/buffer_pl_clk_0.PL_CLK_0_BUFG/O
    X1Y1 (CLOCK_ROOT)    net (fo=82633, routed)       1.950     2.137    pccx_v002_system_i/sc_axil/inst/s00_nodes/s00_ar_node/inst/s_sc_xpm_cdc_async_rst_inst/dest_clk
    SLICE_X15Y44         FDCE                                         r  pccx_v002_system_i/sc_axil/inst/s00_nodes/s00_ar_node/inst/s_sc_xpm_cdc_async_rst_inst/arststages_ff_reg[2]/C

Slack:                    inf
  Source:                 pccx_v002_system_i/sc_axil/inst/clk_map/psr_aclk/U0/ACTIVE_LOW_BSR_OUT_DFF[0].FDRE_BSR_N/C
                            (rising edge-triggered cell FDRE clocked by clk_pl_0  {rise@0.000ns fall@5.000ns period=10.000ns})
  Destination:            pccx_v002_system_i/sc_axil/inst/s00_entry_pipeline/s00_transaction_regulator/inst/xpm_cdc_async_rst_inst/arststages_ff_reg[0]/CLR
                            (removal check against rising-edge clock clk_pl_0  {rise@0.000ns fall@5.000ns period=10.000ns})
  Path Group:             (none)
  Path Type:              Removal (Min at Fast Process Corner)
  Data Path Delay:        0.479ns  (logic 0.082ns (17.122%)  route 0.397ns (82.878%))
  Logic Levels:           0  
  Clock Path Skew:        0.224ns (DCD - SCD - CPR)
    Destination Clock Delay (DCD):    2.149ns
    Source Clock Delay      (SCD):    1.925ns
    Clock Pessimism Removal (CPR):    -0.000ns
  Clock Uncertainty:      0.160ns  ((TSJ^2 + DJ^2)^1/2) / 2 + PE
    Total System Jitter     (TSJ):    0.071ns
    Discrete Jitter          (DJ):    0.312ns
    Phase Error              (PE):    0.000ns
  Clock Net Delay (Source):      1.774ns (routing 0.940ns, distribution 0.834ns)
  Clock Net Delay (Destination): 1.962ns (routing 1.033ns, distribution 0.929ns)
  Timing Exception:       False Path

    Location             Delay type                Incr(ns)  Path(ns)    Netlist Resource(s)
  -------------------------------------------------------------------    -------------------
                         (clock clk_pl_0 rise edge)
                                                      0.000     0.000 r  
    PS8_X0Y0             PS8                          0.000     0.000 r  pccx_v002_system_i/zynq_ps/inst/PS8_i/PLCLK[0]
                         net (fo=1, routed)           0.129     0.129    pccx_v002_system_i/zynq_ps/inst/pl_clk_unbuffered[0]
    BUFG_PS_X0Y90        BUFG_PS (Prop_BUFG_PS_I_O)
                                                      0.022     0.151 r  pccx_v002_system_i/zynq_ps/inst/buffer_pl_clk_0.PL_CLK_0_BUFG/O
    X1Y1 (CLOCK_ROOT)    net (fo=82633, routed)       1.774     1.925    pccx_v002_system_i/sc_axil/inst/clk_map/psr_aclk/U0/aclk
    SLICE_X18Y5          FDRE                                         r  pccx_v002_system_i/sc_axil/inst/clk_map/psr_aclk/U0/ACTIVE_LOW_BSR_OUT_DFF[0].FDRE_BSR_N/C
  -------------------------------------------------------------------    -------------------
    SLICE_X18Y5          FDRE (Prop_EFF_SLICEM_C_Q)
                                                      0.082     2.007 r  pccx_v002_system_i/sc_axil/inst/clk_map/psr_aclk/U0/ACTIVE_LOW_BSR_OUT_DFF[0].FDRE_BSR_N/Q
                         net (fo=150, routed)         0.397     2.404    pccx_v002_system_i/sc_axil/inst/s00_entry_pipeline/s00_transaction_regulator/inst/xpm_cdc_async_rst_inst/src_arst
    SLICE_X7Y43          FDCE                                         f  pccx_v002_system_i/sc_axil/inst/s00_entry_pipeline/s00_transaction_regulator/inst/xpm_cdc_async_rst_inst/arststages_ff_reg[0]/CLR  (IS_INVERTED)
  -------------------------------------------------------------------    -------------------

                         (clock clk_pl_0 rise edge)
                                                      0.000     0.000 r  
    PS8_X0Y0             PS8                          0.000     0.000 r  pccx_v002_system_i/zynq_ps/inst/PS8_i/PLCLK[0]
                         net (fo=1, routed)           0.164     0.164    pccx_v002_system_i/zynq_ps/inst/pl_clk_unbuffered[0]
    BUFG_PS_X0Y90        BUFG_PS (Prop_BUFG_PS_I_O)
                                                      0.023     0.187 r  pccx_v002_system_i/zynq_ps/inst/buffer_pl_clk_0.PL_CLK_0_BUFG/O
    X1Y1 (CLOCK_ROOT)    net (fo=82633, routed)       1.962     2.149    pccx_v002_system_i/sc_axil/inst/s00_entry_pipeline/s00_transaction_regulator/inst/xpm_cdc_async_rst_inst/dest_clk
    SLICE_X7Y43          FDCE                                         r  pccx_v002_system_i/sc_axil/inst/s00_entry_pipeline/s00_transaction_regulator/inst/xpm_cdc_async_rst_inst/arststages_ff_reg[0]/C

Slack:                    inf
  Source:                 pccx_v002_system_i/sc_axil/inst/clk_map/psr_aclk/U0/ACTIVE_LOW_BSR_OUT_DFF[0].FDRE_BSR_N/C
                            (rising edge-triggered cell FDRE clocked by clk_pl_0  {rise@0.000ns fall@5.000ns period=10.000ns})
  Destination:            pccx_v002_system_i/sc_axil/inst/s00_entry_pipeline/s00_transaction_regulator/inst/xpm_cdc_async_rst_inst/arststages_ff_reg[1]/CLR
                            (removal check against rising-edge clock clk_pl_0  {rise@0.000ns fall@5.000ns period=10.000ns})
  Path Group:             (none)
  Path Type:              Removal (Min at Fast Process Corner)
  Data Path Delay:        0.479ns  (logic 0.082ns (17.122%)  route 0.397ns (82.878%))
  Logic Levels:           0  
  Clock Path Skew:        0.224ns (DCD - SCD - CPR)
    Destination Clock Delay (DCD):    2.149ns
    Source Clock Delay      (SCD):    1.925ns
    Clock Pessimism Removal (CPR):    -0.000ns
  Clock Uncertainty:      0.160ns  ((TSJ^2 + DJ^2)^1/2) / 2 + PE
    Total System Jitter     (TSJ):    0.071ns
    Discrete Jitter          (DJ):    0.312ns
    Phase Error              (PE):    0.000ns
  Clock Net Delay (Source):      1.774ns (routing 0.940ns, distribution 0.834ns)
  Clock Net Delay (Destination): 1.962ns (routing 1.033ns, distribution 0.929ns)
  Timing Exception:       False Path

    Location             Delay type                Incr(ns)  Path(ns)    Netlist Resource(s)
  -------------------------------------------------------------------    -------------------
                         (clock clk_pl_0 rise edge)
                                                      0.000     0.000 r  
    PS8_X0Y0             PS8                          0.000     0.000 r  pccx_v002_system_i/zynq_ps/inst/PS8_i/PLCLK[0]
                         net (fo=1, routed)           0.129     0.129    pccx_v002_system_i/zynq_ps/inst/pl_clk_unbuffered[0]
    BUFG_PS_X0Y90        BUFG_PS (Prop_BUFG_PS_I_O)
                                                      0.022     0.151 r  pccx_v002_system_i/zynq_ps/inst/buffer_pl_clk_0.PL_CLK_0_BUFG/O
    X1Y1 (CLOCK_ROOT)    net (fo=82633, routed)       1.774     1.925    pccx_v002_system_i/sc_axil/inst/clk_map/psr_aclk/U0/aclk
    SLICE_X18Y5          FDRE                                         r  pccx_v002_system_i/sc_axil/inst/clk_map/psr_aclk/U0/ACTIVE_LOW_BSR_OUT_DFF[0].FDRE_BSR_N/C
  -------------------------------------------------------------------    -------------------
    SLICE_X18Y5          FDRE (Prop_EFF_SLICEM_C_Q)
                                                      0.082     2.007 r  pccx_v002_system_i/sc_axil/inst/clk_map/psr_aclk/U0/ACTIVE_LOW_BSR_OUT_DFF[0].FDRE_BSR_N/Q
                         net (fo=150, routed)         0.397     2.404    pccx_v002_system_i/sc_axil/inst/s00_entry_pipeline/s00_transaction_regulator/inst/xpm_cdc_async_rst_inst/src_arst
    SLICE_X7Y43          FDCE                                         f  pccx_v002_system_i/sc_axil/inst/s00_entry_pipeline/s00_transaction_regulator/inst/xpm_cdc_async_rst_inst/arststages_ff_reg[1]/CLR  (IS_INVERTED)
  -------------------------------------------------------------------    -------------------

                         (clock clk_pl_0 rise edge)
                                                      0.000     0.000 r  
    PS8_X0Y0             PS8                          0.000     0.000 r  pccx_v002_system_i/zynq_ps/inst/PS8_i/PLCLK[0]
                         net (fo=1, routed)           0.164     0.164    pccx_v002_system_i/zynq_ps/inst/pl_clk_unbuffered[0]
    BUFG_PS_X0Y90        BUFG_PS (Prop_BUFG_PS_I_O)
                                                      0.023     0.187 r  pccx_v002_system_i/zynq_ps/inst/buffer_pl_clk_0.PL_CLK_0_BUFG/O
    X1Y1 (CLOCK_ROOT)    net (fo=82633, routed)       1.962     2.149    pccx_v002_system_i/sc_axil/inst/s00_entry_pipeline/s00_transaction_regulator/inst/xpm_cdc_async_rst_inst/dest_clk
    SLICE_X7Y43          FDCE                                         r  pccx_v002_system_i/sc_axil/inst/s00_entry_pipeline/s00_transaction_regulator/inst/xpm_cdc_async_rst_inst/arststages_ff_reg[1]/C





--------------------------------------------------------------------------------------
Path Group:  (none)
From Clock:  
  To Clock:  clk_pl_0

Max Delay           324 Endpoints
Min Delay           324 Endpoints
--------------------------------------------------------------------------------------


Max Delay Paths
--------------------------------------------------------------------------------------
Slack:                    inf
  Source:                 pccx_v002_system_i/u_npu/inst/u_wrap/u_pccx_npu_top/u_mem_dispatcher/u_l2_cache/u_l2_uram/u_l2_uram/xpm_memory_base_inst/gen_wr_a.gen_word_narrow.mem_reg_uram_0/CAS_OUT_ADDR_A[18]
                            (internal pin)
  Destination:            pccx_v002_system_i/u_npu/inst/u_wrap/u_pccx_npu_top/u_mem_dispatcher/u_l2_cache/u_l2_uram/u_l2_uram/xpm_memory_base_inst/gen_wr_a.gen_word_narrow.mem_reg_uram_1/CAS_IN_ADDR_A[18]
                            (rising edge-triggered cell URAM288 clocked by clk_pl_0  {rise@0.000ns fall@5.000ns period=10.000ns})
  Path Group:             (none)
  Path Type:              Setup (Max at Slow Process Corner)
  Data Path Delay:        0.003ns  (logic 0.000ns (0.000%)  route 0.003ns (100.000%))
  Logic Levels:           0  
  Clock Uncertainty:      0.158ns  ((TSJ^2 + DJ^2)^1/2) / 2 + PE
    Total System Jitter     (TSJ):    0.050ns
    Discrete Jitter          (DJ):    0.312ns
    Phase Error              (PE):    0.000ns
  Clock Net Delay (Destination): 2.904ns (routing 1.538ns, distribution 1.366ns)

    Location             Delay type                Incr(ns)  Path(ns)    Netlist Resource(s)
  -------------------------------------------------------------------    -------------------
    URAM288_X0Y56        URAM288                      0.000     0.000 r  pccx_v002_system_i/u_npu/inst/u_wrap/u_pccx_npu_top/u_mem_dispatcher/u_l2_cache/u_l2_uram/u_l2_uram/xpm_memory_base_inst/gen_wr_a.gen_word_narrow.mem_reg_uram_0/CAS_OUT_ADDR_A[18]
                         net (fo=1, routed)           0.003     0.003    pccx_v002_system_i/u_npu/inst/u_wrap/u_pccx_npu_top/u_mem_dispatcher/u_l2_cache/u_l2_uram/u_l2_uram/xpm_memory_base_inst/gen_wr_a.gen_word_narrow.mem_reg_uram_1_Cas_AddrA_1[18]
    URAM288_X0Y57        URAM288                                      r  pccx_v002_system_i/u_npu/inst/u_wrap/u_pccx_npu_top/u_mem_dispatcher/u_l2_cache/u_l2_uram/u_l2_uram/xpm_memory_base_inst/gen_wr_a.gen_word_narrow.mem_reg_uram_1/CAS_IN_ADDR_A[18]
  -------------------------------------------------------------------    -------------------

                         (clock clk_pl_0 rise edge)
                                                      0.000     0.000 r  
    PS8_X0Y0             PS8                          0.000     0.000 r  pccx_v002_system_i/zynq_ps/inst/PS8_i/PLCLK[0]
                         net (fo=1, routed)           0.181     0.181    pccx_v002_system_i/zynq_ps/inst/pl_clk_unbuffered[0]
    BUFG_PS_X0Y90        BUFG_PS (Prop_BUFG_PS_I_O)
                                                      0.035     0.216 r  pccx_v002_system_i/zynq_ps/inst/buffer_pl_clk_0.PL_CLK_0_BUFG/O
    X1Y1 (CLOCK_ROOT)    net (fo=82633, routed)       2.904     3.120    pccx_v002_system_i/u_npu/inst/u_wrap/u_pccx_npu_top/u_mem_dispatcher/u_l2_cache/u_l2_uram/u_l2_uram/xpm_memory_base_inst/clka
    URAM288_X0Y57        URAM288                                      r  pccx_v002_system_i/u_npu/inst/u_wrap/u_pccx_npu_top/u_mem_dispatcher/u_l2_cache/u_l2_uram/u_l2_uram/xpm_memory_base_inst/gen_wr_a.gen_word_narrow.mem_reg_uram_1/CLK

Slack:                    inf
  Source:                 pccx_v002_system_i/u_npu/inst/u_wrap/u_pccx_npu_top/u_mem_dispatcher/u_l2_cache/u_l2_uram/u_l2_uram/xpm_memory_base_inst/gen_wr_a.gen_word_narrow.mem_reg_uram_28/CAS_OUT_ADDR_A[18]
                            (internal pin)
  Destination:            pccx_v002_system_i/u_npu/inst/u_wrap/u_pccx_npu_top/u_mem_dispatcher/u_l2_cache/u_l2_uram/u_l2_uram/xpm_memory_base_inst/gen_wr_a.gen_word_narrow.mem_reg_uram_29/CAS_IN_ADDR_A[18]
                            (rising edge-triggered cell URAM288 clocked by clk_pl_0  {rise@0.000ns fall@5.000ns period=10.000ns})
  Path Group:             (none)
  Path Type:              Setup (Max at Slow Process Corner)
  Data Path Delay:        0.003ns  (logic 0.000ns (0.000%)  route 0.003ns (100.000%))
  Logic Levels:           0  
  Clock Uncertainty:      0.158ns  ((TSJ^2 + DJ^2)^1/2) / 2 + PE
    Total System Jitter     (TSJ):    0.050ns
    Discrete Jitter          (DJ):    0.312ns
    Phase Error              (PE):    0.000ns
  Clock Net Delay (Destination): 2.855ns (routing 1.538ns, distribution 1.317ns)

    Location             Delay type                Incr(ns)  Path(ns)    Netlist Resource(s)
  -------------------------------------------------------------------    -------------------
    URAM288_X0Y4         URAM288                      0.000     0.000 r  pccx_v002_system_i/u_npu/inst/u_wrap/u_pccx_npu_top/u_mem_dispatcher/u_l2_cache/u_l2_uram/u_l2_uram/xpm_memory_base_inst/gen_wr_a.gen_word_narrow.mem_reg_uram_28/CAS_OUT_ADDR_A[18]
                         net (fo=1, routed)           0.003     0.003    pccx_v002_system_i/u_npu/inst/u_wrap/u_pccx_npu_top/u_mem_dispatcher/u_l2_cache/u_l2_uram/u_l2_uram/xpm_memory_base_inst/gen_wr_a.gen_word_narrow.mem_reg_uram_29_Cas_AddrA_1[18]
    URAM288_X0Y5         URAM288                                      r  pccx_v002_system_i/u_npu/inst/u_wrap/u_pccx_npu_top/u_mem_dispatcher/u_l2_cache/u_l2_uram/u_l2_uram/xpm_memory_base_inst/gen_wr_a.gen_word_narrow.mem_reg_uram_29/CAS_IN_ADDR_A[18]
  -------------------------------------------------------------------    -------------------

                         (clock clk_pl_0 rise edge)
                                                      0.000     0.000 r  
    PS8_X0Y0             PS8                          0.000     0.000 r  pccx_v002_system_i/zynq_ps/inst/PS8_i/PLCLK[0]
                         net (fo=1, routed)           0.181     0.181    pccx_v002_system_i/zynq_ps/inst/pl_clk_unbuffered[0]
    BUFG_PS_X0Y90        BUFG_PS (Prop_BUFG_PS_I_O)
                                                      0.035     0.216 r  pccx_v002_system_i/zynq_ps/inst/buffer_pl_clk_0.PL_CLK_0_BUFG/O
    X1Y1 (CLOCK_ROOT)    net (fo=82633, routed)       2.855     3.071    pccx_v002_system_i/u_npu/inst/u_wrap/u_pccx_npu_top/u_mem_dispatcher/u_l2_cache/u_l2_uram/u_l2_uram/xpm_memory_base_inst/clka
    URAM288_X0Y5         URAM288                                      r  pccx_v002_system_i/u_npu/inst/u_wrap/u_pccx_npu_top/u_mem_dispatcher/u_l2_cache/u_l2_uram/u_l2_uram/xpm_memory_base_inst/gen_wr_a.gen_word_narrow.mem_reg_uram_29/CLK

Slack:                    inf
  Source:                 pccx_v002_system_i/u_npu/inst/u_wrap/u_pccx_npu_top/u_mem_dispatcher/u_l2_cache/u_l2_uram/u_l2_uram/xpm_memory_base_inst/gen_wr_a.gen_word_narrow.mem_reg_uram_2/CAS_OUT_ADDR_A[18]
                            (internal pin)
  Destination:            pccx_v002_system_i/u_npu/inst/u_wrap/u_pccx_npu_top/u_mem_dispatcher/u_l2_cache/u_l2_uram/u_l2_uram/xpm_memory_base_inst/gen_wr_a.gen_word_narrow.mem_reg_uram_3/CAS_IN_ADDR_A[18]
                            (rising edge-triggered cell URAM288 clocked by clk_pl_0  {rise@0.000ns fall@5.000ns period=10.000ns})
  Path Group:             (none)
  Path Type:              Setup (Max at Slow Process Corner)
  Data Path Delay:        0.003ns  (logic 0.000ns (0.000%)  route 0.003ns (100.000%))
  Logic Levels:           0  
  Clock Uncertainty:      0.158ns  ((TSJ^2 + DJ^2)^1/2) / 2 + PE
    Total System Jitter     (TSJ):    0.050ns
    Discrete Jitter          (DJ):    0.312ns
    Phase Error              (PE):    0.000ns
  Clock Net Delay (Destination): 2.900ns (routing 1.538ns, distribution 1.362ns)

    Location             Delay type                Incr(ns)  Path(ns)    Netlist Resource(s)
  -------------------------------------------------------------------    -------------------
    URAM288_X0Y58        URAM288                      0.000     0.000 r  pccx_v002_system_i/u_npu/inst/u_wrap/u_pccx_npu_top/u_mem_dispatcher/u_l2_cache/u_l2_uram/u_l2_uram/xpm_memory_base_inst/gen_wr_a.gen_word_narrow.mem_reg_uram_2/CAS_OUT_ADDR_A[18]
                         net (fo=1, routed)           0.003     0.003    pccx_v002_system_i/u_npu/inst/u_wrap/u_pccx_npu_top/u_mem_dispatcher/u_l2_cache/u_l2_uram/u_l2_uram/xpm_memory_base_inst/gen_wr_a.gen_word_narrow.mem_reg_uram_3_Cas_AddrA_1[18]
    URAM288_X0Y59        URAM288                                      r  pccx_v002_system_i/u_npu/inst/u_wrap/u_pccx_npu_top/u_mem_dispatcher/u_l2_cache/u_l2_uram/u_l2_uram/xpm_memory_base_inst/gen_wr_a.gen_word_narrow.mem_reg_uram_3/CAS_IN_ADDR_A[18]
  -------------------------------------------------------------------    -------------------

                         (clock clk_pl_0 rise edge)
                                                      0.000     0.000 r  
    PS8_X0Y0             PS8                          0.000     0.000 r  pccx_v002_system_i/zynq_ps/inst/PS8_i/PLCLK[0]
                         net (fo=1, routed)           0.181     0.181    pccx_v002_system_i/zynq_ps/inst/pl_clk_unbuffered[0]
    BUFG_PS_X0Y90        BUFG_PS (Prop_BUFG_PS_I_O)
                                                      0.035     0.216 r  pccx_v002_system_i/zynq_ps/inst/buffer_pl_clk_0.PL_CLK_0_BUFG/O
    X1Y1 (CLOCK_ROOT)    net (fo=82633, routed)       2.900     3.116    pccx_v002_system_i/u_npu/inst/u_wrap/u_pccx_npu_top/u_mem_dispatcher/u_l2_cache/u_l2_uram/u_l2_uram/xpm_memory_base_inst/clka
    URAM288_X0Y59        URAM288                                      r  pccx_v002_system_i/u_npu/inst/u_wrap/u_pccx_npu_top/u_mem_dispatcher/u_l2_cache/u_l2_uram/u_l2_uram/xpm_memory_base_inst/gen_wr_a.gen_word_narrow.mem_reg_uram_3/CLK

Slack:                    inf
  Source:                 pccx_v002_system_i/u_npu/inst/u_wrap/u_pccx_npu_top/u_mem_dispatcher/u_l2_cache/u_l2_uram/u_l2_uram/xpm_memory_base_inst/gen_wr_a.gen_word_narrow.mem_reg_uram_30/CAS_OUT_ADDR_A[18]
                            (internal pin)
  Destination:            pccx_v002_system_i/u_npu/inst/u_wrap/u_pccx_npu_top/u_mem_dispatcher/u_l2_cache/u_l2_uram/u_l2_uram/xpm_memory_base_inst/gen_wr_a.gen_word_narrow.mem_reg_uram_31/CAS_IN_ADDR_A[18]
                            (rising edge-triggered cell URAM288 clocked by clk_pl_0  {rise@0.000ns fall@5.000ns period=10.000ns})
  Path Group:             (none)
  Path Type:              Setup (Max at Slow Process Corner)
  Data Path Delay:        0.003ns  (logic 0.000ns (0.000%)  route 0.003ns (100.000%))
  Logic Levels:           0  
  Clock Uncertainty:      0.158ns  ((TSJ^2 + DJ^2)^1/2) / 2 + PE
    Total System Jitter     (TSJ):    0.050ns
    Discrete Jitter          (DJ):    0.312ns
    Phase Error              (PE):    0.000ns
  Clock Net Delay (Destination): 2.859ns (routing 1.538ns, distribution 1.321ns)

    Location             Delay type                Incr(ns)  Path(ns)    Netlist Resource(s)
  -------------------------------------------------------------------    -------------------
    URAM288_X0Y8         URAM288                      0.000     0.000 r  pccx_v002_system_i/u_npu/inst/u_wrap/u_pccx_npu_top/u_mem_dispatcher/u_l2_cache/u_l2_uram/u_l2_uram/xpm_memory_base_inst/gen_wr_a.gen_word_narrow.mem_reg_uram_30/CAS_OUT_ADDR_A[18]
                         net (fo=1, routed)           0.003     0.003    pccx_v002_system_i/u_npu/inst/u_wrap/u_pccx_npu_top/u_mem_dispatcher/u_l2_cache/u_l2_uram/u_l2_uram/xpm_memory_base_inst/gen_wr_a.gen_word_narrow.mem_reg_uram_31_Cas_AddrA_1[18]
    URAM288_X0Y9         URAM288                                      r  pccx_v002_system_i/u_npu/inst/u_wrap/u_pccx_npu_top/u_mem_dispatcher/u_l2_cache/u_l2_uram/u_l2_uram/xpm_memory_base_inst/gen_wr_a.gen_word_narrow.mem_reg_uram_31/CAS_IN_ADDR_A[18]
  -------------------------------------------------------------------    -------------------

                         (clock clk_pl_0 rise edge)
                                                      0.000     0.000 r  
    PS8_X0Y0             PS8                          0.000     0.000 r  pccx_v002_system_i/zynq_ps/inst/PS8_i/PLCLK[0]
                         net (fo=1, routed)           0.181     0.181    pccx_v002_system_i/zynq_ps/inst/pl_clk_unbuffered[0]
    BUFG_PS_X0Y90        BUFG_PS (Prop_BUFG_PS_I_O)
                                                      0.035     0.216 r  pccx_v002_system_i/zynq_ps/inst/buffer_pl_clk_0.PL_CLK_0_BUFG/O
    X1Y1 (CLOCK_ROOT)    net (fo=82633, routed)       2.859     3.075    pccx_v002_system_i/u_npu/inst/u_wrap/u_pccx_npu_top/u_mem_dispatcher/u_l2_cache/u_l2_uram/u_l2_uram/xpm_memory_base_inst/clka
    URAM288_X0Y9         URAM288                                      r  pccx_v002_system_i/u_npu/inst/u_wrap/u_pccx_npu_top/u_mem_dispatcher/u_l2_cache/u_l2_uram/u_l2_uram/xpm_memory_base_inst/gen_wr_a.gen_word_narrow.mem_reg_uram_31/CLK

Slack:                    inf
  Source:                 pccx_v002_system_i/u_npu/inst/u_wrap/u_pccx_npu_top/u_mem_dispatcher/u_l2_cache/u_l2_uram/u_l2_uram/xpm_memory_base_inst/gen_wr_a.gen_word_narrow.mem_reg_uram_32/CAS_OUT_ADDR_A[18]
                            (internal pin)
  Destination:            pccx_v002_system_i/u_npu/inst/u_wrap/u_pccx_npu_top/u_mem_dispatcher/u_l2_cache/u_l2_uram/u_l2_uram/xpm_memory_base_inst/gen_wr_a.gen_word_narrow.mem_reg_uram_33/CAS_IN_ADDR_A[18]
                            (rising edge-triggered cell URAM288 clocked by clk_pl_0  {rise@0.000ns fall@5.000ns period=10.000ns})
  Path Group:             (none)
  Path Type:              Setup (Max at Slow Process Corner)
  Data Path Delay:        0.003ns  (logic 0.000ns (0.000%)  route 0.003ns (100.000%))
  Logic Levels:           0  
  Clock Uncertainty:      0.158ns  ((TSJ^2 + DJ^2)^1/2) / 2 + PE
    Total System Jitter     (TSJ):    0.050ns
    Discrete Jitter          (DJ):    0.312ns
    Phase Error              (PE):    0.000ns
  Clock Net Delay (Destination): 2.858ns (routing 1.538ns, distribution 1.320ns)

    Location             Delay type                Incr(ns)  Path(ns)    Netlist Resource(s)
  -------------------------------------------------------------------    -------------------
    URAM288_X0Y6         URAM288                      0.000     0.000 r  pccx_v002_system_i/u_npu/inst/u_wrap/u_pccx_npu_top/u_mem_dispatcher/u_l2_cache/u_l2_uram/u_l2_uram/xpm_memory_base_inst/gen_wr_a.gen_word_narrow.mem_reg_uram_32/CAS_OUT_ADDR_A[18]
                         net (fo=1, routed)           0.003     0.003    pccx_v002_system_i/u_npu/inst/u_wrap/u_pccx_npu_top/u_mem_dispatcher/u_l2_cache/u_l2_uram/u_l2_uram/xpm_memory_base_inst/gen_wr_a.gen_word_narrow.mem_reg_uram_33_Cas_AddrA_1[18]
    URAM288_X0Y7         URAM288                                      r  pccx_v002_system_i/u_npu/inst/u_wrap/u_pccx_npu_top/u_mem_dispatcher/u_l2_cache/u_l2_uram/u_l2_uram/xpm_memory_base_inst/gen_wr_a.gen_word_narrow.mem_reg_uram_33/CAS_IN_ADDR_A[18]
  -------------------------------------------------------------------    -------------------

                         (clock clk_pl_0 rise edge)
                                                      0.000     0.000 r  
    PS8_X0Y0             PS8                          0.000     0.000 r  pccx_v002_system_i/zynq_ps/inst/PS8_i/PLCLK[0]
                         net (fo=1, routed)           0.181     0.181    pccx_v002_system_i/zynq_ps/inst/pl_clk_unbuffered[0]
    BUFG_PS_X0Y90        BUFG_PS (Prop_BUFG_PS_I_O)
                                                      0.035     0.216 r  pccx_v002_system_i/zynq_ps/inst/buffer_pl_clk_0.PL_CLK_0_BUFG/O
    X1Y1 (CLOCK_ROOT)    net (fo=82633, routed)       2.858     3.074    pccx_v002_system_i/u_npu/inst/u_wrap/u_pccx_npu_top/u_mem_dispatcher/u_l2_cache/u_l2_uram/u_l2_uram/xpm_memory_base_inst/clka
    URAM288_X0Y7         URAM288                                      r  pccx_v002_system_i/u_npu/inst/u_wrap/u_pccx_npu_top/u_mem_dispatcher/u_l2_cache/u_l2_uram/u_l2_uram/xpm_memory_base_inst/gen_wr_a.gen_word_narrow.mem_reg_uram_33/CLK

Slack:                    inf
  Source:                 pccx_v002_system_i/u_npu/inst/u_wrap/u_pccx_npu_top/u_mem_dispatcher/u_l2_cache/u_l2_uram/u_l2_uram/xpm_memory_base_inst/gen_wr_a.gen_word_narrow.mem_reg_uram_34/CAS_OUT_ADDR_A[18]
                            (internal pin)
  Destination:            pccx_v002_system_i/u_npu/inst/u_wrap/u_pccx_npu_top/u_mem_dispatcher/u_l2_cache/u_l2_uram/u_l2_uram/xpm_memory_base_inst/gen_wr_a.gen_word_narrow.mem_reg_uram_35/CAS_IN_ADDR_A[18]
                            (rising edge-triggered cell URAM288 clocked by clk_pl_0  {rise@0.000ns fall@5.000ns period=10.000ns})
  Path Group:             (none)
  Path Type:              Setup (Max at Slow Process Corner)
  Data Path Delay:        0.003ns  (logic 0.000ns (0.000%)  route 0.003ns (100.000%))
  Logic Levels:           0  
  Clock Uncertainty:      0.158ns  ((TSJ^2 + DJ^2)^1/2) / 2 + PE
    Total System Jitter     (TSJ):    0.050ns
    Discrete Jitter          (DJ):    0.312ns
    Phase Error              (PE):    0.000ns
  Clock Net Delay (Destination): 2.867ns (routing 1.538ns, distribution 1.329ns)

    Location             Delay type                Incr(ns)  Path(ns)    Netlist Resource(s)
  -------------------------------------------------------------------    -------------------
    URAM288_X0Y10        URAM288                      0.000     0.000 r  pccx_v002_system_i/u_npu/inst/u_wrap/u_pccx_npu_top/u_mem_dispatcher/u_l2_cache/u_l2_uram/u_l2_uram/xpm_memory_base_inst/gen_wr_a.gen_word_narrow.mem_reg_uram_34/CAS_OUT_ADDR_A[18]
                         net (fo=1, routed)           0.003     0.003    pccx_v002_system_i/u_npu/inst/u_wrap/u_pccx_npu_top/u_mem_dispatcher/u_l2_cache/u_l2_uram/u_l2_uram/xpm_memory_base_inst/gen_wr_a.gen_word_narrow.mem_reg_uram_35_Cas_AddrA_1[18]
    URAM288_X0Y11        URAM288                                      r  pccx_v002_system_i/u_npu/inst/u_wrap/u_pccx_npu_top/u_mem_dispatcher/u_l2_cache/u_l2_uram/u_l2_uram/xpm_memory_base_inst/gen_wr_a.gen_word_narrow.mem_reg_uram_35/CAS_IN_ADDR_A[18]
  -------------------------------------------------------------------    -------------------

                         (clock clk_pl_0 rise edge)
                                                      0.000     0.000 r  
    PS8_X0Y0             PS8                          0.000     0.000 r  pccx_v002_system_i/zynq_ps/inst/PS8_i/PLCLK[0]
                         net (fo=1, routed)           0.181     0.181    pccx_v002_system_i/zynq_ps/inst/pl_clk_unbuffered[0]
    BUFG_PS_X0Y90        BUFG_PS (Prop_BUFG_PS_I_O)
                                                      0.035     0.216 r  pccx_v002_system_i/zynq_ps/inst/buffer_pl_clk_0.PL_CLK_0_BUFG/O
    X1Y1 (CLOCK_ROOT)    net (fo=82633, routed)       2.867     3.083    pccx_v002_system_i/u_npu/inst/u_wrap/u_pccx_npu_top/u_mem_dispatcher/u_l2_cache/u_l2_uram/u_l2_uram/xpm_memory_base_inst/clka
    URAM288_X0Y11        URAM288                                      r  pccx_v002_system_i/u_npu/inst/u_wrap/u_pccx_npu_top/u_mem_dispatcher/u_l2_cache/u_l2_uram/u_l2_uram/xpm_memory_base_inst/gen_wr_a.gen_word_narrow.mem_reg_uram_35/CLK

Slack:                    inf
  Source:                 pccx_v002_system_i/u_npu/inst/u_wrap/u_pccx_npu_top/u_mem_dispatcher/u_l2_cache/u_l2_uram/u_l2_uram/xpm_memory_base_inst/gen_wr_a.gen_word_narrow.mem_reg_uram_36/CAS_OUT_ADDR_A[18]
                            (internal pin)
  Destination:            pccx_v002_system_i/u_npu/inst/u_wrap/u_pccx_npu_top/u_mem_dispatcher/u_l2_cache/u_l2_uram/u_l2_uram/xpm_memory_base_inst/gen_wr_a.gen_word_narrow.mem_reg_uram_37/CAS_IN_ADDR_A[18]
                            (rising edge-triggered cell URAM288 clocked by clk_pl_0  {rise@0.000ns fall@5.000ns period=10.000ns})
  Path Group:             (none)
  Path Type:              Setup (Max at Slow Process Corner)
  Data Path Delay:        0.003ns  (logic 0.000ns (0.000%)  route 0.003ns (100.000%))
  Logic Levels:           0  
  Clock Uncertainty:      0.158ns  ((TSJ^2 + DJ^2)^1/2) / 2 + PE
    Total System Jitter     (TSJ):    0.050ns
    Discrete Jitter          (DJ):    0.312ns
    Phase Error              (PE):    0.000ns
  Clock Net Delay (Destination): 2.871ns (routing 1.538ns, distribution 1.333ns)

    Location             Delay type                Incr(ns)  Path(ns)    Netlist Resource(s)
  -------------------------------------------------------------------    -------------------
    URAM288_X0Y12        URAM288                      0.000     0.000 r  pccx_v002_system_i/u_npu/inst/u_wrap/u_pccx_npu_top/u_mem_dispatcher/u_l2_cache/u_l2_uram/u_l2_uram/xpm_memory_base_inst/gen_wr_a.gen_word_narrow.mem_reg_uram_36/CAS_OUT_ADDR_A[18]
                         net (fo=1, routed)           0.003     0.003    pccx_v002_system_i/u_npu/inst/u_wrap/u_pccx_npu_top/u_mem_dispatcher/u_l2_cache/u_l2_uram/u_l2_uram/xpm_memory_base_inst/gen_wr_a.gen_word_narrow.mem_reg_uram_37_Cas_AddrA_1[18]
    URAM288_X0Y13        URAM288                                      r  pccx_v002_system_i/u_npu/inst/u_wrap/u_pccx_npu_top/u_mem_dispatcher/u_l2_cache/u_l2_uram/u_l2_uram/xpm_memory_base_inst/gen_wr_a.gen_word_narrow.mem_reg_uram_37/CAS_IN_ADDR_A[18]
  -------------------------------------------------------------------    -------------------

                         (clock clk_pl_0 rise edge)
                                                      0.000     0.000 r  
    PS8_X0Y0             PS8                          0.000     0.000 r  pccx_v002_system_i/zynq_ps/inst/PS8_i/PLCLK[0]
                         net (fo=1, routed)           0.181     0.181    pccx_v002_system_i/zynq_ps/inst/pl_clk_unbuffered[0]
    BUFG_PS_X0Y90        BUFG_PS (Prop_BUFG_PS_I_O)
                                                      0.035     0.216 r  pccx_v002_system_i/zynq_ps/inst/buffer_pl_clk_0.PL_CLK_0_BUFG/O
    X1Y1 (CLOCK_ROOT)    net (fo=82633, routed)       2.871     3.087    pccx_v002_system_i/u_npu/inst/u_wrap/u_pccx_npu_top/u_mem_dispatcher/u_l2_cache/u_l2_uram/u_l2_uram/xpm_memory_base_inst/clka
    URAM288_X0Y13        URAM288                                      r  pccx_v002_system_i/u_npu/inst/u_wrap/u_pccx_npu_top/u_mem_dispatcher/u_l2_cache/u_l2_uram/u_l2_uram/xpm_memory_base_inst/gen_wr_a.gen_word_narrow.mem_reg_uram_37/CLK

Slack:                    inf
  Source:                 pccx_v002_system_i/u_npu/inst/u_wrap/u_pccx_npu_top/u_mem_dispatcher/u_l2_cache/u_l2_uram/u_l2_uram/xpm_memory_base_inst/gen_wr_a.gen_word_narrow.mem_reg_uram_4/CAS_OUT_ADDR_A[18]
                            (internal pin)
  Destination:            pccx_v002_system_i/u_npu/inst/u_wrap/u_pccx_npu_top/u_mem_dispatcher/u_l2_cache/u_l2_uram/u_l2_uram/xpm_memory_base_inst/gen_wr_a.gen_word_narrow.mem_reg_uram_5/CAS_IN_ADDR_A[18]
                            (rising edge-triggered cell URAM288 clocked by clk_pl_0  {rise@0.000ns fall@5.000ns period=10.000ns})
  Path Group:             (none)
  Path Type:              Setup (Max at Slow Process Corner)
  Data Path Delay:        0.003ns  (logic 0.000ns (0.000%)  route 0.003ns (100.000%))
  Logic Levels:           0  
  Clock Uncertainty:      0.158ns  ((TSJ^2 + DJ^2)^1/2) / 2 + PE
    Total System Jitter     (TSJ):    0.050ns
    Discrete Jitter          (DJ):    0.312ns
    Phase Error              (PE):    0.000ns
  Clock Net Delay (Destination): 2.904ns (routing 1.538ns, distribution 1.366ns)

    Location             Delay type                Incr(ns)  Path(ns)    Netlist Resource(s)
  -------------------------------------------------------------------    -------------------
    URAM288_X0Y60        URAM288                      0.000     0.000 r  pccx_v002_system_i/u_npu/inst/u_wrap/u_pccx_npu_top/u_mem_dispatcher/u_l2_cache/u_l2_uram/u_l2_uram/xpm_memory_base_inst/gen_wr_a.gen_word_narrow.mem_reg_uram_4/CAS_OUT_ADDR_A[18]
                         net (fo=1, routed)           0.003     0.003    pccx_v002_system_i/u_npu/inst/u_wrap/u_pccx_npu_top/u_mem_dispatcher/u_l2_cache/u_l2_uram/u_l2_uram/xpm_memory_base_inst/gen_wr_a.gen_word_narrow.mem_reg_uram_5_Cas_AddrA_1[18]
    URAM288_X0Y61        URAM288                                      r  pccx_v002_system_i/u_npu/inst/u_wrap/u_pccx_npu_top/u_mem_dispatcher/u_l2_cache/u_l2_uram/u_l2_uram/xpm_memory_base_inst/gen_wr_a.gen_word_narrow.mem_reg_uram_5/CAS_IN_ADDR_A[18]
  -------------------------------------------------------------------    -------------------

                         (clock clk_pl_0 rise edge)
                                                      0.000     0.000 r  
    PS8_X0Y0             PS8                          0.000     0.000 r  pccx_v002_system_i/zynq_ps/inst/PS8_i/PLCLK[0]
                         net (fo=1, routed)           0.181     0.181    pccx_v002_system_i/zynq_ps/inst/pl_clk_unbuffered[0]
    BUFG_PS_X0Y90        BUFG_PS (Prop_BUFG_PS_I_O)
                                                      0.035     0.216 r  pccx_v002_system_i/zynq_ps/inst/buffer_pl_clk_0.PL_CLK_0_BUFG/O
    X1Y1 (CLOCK_ROOT)    net (fo=82633, routed)       2.904     3.120    pccx_v002_system_i/u_npu/inst/u_wrap/u_pccx_npu_top/u_mem_dispatcher/u_l2_cache/u_l2_uram/u_l2_uram/xpm_memory_base_inst/clka
    URAM288_X0Y61        URAM288                                      r  pccx_v002_system_i/u_npu/inst/u_wrap/u_pccx_npu_top/u_mem_dispatcher/u_l2_cache/u_l2_uram/u_l2_uram/xpm_memory_base_inst/gen_wr_a.gen_word_narrow.mem_reg_uram_5/CLK

Slack:                    inf
  Source:                 pccx_v002_system_i/u_npu/inst/u_wrap/u_pccx_npu_top/u_mem_dispatcher/u_l2_cache/u_l2_uram/u_l2_uram/xpm_memory_base_inst/gen_wr_a.gen_word_narrow.mem_reg_uram_6/CAS_OUT_ADDR_A[18]
                            (internal pin)
  Destination:            pccx_v002_system_i/u_npu/inst/u_wrap/u_pccx_npu_top/u_mem_dispatcher/u_l2_cache/u_l2_uram/u_l2_uram/xpm_memory_base_inst/gen_wr_a.gen_word_narrow.mem_reg_uram_7/CAS_IN_ADDR_A[18]
                            (rising edge-triggered cell URAM288 clocked by clk_pl_0  {rise@0.000ns fall@5.000ns period=10.000ns})
  Path Group:             (none)
  Path Type:              Setup (Max at Slow Process Corner)
  Data Path Delay:        0.003ns  (logic 0.000ns (0.000%)  route 0.003ns (100.000%))
  Logic Levels:           0  
  Clock Uncertainty:      0.158ns  ((TSJ^2 + DJ^2)^1/2) / 2 + PE
    Total System Jitter     (TSJ):    0.050ns
    Discrete Jitter          (DJ):    0.312ns
    Phase Error              (PE):    0.000ns
  Clock Net Delay (Destination): 2.890ns (routing 1.538ns, distribution 1.352ns)

    Location             Delay type                Incr(ns)  Path(ns)    Netlist Resource(s)
  -------------------------------------------------------------------    -------------------
    URAM288_X0Y54        URAM288                      0.000     0.000 r  pccx_v002_system_i/u_npu/inst/u_wrap/u_pccx_npu_top/u_mem_dispatcher/u_l2_cache/u_l2_uram/u_l2_uram/xpm_memory_base_inst/gen_wr_a.gen_word_narrow.mem_reg_uram_6/CAS_OUT_ADDR_A[18]
                         net (fo=1, routed)           0.003     0.003    pccx_v002_system_i/u_npu/inst/u_wrap/u_pccx_npu_top/u_mem_dispatcher/u_l2_cache/u_l2_uram/u_l2_uram/xpm_memory_base_inst/gen_wr_a.gen_word_narrow.mem_reg_uram_7_Cas_AddrA_1[18]
    URAM288_X0Y55        URAM288                                      r  pccx_v002_system_i/u_npu/inst/u_wrap/u_pccx_npu_top/u_mem_dispatcher/u_l2_cache/u_l2_uram/u_l2_uram/xpm_memory_base_inst/gen_wr_a.gen_word_narrow.mem_reg_uram_7/CAS_IN_ADDR_A[18]
  -------------------------------------------------------------------    -------------------

                         (clock clk_pl_0 rise edge)
                                                      0.000     0.000 r  
    PS8_X0Y0             PS8                          0.000     0.000 r  pccx_v002_system_i/zynq_ps/inst/PS8_i/PLCLK[0]
                         net (fo=1, routed)           0.181     0.181    pccx_v002_system_i/zynq_ps/inst/pl_clk_unbuffered[0]
    BUFG_PS_X0Y90        BUFG_PS (Prop_BUFG_PS_I_O)
                                                      0.035     0.216 r  pccx_v002_system_i/zynq_ps/inst/buffer_pl_clk_0.PL_CLK_0_BUFG/O
    X1Y1 (CLOCK_ROOT)    net (fo=82633, routed)       2.890     3.106    pccx_v002_system_i/u_npu/inst/u_wrap/u_pccx_npu_top/u_mem_dispatcher/u_l2_cache/u_l2_uram/u_l2_uram/xpm_memory_base_inst/clka
    URAM288_X0Y55        URAM288                                      r  pccx_v002_system_i/u_npu/inst/u_wrap/u_pccx_npu_top/u_mem_dispatcher/u_l2_cache/u_l2_uram/u_l2_uram/xpm_memory_base_inst/gen_wr_a.gen_word_narrow.mem_reg_uram_7/CLK

Slack:                    inf
  Source:                 pccx_v002_system_i/u_npu/inst/u_wrap/u_pccx_npu_top/u_mem_dispatcher/u_l2_cache/u_l2_uram/u_l2_uram/xpm_memory_base_inst/gen_wr_a.gen_word_narrow.mem_reg_uram_8/CAS_OUT_ADDR_A[18]
                            (internal pin)
  Destination:            pccx_v002_system_i/u_npu/inst/u_wrap/u_pccx_npu_top/u_mem_dispatcher/u_l2_cache/u_l2_uram/u_l2_uram/xpm_memory_base_inst/gen_wr_a.gen_word_narrow.mem_reg_uram_9/CAS_IN_ADDR_A[18]
                            (rising edge-triggered cell URAM288 clocked by clk_pl_0  {rise@0.000ns fall@5.000ns period=10.000ns})
  Path Group:             (none)
  Path Type:              Setup (Max at Slow Process Corner)
  Data Path Delay:        0.003ns  (logic 0.000ns (0.000%)  route 0.003ns (100.000%))
  Logic Levels:           0  
  Clock Uncertainty:      0.158ns  ((TSJ^2 + DJ^2)^1/2) / 2 + PE
    Total System Jitter     (TSJ):    0.050ns
    Discrete Jitter          (DJ):    0.312ns
    Phase Error              (PE):    0.000ns
  Clock Net Delay (Destination): 2.911ns (routing 1.538ns, distribution 1.373ns)

    Location             Delay type                Incr(ns)  Path(ns)    Netlist Resource(s)
  -------------------------------------------------------------------    -------------------
    URAM288_X0Y50        URAM288                      0.000     0.000 r  pccx_v002_system_i/u_npu/inst/u_wrap/u_pccx_npu_top/u_mem_dispatcher/u_l2_cache/u_l2_uram/u_l2_uram/xpm_memory_base_inst/gen_wr_a.gen_word_narrow.mem_reg_uram_8/CAS_OUT_ADDR_A[18]
                         net (fo=1, routed)           0.003     0.003    pccx_v002_system_i/u_npu/inst/u_wrap/u_pccx_npu_top/u_mem_dispatcher/u_l2_cache/u_l2_uram/u_l2_uram/xpm_memory_base_inst/gen_wr_a.gen_word_narrow.mem_reg_uram_9_Cas_AddrA_1[18]
    URAM288_X0Y51        URAM288                                      r  pccx_v002_system_i/u_npu/inst/u_wrap/u_pccx_npu_top/u_mem_dispatcher/u_l2_cache/u_l2_uram/u_l2_uram/xpm_memory_base_inst/gen_wr_a.gen_word_narrow.mem_reg_uram_9/CAS_IN_ADDR_A[18]
  -------------------------------------------------------------------    -------------------

                         (clock clk_pl_0 rise edge)
                                                      0.000     0.000 r  
    PS8_X0Y0             PS8                          0.000     0.000 r  pccx_v002_system_i/zynq_ps/inst/PS8_i/PLCLK[0]
                         net (fo=1, routed)           0.181     0.181    pccx_v002_system_i/zynq_ps/inst/pl_clk_unbuffered[0]
    BUFG_PS_X0Y90        BUFG_PS (Prop_BUFG_PS_I_O)
                                                      0.035     0.216 r  pccx_v002_system_i/zynq_ps/inst/buffer_pl_clk_0.PL_CLK_0_BUFG/O
    X1Y1 (CLOCK_ROOT)    net (fo=82633, routed)       2.911     3.127    pccx_v002_system_i/u_npu/inst/u_wrap/u_pccx_npu_top/u_mem_dispatcher/u_l2_cache/u_l2_uram/u_l2_uram/xpm_memory_base_inst/clka
    URAM288_X0Y51        URAM288                                      r  pccx_v002_system_i/u_npu/inst/u_wrap/u_pccx_npu_top/u_mem_dispatcher/u_l2_cache/u_l2_uram/u_l2_uram/xpm_memory_base_inst/gen_wr_a.gen_word_narrow.mem_reg_uram_9/CLK

Slack:                    inf
  Source:                 pccx_v002_system_i/u_npu/inst/u_wrap/u_pccx_npu_top/u_mem_dispatcher/u_l2_cache/u_l2_uram/u_l2_uram/xpm_memory_base_inst/gen_wr_a.gen_word_narrow.mem_reg_uram_0/CAS_OUT_ADDR_A[20]
                            (internal pin)
  Destination:            pccx_v002_system_i/u_npu/inst/u_wrap/u_pccx_npu_top/u_mem_dispatcher/u_l2_cache/u_l2_uram/u_l2_uram/xpm_memory_base_inst/gen_wr_a.gen_word_narrow.mem_reg_uram_1/CAS_IN_ADDR_A[20]
                            (rising edge-triggered cell URAM288 clocked by clk_pl_0  {rise@0.000ns fall@5.000ns period=10.000ns})
  Path Group:             (none)
  Path Type:              Setup (Max at Slow Process Corner)
  Data Path Delay:        0.002ns  (logic 0.000ns (0.000%)  route 0.002ns (100.000%))
  Logic Levels:           0  
  Clock Uncertainty:      0.158ns  ((TSJ^2 + DJ^2)^1/2) / 2 + PE
    Total System Jitter     (TSJ):    0.050ns
    Discrete Jitter          (DJ):    0.312ns
    Phase Error              (PE):    0.000ns
  Clock Net Delay (Destination): 2.904ns (routing 1.538ns, distribution 1.366ns)

    Location             Delay type                Incr(ns)  Path(ns)    Netlist Resource(s)
  -------------------------------------------------------------------    -------------------
    URAM288_X0Y56        URAM288                      0.000     0.000 r  pccx_v002_system_i/u_npu/inst/u_wrap/u_pccx_npu_top/u_mem_dispatcher/u_l2_cache/u_l2_uram/u_l2_uram/xpm_memory_base_inst/gen_wr_a.gen_word_narrow.mem_reg_uram_0/CAS_OUT_ADDR_A[20]
                         net (fo=1, routed)           0.002     0.002    pccx_v002_system_i/u_npu/inst/u_wrap/u_pccx_npu_top/u_mem_dispatcher/u_l2_cache/u_l2_uram/u_l2_uram/xpm_memory_base_inst/gen_wr_a.gen_word_narrow.mem_reg_uram_1_Cas_AddrA_1[20]
    URAM288_X0Y57        URAM288                                      r  pccx_v002_system_i/u_npu/inst/u_wrap/u_pccx_npu_top/u_mem_dispatcher/u_l2_cache/u_l2_uram/u_l2_uram/xpm_memory_base_inst/gen_wr_a.gen_word_narrow.mem_reg_uram_1/CAS_IN_ADDR_A[20]
  -------------------------------------------------------------------    -------------------

                         (clock clk_pl_0 rise edge)
                                                      0.000     0.000 r  
    PS8_X0Y0             PS8                          0.000     0.000 r  pccx_v002_system_i/zynq_ps/inst/PS8_i/PLCLK[0]
                         net (fo=1, routed)           0.181     0.181    pccx_v002_system_i/zynq_ps/inst/pl_clk_unbuffered[0]
    BUFG_PS_X0Y90        BUFG_PS (Prop_BUFG_PS_I_O)
                                                      0.035     0.216 r  pccx_v002_system_i/zynq_ps/inst/buffer_pl_clk_0.PL_CLK_0_BUFG/O
    X1Y1 (CLOCK_ROOT)    net (fo=82633, routed)       2.904     3.120    pccx_v002_system_i/u_npu/inst/u_wrap/u_pccx_npu_top/u_mem_dispatcher/u_l2_cache/u_l2_uram/u_l2_uram/xpm_memory_base_inst/clka
    URAM288_X0Y57        URAM288                                      r  pccx_v002_system_i/u_npu/inst/u_wrap/u_pccx_npu_top/u_mem_dispatcher/u_l2_cache/u_l2_uram/u_l2_uram/xpm_memory_base_inst/gen_wr_a.gen_word_narrow.mem_reg_uram_1/CLK

Slack:                    inf
  Source:                 pccx_v002_system_i/u_npu/inst/u_wrap/u_pccx_npu_top/u_mem_dispatcher/u_l2_cache/u_l2_uram/u_l2_uram/xpm_memory_base_inst/gen_wr_a.gen_word_narrow.mem_reg_uram_0/CAS_OUT_ADDR_A[22]
                            (internal pin)
  Destination:            pccx_v002_system_i/u_npu/inst/u_wrap/u_pccx_npu_top/u_mem_dispatcher/u_l2_cache/u_l2_uram/u_l2_uram/xpm_memory_base_inst/gen_wr_a.gen_word_narrow.mem_reg_uram_1/CAS_IN_ADDR_A[22]
                            (rising edge-triggered cell URAM288 clocked by clk_pl_0  {rise@0.000ns fall@5.000ns period=10.000ns})
  Path Group:             (none)
  Path Type:              Setup (Max at Slow Process Corner)
  Data Path Delay:        0.002ns  (logic 0.000ns (0.000%)  route 0.002ns (100.000%))
  Logic Levels:           0  
  Clock Uncertainty:      0.158ns  ((TSJ^2 + DJ^2)^1/2) / 2 + PE
    Total System Jitter     (TSJ):    0.050ns
    Discrete Jitter          (DJ):    0.312ns
    Phase Error              (PE):    0.000ns
  Clock Net Delay (Destination): 2.904ns (routing 1.538ns, distribution 1.366ns)

    Location             Delay type                Incr(ns)  Path(ns)    Netlist Resource(s)
  -------------------------------------------------------------------    -------------------
    URAM288_X0Y56        URAM288                      0.000     0.000 r  pccx_v002_system_i/u_npu/inst/u_wrap/u_pccx_npu_top/u_mem_dispatcher/u_l2_cache/u_l2_uram/u_l2_uram/xpm_memory_base_inst/gen_wr_a.gen_word_narrow.mem_reg_uram_0/CAS_OUT_ADDR_A[22]
                         net (fo=1, routed)           0.002     0.002    pccx_v002_system_i/u_npu/inst/u_wrap/u_pccx_npu_top/u_mem_dispatcher/u_l2_cache/u_l2_uram/u_l2_uram/xpm_memory_base_inst/gen_wr_a.gen_word_narrow.mem_reg_uram_1_Cas_AddrA_1[22]
    URAM288_X0Y57        URAM288                                      r  pccx_v002_system_i/u_npu/inst/u_wrap/u_pccx_npu_top/u_mem_dispatcher/u_l2_cache/u_l2_uram/u_l2_uram/xpm_memory_base_inst/gen_wr_a.gen_word_narrow.mem_reg_uram_1/CAS_IN_ADDR_A[22]
  -------------------------------------------------------------------    -------------------

                         (clock clk_pl_0 rise edge)
                                                      0.000     0.000 r  
    PS8_X0Y0             PS8                          0.000     0.000 r  pccx_v002_system_i/zynq_ps/inst/PS8_i/PLCLK[0]
                         net (fo=1, routed)           0.181     0.181    pccx_v002_system_i/zynq_ps/inst/pl_clk_unbuffered[0]
    BUFG_PS_X0Y90        BUFG_PS (Prop_BUFG_PS_I_O)
                                                      0.035     0.216 r  pccx_v002_system_i/zynq_ps/inst/buffer_pl_clk_0.PL_CLK_0_BUFG/O
    X1Y1 (CLOCK_ROOT)    net (fo=82633, routed)       2.904     3.120    pccx_v002_system_i/u_npu/inst/u_wrap/u_pccx_npu_top/u_mem_dispatcher/u_l2_cache/u_l2_uram/u_l2_uram/xpm_memory_base_inst/clka
    URAM288_X0Y57        URAM288                                      r  pccx_v002_system_i/u_npu/inst/u_wrap/u_pccx_npu_top/u_mem_dispatcher/u_l2_cache/u_l2_uram/u_l2_uram/xpm_memory_base_inst/gen_wr_a.gen_word_narrow.mem_reg_uram_1/CLK

Slack:                    inf
  Source:                 pccx_v002_system_i/u_npu/inst/u_wrap/u_pccx_npu_top/u_mem_dispatcher/u_l2_cache/u_l2_uram/u_l2_uram/xpm_memory_base_inst/gen_wr_a.gen_word_narrow.mem_reg_uram_0/CAS_OUT_ADDR_B[18]
                            (internal pin)
  Destination:            pccx_v002_system_i/u_npu/inst/u_wrap/u_pccx_npu_top/u_mem_dispatcher/u_l2_cache/u_l2_uram/u_l2_uram/xpm_memory_base_inst/gen_wr_a.gen_word_narrow.mem_reg_uram_1/CAS_IN_ADDR_B[18]
                            (rising edge-triggered cell URAM288 clocked by clk_pl_0  {rise@0.000ns fall@5.000ns period=10.000ns})
  Path Group:             (none)
  Path Type:              Setup (Max at Slow Process Corner)
  Data Path Delay:        0.002ns  (logic 0.000ns (0.000%)  route 0.002ns (100.000%))
  Logic Levels:           0  
  Clock Uncertainty:      0.158ns  ((TSJ^2 + DJ^2)^1/2) / 2 + PE
    Total System Jitter     (TSJ):    0.050ns
    Discrete Jitter          (DJ):    0.312ns
    Phase Error              (PE):    0.000ns
  Clock Net Delay (Destination): 2.904ns (routing 1.538ns, distribution 1.366ns)

    Location             Delay type                Incr(ns)  Path(ns)    Netlist Resource(s)
  -------------------------------------------------------------------    -------------------
    URAM288_X0Y56        URAM288                      0.000     0.000 r  pccx_v002_system_i/u_npu/inst/u_wrap/u_pccx_npu_top/u_mem_dispatcher/u_l2_cache/u_l2_uram/u_l2_uram/xpm_memory_base_inst/gen_wr_a.gen_word_narrow.mem_reg_uram_0/CAS_OUT_ADDR_B[18]
                         net (fo=1, routed)           0.002     0.002    pccx_v002_system_i/u_npu/inst/u_wrap/u_pccx_npu_top/u_mem_dispatcher/u_l2_cache/u_l2_uram/u_l2_uram/xpm_memory_base_inst/gen_wr_a.gen_word_narrow.mem_reg_uram_1_Cas_AddrB_1[18]
    URAM288_X0Y57        URAM288                                      r  pccx_v002_system_i/u_npu/inst/u_wrap/u_pccx_npu_top/u_mem_dispatcher/u_l2_cache/u_l2_uram/u_l2_uram/xpm_memory_base_inst/gen_wr_a.gen_word_narrow.mem_reg_uram_1/CAS_IN_ADDR_B[18]
  -------------------------------------------------------------------    -------------------

                         (clock clk_pl_0 rise edge)
                                                      0.000     0.000 r  
    PS8_X0Y0             PS8                          0.000     0.000 r  pccx_v002_system_i/zynq_ps/inst/PS8_i/PLCLK[0]
                         net (fo=1, routed)           0.181     0.181    pccx_v002_system_i/zynq_ps/inst/pl_clk_unbuffered[0]
    BUFG_PS_X0Y90        BUFG_PS (Prop_BUFG_PS_I_O)
                                                      0.035     0.216 r  pccx_v002_system_i/zynq_ps/inst/buffer_pl_clk_0.PL_CLK_0_BUFG/O
    X1Y1 (CLOCK_ROOT)    net (fo=82633, routed)       2.904     3.120    pccx_v002_system_i/u_npu/inst/u_wrap/u_pccx_npu_top/u_mem_dispatcher/u_l2_cache/u_l2_uram/u_l2_uram/xpm_memory_base_inst/clka
    URAM288_X0Y57        URAM288                                      r  pccx_v002_system_i/u_npu/inst/u_wrap/u_pccx_npu_top/u_mem_dispatcher/u_l2_cache/u_l2_uram/u_l2_uram/xpm_memory_base_inst/gen_wr_a.gen_word_narrow.mem_reg_uram_1/CLK

Slack:                    inf
  Source:                 pccx_v002_system_i/u_npu/inst/u_wrap/u_pccx_npu_top/u_mem_dispatcher/u_l2_cache/u_l2_uram/u_l2_uram/xpm_memory_base_inst/gen_wr_a.gen_word_narrow.mem_reg_uram_0/CAS_OUT_ADDR_B[20]
                            (internal pin)
  Destination:            pccx_v002_system_i/u_npu/inst/u_wrap/u_pccx_npu_top/u_mem_dispatcher/u_l2_cache/u_l2_uram/u_l2_uram/xpm_memory_base_inst/gen_wr_a.gen_word_narrow.mem_reg_uram_1/CAS_IN_ADDR_B[20]
                            (rising edge-triggered cell URAM288 clocked by clk_pl_0  {rise@0.000ns fall@5.000ns period=10.000ns})
  Path Group:             (none)
  Path Type:              Setup (Max at Slow Process Corner)
  Data Path Delay:        0.002ns  (logic 0.000ns (0.000%)  route 0.002ns (100.000%))
  Logic Levels:           0  
  Clock Uncertainty:      0.158ns  ((TSJ^2 + DJ^2)^1/2) / 2 + PE
    Total System Jitter     (TSJ):    0.050ns
    Discrete Jitter          (DJ):    0.312ns
    Phase Error              (PE):    0.000ns
  Clock Net Delay (Destination): 2.904ns (routing 1.538ns, distribution 1.366ns)

    Location             Delay type                Incr(ns)  Path(ns)    Netlist Resource(s)
  -------------------------------------------------------------------    -------------------
    URAM288_X0Y56        URAM288                      0.000     0.000 r  pccx_v002_system_i/u_npu/inst/u_wrap/u_pccx_npu_top/u_mem_dispatcher/u_l2_cache/u_l2_uram/u_l2_uram/xpm_memory_base_inst/gen_wr_a.gen_word_narrow.mem_reg_uram_0/CAS_OUT_ADDR_B[20]
                         net (fo=1, routed)           0.002     0.002    pccx_v002_system_i/u_npu/inst/u_wrap/u_pccx_npu_top/u_mem_dispatcher/u_l2_cache/u_l2_uram/u_l2_uram/xpm_memory_base_inst/gen_wr_a.gen_word_narrow.mem_reg_uram_1_Cas_AddrB_1[20]
    URAM288_X0Y57        URAM288                                      r  pccx_v002_system_i/u_npu/inst/u_wrap/u_pccx_npu_top/u_mem_dispatcher/u_l2_cache/u_l2_uram/u_l2_uram/xpm_memory_base_inst/gen_wr_a.gen_word_narrow.mem_reg_uram_1/CAS_IN_ADDR_B[20]
  -------------------------------------------------------------------    -------------------

                         (clock clk_pl_0 rise edge)
                                                      0.000     0.000 r  
    PS8_X0Y0             PS8                          0.000     0.000 r  pccx_v002_system_i/zynq_ps/inst/PS8_i/PLCLK[0]
                         net (fo=1, routed)           0.181     0.181    pccx_v002_system_i/zynq_ps/inst/pl_clk_unbuffered[0]
    BUFG_PS_X0Y90        BUFG_PS (Prop_BUFG_PS_I_O)
                                                      0.035     0.216 r  pccx_v002_system_i/zynq_ps/inst/buffer_pl_clk_0.PL_CLK_0_BUFG/O
    X1Y1 (CLOCK_ROOT)    net (fo=82633, routed)       2.904     3.120    pccx_v002_system_i/u_npu/inst/u_wrap/u_pccx_npu_top/u_mem_dispatcher/u_l2_cache/u_l2_uram/u_l2_uram/xpm_memory_base_inst/clka
    URAM288_X0Y57        URAM288                                      r  pccx_v002_system_i/u_npu/inst/u_wrap/u_pccx_npu_top/u_mem_dispatcher/u_l2_cache/u_l2_uram/u_l2_uram/xpm_memory_base_inst/gen_wr_a.gen_word_narrow.mem_reg_uram_1/CLK

Slack:                    inf
  Source:                 pccx_v002_system_i/u_npu/inst/u_wrap/u_pccx_npu_top/u_mem_dispatcher/u_l2_cache/u_l2_uram/u_l2_uram/xpm_memory_base_inst/gen_wr_a.gen_word_narrow.mem_reg_uram_0/CAS_OUT_ADDR_B[22]
                            (internal pin)
  Destination:            pccx_v002_system_i/u_npu/inst/u_wrap/u_pccx_npu_top/u_mem_dispatcher/u_l2_cache/u_l2_uram/u_l2_uram/xpm_memory_base_inst/gen_wr_a.gen_word_narrow.mem_reg_uram_1/CAS_IN_ADDR_B[22]
                            (rising edge-triggered cell URAM288 clocked by clk_pl_0  {rise@0.000ns fall@5.000ns period=10.000ns})
  Path Group:             (none)
  Path Type:              Setup (Max at Slow Process Corner)
  Data Path Delay:        0.002ns  (logic 0.000ns (0.000%)  route 0.002ns (100.000%))
  Logic Levels:           0  
  Clock Uncertainty:      0.158ns  ((TSJ^2 + DJ^2)^1/2) / 2 + PE
    Total System Jitter     (TSJ):    0.050ns
    Discrete Jitter          (DJ):    0.312ns
    Phase Error              (PE):    0.000ns
  Clock Net Delay (Destination): 2.904ns (routing 1.538ns, distribution 1.366ns)

    Location             Delay type                Incr(ns)  Path(ns)    Netlist Resource(s)
  -------------------------------------------------------------------    -------------------
    URAM288_X0Y56        URAM288                      0.000     0.000 r  pccx_v002_system_i/u_npu/inst/u_wrap/u_pccx_npu_top/u_mem_dispatcher/u_l2_cache/u_l2_uram/u_l2_uram/xpm_memory_base_inst/gen_wr_a.gen_word_narrow.mem_reg_uram_0/CAS_OUT_ADDR_B[22]
                         net (fo=1, routed)           0.002     0.002    pccx_v002_system_i/u_npu/inst/u_wrap/u_pccx_npu_top/u_mem_dispatcher/u_l2_cache/u_l2_uram/u_l2_uram/xpm_memory_base_inst/gen_wr_a.gen_word_narrow.mem_reg_uram_1_Cas_AddrB_1[22]
    URAM288_X0Y57        URAM288                                      r  pccx_v002_system_i/u_npu/inst/u_wrap/u_pccx_npu_top/u_mem_dispatcher/u_l2_cache/u_l2_uram/u_l2_uram/xpm_memory_base_inst/gen_wr_a.gen_word_narrow.mem_reg_uram_1/CAS_IN_ADDR_B[22]
  -------------------------------------------------------------------    -------------------

                         (clock clk_pl_0 rise edge)
                                                      0.000     0.000 r  
    PS8_X0Y0             PS8                          0.000     0.000 r  pccx_v002_system_i/zynq_ps/inst/PS8_i/PLCLK[0]
                         net (fo=1, routed)           0.181     0.181    pccx_v002_system_i/zynq_ps/inst/pl_clk_unbuffered[0]
    BUFG_PS_X0Y90        BUFG_PS (Prop_BUFG_PS_I_O)
                                                      0.035     0.216 r  pccx_v002_system_i/zynq_ps/inst/buffer_pl_clk_0.PL_CLK_0_BUFG/O
    X1Y1 (CLOCK_ROOT)    net (fo=82633, routed)       2.904     3.120    pccx_v002_system_i/u_npu/inst/u_wrap/u_pccx_npu_top/u_mem_dispatcher/u_l2_cache/u_l2_uram/u_l2_uram/xpm_memory_base_inst/clka
    URAM288_X0Y57        URAM288                                      r  pccx_v002_system_i/u_npu/inst/u_wrap/u_pccx_npu_top/u_mem_dispatcher/u_l2_cache/u_l2_uram/u_l2_uram/xpm_memory_base_inst/gen_wr_a.gen_word_narrow.mem_reg_uram_1/CLK

Slack:                    inf
  Source:                 pccx_v002_system_i/u_npu/inst/u_wrap/u_pccx_npu_top/u_mem_dispatcher/u_l2_cache/u_l2_uram/u_l2_uram/xpm_memory_base_inst/gen_wr_a.gen_word_narrow.mem_reg_uram_28/CAS_OUT_ADDR_A[20]
                            (internal pin)
  Destination:            pccx_v002_system_i/u_npu/inst/u_wrap/u_pccx_npu_top/u_mem_dispatcher/u_l2_cache/u_l2_uram/u_l2_uram/xpm_memory_base_inst/gen_wr_a.gen_word_narrow.mem_reg_uram_29/CAS_IN_ADDR_A[20]
                            (rising edge-triggered cell URAM288 clocked by clk_pl_0  {rise@0.000ns fall@5.000ns period=10.000ns})
  Path Group:             (none)
  Path Type:              Setup (Max at Slow Process Corner)
  Data Path Delay:        0.002ns  (logic 0.000ns (0.000%)  route 0.002ns (100.000%))
  Logic Levels:           0  
  Clock Uncertainty:      0.158ns  ((TSJ^2 + DJ^2)^1/2) / 2 + PE
    Total System Jitter     (TSJ):    0.050ns
    Discrete Jitter          (DJ):    0.312ns
    Phase Error              (PE):    0.000ns
  Clock Net Delay (Destination): 2.855ns (routing 1.538ns, distribution 1.317ns)

    Location             Delay type                Incr(ns)  Path(ns)    Netlist Resource(s)
  -------------------------------------------------------------------    -------------------
    URAM288_X0Y4         URAM288                      0.000     0.000 r  pccx_v002_system_i/u_npu/inst/u_wrap/u_pccx_npu_top/u_mem_dispatcher/u_l2_cache/u_l2_uram/u_l2_uram/xpm_memory_base_inst/gen_wr_a.gen_word_narrow.mem_reg_uram_28/CAS_OUT_ADDR_A[20]
                         net (fo=1, routed)           0.002     0.002    pccx_v002_system_i/u_npu/inst/u_wrap/u_pccx_npu_top/u_mem_dispatcher/u_l2_cache/u_l2_uram/u_l2_uram/xpm_memory_base_inst/gen_wr_a.gen_word_narrow.mem_reg_uram_29_Cas_AddrA_1[20]
    URAM288_X0Y5         URAM288                                      r  pccx_v002_system_i/u_npu/inst/u_wrap/u_pccx_npu_top/u_mem_dispatcher/u_l2_cache/u_l2_uram/u_l2_uram/xpm_memory_base_inst/gen_wr_a.gen_word_narrow.mem_reg_uram_29/CAS_IN_ADDR_A[20]
  -------------------------------------------------------------------    -------------------

                         (clock clk_pl_0 rise edge)
                                                      0.000     0.000 r  
    PS8_X0Y0             PS8                          0.000     0.000 r  pccx_v002_system_i/zynq_ps/inst/PS8_i/PLCLK[0]
                         net (fo=1, routed)           0.181     0.181    pccx_v002_system_i/zynq_ps/inst/pl_clk_unbuffered[0]
    BUFG_PS_X0Y90        BUFG_PS (Prop_BUFG_PS_I_O)
                                                      0.035     0.216 r  pccx_v002_system_i/zynq_ps/inst/buffer_pl_clk_0.PL_CLK_0_BUFG/O
    X1Y1 (CLOCK_ROOT)    net (fo=82633, routed)       2.855     3.071    pccx_v002_system_i/u_npu/inst/u_wrap/u_pccx_npu_top/u_mem_dispatcher/u_l2_cache/u_l2_uram/u_l2_uram/xpm_memory_base_inst/clka
    URAM288_X0Y5         URAM288                                      r  pccx_v002_system_i/u_npu/inst/u_wrap/u_pccx_npu_top/u_mem_dispatcher/u_l2_cache/u_l2_uram/u_l2_uram/xpm_memory_base_inst/gen_wr_a.gen_word_narrow.mem_reg_uram_29/CLK

Slack:                    inf
  Source:                 pccx_v002_system_i/u_npu/inst/u_wrap/u_pccx_npu_top/u_mem_dispatcher/u_l2_cache/u_l2_uram/u_l2_uram/xpm_memory_base_inst/gen_wr_a.gen_word_narrow.mem_reg_uram_28/CAS_OUT_ADDR_A[22]
                            (internal pin)
  Destination:            pccx_v002_system_i/u_npu/inst/u_wrap/u_pccx_npu_top/u_mem_dispatcher/u_l2_cache/u_l2_uram/u_l2_uram/xpm_memory_base_inst/gen_wr_a.gen_word_narrow.mem_reg_uram_29/CAS_IN_ADDR_A[22]
                            (rising edge-triggered cell URAM288 clocked by clk_pl_0  {rise@0.000ns fall@5.000ns period=10.000ns})
  Path Group:             (none)
  Path Type:              Setup (Max at Slow Process Corner)
  Data Path Delay:        0.002ns  (logic 0.000ns (0.000%)  route 0.002ns (100.000%))
  Logic Levels:           0  
  Clock Uncertainty:      0.158ns  ((TSJ^2 + DJ^2)^1/2) / 2 + PE
    Total System Jitter     (TSJ):    0.050ns
    Discrete Jitter          (DJ):    0.312ns
    Phase Error              (PE):    0.000ns
  Clock Net Delay (Destination): 2.855ns (routing 1.538ns, distribution 1.317ns)

    Location             Delay type                Incr(ns)  Path(ns)    Netlist Resource(s)
  -------------------------------------------------------------------    -------------------
    URAM288_X0Y4         URAM288                      0.000     0.000 r  pccx_v002_system_i/u_npu/inst/u_wrap/u_pccx_npu_top/u_mem_dispatcher/u_l2_cache/u_l2_uram/u_l2_uram/xpm_memory_base_inst/gen_wr_a.gen_word_narrow.mem_reg_uram_28/CAS_OUT_ADDR_A[22]
                         net (fo=1, routed)           0.002     0.002    pccx_v002_system_i/u_npu/inst/u_wrap/u_pccx_npu_top/u_mem_dispatcher/u_l2_cache/u_l2_uram/u_l2_uram/xpm_memory_base_inst/gen_wr_a.gen_word_narrow.mem_reg_uram_29_Cas_AddrA_1[22]
    URAM288_X0Y5         URAM288                                      r  pccx_v002_system_i/u_npu/inst/u_wrap/u_pccx_npu_top/u_mem_dispatcher/u_l2_cache/u_l2_uram/u_l2_uram/xpm_memory_base_inst/gen_wr_a.gen_word_narrow.mem_reg_uram_29/CAS_IN_ADDR_A[22]
  -------------------------------------------------------------------    -------------------

                         (clock clk_pl_0 rise edge)
                                                      0.000     0.000 r  
    PS8_X0Y0             PS8                          0.000     0.000 r  pccx_v002_system_i/zynq_ps/inst/PS8_i/PLCLK[0]
                         net (fo=1, routed)           0.181     0.181    pccx_v002_system_i/zynq_ps/inst/pl_clk_unbuffered[0]
    BUFG_PS_X0Y90        BUFG_PS (Prop_BUFG_PS_I_O)
                                                      0.035     0.216 r  pccx_v002_system_i/zynq_ps/inst/buffer_pl_clk_0.PL_CLK_0_BUFG/O
    X1Y1 (CLOCK_ROOT)    net (fo=82633, routed)       2.855     3.071    pccx_v002_system_i/u_npu/inst/u_wrap/u_pccx_npu_top/u_mem_dispatcher/u_l2_cache/u_l2_uram/u_l2_uram/xpm_memory_base_inst/clka
    URAM288_X0Y5         URAM288                                      r  pccx_v002_system_i/u_npu/inst/u_wrap/u_pccx_npu_top/u_mem_dispatcher/u_l2_cache/u_l2_uram/u_l2_uram/xpm_memory_base_inst/gen_wr_a.gen_word_narrow.mem_reg_uram_29/CLK

Slack:                    inf
  Source:                 pccx_v002_system_i/u_npu/inst/u_wrap/u_pccx_npu_top/u_mem_dispatcher/u_l2_cache/u_l2_uram/u_l2_uram/xpm_memory_base_inst/gen_wr_a.gen_word_narrow.mem_reg_uram_28/CAS_OUT_ADDR_B[18]
                            (internal pin)
  Destination:            pccx_v002_system_i/u_npu/inst/u_wrap/u_pccx_npu_top/u_mem_dispatcher/u_l2_cache/u_l2_uram/u_l2_uram/xpm_memory_base_inst/gen_wr_a.gen_word_narrow.mem_reg_uram_29/CAS_IN_ADDR_B[18]
                            (rising edge-triggered cell URAM288 clocked by clk_pl_0  {rise@0.000ns fall@5.000ns period=10.000ns})
  Path Group:             (none)
  Path Type:              Setup (Max at Slow Process Corner)
  Data Path Delay:        0.002ns  (logic 0.000ns (0.000%)  route 0.002ns (100.000%))
  Logic Levels:           0  
  Clock Uncertainty:      0.158ns  ((TSJ^2 + DJ^2)^1/2) / 2 + PE
    Total System Jitter     (TSJ):    0.050ns
    Discrete Jitter          (DJ):    0.312ns
    Phase Error              (PE):    0.000ns
  Clock Net Delay (Destination): 2.855ns (routing 1.538ns, distribution 1.317ns)

    Location             Delay type                Incr(ns)  Path(ns)    Netlist Resource(s)
  -------------------------------------------------------------------    -------------------
    URAM288_X0Y4         URAM288                      0.000     0.000 r  pccx_v002_system_i/u_npu/inst/u_wrap/u_pccx_npu_top/u_mem_dispatcher/u_l2_cache/u_l2_uram/u_l2_uram/xpm_memory_base_inst/gen_wr_a.gen_word_narrow.mem_reg_uram_28/CAS_OUT_ADDR_B[18]
                         net (fo=1, routed)           0.002     0.002    pccx_v002_system_i/u_npu/inst/u_wrap/u_pccx_npu_top/u_mem_dispatcher/u_l2_cache/u_l2_uram/u_l2_uram/xpm_memory_base_inst/gen_wr_a.gen_word_narrow.mem_reg_uram_29_Cas_AddrB_1[18]
    URAM288_X0Y5         URAM288                                      r  pccx_v002_system_i/u_npu/inst/u_wrap/u_pccx_npu_top/u_mem_dispatcher/u_l2_cache/u_l2_uram/u_l2_uram/xpm_memory_base_inst/gen_wr_a.gen_word_narrow.mem_reg_uram_29/CAS_IN_ADDR_B[18]
  -------------------------------------------------------------------    -------------------

                         (clock clk_pl_0 rise edge)
                                                      0.000     0.000 r  
    PS8_X0Y0             PS8                          0.000     0.000 r  pccx_v002_system_i/zynq_ps/inst/PS8_i/PLCLK[0]
                         net (fo=1, routed)           0.181     0.181    pccx_v002_system_i/zynq_ps/inst/pl_clk_unbuffered[0]
    BUFG_PS_X0Y90        BUFG_PS (Prop_BUFG_PS_I_O)
                                                      0.035     0.216 r  pccx_v002_system_i/zynq_ps/inst/buffer_pl_clk_0.PL_CLK_0_BUFG/O
    X1Y1 (CLOCK_ROOT)    net (fo=82633, routed)       2.855     3.071    pccx_v002_system_i/u_npu/inst/u_wrap/u_pccx_npu_top/u_mem_dispatcher/u_l2_cache/u_l2_uram/u_l2_uram/xpm_memory_base_inst/clka
    URAM288_X0Y5         URAM288                                      r  pccx_v002_system_i/u_npu/inst/u_wrap/u_pccx_npu_top/u_mem_dispatcher/u_l2_cache/u_l2_uram/u_l2_uram/xpm_memory_base_inst/gen_wr_a.gen_word_narrow.mem_reg_uram_29/CLK

Slack:                    inf
  Source:                 pccx_v002_system_i/u_npu/inst/u_wrap/u_pccx_npu_top/u_mem_dispatcher/u_l2_cache/u_l2_uram/u_l2_uram/xpm_memory_base_inst/gen_wr_a.gen_word_narrow.mem_reg_uram_28/CAS_OUT_ADDR_B[20]
                            (internal pin)
  Destination:            pccx_v002_system_i/u_npu/inst/u_wrap/u_pccx_npu_top/u_mem_dispatcher/u_l2_cache/u_l2_uram/u_l2_uram/xpm_memory_base_inst/gen_wr_a.gen_word_narrow.mem_reg_uram_29/CAS_IN_ADDR_B[20]
                            (rising edge-triggered cell URAM288 clocked by clk_pl_0  {rise@0.000ns fall@5.000ns period=10.000ns})
  Path Group:             (none)
  Path Type:              Setup (Max at Slow Process Corner)
  Data Path Delay:        0.002ns  (logic 0.000ns (0.000%)  route 0.002ns (100.000%))
  Logic Levels:           0  
  Clock Uncertainty:      0.158ns  ((TSJ^2 + DJ^2)^1/2) / 2 + PE
    Total System Jitter     (TSJ):    0.050ns
    Discrete Jitter          (DJ):    0.312ns
    Phase Error              (PE):    0.000ns
  Clock Net Delay (Destination): 2.855ns (routing 1.538ns, distribution 1.317ns)

    Location             Delay type                Incr(ns)  Path(ns)    Netlist Resource(s)
  -------------------------------------------------------------------    -------------------
    URAM288_X0Y4         URAM288                      0.000     0.000 r  pccx_v002_system_i/u_npu/inst/u_wrap/u_pccx_npu_top/u_mem_dispatcher/u_l2_cache/u_l2_uram/u_l2_uram/xpm_memory_base_inst/gen_wr_a.gen_word_narrow.mem_reg_uram_28/CAS_OUT_ADDR_B[20]
                         net (fo=1, routed)           0.002     0.002    pccx_v002_system_i/u_npu/inst/u_wrap/u_pccx_npu_top/u_mem_dispatcher/u_l2_cache/u_l2_uram/u_l2_uram/xpm_memory_base_inst/gen_wr_a.gen_word_narrow.mem_reg_uram_29_Cas_AddrB_1[20]
    URAM288_X0Y5         URAM288                                      r  pccx_v002_system_i/u_npu/inst/u_wrap/u_pccx_npu_top/u_mem_dispatcher/u_l2_cache/u_l2_uram/u_l2_uram/xpm_memory_base_inst/gen_wr_a.gen_word_narrow.mem_reg_uram_29/CAS_IN_ADDR_B[20]
  -------------------------------------------------------------------    -------------------

                         (clock clk_pl_0 rise edge)
                                                      0.000     0.000 r  
    PS8_X0Y0             PS8                          0.000     0.000 r  pccx_v002_system_i/zynq_ps/inst/PS8_i/PLCLK[0]
                         net (fo=1, routed)           0.181     0.181    pccx_v002_system_i/zynq_ps/inst/pl_clk_unbuffered[0]
    BUFG_PS_X0Y90        BUFG_PS (Prop_BUFG_PS_I_O)
                                                      0.035     0.216 r  pccx_v002_system_i/zynq_ps/inst/buffer_pl_clk_0.PL_CLK_0_BUFG/O
    X1Y1 (CLOCK_ROOT)    net (fo=82633, routed)       2.855     3.071    pccx_v002_system_i/u_npu/inst/u_wrap/u_pccx_npu_top/u_mem_dispatcher/u_l2_cache/u_l2_uram/u_l2_uram/xpm_memory_base_inst/clka
    URAM288_X0Y5         URAM288                                      r  pccx_v002_system_i/u_npu/inst/u_wrap/u_pccx_npu_top/u_mem_dispatcher/u_l2_cache/u_l2_uram/u_l2_uram/xpm_memory_base_inst/gen_wr_a.gen_word_narrow.mem_reg_uram_29/CLK

Slack:                    inf
  Source:                 pccx_v002_system_i/u_npu/inst/u_wrap/u_pccx_npu_top/u_mem_dispatcher/u_l2_cache/u_l2_uram/u_l2_uram/xpm_memory_base_inst/gen_wr_a.gen_word_narrow.mem_reg_uram_28/CAS_OUT_ADDR_B[22]
                            (internal pin)
  Destination:            pccx_v002_system_i/u_npu/inst/u_wrap/u_pccx_npu_top/u_mem_dispatcher/u_l2_cache/u_l2_uram/u_l2_uram/xpm_memory_base_inst/gen_wr_a.gen_word_narrow.mem_reg_uram_29/CAS_IN_ADDR_B[22]
                            (rising edge-triggered cell URAM288 clocked by clk_pl_0  {rise@0.000ns fall@5.000ns period=10.000ns})
  Path Group:             (none)
  Path Type:              Setup (Max at Slow Process Corner)
  Data Path Delay:        0.002ns  (logic 0.000ns (0.000%)  route 0.002ns (100.000%))
  Logic Levels:           0  
  Clock Uncertainty:      0.158ns  ((TSJ^2 + DJ^2)^1/2) / 2 + PE
    Total System Jitter     (TSJ):    0.050ns
    Discrete Jitter          (DJ):    0.312ns
    Phase Error              (PE):    0.000ns
  Clock Net Delay (Destination): 2.855ns (routing 1.538ns, distribution 1.317ns)

    Location             Delay type                Incr(ns)  Path(ns)    Netlist Resource(s)
  -------------------------------------------------------------------    -------------------
    URAM288_X0Y4         URAM288                      0.000     0.000 r  pccx_v002_system_i/u_npu/inst/u_wrap/u_pccx_npu_top/u_mem_dispatcher/u_l2_cache/u_l2_uram/u_l2_uram/xpm_memory_base_inst/gen_wr_a.gen_word_narrow.mem_reg_uram_28/CAS_OUT_ADDR_B[22]
                         net (fo=1, routed)           0.002     0.002    pccx_v002_system_i/u_npu/inst/u_wrap/u_pccx_npu_top/u_mem_dispatcher/u_l2_cache/u_l2_uram/u_l2_uram/xpm_memory_base_inst/gen_wr_a.gen_word_narrow.mem_reg_uram_29_Cas_AddrB_1[22]
    URAM288_X0Y5         URAM288                                      r  pccx_v002_system_i/u_npu/inst/u_wrap/u_pccx_npu_top/u_mem_dispatcher/u_l2_cache/u_l2_uram/u_l2_uram/xpm_memory_base_inst/gen_wr_a.gen_word_narrow.mem_reg_uram_29/CAS_IN_ADDR_B[22]
  -------------------------------------------------------------------    -------------------

                         (clock clk_pl_0 rise edge)
                                                      0.000     0.000 r  
    PS8_X0Y0             PS8                          0.000     0.000 r  pccx_v002_system_i/zynq_ps/inst/PS8_i/PLCLK[0]
                         net (fo=1, routed)           0.181     0.181    pccx_v002_system_i/zynq_ps/inst/pl_clk_unbuffered[0]
    BUFG_PS_X0Y90        BUFG_PS (Prop_BUFG_PS_I_O)
                                                      0.035     0.216 r  pccx_v002_system_i/zynq_ps/inst/buffer_pl_clk_0.PL_CLK_0_BUFG/O
    X1Y1 (CLOCK_ROOT)    net (fo=82633, routed)       2.855     3.071    pccx_v002_system_i/u_npu/inst/u_wrap/u_pccx_npu_top/u_mem_dispatcher/u_l2_cache/u_l2_uram/u_l2_uram/xpm_memory_base_inst/clka
    URAM288_X0Y5         URAM288                                      r  pccx_v002_system_i/u_npu/inst/u_wrap/u_pccx_npu_top/u_mem_dispatcher/u_l2_cache/u_l2_uram/u_l2_uram/xpm_memory_base_inst/gen_wr_a.gen_word_narrow.mem_reg_uram_29/CLK





Min Delay Paths
--------------------------------------------------------------------------------------
Slack:                    inf
  Source:                 pccx_v002_system_i/u_npu/inst/u_wrap/u_pccx_npu_top/u_mem_dispatcher/u_l2_cache/u_l2_uram/u_l2_uram/xpm_memory_base_inst/gen_wr_a.gen_word_narrow.mem_reg_uram_0/CAS_OUT_ADDR_B[19]
                            (internal pin)
  Destination:            pccx_v002_system_i/u_npu/inst/u_wrap/u_pccx_npu_top/u_mem_dispatcher/u_l2_cache/u_l2_uram/u_l2_uram/xpm_memory_base_inst/gen_wr_a.gen_word_narrow.mem_reg_uram_1/CAS_IN_ADDR_B[19]
                            (rising edge-triggered cell URAM288 clocked by clk_pl_0  {rise@0.000ns fall@5.000ns period=10.000ns})
  Path Group:             (none)
  Path Type:              Hold (Min at Slow Process Corner)
  Data Path Delay:        0.000ns  (logic 0.000ns (0.000%)  route 0.000ns (0.000%))
  Logic Levels:           0  
  Clock Uncertainty:      0.158ns  ((TSJ^2 + DJ^2)^1/2) / 2 + PE
    Total System Jitter     (TSJ):    0.050ns
    Discrete Jitter          (DJ):    0.312ns
    Phase Error              (PE):    0.000ns
  Clock Net Delay (Destination): 3.226ns (routing 1.681ns, distribution 1.545ns)

    Location             Delay type                Incr(ns)  Path(ns)    Netlist Resource(s)
  -------------------------------------------------------------------    -------------------
    URAM288_X0Y56        URAM288                      0.000     0.000 r  pccx_v002_system_i/u_npu/inst/u_wrap/u_pccx_npu_top/u_mem_dispatcher/u_l2_cache/u_l2_uram/u_l2_uram/xpm_memory_base_inst/gen_wr_a.gen_word_narrow.mem_reg_uram_0/CAS_OUT_ADDR_B[19]
                         net (fo=1, routed)           0.000     0.000    pccx_v002_system_i/u_npu/inst/u_wrap/u_pccx_npu_top/u_mem_dispatcher/u_l2_cache/u_l2_uram/u_l2_uram/xpm_memory_base_inst/gen_wr_a.gen_word_narrow.mem_reg_uram_1_Cas_AddrB_1[19]
    URAM288_X0Y57        URAM288                                      r  pccx_v002_system_i/u_npu/inst/u_wrap/u_pccx_npu_top/u_mem_dispatcher/u_l2_cache/u_l2_uram/u_l2_uram/xpm_memory_base_inst/gen_wr_a.gen_word_narrow.mem_reg_uram_1/CAS_IN_ADDR_B[19]
  -------------------------------------------------------------------    -------------------

                         (clock clk_pl_0 rise edge)
                                                      0.000     0.000 r  
    PS8_X0Y0             PS8                          0.000     0.000 r  pccx_v002_system_i/zynq_ps/inst/PS8_i/PLCLK[0]
                         net (fo=1, routed)           0.229     0.229    pccx_v002_system_i/zynq_ps/inst/pl_clk_unbuffered[0]
    BUFG_PS_X0Y90        BUFG_PS (Prop_BUFG_PS_I_O)
                                                      0.038     0.267 r  pccx_v002_system_i/zynq_ps/inst/buffer_pl_clk_0.PL_CLK_0_BUFG/O
    X1Y1 (CLOCK_ROOT)    net (fo=82633, routed)       3.226     3.493    pccx_v002_system_i/u_npu/inst/u_wrap/u_pccx_npu_top/u_mem_dispatcher/u_l2_cache/u_l2_uram/u_l2_uram/xpm_memory_base_inst/clka
    URAM288_X0Y57        URAM288                                      r  pccx_v002_system_i/u_npu/inst/u_wrap/u_pccx_npu_top/u_mem_dispatcher/u_l2_cache/u_l2_uram/u_l2_uram/xpm_memory_base_inst/gen_wr_a.gen_word_narrow.mem_reg_uram_1/CLK

Slack:                    inf
  Source:                 pccx_v002_system_i/u_npu/inst/u_wrap/u_pccx_npu_top/u_mem_dispatcher/u_l2_cache/u_l2_uram/u_l2_uram/xpm_memory_base_inst/gen_wr_a.gen_word_narrow.mem_reg_uram_16/CAS_OUT_DBITERR_A
                            (internal pin)
  Destination:            pccx_v002_system_i/u_npu/inst/u_wrap/u_pccx_npu_top/u_mem_dispatcher/u_l2_cache/u_l2_uram/u_l2_uram/xpm_memory_base_inst/gen_wr_a.gen_word_narrow.mem_reg_uram_17/CAS_IN_DBITERR_A
                            (rising edge-triggered cell URAM288 clocked by clk_pl_0  {rise@0.000ns fall@5.000ns period=10.000ns})
  Path Group:             (none)
  Path Type:              Hold (Min at Slow Process Corner)
  Data Path Delay:        0.000ns  (logic 0.000ns (0.000%)  route 0.000ns (0.000%))
  Logic Levels:           0  
  Clock Uncertainty:      0.158ns  ((TSJ^2 + DJ^2)^1/2) / 2 + PE
    Total System Jitter     (TSJ):    0.050ns
    Discrete Jitter          (DJ):    0.312ns
    Phase Error              (PE):    0.000ns
  Clock Net Delay (Destination): 3.207ns (routing 1.681ns, distribution 1.526ns)

    Location             Delay type                Incr(ns)  Path(ns)    Netlist Resource(s)
  -------------------------------------------------------------------    -------------------
    URAM288_X0Y46        URAM288                      0.000     0.000 r  pccx_v002_system_i/u_npu/inst/u_wrap/u_pccx_npu_top/u_mem_dispatcher/u_l2_cache/u_l2_uram/u_l2_uram/xpm_memory_base_inst/gen_wr_a.gen_word_narrow.mem_reg_uram_16/CAS_OUT_DBITERR_A
                         net (fo=1, routed)           0.000     0.000    pccx_v002_system_i/u_npu/inst/u_wrap/u_pccx_npu_top/u_mem_dispatcher/u_l2_cache/u_l2_uram/u_l2_uram/xpm_memory_base_inst/gen_wr_a.gen_word_narrow.mem_reg_uram_16_n_0
    URAM288_X0Y47        URAM288                                      r  pccx_v002_system_i/u_npu/inst/u_wrap/u_pccx_npu_top/u_mem_dispatcher/u_l2_cache/u_l2_uram/u_l2_uram/xpm_memory_base_inst/gen_wr_a.gen_word_narrow.mem_reg_uram_17/CAS_IN_DBITERR_A
  -------------------------------------------------------------------    -------------------

                         (clock clk_pl_0 rise edge)
                                                      0.000     0.000 r  
    PS8_X0Y0             PS8                          0.000     0.000 r  pccx_v002_system_i/zynq_ps/inst/PS8_i/PLCLK[0]
                         net (fo=1, routed)           0.229     0.229    pccx_v002_system_i/zynq_ps/inst/pl_clk_unbuffered[0]
    BUFG_PS_X0Y90        BUFG_PS (Prop_BUFG_PS_I_O)
                                                      0.038     0.267 r  pccx_v002_system_i/zynq_ps/inst/buffer_pl_clk_0.PL_CLK_0_BUFG/O
    X1Y1 (CLOCK_ROOT)    net (fo=82633, routed)       3.207     3.474    pccx_v002_system_i/u_npu/inst/u_wrap/u_pccx_npu_top/u_mem_dispatcher/u_l2_cache/u_l2_uram/u_l2_uram/xpm_memory_base_inst/clka
    URAM288_X0Y47        URAM288                                      r  pccx_v002_system_i/u_npu/inst/u_wrap/u_pccx_npu_top/u_mem_dispatcher/u_l2_cache/u_l2_uram/u_l2_uram/xpm_memory_base_inst/gen_wr_a.gen_word_narrow.mem_reg_uram_17/CLK

Slack:                    inf
  Source:                 pccx_v002_system_i/u_npu/inst/u_wrap/u_pccx_npu_top/u_mem_dispatcher/u_l2_cache/u_l2_uram/u_l2_uram/xpm_memory_base_inst/gen_wr_a.gen_word_narrow.mem_reg_uram_16/CAS_OUT_SBITERR_A
                            (internal pin)
  Destination:            pccx_v002_system_i/u_npu/inst/u_wrap/u_pccx_npu_top/u_mem_dispatcher/u_l2_cache/u_l2_uram/u_l2_uram/xpm_memory_base_inst/gen_wr_a.gen_word_narrow.mem_reg_uram_17/CAS_IN_SBITERR_A
                            (rising edge-triggered cell URAM288 clocked by clk_pl_0  {rise@0.000ns fall@5.000ns period=10.000ns})
  Path Group:             (none)
  Path Type:              Hold (Min at Slow Process Corner)
  Data Path Delay:        0.000ns  (logic 0.000ns (0.000%)  route 0.000ns (0.000%))
  Logic Levels:           0  
  Clock Uncertainty:      0.158ns  ((TSJ^2 + DJ^2)^1/2) / 2 + PE
    Total System Jitter     (TSJ):    0.050ns
    Discrete Jitter          (DJ):    0.312ns
    Phase Error              (PE):    0.000ns
  Clock Net Delay (Destination): 3.207ns (routing 1.681ns, distribution 1.526ns)

    Location             Delay type                Incr(ns)  Path(ns)    Netlist Resource(s)
  -------------------------------------------------------------------    -------------------
    URAM288_X0Y46        URAM288                      0.000     0.000 r  pccx_v002_system_i/u_npu/inst/u_wrap/u_pccx_npu_top/u_mem_dispatcher/u_l2_cache/u_l2_uram/u_l2_uram/xpm_memory_base_inst/gen_wr_a.gen_word_narrow.mem_reg_uram_16/CAS_OUT_SBITERR_A
                         net (fo=1, routed)           0.000     0.000    pccx_v002_system_i/u_npu/inst/u_wrap/u_pccx_npu_top/u_mem_dispatcher/u_l2_cache/u_l2_uram/u_l2_uram/xpm_memory_base_inst/gen_wr_a.gen_word_narrow.mem_reg_uram_16_n_8
    URAM288_X0Y47        URAM288                                      r  pccx_v002_system_i/u_npu/inst/u_wrap/u_pccx_npu_top/u_mem_dispatcher/u_l2_cache/u_l2_uram/u_l2_uram/xpm_memory_base_inst/gen_wr_a.gen_word_narrow.mem_reg_uram_17/CAS_IN_SBITERR_A
  -------------------------------------------------------------------    -------------------

                         (clock clk_pl_0 rise edge)
                                                      0.000     0.000 r  
    PS8_X0Y0             PS8                          0.000     0.000 r  pccx_v002_system_i/zynq_ps/inst/PS8_i/PLCLK[0]
                         net (fo=1, routed)           0.229     0.229    pccx_v002_system_i/zynq_ps/inst/pl_clk_unbuffered[0]
    BUFG_PS_X0Y90        BUFG_PS (Prop_BUFG_PS_I_O)
                                                      0.038     0.267 r  pccx_v002_system_i/zynq_ps/inst/buffer_pl_clk_0.PL_CLK_0_BUFG/O
    X1Y1 (CLOCK_ROOT)    net (fo=82633, routed)       3.207     3.474    pccx_v002_system_i/u_npu/inst/u_wrap/u_pccx_npu_top/u_mem_dispatcher/u_l2_cache/u_l2_uram/u_l2_uram/xpm_memory_base_inst/clka
    URAM288_X0Y47        URAM288                                      r  pccx_v002_system_i/u_npu/inst/u_wrap/u_pccx_npu_top/u_mem_dispatcher/u_l2_cache/u_l2_uram/u_l2_uram/xpm_memory_base_inst/gen_wr_a.gen_word_narrow.mem_reg_uram_17/CLK

Slack:                    inf
  Source:                 pccx_v002_system_i/u_npu/inst/u_wrap/u_pccx_npu_top/u_mem_dispatcher/u_l2_cache/u_l2_uram/u_l2_uram/xpm_memory_base_inst/gen_wr_a.gen_word_narrow.mem_reg_uram_16/CAS_OUT_SBITERR_B
                            (internal pin)
  Destination:            pccx_v002_system_i/u_npu/inst/u_wrap/u_pccx_npu_top/u_mem_dispatcher/u_l2_cache/u_l2_uram/u_l2_uram/xpm_memory_base_inst/gen_wr_a.gen_word_narrow.mem_reg_uram_17/CAS_IN_SBITERR_B
                            (rising edge-triggered cell URAM288 clocked by clk_pl_0  {rise@0.000ns fall@5.000ns period=10.000ns})
  Path Group:             (none)
  Path Type:              Hold (Min at Slow Process Corner)
  Data Path Delay:        0.000ns  (logic 0.000ns (0.000%)  route 0.000ns (0.000%))
  Logic Levels:           0  
  Clock Uncertainty:      0.158ns  ((TSJ^2 + DJ^2)^1/2) / 2 + PE
    Total System Jitter     (TSJ):    0.050ns
    Discrete Jitter          (DJ):    0.312ns
    Phase Error              (PE):    0.000ns
  Clock Net Delay (Destination): 3.207ns (routing 1.681ns, distribution 1.526ns)

    Location             Delay type                Incr(ns)  Path(ns)    Netlist Resource(s)
  -------------------------------------------------------------------    -------------------
    URAM288_X0Y46        URAM288                      0.000     0.000 r  pccx_v002_system_i/u_npu/inst/u_wrap/u_pccx_npu_top/u_mem_dispatcher/u_l2_cache/u_l2_uram/u_l2_uram/xpm_memory_base_inst/gen_wr_a.gen_word_narrow.mem_reg_uram_16/CAS_OUT_SBITERR_B
                         net (fo=1, routed)           0.000     0.000    pccx_v002_system_i/u_npu/inst/u_wrap/u_pccx_npu_top/u_mem_dispatcher/u_l2_cache/u_l2_uram/u_l2_uram/xpm_memory_base_inst/gen_wr_a.gen_word_narrow.mem_reg_uram_16_n_9
    URAM288_X0Y47        URAM288                                      r  pccx_v002_system_i/u_npu/inst/u_wrap/u_pccx_npu_top/u_mem_dispatcher/u_l2_cache/u_l2_uram/u_l2_uram/xpm_memory_base_inst/gen_wr_a.gen_word_narrow.mem_reg_uram_17/CAS_IN_SBITERR_B
  -------------------------------------------------------------------    -------------------

                         (clock clk_pl_0 rise edge)
                                                      0.000     0.000 r  
    PS8_X0Y0             PS8                          0.000     0.000 r  pccx_v002_system_i/zynq_ps/inst/PS8_i/PLCLK[0]
                         net (fo=1, routed)           0.229     0.229    pccx_v002_system_i/zynq_ps/inst/pl_clk_unbuffered[0]
    BUFG_PS_X0Y90        BUFG_PS (Prop_BUFG_PS_I_O)
                                                      0.038     0.267 r  pccx_v002_system_i/zynq_ps/inst/buffer_pl_clk_0.PL_CLK_0_BUFG/O
    X1Y1 (CLOCK_ROOT)    net (fo=82633, routed)       3.207     3.474    pccx_v002_system_i/u_npu/inst/u_wrap/u_pccx_npu_top/u_mem_dispatcher/u_l2_cache/u_l2_uram/u_l2_uram/xpm_memory_base_inst/clka
    URAM288_X0Y47        URAM288                                      r  pccx_v002_system_i/u_npu/inst/u_wrap/u_pccx_npu_top/u_mem_dispatcher/u_l2_cache/u_l2_uram/u_l2_uram/xpm_memory_base_inst/gen_wr_a.gen_word_narrow.mem_reg_uram_17/CLK

Slack:                    inf
  Source:                 pccx_v002_system_i/u_npu/inst/u_wrap/u_pccx_npu_top/u_mem_dispatcher/u_l2_cache/u_l2_uram/u_l2_uram/xpm_memory_base_inst/gen_wr_a.gen_word_narrow.mem_reg_uram_24/CAS_OUT_DBITERR_A
                            (internal pin)
  Destination:            pccx_v002_system_i/u_npu/inst/u_wrap/u_pccx_npu_top/u_mem_dispatcher/u_l2_cache/u_l2_uram/u_l2_uram/xpm_memory_base_inst/gen_wr_a.gen_word_narrow.mem_reg_uram_25/CAS_IN_DBITERR_A
                            (rising edge-triggered cell URAM288 clocked by clk_pl_0  {rise@0.000ns fall@5.000ns period=10.000ns})
  Path Group:             (none)
  Path Type:              Hold (Min at Slow Process Corner)
  Data Path Delay:        0.000ns  (logic 0.000ns (0.000%)  route 0.000ns (0.000%))
  Logic Levels:           0  
  Clock Uncertainty:      0.158ns  ((TSJ^2 + DJ^2)^1/2) / 2 + PE
    Total System Jitter     (TSJ):    0.050ns
    Discrete Jitter          (DJ):    0.312ns
    Phase Error              (PE):    0.000ns
  Clock Net Delay (Destination): 3.241ns (routing 1.681ns, distribution 1.560ns)

    Location             Delay type                Incr(ns)  Path(ns)    Netlist Resource(s)
  -------------------------------------------------------------------    -------------------
    URAM288_X0Y32        URAM288                      0.000     0.000 r  pccx_v002_system_i/u_npu/inst/u_wrap/u_pccx_npu_top/u_mem_dispatcher/u_l2_cache/u_l2_uram/u_l2_uram/xpm_memory_base_inst/gen_wr_a.gen_word_narrow.mem_reg_uram_24/CAS_OUT_DBITERR_A
                         net (fo=1, routed)           0.000     0.000    pccx_v002_system_i/u_npu/inst/u_wrap/u_pccx_npu_top/u_mem_dispatcher/u_l2_cache/u_l2_uram/u_l2_uram/xpm_memory_base_inst/gen_wr_a.gen_word_narrow.mem_reg_uram_24_n_0
    URAM288_X0Y33        URAM288                                      r  pccx_v002_system_i/u_npu/inst/u_wrap/u_pccx_npu_top/u_mem_dispatcher/u_l2_cache/u_l2_uram/u_l2_uram/xpm_memory_base_inst/gen_wr_a.gen_word_narrow.mem_reg_uram_25/CAS_IN_DBITERR_A
  -------------------------------------------------------------------    -------------------

                         (clock clk_pl_0 rise edge)
                                                      0.000     0.000 r  
    PS8_X0Y0             PS8                          0.000     0.000 r  pccx_v002_system_i/zynq_ps/inst/PS8_i/PLCLK[0]
                         net (fo=1, routed)           0.229     0.229    pccx_v002_system_i/zynq_ps/inst/pl_clk_unbuffered[0]
    BUFG_PS_X0Y90        BUFG_PS (Prop_BUFG_PS_I_O)
                                                      0.038     0.267 r  pccx_v002_system_i/zynq_ps/inst/buffer_pl_clk_0.PL_CLK_0_BUFG/O
    X1Y1 (CLOCK_ROOT)    net (fo=82633, routed)       3.241     3.508    pccx_v002_system_i/u_npu/inst/u_wrap/u_pccx_npu_top/u_mem_dispatcher/u_l2_cache/u_l2_uram/u_l2_uram/xpm_memory_base_inst/clka
    URAM288_X0Y33        URAM288                                      r  pccx_v002_system_i/u_npu/inst/u_wrap/u_pccx_npu_top/u_mem_dispatcher/u_l2_cache/u_l2_uram/u_l2_uram/xpm_memory_base_inst/gen_wr_a.gen_word_narrow.mem_reg_uram_25/CLK

Slack:                    inf
  Source:                 pccx_v002_system_i/u_npu/inst/u_wrap/u_pccx_npu_top/u_mem_dispatcher/u_l2_cache/u_l2_uram/u_l2_uram/xpm_memory_base_inst/gen_wr_a.gen_word_narrow.mem_reg_uram_24/CAS_OUT_SBITERR_A
                            (internal pin)
  Destination:            pccx_v002_system_i/u_npu/inst/u_wrap/u_pccx_npu_top/u_mem_dispatcher/u_l2_cache/u_l2_uram/u_l2_uram/xpm_memory_base_inst/gen_wr_a.gen_word_narrow.mem_reg_uram_25/CAS_IN_SBITERR_A
                            (rising edge-triggered cell URAM288 clocked by clk_pl_0  {rise@0.000ns fall@5.000ns period=10.000ns})
  Path Group:             (none)
  Path Type:              Hold (Min at Slow Process Corner)
  Data Path Delay:        0.000ns  (logic 0.000ns (0.000%)  route 0.000ns (0.000%))
  Logic Levels:           0  
  Clock Uncertainty:      0.158ns  ((TSJ^2 + DJ^2)^1/2) / 2 + PE
    Total System Jitter     (TSJ):    0.050ns
    Discrete Jitter          (DJ):    0.312ns
    Phase Error              (PE):    0.000ns
  Clock Net Delay (Destination): 3.241ns (routing 1.681ns, distribution 1.560ns)

    Location             Delay type                Incr(ns)  Path(ns)    Netlist Resource(s)
  -------------------------------------------------------------------    -------------------
    URAM288_X0Y32        URAM288                      0.000     0.000 r  pccx_v002_system_i/u_npu/inst/u_wrap/u_pccx_npu_top/u_mem_dispatcher/u_l2_cache/u_l2_uram/u_l2_uram/xpm_memory_base_inst/gen_wr_a.gen_word_narrow.mem_reg_uram_24/CAS_OUT_SBITERR_A
                         net (fo=1, routed)           0.000     0.000    pccx_v002_system_i/u_npu/inst/u_wrap/u_pccx_npu_top/u_mem_dispatcher/u_l2_cache/u_l2_uram/u_l2_uram/xpm_memory_base_inst/gen_wr_a.gen_word_narrow.mem_reg_uram_24_n_8
    URAM288_X0Y33        URAM288                                      r  pccx_v002_system_i/u_npu/inst/u_wrap/u_pccx_npu_top/u_mem_dispatcher/u_l2_cache/u_l2_uram/u_l2_uram/xpm_memory_base_inst/gen_wr_a.gen_word_narrow.mem_reg_uram_25/CAS_IN_SBITERR_A
  -------------------------------------------------------------------    -------------------

                         (clock clk_pl_0 rise edge)
                                                      0.000     0.000 r  
    PS8_X0Y0             PS8                          0.000     0.000 r  pccx_v002_system_i/zynq_ps/inst/PS8_i/PLCLK[0]
                         net (fo=1, routed)           0.229     0.229    pccx_v002_system_i/zynq_ps/inst/pl_clk_unbuffered[0]
    BUFG_PS_X0Y90        BUFG_PS (Prop_BUFG_PS_I_O)
                                                      0.038     0.267 r  pccx_v002_system_i/zynq_ps/inst/buffer_pl_clk_0.PL_CLK_0_BUFG/O
    X1Y1 (CLOCK_ROOT)    net (fo=82633, routed)       3.241     3.508    pccx_v002_system_i/u_npu/inst/u_wrap/u_pccx_npu_top/u_mem_dispatcher/u_l2_cache/u_l2_uram/u_l2_uram/xpm_memory_base_inst/clka
    URAM288_X0Y33        URAM288                                      r  pccx_v002_system_i/u_npu/inst/u_wrap/u_pccx_npu_top/u_mem_dispatcher/u_l2_cache/u_l2_uram/u_l2_uram/xpm_memory_base_inst/gen_wr_a.gen_word_narrow.mem_reg_uram_25/CLK

Slack:                    inf
  Source:                 pccx_v002_system_i/u_npu/inst/u_wrap/u_pccx_npu_top/u_mem_dispatcher/u_l2_cache/u_l2_uram/u_l2_uram/xpm_memory_base_inst/gen_wr_a.gen_word_narrow.mem_reg_uram_24/CAS_OUT_SBITERR_B
                            (internal pin)
  Destination:            pccx_v002_system_i/u_npu/inst/u_wrap/u_pccx_npu_top/u_mem_dispatcher/u_l2_cache/u_l2_uram/u_l2_uram/xpm_memory_base_inst/gen_wr_a.gen_word_narrow.mem_reg_uram_25/CAS_IN_SBITERR_B
                            (rising edge-triggered cell URAM288 clocked by clk_pl_0  {rise@0.000ns fall@5.000ns period=10.000ns})
  Path Group:             (none)
  Path Type:              Hold (Min at Slow Process Corner)
  Data Path Delay:        0.000ns  (logic 0.000ns (0.000%)  route 0.000ns (0.000%))
  Logic Levels:           0  
  Clock Uncertainty:      0.158ns  ((TSJ^2 + DJ^2)^1/2) / 2 + PE
    Total System Jitter     (TSJ):    0.050ns
    Discrete Jitter          (DJ):    0.312ns
    Phase Error              (PE):    0.000ns
  Clock Net Delay (Destination): 3.241ns (routing 1.681ns, distribution 1.560ns)

    Location             Delay type                Incr(ns)  Path(ns)    Netlist Resource(s)
  -------------------------------------------------------------------    -------------------
    URAM288_X0Y32        URAM288                      0.000     0.000 r  pccx_v002_system_i/u_npu/inst/u_wrap/u_pccx_npu_top/u_mem_dispatcher/u_l2_cache/u_l2_uram/u_l2_uram/xpm_memory_base_inst/gen_wr_a.gen_word_narrow.mem_reg_uram_24/CAS_OUT_SBITERR_B
                         net (fo=1, routed)           0.000     0.000    pccx_v002_system_i/u_npu/inst/u_wrap/u_pccx_npu_top/u_mem_dispatcher/u_l2_cache/u_l2_uram/u_l2_uram/xpm_memory_base_inst/gen_wr_a.gen_word_narrow.mem_reg_uram_24_n_9
    URAM288_X0Y33        URAM288                                      r  pccx_v002_system_i/u_npu/inst/u_wrap/u_pccx_npu_top/u_mem_dispatcher/u_l2_cache/u_l2_uram/u_l2_uram/xpm_memory_base_inst/gen_wr_a.gen_word_narrow.mem_reg_uram_25/CAS_IN_SBITERR_B
  -------------------------------------------------------------------    -------------------

                         (clock clk_pl_0 rise edge)
                                                      0.000     0.000 r  
    PS8_X0Y0             PS8                          0.000     0.000 r  pccx_v002_system_i/zynq_ps/inst/PS8_i/PLCLK[0]
                         net (fo=1, routed)           0.229     0.229    pccx_v002_system_i/zynq_ps/inst/pl_clk_unbuffered[0]
    BUFG_PS_X0Y90        BUFG_PS (Prop_BUFG_PS_I_O)
                                                      0.038     0.267 r  pccx_v002_system_i/zynq_ps/inst/buffer_pl_clk_0.PL_CLK_0_BUFG/O
    X1Y1 (CLOCK_ROOT)    net (fo=82633, routed)       3.241     3.508    pccx_v002_system_i/u_npu/inst/u_wrap/u_pccx_npu_top/u_mem_dispatcher/u_l2_cache/u_l2_uram/u_l2_uram/xpm_memory_base_inst/clka
    URAM288_X0Y33        URAM288                                      r  pccx_v002_system_i/u_npu/inst/u_wrap/u_pccx_npu_top/u_mem_dispatcher/u_l2_cache/u_l2_uram/u_l2_uram/xpm_memory_base_inst/gen_wr_a.gen_word_narrow.mem_reg_uram_25/CLK

Slack:                    inf
  Source:                 pccx_v002_system_i/u_npu/inst/u_wrap/u_pccx_npu_top/u_mem_dispatcher/u_l2_cache/u_l2_uram/u_l2_uram/xpm_memory_base_inst/gen_wr_a.gen_word_narrow.mem_reg_uram_28/CAS_OUT_ADDR_B[19]
                            (internal pin)
  Destination:            pccx_v002_system_i/u_npu/inst/u_wrap/u_pccx_npu_top/u_mem_dispatcher/u_l2_cache/u_l2_uram/u_l2_uram/xpm_memory_base_inst/gen_wr_a.gen_word_narrow.mem_reg_uram_29/CAS_IN_ADDR_B[19]
                            (rising edge-triggered cell URAM288 clocked by clk_pl_0  {rise@0.000ns fall@5.000ns period=10.000ns})
  Path Group:             (none)
  Path Type:              Hold (Min at Slow Process Corner)
  Data Path Delay:        0.000ns  (logic 0.000ns (0.000%)  route 0.000ns (0.000%))
  Logic Levels:           0  
  Clock Uncertainty:      0.158ns  ((TSJ^2 + DJ^2)^1/2) / 2 + PE
    Total System Jitter     (TSJ):    0.050ns
    Discrete Jitter          (DJ):    0.312ns
    Phase Error              (PE):    0.000ns
  Clock Net Delay (Destination): 3.156ns (routing 1.681ns, distribution 1.475ns)

    Location             Delay type                Incr(ns)  Path(ns)    Netlist Resource(s)
  -------------------------------------------------------------------    -------------------
    URAM288_X0Y4         URAM288                      0.000     0.000 r  pccx_v002_system_i/u_npu/inst/u_wrap/u_pccx_npu_top/u_mem_dispatcher/u_l2_cache/u_l2_uram/u_l2_uram/xpm_memory_base_inst/gen_wr_a.gen_word_narrow.mem_reg_uram_28/CAS_OUT_ADDR_B[19]
                         net (fo=1, routed)           0.000     0.000    pccx_v002_system_i/u_npu/inst/u_wrap/u_pccx_npu_top/u_mem_dispatcher/u_l2_cache/u_l2_uram/u_l2_uram/xpm_memory_base_inst/gen_wr_a.gen_word_narrow.mem_reg_uram_29_Cas_AddrB_1[19]
    URAM288_X0Y5         URAM288                                      r  pccx_v002_system_i/u_npu/inst/u_wrap/u_pccx_npu_top/u_mem_dispatcher/u_l2_cache/u_l2_uram/u_l2_uram/xpm_memory_base_inst/gen_wr_a.gen_word_narrow.mem_reg_uram_29/CAS_IN_ADDR_B[19]
  -------------------------------------------------------------------    -------------------

                         (clock clk_pl_0 rise edge)
                                                      0.000     0.000 r  
    PS8_X0Y0             PS8                          0.000     0.000 r  pccx_v002_system_i/zynq_ps/inst/PS8_i/PLCLK[0]
                         net (fo=1, routed)           0.229     0.229    pccx_v002_system_i/zynq_ps/inst/pl_clk_unbuffered[0]
    BUFG_PS_X0Y90        BUFG_PS (Prop_BUFG_PS_I_O)
                                                      0.038     0.267 r  pccx_v002_system_i/zynq_ps/inst/buffer_pl_clk_0.PL_CLK_0_BUFG/O
    X1Y1 (CLOCK_ROOT)    net (fo=82633, routed)       3.156     3.423    pccx_v002_system_i/u_npu/inst/u_wrap/u_pccx_npu_top/u_mem_dispatcher/u_l2_cache/u_l2_uram/u_l2_uram/xpm_memory_base_inst/clka
    URAM288_X0Y5         URAM288                                      r  pccx_v002_system_i/u_npu/inst/u_wrap/u_pccx_npu_top/u_mem_dispatcher/u_l2_cache/u_l2_uram/u_l2_uram/xpm_memory_base_inst/gen_wr_a.gen_word_narrow.mem_reg_uram_29/CLK

Slack:                    inf
  Source:                 pccx_v002_system_i/u_npu/inst/u_wrap/u_pccx_npu_top/u_mem_dispatcher/u_l2_cache/u_l2_uram/u_l2_uram/xpm_memory_base_inst/gen_wr_a.gen_word_narrow.mem_reg_uram_28/CAS_OUT_DIN_A[64]
                            (internal pin)
  Destination:            pccx_v002_system_i/u_npu/inst/u_wrap/u_pccx_npu_top/u_mem_dispatcher/u_l2_cache/u_l2_uram/u_l2_uram/xpm_memory_base_inst/gen_wr_a.gen_word_narrow.mem_reg_uram_29/CAS_IN_DIN_A[64]
                            (rising edge-triggered cell URAM288 clocked by clk_pl_0  {rise@0.000ns fall@5.000ns period=10.000ns})
  Path Group:             (none)
  Path Type:              Hold (Min at Slow Process Corner)
  Data Path Delay:        0.000ns  (logic 0.000ns (0.000%)  route 0.000ns (0.000%))
  Logic Levels:           0  
  Clock Uncertainty:      0.158ns  ((TSJ^2 + DJ^2)^1/2) / 2 + PE
    Total System Jitter     (TSJ):    0.050ns
    Discrete Jitter          (DJ):    0.312ns
    Phase Error              (PE):    0.000ns
  Clock Net Delay (Destination): 3.156ns (routing 1.681ns, distribution 1.475ns)

    Location             Delay type                Incr(ns)  Path(ns)    Netlist Resource(s)
  -------------------------------------------------------------------    -------------------
    URAM288_X0Y4         URAM288                      0.000     0.000 r  pccx_v002_system_i/u_npu/inst/u_wrap/u_pccx_npu_top/u_mem_dispatcher/u_l2_cache/u_l2_uram/u_l2_uram/xpm_memory_base_inst/gen_wr_a.gen_word_narrow.mem_reg_uram_28/CAS_OUT_DIN_A[64]
                         net (fo=1, routed)           0.000     0.000    pccx_v002_system_i/u_npu/inst/u_wrap/u_pccx_npu_top/u_mem_dispatcher/u_l2_cache/u_l2_uram/u_l2_uram/xpm_memory_base_inst/gen_wr_a.gen_word_narrow.mem_reg_uram_29_Cas_DinA_1[64]
    URAM288_X0Y5         URAM288                                      r  pccx_v002_system_i/u_npu/inst/u_wrap/u_pccx_npu_top/u_mem_dispatcher/u_l2_cache/u_l2_uram/u_l2_uram/xpm_memory_base_inst/gen_wr_a.gen_word_narrow.mem_reg_uram_29/CAS_IN_DIN_A[64]
  -------------------------------------------------------------------    -------------------

                         (clock clk_pl_0 rise edge)
                                                      0.000     0.000 r  
    PS8_X0Y0             PS8                          0.000     0.000 r  pccx_v002_system_i/zynq_ps/inst/PS8_i/PLCLK[0]
                         net (fo=1, routed)           0.229     0.229    pccx_v002_system_i/zynq_ps/inst/pl_clk_unbuffered[0]
    BUFG_PS_X0Y90        BUFG_PS (Prop_BUFG_PS_I_O)
                                                      0.038     0.267 r  pccx_v002_system_i/zynq_ps/inst/buffer_pl_clk_0.PL_CLK_0_BUFG/O
    X1Y1 (CLOCK_ROOT)    net (fo=82633, routed)       3.156     3.423    pccx_v002_system_i/u_npu/inst/u_wrap/u_pccx_npu_top/u_mem_dispatcher/u_l2_cache/u_l2_uram/u_l2_uram/xpm_memory_base_inst/clka
    URAM288_X0Y5         URAM288                                      r  pccx_v002_system_i/u_npu/inst/u_wrap/u_pccx_npu_top/u_mem_dispatcher/u_l2_cache/u_l2_uram/u_l2_uram/xpm_memory_base_inst/gen_wr_a.gen_word_narrow.mem_reg_uram_29/CLK

Slack:                    inf
  Source:                 pccx_v002_system_i/u_npu/inst/u_wrap/u_pccx_npu_top/u_mem_dispatcher/u_l2_cache/u_l2_uram/u_l2_uram/xpm_memory_base_inst/gen_wr_a.gen_word_narrow.mem_reg_uram_28/CAS_OUT_DIN_A[68]
                            (internal pin)
  Destination:            pccx_v002_system_i/u_npu/inst/u_wrap/u_pccx_npu_top/u_mem_dispatcher/u_l2_cache/u_l2_uram/u_l2_uram/xpm_memory_base_inst/gen_wr_a.gen_word_narrow.mem_reg_uram_29/CAS_IN_DIN_A[68]
                            (rising edge-triggered cell URAM288 clocked by clk_pl_0  {rise@0.000ns fall@5.000ns period=10.000ns})
  Path Group:             (none)
  Path Type:              Hold (Min at Slow Process Corner)
  Data Path Delay:        0.000ns  (logic 0.000ns (0.000%)  route 0.000ns (0.000%))
  Logic Levels:           0  
  Clock Uncertainty:      0.158ns  ((TSJ^2 + DJ^2)^1/2) / 2 + PE
    Total System Jitter     (TSJ):    0.050ns
    Discrete Jitter          (DJ):    0.312ns
    Phase Error              (PE):    0.000ns
  Clock Net Delay (Destination): 3.156ns (routing 1.681ns, distribution 1.475ns)

    Location             Delay type                Incr(ns)  Path(ns)    Netlist Resource(s)
  -------------------------------------------------------------------    -------------------
    URAM288_X0Y4         URAM288                      0.000     0.000 r  pccx_v002_system_i/u_npu/inst/u_wrap/u_pccx_npu_top/u_mem_dispatcher/u_l2_cache/u_l2_uram/u_l2_uram/xpm_memory_base_inst/gen_wr_a.gen_word_narrow.mem_reg_uram_28/CAS_OUT_DIN_A[68]
                         net (fo=1, routed)           0.000     0.000    pccx_v002_system_i/u_npu/inst/u_wrap/u_pccx_npu_top/u_mem_dispatcher/u_l2_cache/u_l2_uram/u_l2_uram/xpm_memory_base_inst/gen_wr_a.gen_word_narrow.mem_reg_uram_29_Cas_DinA_1[68]
    URAM288_X0Y5         URAM288                                      r  pccx_v002_system_i/u_npu/inst/u_wrap/u_pccx_npu_top/u_mem_dispatcher/u_l2_cache/u_l2_uram/u_l2_uram/xpm_memory_base_inst/gen_wr_a.gen_word_narrow.mem_reg_uram_29/CAS_IN_DIN_A[68]
  -------------------------------------------------------------------    -------------------

                         (clock clk_pl_0 rise edge)
                                                      0.000     0.000 r  
    PS8_X0Y0             PS8                          0.000     0.000 r  pccx_v002_system_i/zynq_ps/inst/PS8_i/PLCLK[0]
                         net (fo=1, routed)           0.229     0.229    pccx_v002_system_i/zynq_ps/inst/pl_clk_unbuffered[0]
    BUFG_PS_X0Y90        BUFG_PS (Prop_BUFG_PS_I_O)
                                                      0.038     0.267 r  pccx_v002_system_i/zynq_ps/inst/buffer_pl_clk_0.PL_CLK_0_BUFG/O
    X1Y1 (CLOCK_ROOT)    net (fo=82633, routed)       3.156     3.423    pccx_v002_system_i/u_npu/inst/u_wrap/u_pccx_npu_top/u_mem_dispatcher/u_l2_cache/u_l2_uram/u_l2_uram/xpm_memory_base_inst/clka
    URAM288_X0Y5         URAM288                                      r  pccx_v002_system_i/u_npu/inst/u_wrap/u_pccx_npu_top/u_mem_dispatcher/u_l2_cache/u_l2_uram/u_l2_uram/xpm_memory_base_inst/gen_wr_a.gen_word_narrow.mem_reg_uram_29/CLK

Slack:                    inf
  Source:                 pccx_v002_system_i/u_npu/inst/u_wrap/u_pccx_npu_top/u_mem_dispatcher/u_l2_cache/u_l2_uram/u_l2_uram/xpm_memory_base_inst/gen_wr_a.gen_word_narrow.mem_reg_uram_2/CAS_OUT_ADDR_B[19]
                            (internal pin)
  Destination:            pccx_v002_system_i/u_npu/inst/u_wrap/u_pccx_npu_top/u_mem_dispatcher/u_l2_cache/u_l2_uram/u_l2_uram/xpm_memory_base_inst/gen_wr_a.gen_word_narrow.mem_reg_uram_3/CAS_IN_ADDR_B[19]
                            (rising edge-triggered cell URAM288 clocked by clk_pl_0  {rise@0.000ns fall@5.000ns period=10.000ns})
  Path Group:             (none)
  Path Type:              Hold (Min at Slow Process Corner)
  Data Path Delay:        0.000ns  (logic 0.000ns (0.000%)  route 0.000ns (0.000%))
  Logic Levels:           0  
  Clock Uncertainty:      0.158ns  ((TSJ^2 + DJ^2)^1/2) / 2 + PE
    Total System Jitter     (TSJ):    0.050ns
    Discrete Jitter          (DJ):    0.312ns
    Phase Error              (PE):    0.000ns
  Clock Net Delay (Destination): 3.205ns (routing 1.681ns, distribution 1.524ns)

    Location             Delay type                Incr(ns)  Path(ns)    Netlist Resource(s)
  -------------------------------------------------------------------    -------------------
    URAM288_X0Y58        URAM288                      0.000     0.000 r  pccx_v002_system_i/u_npu/inst/u_wrap/u_pccx_npu_top/u_mem_dispatcher/u_l2_cache/u_l2_uram/u_l2_uram/xpm_memory_base_inst/gen_wr_a.gen_word_narrow.mem_reg_uram_2/CAS_OUT_ADDR_B[19]
                         net (fo=1, routed)           0.000     0.000    pccx_v002_system_i/u_npu/inst/u_wrap/u_pccx_npu_top/u_mem_dispatcher/u_l2_cache/u_l2_uram/u_l2_uram/xpm_memory_base_inst/gen_wr_a.gen_word_narrow.mem_reg_uram_3_Cas_AddrB_1[19]
    URAM288_X0Y59        URAM288                                      r  pccx_v002_system_i/u_npu/inst/u_wrap/u_pccx_npu_top/u_mem_dispatcher/u_l2_cache/u_l2_uram/u_l2_uram/xpm_memory_base_inst/gen_wr_a.gen_word_narrow.mem_reg_uram_3/CAS_IN_ADDR_B[19]
  -------------------------------------------------------------------    -------------------

                         (clock clk_pl_0 rise edge)
                                                      0.000     0.000 r  
    PS8_X0Y0             PS8                          0.000     0.000 r  pccx_v002_system_i/zynq_ps/inst/PS8_i/PLCLK[0]
                         net (fo=1, routed)           0.229     0.229    pccx_v002_system_i/zynq_ps/inst/pl_clk_unbuffered[0]
    BUFG_PS_X0Y90        BUFG_PS (Prop_BUFG_PS_I_O)
                                                      0.038     0.267 r  pccx_v002_system_i/zynq_ps/inst/buffer_pl_clk_0.PL_CLK_0_BUFG/O
    X1Y1 (CLOCK_ROOT)    net (fo=82633, routed)       3.205     3.472    pccx_v002_system_i/u_npu/inst/u_wrap/u_pccx_npu_top/u_mem_dispatcher/u_l2_cache/u_l2_uram/u_l2_uram/xpm_memory_base_inst/clka
    URAM288_X0Y59        URAM288                                      r  pccx_v002_system_i/u_npu/inst/u_wrap/u_pccx_npu_top/u_mem_dispatcher/u_l2_cache/u_l2_uram/u_l2_uram/xpm_memory_base_inst/gen_wr_a.gen_word_narrow.mem_reg_uram_3/CLK

Slack:                    inf
  Source:                 pccx_v002_system_i/u_npu/inst/u_wrap/u_pccx_npu_top/u_mem_dispatcher/u_l2_cache/u_l2_uram/u_l2_uram/xpm_memory_base_inst/gen_wr_a.gen_word_narrow.mem_reg_uram_30/CAS_OUT_ADDR_B[19]
                            (internal pin)
  Destination:            pccx_v002_system_i/u_npu/inst/u_wrap/u_pccx_npu_top/u_mem_dispatcher/u_l2_cache/u_l2_uram/u_l2_uram/xpm_memory_base_inst/gen_wr_a.gen_word_narrow.mem_reg_uram_31/CAS_IN_ADDR_B[19]
                            (rising edge-triggered cell URAM288 clocked by clk_pl_0  {rise@0.000ns fall@5.000ns period=10.000ns})
  Path Group:             (none)
  Path Type:              Hold (Min at Slow Process Corner)
  Data Path Delay:        0.000ns  (logic 0.000ns (0.000%)  route 0.000ns (0.000%))
  Logic Levels:           0  
  Clock Uncertainty:      0.158ns  ((TSJ^2 + DJ^2)^1/2) / 2 + PE
    Total System Jitter     (TSJ):    0.050ns
    Discrete Jitter          (DJ):    0.312ns
    Phase Error              (PE):    0.000ns
  Clock Net Delay (Destination): 3.177ns (routing 1.681ns, distribution 1.496ns)

    Location             Delay type                Incr(ns)  Path(ns)    Netlist Resource(s)
  -------------------------------------------------------------------    -------------------
    URAM288_X0Y8         URAM288                      0.000     0.000 r  pccx_v002_system_i/u_npu/inst/u_wrap/u_pccx_npu_top/u_mem_dispatcher/u_l2_cache/u_l2_uram/u_l2_uram/xpm_memory_base_inst/gen_wr_a.gen_word_narrow.mem_reg_uram_30/CAS_OUT_ADDR_B[19]
                         net (fo=1, routed)           0.000     0.000    pccx_v002_system_i/u_npu/inst/u_wrap/u_pccx_npu_top/u_mem_dispatcher/u_l2_cache/u_l2_uram/u_l2_uram/xpm_memory_base_inst/gen_wr_a.gen_word_narrow.mem_reg_uram_31_Cas_AddrB_1[19]
    URAM288_X0Y9         URAM288                                      r  pccx_v002_system_i/u_npu/inst/u_wrap/u_pccx_npu_top/u_mem_dispatcher/u_l2_cache/u_l2_uram/u_l2_uram/xpm_memory_base_inst/gen_wr_a.gen_word_narrow.mem_reg_uram_31/CAS_IN_ADDR_B[19]
  -------------------------------------------------------------------    -------------------

                         (clock clk_pl_0 rise edge)
                                                      0.000     0.000 r  
    PS8_X0Y0             PS8                          0.000     0.000 r  pccx_v002_system_i/zynq_ps/inst/PS8_i/PLCLK[0]
                         net (fo=1, routed)           0.229     0.229    pccx_v002_system_i/zynq_ps/inst/pl_clk_unbuffered[0]
    BUFG_PS_X0Y90        BUFG_PS (Prop_BUFG_PS_I_O)
                                                      0.038     0.267 r  pccx_v002_system_i/zynq_ps/inst/buffer_pl_clk_0.PL_CLK_0_BUFG/O
    X1Y1 (CLOCK_ROOT)    net (fo=82633, routed)       3.177     3.444    pccx_v002_system_i/u_npu/inst/u_wrap/u_pccx_npu_top/u_mem_dispatcher/u_l2_cache/u_l2_uram/u_l2_uram/xpm_memory_base_inst/clka
    URAM288_X0Y9         URAM288                                      r  pccx_v002_system_i/u_npu/inst/u_wrap/u_pccx_npu_top/u_mem_dispatcher/u_l2_cache/u_l2_uram/u_l2_uram/xpm_memory_base_inst/gen_wr_a.gen_word_narrow.mem_reg_uram_31/CLK

Slack:                    inf
  Source:                 pccx_v002_system_i/u_npu/inst/u_wrap/u_pccx_npu_top/u_mem_dispatcher/u_l2_cache/u_l2_uram/u_l2_uram/xpm_memory_base_inst/gen_wr_a.gen_word_narrow.mem_reg_uram_30/CAS_OUT_DIN_A[64]
                            (internal pin)
  Destination:            pccx_v002_system_i/u_npu/inst/u_wrap/u_pccx_npu_top/u_mem_dispatcher/u_l2_cache/u_l2_uram/u_l2_uram/xpm_memory_base_inst/gen_wr_a.gen_word_narrow.mem_reg_uram_31/CAS_IN_DIN_A[64]
                            (rising edge-triggered cell URAM288 clocked by clk_pl_0  {rise@0.000ns fall@5.000ns period=10.000ns})
  Path Group:             (none)
  Path Type:              Hold (Min at Slow Process Corner)
  Data Path Delay:        0.000ns  (logic 0.000ns (0.000%)  route 0.000ns (0.000%))
  Logic Levels:           0  
  Clock Uncertainty:      0.158ns  ((TSJ^2 + DJ^2)^1/2) / 2 + PE
    Total System Jitter     (TSJ):    0.050ns
    Discrete Jitter          (DJ):    0.312ns
    Phase Error              (PE):    0.000ns
  Clock Net Delay (Destination): 3.177ns (routing 1.681ns, distribution 1.496ns)

    Location             Delay type                Incr(ns)  Path(ns)    Netlist Resource(s)
  -------------------------------------------------------------------    -------------------
    URAM288_X0Y8         URAM288                      0.000     0.000 r  pccx_v002_system_i/u_npu/inst/u_wrap/u_pccx_npu_top/u_mem_dispatcher/u_l2_cache/u_l2_uram/u_l2_uram/xpm_memory_base_inst/gen_wr_a.gen_word_narrow.mem_reg_uram_30/CAS_OUT_DIN_A[64]
                         net (fo=1, routed)           0.000     0.000    pccx_v002_system_i/u_npu/inst/u_wrap/u_pccx_npu_top/u_mem_dispatcher/u_l2_cache/u_l2_uram/u_l2_uram/xpm_memory_base_inst/gen_wr_a.gen_word_narrow.mem_reg_uram_31_Cas_DinA_1[64]
    URAM288_X0Y9         URAM288                                      r  pccx_v002_system_i/u_npu/inst/u_wrap/u_pccx_npu_top/u_mem_dispatcher/u_l2_cache/u_l2_uram/u_l2_uram/xpm_memory_base_inst/gen_wr_a.gen_word_narrow.mem_reg_uram_31/CAS_IN_DIN_A[64]
  -------------------------------------------------------------------    -------------------

                         (clock clk_pl_0 rise edge)
                                                      0.000     0.000 r  
    PS8_X0Y0             PS8                          0.000     0.000 r  pccx_v002_system_i/zynq_ps/inst/PS8_i/PLCLK[0]
                         net (fo=1, routed)           0.229     0.229    pccx_v002_system_i/zynq_ps/inst/pl_clk_unbuffered[0]
    BUFG_PS_X0Y90        BUFG_PS (Prop_BUFG_PS_I_O)
                                                      0.038     0.267 r  pccx_v002_system_i/zynq_ps/inst/buffer_pl_clk_0.PL_CLK_0_BUFG/O
    X1Y1 (CLOCK_ROOT)    net (fo=82633, routed)       3.177     3.444    pccx_v002_system_i/u_npu/inst/u_wrap/u_pccx_npu_top/u_mem_dispatcher/u_l2_cache/u_l2_uram/u_l2_uram/xpm_memory_base_inst/clka
    URAM288_X0Y9         URAM288                                      r  pccx_v002_system_i/u_npu/inst/u_wrap/u_pccx_npu_top/u_mem_dispatcher/u_l2_cache/u_l2_uram/u_l2_uram/xpm_memory_base_inst/gen_wr_a.gen_word_narrow.mem_reg_uram_31/CLK

Slack:                    inf
  Source:                 pccx_v002_system_i/u_npu/inst/u_wrap/u_pccx_npu_top/u_mem_dispatcher/u_l2_cache/u_l2_uram/u_l2_uram/xpm_memory_base_inst/gen_wr_a.gen_word_narrow.mem_reg_uram_30/CAS_OUT_DIN_A[68]
                            (internal pin)
  Destination:            pccx_v002_system_i/u_npu/inst/u_wrap/u_pccx_npu_top/u_mem_dispatcher/u_l2_cache/u_l2_uram/u_l2_uram/xpm_memory_base_inst/gen_wr_a.gen_word_narrow.mem_reg_uram_31/CAS_IN_DIN_A[68]
                            (rising edge-triggered cell URAM288 clocked by clk_pl_0  {rise@0.000ns fall@5.000ns period=10.000ns})
  Path Group:             (none)
  Path Type:              Hold (Min at Slow Process Corner)
  Data Path Delay:        0.000ns  (logic 0.000ns (0.000%)  route 0.000ns (0.000%))
  Logic Levels:           0  
  Clock Uncertainty:      0.158ns  ((TSJ^2 + DJ^2)^1/2) / 2 + PE
    Total System Jitter     (TSJ):    0.050ns
    Discrete Jitter          (DJ):    0.312ns
    Phase Error              (PE):    0.000ns
  Clock Net Delay (Destination): 3.177ns (routing 1.681ns, distribution 1.496ns)

    Location             Delay type                Incr(ns)  Path(ns)    Netlist Resource(s)
  -------------------------------------------------------------------    -------------------
    URAM288_X0Y8         URAM288                      0.000     0.000 r  pccx_v002_system_i/u_npu/inst/u_wrap/u_pccx_npu_top/u_mem_dispatcher/u_l2_cache/u_l2_uram/u_l2_uram/xpm_memory_base_inst/gen_wr_a.gen_word_narrow.mem_reg_uram_30/CAS_OUT_DIN_A[68]
                         net (fo=1, routed)           0.000     0.000    pccx_v002_system_i/u_npu/inst/u_wrap/u_pccx_npu_top/u_mem_dispatcher/u_l2_cache/u_l2_uram/u_l2_uram/xpm_memory_base_inst/gen_wr_a.gen_word_narrow.mem_reg_uram_31_Cas_DinA_1[68]
    URAM288_X0Y9         URAM288                                      r  pccx_v002_system_i/u_npu/inst/u_wrap/u_pccx_npu_top/u_mem_dispatcher/u_l2_cache/u_l2_uram/u_l2_uram/xpm_memory_base_inst/gen_wr_a.gen_word_narrow.mem_reg_uram_31/CAS_IN_DIN_A[68]
  -------------------------------------------------------------------    -------------------

                         (clock clk_pl_0 rise edge)
                                                      0.000     0.000 r  
    PS8_X0Y0             PS8                          0.000     0.000 r  pccx_v002_system_i/zynq_ps/inst/PS8_i/PLCLK[0]
                         net (fo=1, routed)           0.229     0.229    pccx_v002_system_i/zynq_ps/inst/pl_clk_unbuffered[0]
    BUFG_PS_X0Y90        BUFG_PS (Prop_BUFG_PS_I_O)
                                                      0.038     0.267 r  pccx_v002_system_i/zynq_ps/inst/buffer_pl_clk_0.PL_CLK_0_BUFG/O
    X1Y1 (CLOCK_ROOT)    net (fo=82633, routed)       3.177     3.444    pccx_v002_system_i/u_npu/inst/u_wrap/u_pccx_npu_top/u_mem_dispatcher/u_l2_cache/u_l2_uram/u_l2_uram/xpm_memory_base_inst/clka
    URAM288_X0Y9         URAM288                                      r  pccx_v002_system_i/u_npu/inst/u_wrap/u_pccx_npu_top/u_mem_dispatcher/u_l2_cache/u_l2_uram/u_l2_uram/xpm_memory_base_inst/gen_wr_a.gen_word_narrow.mem_reg_uram_31/CLK

Slack:                    inf
  Source:                 pccx_v002_system_i/u_npu/inst/u_wrap/u_pccx_npu_top/u_mem_dispatcher/u_l2_cache/u_l2_uram/u_l2_uram/xpm_memory_base_inst/gen_wr_a.gen_word_narrow.mem_reg_uram_32/CAS_OUT_ADDR_B[19]
                            (internal pin)
  Destination:            pccx_v002_system_i/u_npu/inst/u_wrap/u_pccx_npu_top/u_mem_dispatcher/u_l2_cache/u_l2_uram/u_l2_uram/xpm_memory_base_inst/gen_wr_a.gen_word_narrow.mem_reg_uram_33/CAS_IN_ADDR_B[19]
                            (rising edge-triggered cell URAM288 clocked by clk_pl_0  {rise@0.000ns fall@5.000ns period=10.000ns})
  Path Group:             (none)
  Path Type:              Hold (Min at Slow Process Corner)
  Data Path Delay:        0.000ns  (logic 0.000ns (0.000%)  route 0.000ns (0.000%))
  Logic Levels:           0  
  Clock Uncertainty:      0.158ns  ((TSJ^2 + DJ^2)^1/2) / 2 + PE
    Total System Jitter     (TSJ):    0.050ns
    Discrete Jitter          (DJ):    0.312ns
    Phase Error              (PE):    0.000ns
  Clock Net Delay (Destination): 3.176ns (routing 1.681ns, distribution 1.495ns)

    Location             Delay type                Incr(ns)  Path(ns)    Netlist Resource(s)
  -------------------------------------------------------------------    -------------------
    URAM288_X0Y6         URAM288                      0.000     0.000 r  pccx_v002_system_i/u_npu/inst/u_wrap/u_pccx_npu_top/u_mem_dispatcher/u_l2_cache/u_l2_uram/u_l2_uram/xpm_memory_base_inst/gen_wr_a.gen_word_narrow.mem_reg_uram_32/CAS_OUT_ADDR_B[19]
                         net (fo=1, routed)           0.000     0.000    pccx_v002_system_i/u_npu/inst/u_wrap/u_pccx_npu_top/u_mem_dispatcher/u_l2_cache/u_l2_uram/u_l2_uram/xpm_memory_base_inst/gen_wr_a.gen_word_narrow.mem_reg_uram_33_Cas_AddrB_1[19]
    URAM288_X0Y7         URAM288                                      r  pccx_v002_system_i/u_npu/inst/u_wrap/u_pccx_npu_top/u_mem_dispatcher/u_l2_cache/u_l2_uram/u_l2_uram/xpm_memory_base_inst/gen_wr_a.gen_word_narrow.mem_reg_uram_33/CAS_IN_ADDR_B[19]
  -------------------------------------------------------------------    -------------------

                         (clock clk_pl_0 rise edge)
                                                      0.000     0.000 r  
    PS8_X0Y0             PS8                          0.000     0.000 r  pccx_v002_system_i/zynq_ps/inst/PS8_i/PLCLK[0]
                         net (fo=1, routed)           0.229     0.229    pccx_v002_system_i/zynq_ps/inst/pl_clk_unbuffered[0]
    BUFG_PS_X0Y90        BUFG_PS (Prop_BUFG_PS_I_O)
                                                      0.038     0.267 r  pccx_v002_system_i/zynq_ps/inst/buffer_pl_clk_0.PL_CLK_0_BUFG/O
    X1Y1 (CLOCK_ROOT)    net (fo=82633, routed)       3.176     3.443    pccx_v002_system_i/u_npu/inst/u_wrap/u_pccx_npu_top/u_mem_dispatcher/u_l2_cache/u_l2_uram/u_l2_uram/xpm_memory_base_inst/clka
    URAM288_X0Y7         URAM288                                      r  pccx_v002_system_i/u_npu/inst/u_wrap/u_pccx_npu_top/u_mem_dispatcher/u_l2_cache/u_l2_uram/u_l2_uram/xpm_memory_base_inst/gen_wr_a.gen_word_narrow.mem_reg_uram_33/CLK

Slack:                    inf
  Source:                 pccx_v002_system_i/u_npu/inst/u_wrap/u_pccx_npu_top/u_mem_dispatcher/u_l2_cache/u_l2_uram/u_l2_uram/xpm_memory_base_inst/gen_wr_a.gen_word_narrow.mem_reg_uram_32/CAS_OUT_DIN_A[64]
                            (internal pin)
  Destination:            pccx_v002_system_i/u_npu/inst/u_wrap/u_pccx_npu_top/u_mem_dispatcher/u_l2_cache/u_l2_uram/u_l2_uram/xpm_memory_base_inst/gen_wr_a.gen_word_narrow.mem_reg_uram_33/CAS_IN_DIN_A[64]
                            (rising edge-triggered cell URAM288 clocked by clk_pl_0  {rise@0.000ns fall@5.000ns period=10.000ns})
  Path Group:             (none)
  Path Type:              Hold (Min at Slow Process Corner)
  Data Path Delay:        0.000ns  (logic 0.000ns (0.000%)  route 0.000ns (0.000%))
  Logic Levels:           0  
  Clock Uncertainty:      0.158ns  ((TSJ^2 + DJ^2)^1/2) / 2 + PE
    Total System Jitter     (TSJ):    0.050ns
    Discrete Jitter          (DJ):    0.312ns
    Phase Error              (PE):    0.000ns
  Clock Net Delay (Destination): 3.176ns (routing 1.681ns, distribution 1.495ns)

    Location             Delay type                Incr(ns)  Path(ns)    Netlist Resource(s)
  -------------------------------------------------------------------    -------------------
    URAM288_X0Y6         URAM288                      0.000     0.000 r  pccx_v002_system_i/u_npu/inst/u_wrap/u_pccx_npu_top/u_mem_dispatcher/u_l2_cache/u_l2_uram/u_l2_uram/xpm_memory_base_inst/gen_wr_a.gen_word_narrow.mem_reg_uram_32/CAS_OUT_DIN_A[64]
                         net (fo=1, routed)           0.000     0.000    pccx_v002_system_i/u_npu/inst/u_wrap/u_pccx_npu_top/u_mem_dispatcher/u_l2_cache/u_l2_uram/u_l2_uram/xpm_memory_base_inst/gen_wr_a.gen_word_narrow.mem_reg_uram_33_Cas_DinA_1[64]
    URAM288_X0Y7         URAM288                                      r  pccx_v002_system_i/u_npu/inst/u_wrap/u_pccx_npu_top/u_mem_dispatcher/u_l2_cache/u_l2_uram/u_l2_uram/xpm_memory_base_inst/gen_wr_a.gen_word_narrow.mem_reg_uram_33/CAS_IN_DIN_A[64]
  -------------------------------------------------------------------    -------------------

                         (clock clk_pl_0 rise edge)
                                                      0.000     0.000 r  
    PS8_X0Y0             PS8                          0.000     0.000 r  pccx_v002_system_i/zynq_ps/inst/PS8_i/PLCLK[0]
                         net (fo=1, routed)           0.229     0.229    pccx_v002_system_i/zynq_ps/inst/pl_clk_unbuffered[0]
    BUFG_PS_X0Y90        BUFG_PS (Prop_BUFG_PS_I_O)
                                                      0.038     0.267 r  pccx_v002_system_i/zynq_ps/inst/buffer_pl_clk_0.PL_CLK_0_BUFG/O
    X1Y1 (CLOCK_ROOT)    net (fo=82633, routed)       3.176     3.443    pccx_v002_system_i/u_npu/inst/u_wrap/u_pccx_npu_top/u_mem_dispatcher/u_l2_cache/u_l2_uram/u_l2_uram/xpm_memory_base_inst/clka
    URAM288_X0Y7         URAM288                                      r  pccx_v002_system_i/u_npu/inst/u_wrap/u_pccx_npu_top/u_mem_dispatcher/u_l2_cache/u_l2_uram/u_l2_uram/xpm_memory_base_inst/gen_wr_a.gen_word_narrow.mem_reg_uram_33/CLK

Slack:                    inf
  Source:                 pccx_v002_system_i/u_npu/inst/u_wrap/u_pccx_npu_top/u_mem_dispatcher/u_l2_cache/u_l2_uram/u_l2_uram/xpm_memory_base_inst/gen_wr_a.gen_word_narrow.mem_reg_uram_32/CAS_OUT_DIN_A[68]
                            (internal pin)
  Destination:            pccx_v002_system_i/u_npu/inst/u_wrap/u_pccx_npu_top/u_mem_dispatcher/u_l2_cache/u_l2_uram/u_l2_uram/xpm_memory_base_inst/gen_wr_a.gen_word_narrow.mem_reg_uram_33/CAS_IN_DIN_A[68]
                            (rising edge-triggered cell URAM288 clocked by clk_pl_0  {rise@0.000ns fall@5.000ns period=10.000ns})
  Path Group:             (none)
  Path Type:              Hold (Min at Slow Process Corner)
  Data Path Delay:        0.000ns  (logic 0.000ns (0.000%)  route 0.000ns (0.000%))
  Logic Levels:           0  
  Clock Uncertainty:      0.158ns  ((TSJ^2 + DJ^2)^1/2) / 2 + PE
    Total System Jitter     (TSJ):    0.050ns
    Discrete Jitter          (DJ):    0.312ns
    Phase Error              (PE):    0.000ns
  Clock Net Delay (Destination): 3.176ns (routing 1.681ns, distribution 1.495ns)

    Location             Delay type                Incr(ns)  Path(ns)    Netlist Resource(s)
  -------------------------------------------------------------------    -------------------
    URAM288_X0Y6         URAM288                      0.000     0.000 r  pccx_v002_system_i/u_npu/inst/u_wrap/u_pccx_npu_top/u_mem_dispatcher/u_l2_cache/u_l2_uram/u_l2_uram/xpm_memory_base_inst/gen_wr_a.gen_word_narrow.mem_reg_uram_32/CAS_OUT_DIN_A[68]
                         net (fo=1, routed)           0.000     0.000    pccx_v002_system_i/u_npu/inst/u_wrap/u_pccx_npu_top/u_mem_dispatcher/u_l2_cache/u_l2_uram/u_l2_uram/xpm_memory_base_inst/gen_wr_a.gen_word_narrow.mem_reg_uram_33_Cas_DinA_1[68]
    URAM288_X0Y7         URAM288                                      r  pccx_v002_system_i/u_npu/inst/u_wrap/u_pccx_npu_top/u_mem_dispatcher/u_l2_cache/u_l2_uram/u_l2_uram/xpm_memory_base_inst/gen_wr_a.gen_word_narrow.mem_reg_uram_33/CAS_IN_DIN_A[68]
  -------------------------------------------------------------------    -------------------

                         (clock clk_pl_0 rise edge)
                                                      0.000     0.000 r  
    PS8_X0Y0             PS8                          0.000     0.000 r  pccx_v002_system_i/zynq_ps/inst/PS8_i/PLCLK[0]
                         net (fo=1, routed)           0.229     0.229    pccx_v002_system_i/zynq_ps/inst/pl_clk_unbuffered[0]
    BUFG_PS_X0Y90        BUFG_PS (Prop_BUFG_PS_I_O)
                                                      0.038     0.267 r  pccx_v002_system_i/zynq_ps/inst/buffer_pl_clk_0.PL_CLK_0_BUFG/O
    X1Y1 (CLOCK_ROOT)    net (fo=82633, routed)       3.176     3.443    pccx_v002_system_i/u_npu/inst/u_wrap/u_pccx_npu_top/u_mem_dispatcher/u_l2_cache/u_l2_uram/u_l2_uram/xpm_memory_base_inst/clka
    URAM288_X0Y7         URAM288                                      r  pccx_v002_system_i/u_npu/inst/u_wrap/u_pccx_npu_top/u_mem_dispatcher/u_l2_cache/u_l2_uram/u_l2_uram/xpm_memory_base_inst/gen_wr_a.gen_word_narrow.mem_reg_uram_33/CLK

Slack:                    inf
  Source:                 pccx_v002_system_i/u_npu/inst/u_wrap/u_pccx_npu_top/u_mem_dispatcher/u_l2_cache/u_l2_uram/u_l2_uram/xpm_memory_base_inst/gen_wr_a.gen_word_narrow.mem_reg_uram_34/CAS_OUT_ADDR_B[19]
                            (internal pin)
  Destination:            pccx_v002_system_i/u_npu/inst/u_wrap/u_pccx_npu_top/u_mem_dispatcher/u_l2_cache/u_l2_uram/u_l2_uram/xpm_memory_base_inst/gen_wr_a.gen_word_narrow.mem_reg_uram_35/CAS_IN_ADDR_B[19]
                            (rising edge-triggered cell URAM288 clocked by clk_pl_0  {rise@0.000ns fall@5.000ns period=10.000ns})
  Path Group:             (none)
  Path Type:              Hold (Min at Slow Process Corner)
  Data Path Delay:        0.000ns  (logic 0.000ns (0.000%)  route 0.000ns (0.000%))
  Logic Levels:           0  
  Clock Uncertainty:      0.158ns  ((TSJ^2 + DJ^2)^1/2) / 2 + PE
    Total System Jitter     (TSJ):    0.050ns
    Discrete Jitter          (DJ):    0.312ns
    Phase Error              (PE):    0.000ns
  Clock Net Delay (Destination): 3.186ns (routing 1.681ns, distribution 1.505ns)

    Location             Delay type                Incr(ns)  Path(ns)    Netlist Resource(s)
  -------------------------------------------------------------------    -------------------
    URAM288_X0Y10        URAM288                      0.000     0.000 r  pccx_v002_system_i/u_npu/inst/u_wrap/u_pccx_npu_top/u_mem_dispatcher/u_l2_cache/u_l2_uram/u_l2_uram/xpm_memory_base_inst/gen_wr_a.gen_word_narrow.mem_reg_uram_34/CAS_OUT_ADDR_B[19]
                         net (fo=1, routed)           0.000     0.000    pccx_v002_system_i/u_npu/inst/u_wrap/u_pccx_npu_top/u_mem_dispatcher/u_l2_cache/u_l2_uram/u_l2_uram/xpm_memory_base_inst/gen_wr_a.gen_word_narrow.mem_reg_uram_35_Cas_AddrB_1[19]
    URAM288_X0Y11        URAM288                                      r  pccx_v002_system_i/u_npu/inst/u_wrap/u_pccx_npu_top/u_mem_dispatcher/u_l2_cache/u_l2_uram/u_l2_uram/xpm_memory_base_inst/gen_wr_a.gen_word_narrow.mem_reg_uram_35/CAS_IN_ADDR_B[19]
  -------------------------------------------------------------------    -------------------

                         (clock clk_pl_0 rise edge)
                                                      0.000     0.000 r  
    PS8_X0Y0             PS8                          0.000     0.000 r  pccx_v002_system_i/zynq_ps/inst/PS8_i/PLCLK[0]
                         net (fo=1, routed)           0.229     0.229    pccx_v002_system_i/zynq_ps/inst/pl_clk_unbuffered[0]
    BUFG_PS_X0Y90        BUFG_PS (Prop_BUFG_PS_I_O)
                                                      0.038     0.267 r  pccx_v002_system_i/zynq_ps/inst/buffer_pl_clk_0.PL_CLK_0_BUFG/O
    X1Y1 (CLOCK_ROOT)    net (fo=82633, routed)       3.186     3.453    pccx_v002_system_i/u_npu/inst/u_wrap/u_pccx_npu_top/u_mem_dispatcher/u_l2_cache/u_l2_uram/u_l2_uram/xpm_memory_base_inst/clka
    URAM288_X0Y11        URAM288                                      r  pccx_v002_system_i/u_npu/inst/u_wrap/u_pccx_npu_top/u_mem_dispatcher/u_l2_cache/u_l2_uram/u_l2_uram/xpm_memory_base_inst/gen_wr_a.gen_word_narrow.mem_reg_uram_35/CLK

Slack:                    inf
  Source:                 pccx_v002_system_i/u_npu/inst/u_wrap/u_pccx_npu_top/u_mem_dispatcher/u_l2_cache/u_l2_uram/u_l2_uram/xpm_memory_base_inst/gen_wr_a.gen_word_narrow.mem_reg_uram_34/CAS_OUT_DIN_A[64]
                            (internal pin)
  Destination:            pccx_v002_system_i/u_npu/inst/u_wrap/u_pccx_npu_top/u_mem_dispatcher/u_l2_cache/u_l2_uram/u_l2_uram/xpm_memory_base_inst/gen_wr_a.gen_word_narrow.mem_reg_uram_35/CAS_IN_DIN_A[64]
                            (rising edge-triggered cell URAM288 clocked by clk_pl_0  {rise@0.000ns fall@5.000ns period=10.000ns})
  Path Group:             (none)
  Path Type:              Hold (Min at Slow Process Corner)
  Data Path Delay:        0.000ns  (logic 0.000ns (0.000%)  route 0.000ns (0.000%))
  Logic Levels:           0  
  Clock Uncertainty:      0.158ns  ((TSJ^2 + DJ^2)^1/2) / 2 + PE
    Total System Jitter     (TSJ):    0.050ns
    Discrete Jitter          (DJ):    0.312ns
    Phase Error              (PE):    0.000ns
  Clock Net Delay (Destination): 3.186ns (routing 1.681ns, distribution 1.505ns)

    Location             Delay type                Incr(ns)  Path(ns)    Netlist Resource(s)
  -------------------------------------------------------------------    -------------------
    URAM288_X0Y10        URAM288                      0.000     0.000 r  pccx_v002_system_i/u_npu/inst/u_wrap/u_pccx_npu_top/u_mem_dispatcher/u_l2_cache/u_l2_uram/u_l2_uram/xpm_memory_base_inst/gen_wr_a.gen_word_narrow.mem_reg_uram_34/CAS_OUT_DIN_A[64]
                         net (fo=1, routed)           0.000     0.000    pccx_v002_system_i/u_npu/inst/u_wrap/u_pccx_npu_top/u_mem_dispatcher/u_l2_cache/u_l2_uram/u_l2_uram/xpm_memory_base_inst/gen_wr_a.gen_word_narrow.mem_reg_uram_35_Cas_DinA_1[64]
    URAM288_X0Y11        URAM288                                      r  pccx_v002_system_i/u_npu/inst/u_wrap/u_pccx_npu_top/u_mem_dispatcher/u_l2_cache/u_l2_uram/u_l2_uram/xpm_memory_base_inst/gen_wr_a.gen_word_narrow.mem_reg_uram_35/CAS_IN_DIN_A[64]
  -------------------------------------------------------------------    -------------------

                         (clock clk_pl_0 rise edge)
                                                      0.000     0.000 r  
    PS8_X0Y0             PS8                          0.000     0.000 r  pccx_v002_system_i/zynq_ps/inst/PS8_i/PLCLK[0]
                         net (fo=1, routed)           0.229     0.229    pccx_v002_system_i/zynq_ps/inst/pl_clk_unbuffered[0]
    BUFG_PS_X0Y90        BUFG_PS (Prop_BUFG_PS_I_O)
                                                      0.038     0.267 r  pccx_v002_system_i/zynq_ps/inst/buffer_pl_clk_0.PL_CLK_0_BUFG/O
    X1Y1 (CLOCK_ROOT)    net (fo=82633, routed)       3.186     3.453    pccx_v002_system_i/u_npu/inst/u_wrap/u_pccx_npu_top/u_mem_dispatcher/u_l2_cache/u_l2_uram/u_l2_uram/xpm_memory_base_inst/clka
    URAM288_X0Y11        URAM288                                      r  pccx_v002_system_i/u_npu/inst/u_wrap/u_pccx_npu_top/u_mem_dispatcher/u_l2_cache/u_l2_uram/u_l2_uram/xpm_memory_base_inst/gen_wr_a.gen_word_narrow.mem_reg_uram_35/CLK

Slack:                    inf
  Source:                 pccx_v002_system_i/u_npu/inst/u_wrap/u_pccx_npu_top/u_mem_dispatcher/u_l2_cache/u_l2_uram/u_l2_uram/xpm_memory_base_inst/gen_wr_a.gen_word_narrow.mem_reg_uram_34/CAS_OUT_DIN_A[68]
                            (internal pin)
  Destination:            pccx_v002_system_i/u_npu/inst/u_wrap/u_pccx_npu_top/u_mem_dispatcher/u_l2_cache/u_l2_uram/u_l2_uram/xpm_memory_base_inst/gen_wr_a.gen_word_narrow.mem_reg_uram_35/CAS_IN_DIN_A[68]
                            (rising edge-triggered cell URAM288 clocked by clk_pl_0  {rise@0.000ns fall@5.000ns period=10.000ns})
  Path Group:             (none)
  Path Type:              Hold (Min at Slow Process Corner)
  Data Path Delay:        0.000ns  (logic 0.000ns (0.000%)  route 0.000ns (0.000%))
  Logic Levels:           0  
  Clock Uncertainty:      0.158ns  ((TSJ^2 + DJ^2)^1/2) / 2 + PE
    Total System Jitter     (TSJ):    0.050ns
    Discrete Jitter          (DJ):    0.312ns
    Phase Error              (PE):    0.000ns
  Clock Net Delay (Destination): 3.186ns (routing 1.681ns, distribution 1.505ns)

    Location             Delay type                Incr(ns)  Path(ns)    Netlist Resource(s)
  -------------------------------------------------------------------    -------------------
    URAM288_X0Y10        URAM288                      0.000     0.000 r  pccx_v002_system_i/u_npu/inst/u_wrap/u_pccx_npu_top/u_mem_dispatcher/u_l2_cache/u_l2_uram/u_l2_uram/xpm_memory_base_inst/gen_wr_a.gen_word_narrow.mem_reg_uram_34/CAS_OUT_DIN_A[68]
                         net (fo=1, routed)           0.000     0.000    pccx_v002_system_i/u_npu/inst/u_wrap/u_pccx_npu_top/u_mem_dispatcher/u_l2_cache/u_l2_uram/u_l2_uram/xpm_memory_base_inst/gen_wr_a.gen_word_narrow.mem_reg_uram_35_Cas_DinA_1[68]
    URAM288_X0Y11        URAM288                                      r  pccx_v002_system_i/u_npu/inst/u_wrap/u_pccx_npu_top/u_mem_dispatcher/u_l2_cache/u_l2_uram/u_l2_uram/xpm_memory_base_inst/gen_wr_a.gen_word_narrow.mem_reg_uram_35/CAS_IN_DIN_A[68]
  -------------------------------------------------------------------    -------------------

                         (clock clk_pl_0 rise edge)
                                                      0.000     0.000 r  
    PS8_X0Y0             PS8                          0.000     0.000 r  pccx_v002_system_i/zynq_ps/inst/PS8_i/PLCLK[0]
                         net (fo=1, routed)           0.229     0.229    pccx_v002_system_i/zynq_ps/inst/pl_clk_unbuffered[0]
    BUFG_PS_X0Y90        BUFG_PS (Prop_BUFG_PS_I_O)
                                                      0.038     0.267 r  pccx_v002_system_i/zynq_ps/inst/buffer_pl_clk_0.PL_CLK_0_BUFG/O
    X1Y1 (CLOCK_ROOT)    net (fo=82633, routed)       3.186     3.453    pccx_v002_system_i/u_npu/inst/u_wrap/u_pccx_npu_top/u_mem_dispatcher/u_l2_cache/u_l2_uram/u_l2_uram/xpm_memory_base_inst/clka
    URAM288_X0Y11        URAM288                                      r  pccx_v002_system_i/u_npu/inst/u_wrap/u_pccx_npu_top/u_mem_dispatcher/u_l2_cache/u_l2_uram/u_l2_uram/xpm_memory_base_inst/gen_wr_a.gen_word_narrow.mem_reg_uram_35/CLK





