Copyright 1986-2022 Xilinx, Inc. All Rights Reserved. Copyright 2022-2025 Advanced Micro Devices, Inc. All Rights Reserved.
---------------------------------------------------------------------------------------------------------------------------------------------
| Tool Version : Vivado v.2025.2 (lin64) Build 6299465 Fri Nov 14 12:34:56 MST 2025
| Date         : Wed Jun  3 16:26:41 2026
| Host         : pccx-vivado running 64-bit Ubuntu 22.04.5 LTS
| Command      : report_utilization -hierarchical -file /home/hwkim/v002-rtl/hw/build/reports/utilization_post_impl_top.rpt
| Design       : pccx_v002_system_wrapper
| Device       : xck26-sfvc784-2LV-c
| Speed File   : -2LV
| Design State : Physopt postRoute
---------------------------------------------------------------------------------------------------------------------------------------------

Utilization Design Information

Table of Contents
-----------------
1. Utilization by Hierarchy

1. Utilization by Hierarchy
---------------------------

+-------------------------------------------------------------------+-------------------------------------------------------------------+------------+------------+---------+------+-------+--------+--------+------+------------+
|                              Instance                             |                               Module                              | Total LUTs | Logic LUTs | LUTRAMs | SRLs |  FFs  | RAMB36 | RAMB18 | URAM | DSP Blocks |
+-------------------------------------------------------------------+-------------------------------------------------------------------+------------+------------+---------+------+-------+--------+--------+------+------------+
| pccx_v002_system_wrapper                                          |                                                             (top) |      37214 |      33034 |    2788 | 1392 | 68051 |     99 |     14 |   56 |       1058 |
|   pccx_v002_system_i                                              |                                                  pccx_v002_system |      37214 |      33034 |    2788 | 1392 | 68051 |     99 |     14 |   56 |       1058 |
|     cmdsts_acp_fmap                                               |                                pccx_v002_system_cmdsts_acp_fmap_0 |        159 |        103 |      56 |    0 |   184 |      0 |      0 |    0 |          0 |
|       inst                                                        |                                       datamover_cmdsts_axil_outer |        159 |        103 |      56 |    0 |   184 |      0 |      0 |    0 |          0 |
|         u_body                                                    |                                             datamover_cmdsts_axil |        159 |        103 |      56 |    0 |   184 |      0 |      0 |    0 |          0 |
|     cmdsts_acp_result                                             |                              pccx_v002_system_cmdsts_acp_result_0 |        159 |        103 |      56 |    0 |   184 |      0 |      0 |    0 |          0 |
|       inst                                                        |                                     datamover_cmdsts_axil_outer_7 |        159 |        103 |      56 |    0 |   184 |      0 |      0 |    0 |          0 |
|         u_body                                                    |                                           datamover_cmdsts_axil_8 |        159 |        103 |      56 |    0 |   184 |      0 |      0 |    0 |          0 |
|     cmdsts_hp0                                                    |                                     pccx_v002_system_cmdsts_hp0_0 |        159 |        103 |      56 |    0 |   184 |      0 |      0 |    0 |          0 |
|       inst                                                        |                                     datamover_cmdsts_axil_outer_9 |        159 |        103 |      56 |    0 |   184 |      0 |      0 |    0 |          0 |
|         u_body                                                    |                                          datamover_cmdsts_axil_10 |        159 |        103 |      56 |    0 |   184 |      0 |      0 |    0 |          0 |
|     cmdsts_hp1                                                    |                                     pccx_v002_system_cmdsts_hp1_0 |        155 |        103 |      52 |    0 |   184 |      0 |      0 |    0 |          0 |
|       inst                                                        |                                    datamover_cmdsts_axil_outer_11 |        155 |        103 |      52 |    0 |   184 |      0 |      0 |    0 |          0 |
|         u_body                                                    |                                          datamover_cmdsts_axil_12 |        155 |        103 |      52 |    0 |   184 |      0 |      0 |    0 |          0 |
|     cmdsts_hp2                                                    |                                     pccx_v002_system_cmdsts_hp2_0 |        155 |        103 |      52 |    0 |   184 |      0 |      0 |    0 |          0 |
|       inst                                                        |                                    datamover_cmdsts_axil_outer_14 |        155 |        103 |      52 |    0 |   184 |      0 |      0 |    0 |          0 |
|         u_body                                                    |                                          datamover_cmdsts_axil_15 |        155 |        103 |      52 |    0 |   184 |      0 |      0 |    0 |          0 |
|     cmdsts_hp3                                                    |                                     pccx_v002_system_cmdsts_hp3_0 |        154 |        102 |      52 |    0 |   184 |      0 |      0 |    0 |          0 |
|       inst                                                        |                                    datamover_cmdsts_axil_outer_16 |        154 |        102 |      52 |    0 |   184 |      0 |      0 |    0 |          0 |
|         u_body                                                    |                                          datamover_cmdsts_axil_17 |        154 |        102 |      52 |    0 |   184 |      0 |      0 |    0 |          0 |
|     fmap_dm_acp                                                   |                                    pccx_v002_system_fmap_dm_acp_0 |        611 |        511 |       0 |  100 |   737 |      2 |      1 |    0 |          0 |
|       U0                                                          |                                                  axi_datamover__1 |        611 |        511 |       0 |  100 |   737 |      2 |      1 |    0 |          0 |
|         GEN_MM2S_FULL.I_MM2S_FULL_WRAPPER                         |                                   axi_datamover_mm2s_full_wrap_18 |        611 |        511 |       0 |  100 |   737 |      2 |      1 |    0 |          0 |
|           (I_ADDR_CNTL)                                           |                                        axi_datamover_addr_cntl_42 |          1 |          1 |       0 |    0 |    52 |      0 |      0 |    0 |          0 |
|           (I_RD_DATA_CNTL)                                        |                                      axi_datamover_rddata_cntl_45 |         33 |         33 |       0 |    0 |    66 |      0 |      0 |    0 |          0 |
|           ENABLE_AXIS_SKID.I_MM2S_SKID_BUF                        |                                         axi_datamover_skid_buf_40 |        147 |        147 |       0 |    0 |   295 |      0 |      0 |    0 |          0 |
|           GEN_INCLUDE_MM2S_SF.I_RD_SF                             |                                            axi_datamover_rd_sf_41 |         73 |         73 |       0 |    0 |    59 |      2 |      1 |    0 |          0 |
|             I_DATA_FIFO                                           |                                     axi_datamover_sfifo_autord_58 |         62 |         62 |       0 |    0 |    47 |      2 |      1 |    0 |          0 |
|               BLK_MEM.I_SYNC_FIFOGEN_FIFO                         |                                                  xpm_fifo_sync__1 |         56 |         56 |       0 |    0 |    47 |      2 |      1 |    0 |          0 |
|                 xpm_fifo_base_inst                                |                                                  xpm_fifo_base__1 |         56 |         56 |       0 |    0 |    47 |      2 |      1 |    0 |          0 |
|           I_CMD_STATUS                                            |                                       axi_datamover_cmd_status_43 |         72 |         24 |       0 |   48 |    23 |      0 |      0 |    0 |          0 |
|           I_MSTR_PCC                                              |                                              axi_datamover_pcc_44 |        200 |        200 |       0 |    0 |   216 |      0 |      0 |    0 |          0 |
|     result_dm_acp                                                 |                                  pccx_v002_system_result_dm_acp_0 |       1117 |        979 |       8 |  130 |  1476 |      2 |      0 |    0 |          0 |
|       U0                                                          |                                     axi_datamover__parameterized1 |       1117 |        979 |       8 |  130 |  1476 |      2 |      0 |    0 |          0 |
|         GEN_S2MM_FULL.I_S2MM_FULL_WRAPPER                         |                                      axi_datamover_s2mm_full_wrap |       1117 |        979 |       8 |  130 |  1476 |      2 |      0 |    0 |          0 |
|           (I_ADDR_CNTL)                                           |                        axi_datamover_addr_cntl__parameterized0_69 |          1 |          1 |       0 |    0 |    52 |      0 |      0 |    0 |          0 |
|           (I_WR_DATA_CNTL)                                        |                         axi_datamover_wrdata_cntl__parameterized0 |         56 |         56 |       0 |    0 |    72 |      0 |      0 |    0 |          0 |
|           ENABLE_AXIS_SKID.I_S2MM_STRM_SKID_BUF                   |                                         axi_datamover_skid_buf_68 |        147 |        147 |       0 |    0 |   294 |      0 |      0 |    0 |          0 |
|           GEN_INCLUDE_GP_SF.I_S2MM_GP_SF                          |                                               axi_datamover_wr_sf |         66 |         62 |       0 |    4 |    53 |      2 |      0 |    0 |          0 |
|           GEN_INCLUDE_PCC.I_MSTR_PCC                              |                                 axi_datamover_pcc__parameterized0 |        195 |        195 |       0 |    0 |   216 |      0 |      0 |    0 |          0 |
|           GEN_INCLUDE_REALIGNER.I_S2MM_REALIGNER                  |                                        axi_datamover_s2mm_realign |        335 |        309 |       8 |   18 |   426 |      0 |      0 |    0 |          0 |
|             GEN_INCLUDE_SCATTER.I_S2MM_SCATTER                    |                                        axi_datamover_s2mm_scatter |        307 |        299 |       8 |    0 |   416 |      0 |      0 |    0 |          0 |
|               (GEN_INCLUDE_SCATTER.I_S2MM_SCATTER)                |                                        axi_datamover_s2mm_scatter |         73 |         73 |       0 |    0 |    74 |      0 |      0 |    0 |          0 |
|               I_MSSAI_SKID_BUF                                    |                                      axi_datamover_mssai_skid_buf |        169 |        169 |       0 |    0 |   285 |      0 |      0 |    0 |          0 |
|           I_CMD_STATUS                                            |                                       axi_datamover_cmd_status_70 |         73 |         25 |       0 |   48 |    23 |      0 |      0 |    0 |          0 |
|           I_S2MM_MMAP_SKID_BUF                                    |                         axi_datamover_skid2mm_buf__parameterized0 |        131 |        131 |       0 |    0 |   295 |      0 |      0 |    0 |          0 |
|     sc_axil                                                       |                                        pccx_v002_system_sc_axil_0 |       9057 |       7302 |    1680 |   75 | 11897 |      0 |      0 |    0 |          0 |
|       inst                                                        |                                                           bd_b048 |       9057 |       7302 |    1680 |   75 | 11897 |      0 |      0 |    0 |          0 |
|         m00_exit_pipeline                                         |                                     m00_exit_pipeline_imp_1W3MT3K |        236 |        233 |       0 |    3 |   426 |      0 |      0 |    0 |          0 |
|           m00_exit                                                |                                                    bd_b048_m00e_0 |        236 |        233 |       0 |    3 |   426 |      0 |      0 |    0 |          0 |
|             inst                                                  |                                               sc_exit_v1_0_18_top |        236 |        233 |       0 |    3 |   426 |      0 |      0 |    0 |          0 |
|               w_reg                                               |                                 sc_util_v1_0_4_axi_reg_stall_3340 |         37 |         37 |       0 |    0 |   130 |      0 |      0 |    0 |          0 |
|               r_reg                                               |                                 sc_util_v1_0_4_axi_reg_stall_3339 |         37 |         37 |       0 |    0 |    68 |      0 |      0 |    0 |          0 |
|               splitter_inst                                       |                                          sc_exit_v1_0_18_splitter |        113 |        113 |       0 |    0 |   170 |      0 |      0 |    0 |          0 |
|                 gen_axi4lite.axilite_conv                         |                                      sc_exit_v1_0_18_axilite_conv |        113 |        113 |       0 |    0 |   170 |      0 |      0 |    0 |          0 |
|         m00_nodes                                                 |                                             m00_nodes_imp_19UV1FG |        605 |        405 |     200 |    0 |   646 |      0 |      0 |    0 |          0 |
|           m00_ar_node                                             |                                                  bd_b048_m00arn_0 |         76 |         64 |      12 |    0 |    63 |      0 |      0 |    0 |          0 |
|             inst                                                  |                                               sc_node_v1_0_19_top |         76 |         64 |      12 |    0 |    63 |      0 |      0 |    0 |          0 |
|           m00_aw_node                                             |                                                  bd_b048_m00awn_0 |         75 |         63 |      12 |    0 |    65 |      0 |      0 |    0 |          0 |
|             inst                                                  |                               sc_node_v1_0_19_top__parameterized0 |         75 |         63 |      12 |    0 |    65 |      0 |      0 |    0 |          0 |
|           m00_b_node                                              |                                                   bd_b048_m00bn_0 |         77 |         69 |       8 |    0 |    58 |      0 |      0 |    0 |          0 |
|             inst                                                  |                               sc_node_v1_0_19_top__parameterized1 |         77 |         69 |       8 |    0 |    58 |      0 |      0 |    0 |          0 |
|               inst_mi_handler                                     |                        sc_node_v1_0_19_mi_handler__parameterized1 |         74 |         66 |       8 |    0 |    53 |      0 |      0 |    0 |          0 |
|           m00_r_node                                              |                                                   bd_b048_m00rn_0 |        156 |         76 |      80 |    0 |   262 |      0 |      0 |    0 |          0 |
|             inst                                                  |                               sc_node_v1_0_19_top__parameterized2 |        156 |         76 |      80 |    0 |   262 |      0 |      0 |    0 |          0 |
|               inst_mi_handler                                     |                        sc_node_v1_0_19_mi_handler__parameterized2 |        154 |         74 |      80 |    0 |   257 |      0 |      0 |    0 |          0 |
|                 gen_normal_area.inst_fifo_node_payld              |                         sc_node_v1_0_19_fifo__parameterized4_3290 |        118 |         38 |      80 |    0 |   157 |      0 |      0 |    0 |          0 |
|                   gen_xpm_memory_fifo.inst_fifo                   |               sc_util_v1_0_4_xpm_memory_fifo__parameterized4_3292 |        118 |         38 |      80 |    0 |   157 |      0 |      0 |    0 |          0 |
|                     gen_mem_rep[0].inst_xpm_memory                |                              xpm_memory_sdpram__parameterized3__6 |         80 |          0 |      80 |    0 |   135 |      0 |      0 |    0 |          0 |
|                       xpm_memory_base_inst                        |                                xpm_memory_base__parameterized6__6 |         80 |          0 |      80 |    0 |   135 |      0 |      0 |    0 |          0 |
|                 gen_normal_area.gen_upsizer.inst_upsizer          |                                           sc_node_v1_0_19_upsizer |          6 |          6 |       0 |    0 |    72 |      0 |      0 |    0 |          0 |
|           m00_w_node                                              |                                                   bd_b048_m00wn_0 |        221 |        133 |      88 |    0 |   198 |      0 |      0 |    0 |          0 |
|             inst                                                  |                               sc_node_v1_0_19_top__parameterized3 |        221 |        133 |      88 |    0 |   198 |      0 |      0 |    0 |          0 |
|               inst_mi_handler                                     |                        sc_node_v1_0_19_mi_handler__parameterized3 |        218 |        130 |      88 |    0 |   193 |      0 |      0 |    0 |          0 |
|                 gen_normal_area.inst_fifo_node_payld              |                              sc_node_v1_0_19_fifo__parameterized5 |        183 |         95 |      88 |    0 |   166 |      0 |      0 |    0 |          0 |
|                   gen_xpm_memory_fifo.inst_fifo                   |                    sc_util_v1_0_4_xpm_memory_fifo__parameterized5 |        183 |         95 |      88 |    0 |   166 |      0 |      0 |    0 |          0 |
|                     (gen_xpm_memory_fifo.inst_fifo)               |                    sc_util_v1_0_4_xpm_memory_fifo__parameterized5 |         74 |         74 |       0 |    0 |     3 |      0 |      0 |    0 |          0 |
|                     gen_mem_rep[0].inst_xpm_memory                |                                 xpm_memory_sdpram__parameterized4 |         88 |          0 |      88 |    0 |   145 |      0 |      0 |    0 |          0 |
|                       xpm_memory_base_inst                        |                                   xpm_memory_base__parameterized7 |         88 |          0 |      88 |    0 |   145 |      0 |      0 |    0 |          0 |
|         m01_exit_pipeline                                         |                                     m01_exit_pipeline_imp_1QSWYKW |        230 |        227 |       0 |    3 |   369 |      0 |      0 |    0 |          0 |
|           m01_exit                                                |                                                    bd_b048_m01e_0 |        230 |        227 |       0 |    3 |   369 |      0 |      0 |    0 |          0 |
|             inst                                                  |                            sc_exit_v1_0_18_top__parameterized0__1 |        230 |        227 |       0 |    3 |   369 |      0 |      0 |    0 |          0 |
|               w_reg                                               |                                 sc_util_v1_0_4_axi_reg_stall_3270 |         23 |         23 |       0 |    0 |    76 |      0 |      0 |    0 |          0 |
|               r_reg                                               |                                 sc_util_v1_0_4_axi_reg_stall_3268 |         37 |         37 |       0 |    0 |    68 |      0 |      0 |    0 |          0 |
|               splitter_inst                                       |                     sc_exit_v1_0_18_splitter__parameterized0_3269 |        117 |        117 |       0 |    0 |   150 |      0 |      0 |    0 |          0 |
|                 gen_axi4lite.axilite_conv                         |                 sc_exit_v1_0_18_axilite_conv__parameterized0_3271 |        117 |        117 |       0 |    0 |   150 |      0 |      0 |    0 |          0 |
|         m01_nodes                                                 |                                              m01_nodes_imp_FM9G22 |        589 |        385 |     204 |    0 |   724 |      0 |      0 |    0 |          0 |
|           m01_ar_node                                             |                                                  bd_b048_m01arn_0 |         80 |         64 |      16 |    0 |    72 |      0 |      0 |    0 |          0 |
|             inst                                                  |                               sc_node_v1_0_19_top__parameterized4 |         80 |         64 |      16 |    0 |    72 |      0 |      0 |    0 |          0 |
|           m01_aw_node                                             |                                                  bd_b048_m01awn_0 |         76 |         64 |      12 |    0 |    63 |      0 |      0 |    0 |          0 |
|             inst                                                  |                               sc_node_v1_0_19_top__parameterized5 |         76 |         64 |      12 |    0 |    63 |      0 |      0 |    0 |          0 |
|           m01_b_node                                              |                                                   bd_b048_m01bn_0 |         79 |         71 |       8 |    0 |    58 |      0 |      0 |    0 |          0 |
|             inst                                                  |                               sc_node_v1_0_19_top__parameterized6 |         79 |         71 |       8 |    0 |    58 |      0 |      0 |    0 |          0 |
|               inst_mi_handler                                     |                   sc_node_v1_0_19_mi_handler__parameterized6_3223 |         75 |         67 |       8 |    0 |    53 |      0 |      0 |    0 |          0 |
|           m01_r_node                                              |                                                   bd_b048_m01rn_0 |        161 |         81 |      80 |    0 |   327 |      0 |      0 |    0 |          0 |
|             inst                                                  |                               sc_node_v1_0_19_top__parameterized7 |        161 |         81 |      80 |    0 |   327 |      0 |      0 |    0 |          0 |
|               inst_mi_handler                                     |                   sc_node_v1_0_19_mi_handler__parameterized7_3208 |        158 |         78 |      80 |    0 |   322 |      0 |      0 |    0 |          0 |
|                 gen_normal_area.inst_fifo_node_payld              |                         sc_node_v1_0_19_fifo__parameterized4_3213 |        118 |         38 |      80 |    0 |   157 |      0 |      0 |    0 |          0 |
|                   gen_xpm_memory_fifo.inst_fifo                   |               sc_util_v1_0_4_xpm_memory_fifo__parameterized4_3215 |        118 |         38 |      80 |    0 |   157 |      0 |      0 |    0 |          0 |
|                     gen_mem_rep[0].inst_xpm_memory                |                                 xpm_memory_sdpram__parameterized3 |         80 |          0 |      80 |    0 |   135 |      0 |      0 |    0 |          0 |
|                       xpm_memory_base_inst                        |                                   xpm_memory_base__parameterized6 |         80 |          0 |      80 |    0 |   135 |      0 |      0 |    0 |          0 |
|                 gen_normal_area.gen_upsizer.inst_upsizer          |                      sc_node_v1_0_19_upsizer__parameterized0_3212 |         10 |         10 |       0 |    0 |   137 |      0 |      0 |    0 |          0 |
|           m01_w_node                                              |                                                   bd_b048_m01wn_0 |        193 |        105 |      88 |    0 |   204 |      0 |      0 |    0 |          0 |
|             inst                                                  |                               sc_node_v1_0_19_top__parameterized8 |        193 |        105 |      88 |    0 |   204 |      0 |      0 |    0 |          0 |
|               inst_mi_handler                                     |                   sc_node_v1_0_19_mi_handler__parameterized8_3193 |        191 |        103 |      88 |    0 |   199 |      0 |      0 |    0 |          0 |
|                 gen_normal_area.inst_fifo_node_payld              |                         sc_node_v1_0_19_fifo__parameterized6_3197 |        154 |         66 |      88 |    0 |   170 |      0 |      0 |    0 |          0 |
|                   gen_xpm_memory_fifo.inst_fifo                   |               sc_util_v1_0_4_xpm_memory_fifo__parameterized6_3200 |        154 |         66 |      88 |    0 |   170 |      0 |      0 |    0 |          0 |
|                     gen_mem_rep[0].inst_xpm_memory                |                                 xpm_memory_sdpram__parameterized5 |         88 |          0 |      88 |    0 |   149 |      0 |      0 |    0 |          0 |
|                       xpm_memory_base_inst                        |                                   xpm_memory_base__parameterized8 |         88 |          0 |      88 |    0 |   149 |      0 |      0 |    0 |          0 |
|         m02_exit_pipeline                                         |                                     m02_exit_pipeline_imp_1OSSL74 |        229 |        226 |       0 |    3 |   369 |      0 |      0 |    0 |          0 |
|           m02_exit                                                |                                                    bd_b048_m02e_0 |        229 |        226 |       0 |    3 |   369 |      0 |      0 |    0 |          0 |
|             inst                                                  |                            sc_exit_v1_0_18_top__parameterized0__2 |        229 |        226 |       0 |    3 |   369 |      0 |      0 |    0 |          0 |
|               w_reg                                               |                                 sc_util_v1_0_4_axi_reg_stall_3186 |         23 |         23 |       0 |    0 |    76 |      0 |      0 |    0 |          0 |
|               r_reg                                               |                                 sc_util_v1_0_4_axi_reg_stall_3184 |         37 |         37 |       0 |    0 |    68 |      0 |      0 |    0 |          0 |
|               splitter_inst                                       |                     sc_exit_v1_0_18_splitter__parameterized0_3185 |        116 |        116 |       0 |    0 |   150 |      0 |      0 |    0 |          0 |
|                 gen_axi4lite.axilite_conv                         |                 sc_exit_v1_0_18_axilite_conv__parameterized0_3187 |        116 |        116 |       0 |    0 |   150 |      0 |      0 |    0 |          0 |
|         m02_nodes                                                 |                                              m02_nodes_imp_IWWV9T |        597 |        393 |     204 |    0 |   724 |      0 |      0 |    0 |          0 |
|           m02_ar_node                                             |                                                  bd_b048_m02arn_0 |         80 |         64 |      16 |    0 |    72 |      0 |      0 |    0 |          0 |
|             inst                                                  |                            sc_node_v1_0_19_top__parameterized4__5 |         80 |         64 |      16 |    0 |    72 |      0 |      0 |    0 |          0 |
|           m02_aw_node                                             |                                                  bd_b048_m02awn_0 |         76 |         64 |      12 |    0 |    63 |      0 |      0 |    0 |          0 |
|             inst                                                  |                            sc_node_v1_0_19_top__parameterized5__5 |         76 |         64 |      12 |    0 |    63 |      0 |      0 |    0 |          0 |
|           m02_b_node                                              |                                                   bd_b048_m02bn_0 |         77 |         69 |       8 |    0 |    58 |      0 |      0 |    0 |          0 |
|             inst                                                  |                            sc_node_v1_0_19_top__parameterized6__5 |         77 |         69 |       8 |    0 |    58 |      0 |      0 |    0 |          0 |
|               inst_mi_handler                                     |                   sc_node_v1_0_19_mi_handler__parameterized6_3139 |         73 |         65 |       8 |    0 |    53 |      0 |      0 |    0 |          0 |
|           m02_r_node                                              |                                                   bd_b048_m02rn_0 |        162 |         82 |      80 |    0 |   327 |      0 |      0 |    0 |          0 |
|             inst                                                  |                            sc_node_v1_0_19_top__parameterized7__5 |        162 |         82 |      80 |    0 |   327 |      0 |      0 |    0 |          0 |
|               inst_mi_handler                                     |                   sc_node_v1_0_19_mi_handler__parameterized7_3124 |        158 |         78 |      80 |    0 |   322 |      0 |      0 |    0 |          0 |
|                 gen_normal_area.inst_fifo_node_payld              |                         sc_node_v1_0_19_fifo__parameterized4_3129 |        118 |         38 |      80 |    0 |   157 |      0 |      0 |    0 |          0 |
|                   gen_xpm_memory_fifo.inst_fifo                   |               sc_util_v1_0_4_xpm_memory_fifo__parameterized4_3131 |        118 |         38 |      80 |    0 |   157 |      0 |      0 |    0 |          0 |
|                     gen_mem_rep[0].inst_xpm_memory                |                              xpm_memory_sdpram__parameterized3__5 |         80 |          0 |      80 |    0 |   135 |      0 |      0 |    0 |          0 |
|                       xpm_memory_base_inst                        |                                xpm_memory_base__parameterized6__5 |         80 |          0 |      80 |    0 |   135 |      0 |      0 |    0 |          0 |
|                 gen_normal_area.gen_upsizer.inst_upsizer          |                      sc_node_v1_0_19_upsizer__parameterized0_3128 |         10 |         10 |       0 |    0 |   137 |      0 |      0 |    0 |          0 |
|           m02_w_node                                              |                                                   bd_b048_m02wn_0 |        202 |        114 |      88 |    0 |   204 |      0 |      0 |    0 |          0 |
|             inst                                                  |                            sc_node_v1_0_19_top__parameterized8__5 |        202 |        114 |      88 |    0 |   204 |      0 |      0 |    0 |          0 |
|               inst_mi_handler                                     |                   sc_node_v1_0_19_mi_handler__parameterized8_3109 |        198 |        110 |      88 |    0 |   199 |      0 |      0 |    0 |          0 |
|                 gen_normal_area.inst_fifo_node_payld              |                         sc_node_v1_0_19_fifo__parameterized6_3113 |        155 |         67 |      88 |    0 |   170 |      0 |      0 |    0 |          0 |
|                   gen_xpm_memory_fifo.inst_fifo                   |               sc_util_v1_0_4_xpm_memory_fifo__parameterized6_3116 |        155 |         67 |      88 |    0 |   170 |      0 |      0 |    0 |          0 |
|                     gen_mem_rep[0].inst_xpm_memory                |                              xpm_memory_sdpram__parameterized5__5 |         88 |          0 |      88 |    0 |   149 |      0 |      0 |    0 |          0 |
|                       xpm_memory_base_inst                        |                                xpm_memory_base__parameterized8__5 |         88 |          0 |      88 |    0 |   149 |      0 |      0 |    0 |          0 |
|         m03_exit_pipeline                                         |                                     m03_exit_pipeline_imp_1KM0F4G |        229 |        226 |       0 |    3 |   369 |      0 |      0 |    0 |          0 |
|           m03_exit                                                |                                                    bd_b048_m03e_0 |        229 |        226 |       0 |    3 |   369 |      0 |      0 |    0 |          0 |
|             inst                                                  |                            sc_exit_v1_0_18_top__parameterized0__3 |        229 |        226 |       0 |    3 |   369 |      0 |      0 |    0 |          0 |
|               w_reg                                               |                                 sc_util_v1_0_4_axi_reg_stall_3102 |         23 |         23 |       0 |    0 |    76 |      0 |      0 |    0 |          0 |
|               r_reg                                               |                                 sc_util_v1_0_4_axi_reg_stall_3100 |         37 |         37 |       0 |    0 |    68 |      0 |      0 |    0 |          0 |
|               splitter_inst                                       |                     sc_exit_v1_0_18_splitter__parameterized0_3101 |        117 |        117 |       0 |    0 |   150 |      0 |      0 |    0 |          0 |
|                 gen_axi4lite.axilite_conv                         |                 sc_exit_v1_0_18_axilite_conv__parameterized0_3103 |        117 |        117 |       0 |    0 |   150 |      0 |      0 |    0 |          0 |
|         m03_nodes                                                 |                                             m03_nodes_imp_1O8ZRQF |        592 |        388 |     204 |    0 |   724 |      0 |      0 |    0 |          0 |
|           m03_ar_node                                             |                                                  bd_b048_m03arn_0 |         80 |         64 |      16 |    0 |    72 |      0 |      0 |    0 |          0 |
|             inst                                                  |                            sc_node_v1_0_19_top__parameterized4__2 |         80 |         64 |      16 |    0 |    72 |      0 |      0 |    0 |          0 |
|           m03_aw_node                                             |                                                  bd_b048_m03awn_0 |         76 |         64 |      12 |    0 |    63 |      0 |      0 |    0 |          0 |
|             inst                                                  |                            sc_node_v1_0_19_top__parameterized5__2 |         76 |         64 |      12 |    0 |    63 |      0 |      0 |    0 |          0 |
|           m03_b_node                                              |                                                   bd_b048_m03bn_0 |         79 |         71 |       8 |    0 |    58 |      0 |      0 |    0 |          0 |
|             inst                                                  |                            sc_node_v1_0_19_top__parameterized6__2 |         79 |         71 |       8 |    0 |    58 |      0 |      0 |    0 |          0 |
|               inst_mi_handler                                     |                   sc_node_v1_0_19_mi_handler__parameterized6_3055 |         76 |         68 |       8 |    0 |    53 |      0 |      0 |    0 |          0 |
|           m03_r_node                                              |                                                   bd_b048_m03rn_0 |        162 |         82 |      80 |    0 |   327 |      0 |      0 |    0 |          0 |
|             inst                                                  |                            sc_node_v1_0_19_top__parameterized7__2 |        162 |         82 |      80 |    0 |   327 |      0 |      0 |    0 |          0 |
|               inst_mi_handler                                     |                   sc_node_v1_0_19_mi_handler__parameterized7_3040 |        158 |         78 |      80 |    0 |   322 |      0 |      0 |    0 |          0 |
|                 gen_normal_area.inst_fifo_node_payld              |                         sc_node_v1_0_19_fifo__parameterized4_3045 |        117 |         37 |      80 |    0 |   157 |      0 |      0 |    0 |          0 |
|                   gen_xpm_memory_fifo.inst_fifo                   |               sc_util_v1_0_4_xpm_memory_fifo__parameterized4_3047 |        117 |         37 |      80 |    0 |   157 |      0 |      0 |    0 |          0 |
|                     gen_mem_rep[0].inst_xpm_memory                |                              xpm_memory_sdpram__parameterized3__2 |         80 |          0 |      80 |    0 |   135 |      0 |      0 |    0 |          0 |
|                       xpm_memory_base_inst                        |                                xpm_memory_base__parameterized6__2 |         80 |          0 |      80 |    0 |   135 |      0 |      0 |    0 |          0 |
|                 gen_normal_area.gen_upsizer.inst_upsizer          |                      sc_node_v1_0_19_upsizer__parameterized0_3044 |         10 |         10 |       0 |    0 |   137 |      0 |      0 |    0 |          0 |
|           m03_w_node                                              |                                                   bd_b048_m03wn_0 |        195 |        107 |      88 |    0 |   204 |      0 |      0 |    0 |          0 |
|             inst                                                  |                            sc_node_v1_0_19_top__parameterized8__2 |        195 |        107 |      88 |    0 |   204 |      0 |      0 |    0 |          0 |
|               inst_mi_handler                                     |                   sc_node_v1_0_19_mi_handler__parameterized8_3025 |        191 |        103 |      88 |    0 |   199 |      0 |      0 |    0 |          0 |
|                 gen_normal_area.inst_fifo_node_payld              |                         sc_node_v1_0_19_fifo__parameterized6_3029 |        154 |         66 |      88 |    0 |   170 |      0 |      0 |    0 |          0 |
|                   gen_xpm_memory_fifo.inst_fifo                   |               sc_util_v1_0_4_xpm_memory_fifo__parameterized6_3032 |        154 |         66 |      88 |    0 |   170 |      0 |      0 |    0 |          0 |
|                     gen_mem_rep[0].inst_xpm_memory                |                              xpm_memory_sdpram__parameterized5__2 |         88 |          0 |      88 |    0 |   149 |      0 |      0 |    0 |          0 |
|                       xpm_memory_base_inst                        |                                xpm_memory_base__parameterized8__2 |         88 |          0 |      88 |    0 |   149 |      0 |      0 |    0 |          0 |
|         m04_exit_pipeline                                         |                                     m04_exit_pipeline_imp_1B49ADS |        229 |        226 |       0 |    3 |   369 |      0 |      0 |    0 |          0 |
|           m04_exit                                                |                                                    bd_b048_m04e_0 |        229 |        226 |       0 |    3 |   369 |      0 |      0 |    0 |          0 |
|             inst                                                  |                            sc_exit_v1_0_18_top__parameterized0__4 |        229 |        226 |       0 |    3 |   369 |      0 |      0 |    0 |          0 |
|               w_reg                                               |                                 sc_util_v1_0_4_axi_reg_stall_3018 |         23 |         23 |       0 |    0 |    76 |      0 |      0 |    0 |          0 |
|               r_reg                                               |                                 sc_util_v1_0_4_axi_reg_stall_3016 |         37 |         37 |       0 |    0 |    68 |      0 |      0 |    0 |          0 |
|               splitter_inst                                       |                     sc_exit_v1_0_18_splitter__parameterized0_3017 |        116 |        116 |       0 |    0 |   150 |      0 |      0 |    0 |          0 |
|                 gen_axi4lite.axilite_conv                         |                 sc_exit_v1_0_18_axilite_conv__parameterized0_3019 |        116 |        116 |       0 |    0 |   150 |      0 |      0 |    0 |          0 |
|         m04_nodes                                                 |                                             m04_nodes_imp_1GEZC2V |        589 |        385 |     204 |    0 |   724 |      0 |      0 |    0 |          0 |
|           m04_ar_node                                             |                                                  bd_b048_m04arn_0 |         79 |         63 |      16 |    0 |    72 |      0 |      0 |    0 |          0 |
|             inst                                                  |                            sc_node_v1_0_19_top__parameterized4__1 |         79 |         63 |      16 |    0 |    72 |      0 |      0 |    0 |          0 |
|           m04_aw_node                                             |                                                  bd_b048_m04awn_0 |         75 |         63 |      12 |    0 |    63 |      0 |      0 |    0 |          0 |
|             inst                                                  |                            sc_node_v1_0_19_top__parameterized5__1 |         75 |         63 |      12 |    0 |    63 |      0 |      0 |    0 |          0 |
|           m04_b_node                                              |                                                   bd_b048_m04bn_0 |         80 |         72 |       8 |    0 |    58 |      0 |      0 |    0 |          0 |
|             inst                                                  |                            sc_node_v1_0_19_top__parameterized6__1 |         80 |         72 |       8 |    0 |    58 |      0 |      0 |    0 |          0 |
|               inst_mi_handler                                     |                   sc_node_v1_0_19_mi_handler__parameterized6_2971 |         76 |         68 |       8 |    0 |    53 |      0 |      0 |    0 |          0 |
|           m04_r_node                                              |                                                   bd_b048_m04rn_0 |        162 |         82 |      80 |    0 |   327 |      0 |      0 |    0 |          0 |
|             inst                                                  |                            sc_node_v1_0_19_top__parameterized7__1 |        162 |         82 |      80 |    0 |   327 |      0 |      0 |    0 |          0 |
|               inst_mi_handler                                     |                   sc_node_v1_0_19_mi_handler__parameterized7_2956 |        159 |         79 |      80 |    0 |   322 |      0 |      0 |    0 |          0 |
|                 gen_normal_area.inst_fifo_node_payld              |                         sc_node_v1_0_19_fifo__parameterized4_2961 |        118 |         38 |      80 |    0 |   157 |      0 |      0 |    0 |          0 |
|                   gen_xpm_memory_fifo.inst_fifo                   |               sc_util_v1_0_4_xpm_memory_fifo__parameterized4_2963 |        118 |         38 |      80 |    0 |   157 |      0 |      0 |    0 |          0 |
|                     gen_mem_rep[0].inst_xpm_memory                |                              xpm_memory_sdpram__parameterized3__1 |         80 |          0 |      80 |    0 |   135 |      0 |      0 |    0 |          0 |
|                       xpm_memory_base_inst                        |                                xpm_memory_base__parameterized6__1 |         80 |          0 |      80 |    0 |   135 |      0 |      0 |    0 |          0 |
|                 gen_normal_area.gen_upsizer.inst_upsizer          |                      sc_node_v1_0_19_upsizer__parameterized0_2960 |         10 |         10 |       0 |    0 |   137 |      0 |      0 |    0 |          0 |
|           m04_w_node                                              |                                                   bd_b048_m04wn_0 |        193 |        105 |      88 |    0 |   204 |      0 |      0 |    0 |          0 |
|             inst                                                  |                            sc_node_v1_0_19_top__parameterized8__1 |        193 |        105 |      88 |    0 |   204 |      0 |      0 |    0 |          0 |
|               inst_mi_handler                                     |                   sc_node_v1_0_19_mi_handler__parameterized8_2941 |        190 |        102 |      88 |    0 |   199 |      0 |      0 |    0 |          0 |
|                 gen_normal_area.inst_fifo_node_payld              |                         sc_node_v1_0_19_fifo__parameterized6_2945 |        154 |         66 |      88 |    0 |   170 |      0 |      0 |    0 |          0 |
|                   gen_xpm_memory_fifo.inst_fifo                   |               sc_util_v1_0_4_xpm_memory_fifo__parameterized6_2948 |        154 |         66 |      88 |    0 |   170 |      0 |      0 |    0 |          0 |
|                     gen_mem_rep[0].inst_xpm_memory                |                              xpm_memory_sdpram__parameterized5__1 |         88 |          0 |      88 |    0 |   149 |      0 |      0 |    0 |          0 |
|                       xpm_memory_base_inst                        |                                xpm_memory_base__parameterized8__1 |         88 |          0 |      88 |    0 |   149 |      0 |      0 |    0 |          0 |
|         m05_exit_pipeline                                         |                                     m05_exit_pipeline_imp_1GZL3IO |        230 |        227 |       0 |    3 |   369 |      0 |      0 |    0 |          0 |
|           m05_exit                                                |                                                    bd_b048_m05e_0 |        230 |        227 |       0 |    3 |   369 |      0 |      0 |    0 |          0 |
|             inst                                                  |                            sc_exit_v1_0_18_top__parameterized0__5 |        230 |        227 |       0 |    3 |   369 |      0 |      0 |    0 |          0 |
|               w_reg                                               |                                 sc_util_v1_0_4_axi_reg_stall_2934 |         23 |         23 |       0 |    0 |    76 |      0 |      0 |    0 |          0 |
|               r_reg                                               |                                 sc_util_v1_0_4_axi_reg_stall_2932 |         37 |         37 |       0 |    0 |    68 |      0 |      0 |    0 |          0 |
|               splitter_inst                                       |                     sc_exit_v1_0_18_splitter__parameterized0_2933 |        117 |        117 |       0 |    0 |   150 |      0 |      0 |    0 |          0 |
|                 gen_axi4lite.axilite_conv                         |                 sc_exit_v1_0_18_axilite_conv__parameterized0_2935 |        117 |        117 |       0 |    0 |   150 |      0 |      0 |    0 |          0 |
|         m05_nodes                                                 |                                              m05_nodes_imp_9EMKR5 |        588 |        384 |     204 |    0 |   724 |      0 |      0 |    0 |          0 |
|           m05_ar_node                                             |                                                  bd_b048_m05arn_0 |         79 |         63 |      16 |    0 |    72 |      0 |      0 |    0 |          0 |
|             inst                                                  |                            sc_node_v1_0_19_top__parameterized4__4 |         79 |         63 |      16 |    0 |    72 |      0 |      0 |    0 |          0 |
|           m05_aw_node                                             |                                                  bd_b048_m05awn_0 |         76 |         64 |      12 |    0 |    63 |      0 |      0 |    0 |          0 |
|             inst                                                  |                            sc_node_v1_0_19_top__parameterized5__4 |         76 |         64 |      12 |    0 |    63 |      0 |      0 |    0 |          0 |
|           m05_b_node                                              |                                                   bd_b048_m05bn_0 |         79 |         71 |       8 |    0 |    58 |      0 |      0 |    0 |          0 |
|             inst                                                  |                            sc_node_v1_0_19_top__parameterized6__4 |         79 |         71 |       8 |    0 |    58 |      0 |      0 |    0 |          0 |
|               inst_mi_handler                                     |                   sc_node_v1_0_19_mi_handler__parameterized6_2887 |         75 |         67 |       8 |    0 |    53 |      0 |      0 |    0 |          0 |
|           m05_r_node                                              |                                                   bd_b048_m05rn_0 |        161 |         81 |      80 |    0 |   327 |      0 |      0 |    0 |          0 |
|             inst                                                  |                            sc_node_v1_0_19_top__parameterized7__4 |        161 |         81 |      80 |    0 |   327 |      0 |      0 |    0 |          0 |
|               inst_mi_handler                                     |                   sc_node_v1_0_19_mi_handler__parameterized7_2872 |        157 |         77 |      80 |    0 |   322 |      0 |      0 |    0 |          0 |
|                 gen_normal_area.inst_fifo_node_payld              |                         sc_node_v1_0_19_fifo__parameterized4_2877 |        117 |         37 |      80 |    0 |   157 |      0 |      0 |    0 |          0 |
|                   gen_xpm_memory_fifo.inst_fifo                   |               sc_util_v1_0_4_xpm_memory_fifo__parameterized4_2879 |        117 |         37 |      80 |    0 |   157 |      0 |      0 |    0 |          0 |
|                     gen_mem_rep[0].inst_xpm_memory                |                              xpm_memory_sdpram__parameterized3__4 |         80 |          0 |      80 |    0 |   135 |      0 |      0 |    0 |          0 |
|                       xpm_memory_base_inst                        |                                xpm_memory_base__parameterized6__4 |         80 |          0 |      80 |    0 |   135 |      0 |      0 |    0 |          0 |
|                 gen_normal_area.gen_upsizer.inst_upsizer          |                      sc_node_v1_0_19_upsizer__parameterized0_2876 |         10 |         10 |       0 |    0 |   137 |      0 |      0 |    0 |          0 |
|           m05_w_node                                              |                                                   bd_b048_m05wn_0 |        193 |        105 |      88 |    0 |   204 |      0 |      0 |    0 |          0 |
|             inst                                                  |                            sc_node_v1_0_19_top__parameterized8__4 |        193 |        105 |      88 |    0 |   204 |      0 |      0 |    0 |          0 |
|               inst_mi_handler                                     |                   sc_node_v1_0_19_mi_handler__parameterized8_2857 |        190 |        102 |      88 |    0 |   199 |      0 |      0 |    0 |          0 |
|                 gen_normal_area.inst_fifo_node_payld              |                         sc_node_v1_0_19_fifo__parameterized6_2861 |        154 |         66 |      88 |    0 |   170 |      0 |      0 |    0 |          0 |
|                   gen_xpm_memory_fifo.inst_fifo                   |               sc_util_v1_0_4_xpm_memory_fifo__parameterized6_2864 |        154 |         66 |      88 |    0 |   170 |      0 |      0 |    0 |          0 |
|                     gen_mem_rep[0].inst_xpm_memory                |                              xpm_memory_sdpram__parameterized5__4 |         88 |          0 |      88 |    0 |   149 |      0 |      0 |    0 |          0 |
|                       xpm_memory_base_inst                        |                                xpm_memory_base__parameterized8__4 |         88 |          0 |      88 |    0 |   149 |      0 |      0 |    0 |          0 |
|         m06_exit_pipeline                                         |                                     m06_exit_pipeline_imp_11LJQDS |        228 |        225 |       0 |    3 |   369 |      0 |      0 |    0 |          0 |
|           m06_exit                                                |                                                    bd_b048_m06e_0 |        228 |        225 |       0 |    3 |   369 |      0 |      0 |    0 |          0 |
|             inst                                                  |                               sc_exit_v1_0_18_top__parameterized0 |        228 |        225 |       0 |    3 |   369 |      0 |      0 |    0 |          0 |
|               w_reg                                               |                                 sc_util_v1_0_4_axi_reg_stall_2851 |         23 |         23 |       0 |    0 |    76 |      0 |      0 |    0 |          0 |
|               r_reg                                               |                                 sc_util_v1_0_4_axi_reg_stall_2850 |         37 |         37 |       0 |    0 |    68 |      0 |      0 |    0 |          0 |
|               splitter_inst                                       |                          sc_exit_v1_0_18_splitter__parameterized0 |        115 |        115 |       0 |    0 |   150 |      0 |      0 |    0 |          0 |
|                 gen_axi4lite.axilite_conv                         |                      sc_exit_v1_0_18_axilite_conv__parameterized0 |        115 |        115 |       0 |    0 |   150 |      0 |      0 |    0 |          0 |
|         m06_nodes                                                 |                                              m06_nodes_imp_PY8KSQ |        590 |        386 |     204 |    0 |   724 |      0 |      0 |    0 |          0 |
|           m06_ar_node                                             |                                                  bd_b048_m06arn_0 |         80 |         64 |      16 |    0 |    72 |      0 |      0 |    0 |          0 |
|             inst                                                  |                            sc_node_v1_0_19_top__parameterized4__3 |         80 |         64 |      16 |    0 |    72 |      0 |      0 |    0 |          0 |
|           m06_aw_node                                             |                                                  bd_b048_m06awn_0 |         76 |         64 |      12 |    0 |    63 |      0 |      0 |    0 |          0 |
|             inst                                                  |                            sc_node_v1_0_19_top__parameterized5__3 |         76 |         64 |      12 |    0 |    63 |      0 |      0 |    0 |          0 |
|           m06_b_node                                              |                                                   bd_b048_m06bn_0 |         79 |         71 |       8 |    0 |    58 |      0 |      0 |    0 |          0 |
|             inst                                                  |                            sc_node_v1_0_19_top__parameterized6__3 |         79 |         71 |       8 |    0 |    58 |      0 |      0 |    0 |          0 |
|               inst_mi_handler                                     |                        sc_node_v1_0_19_mi_handler__parameterized6 |         75 |         67 |       8 |    0 |    53 |      0 |      0 |    0 |          0 |
|           m06_r_node                                              |                                                   bd_b048_m06rn_0 |        161 |         81 |      80 |    0 |   327 |      0 |      0 |    0 |          0 |
|             inst                                                  |                            sc_node_v1_0_19_top__parameterized7__3 |        161 |         81 |      80 |    0 |   327 |      0 |      0 |    0 |          0 |
|               inst_mi_handler                                     |                        sc_node_v1_0_19_mi_handler__parameterized7 |        158 |         78 |      80 |    0 |   322 |      0 |      0 |    0 |          0 |
|                 gen_normal_area.inst_fifo_node_payld              |                              sc_node_v1_0_19_fifo__parameterized4 |        118 |         38 |      80 |    0 |   157 |      0 |      0 |    0 |          0 |
|                   gen_xpm_memory_fifo.inst_fifo                   |                    sc_util_v1_0_4_xpm_memory_fifo__parameterized4 |        118 |         38 |      80 |    0 |   157 |      0 |      0 |    0 |          0 |
|                     gen_mem_rep[0].inst_xpm_memory                |                              xpm_memory_sdpram__parameterized3__3 |         80 |          0 |      80 |    0 |   135 |      0 |      0 |    0 |          0 |
|                       xpm_memory_base_inst                        |                                xpm_memory_base__parameterized6__3 |         80 |          0 |      80 |    0 |   135 |      0 |      0 |    0 |          0 |
|                 gen_normal_area.gen_upsizer.inst_upsizer          |                           sc_node_v1_0_19_upsizer__parameterized0 |         10 |         10 |       0 |    0 |   137 |      0 |      0 |    0 |          0 |
|           m06_w_node                                              |                                                   bd_b048_m06wn_0 |        194 |        106 |      88 |    0 |   204 |      0 |      0 |    0 |          0 |
|             inst                                                  |                            sc_node_v1_0_19_top__parameterized8__3 |        194 |        106 |      88 |    0 |   204 |      0 |      0 |    0 |          0 |
|               inst_mi_handler                                     |                        sc_node_v1_0_19_mi_handler__parameterized8 |        191 |        103 |      88 |    0 |   199 |      0 |      0 |    0 |          0 |
|                 gen_normal_area.inst_fifo_node_payld              |                              sc_node_v1_0_19_fifo__parameterized6 |        154 |         66 |      88 |    0 |   170 |      0 |      0 |    0 |          0 |
|                   gen_xpm_memory_fifo.inst_fifo                   |                    sc_util_v1_0_4_xpm_memory_fifo__parameterized6 |        154 |         66 |      88 |    0 |   170 |      0 |      0 |    0 |          0 |
|                     gen_mem_rep[0].inst_xpm_memory                |                              xpm_memory_sdpram__parameterized5__3 |         88 |          0 |      88 |    0 |   149 |      0 |      0 |    0 |          0 |
|                       xpm_memory_base_inst                        |                                xpm_memory_base__parameterized8__3 |         88 |          0 |      88 |    0 |   149 |      0 |      0 |    0 |          0 |
|         s00_entry_pipeline                                        |                                     s00_entry_pipeline_imp_WU5JGZ |       2332 |       2279 |       0 |   53 |  3141 |      0 |      0 |    0 |          0 |
|           s00_mmu                                                 |                                                  bd_b048_s00mmu_0 |        614 |        607 |       0 |    7 |  1373 |      0 |      0 |    0 |          0 |
|             inst                                                  |                                                sc_mmu_v1_0_16_top |        614 |        607 |       0 |    7 |  1373 |      0 |      0 |    0 |          0 |
|               w_sreg                                              |                                 sc_util_v1_0_4_axi_reg_stall_2789 |         83 |         83 |       0 |    0 |   294 |      0 |      0 |    0 |          0 |
|               ar_reg_stall                                        |                                 sc_util_v1_0_4_axi_reg_stall_2782 |         51 |         51 |       0 |    0 |   170 |      0 |      0 |    0 |          0 |
|               ar_sreg                                             |                                 sc_util_v1_0_4_axi_reg_stall_2783 |         77 |         77 |       0 |    0 |   174 |      0 |      0 |    0 |          0 |
|               aw_reg_stall                                        |                                 sc_util_v1_0_4_axi_reg_stall_2784 |         45 |         45 |       0 |    0 |   146 |      0 |      0 |    0 |          0 |
|               aw_sreg                                             |                                 sc_util_v1_0_4_axi_reg_stall_2785 |         72 |         72 |       0 |    0 |   150 |      0 |      0 |    0 |          0 |
|               gen_endpoint.decerr_slave_inst                      |                                       sc_mmu_v1_0_16_decerr_slave |         53 |         53 |       0 |    0 |    49 |      0 |      0 |    0 |          0 |
|               r_sreg                                              |                                 sc_util_v1_0_4_axi_reg_stall_2788 |        170 |        170 |       0 |    0 |   298 |      0 |      0 |    0 |          0 |
|           s00_si_converter                                        |                                                  bd_b048_s00sic_0 |       1159 |       1121 |       0 |   38 |   982 |      0 |      0 |    0 |          0 |
|             inst                                                  |                                       sc_si_converter_v1_0_16_top |       1159 |       1121 |       0 |   38 |   982 |      0 |      0 |    0 |          0 |
|               gen_normal.splitter_inst                            |                                  sc_si_converter_v1_0_16_splitter |        443 |        414 |       0 |   29 |   493 |      0 |      0 |    0 |          0 |
|                 (gen_normal.splitter_inst)                        |                                  sc_si_converter_v1_0_16_splitter |         58 |         58 |       0 |    0 |   166 |      0 |      0 |    0 |          0 |
|                 ar_cmd_reg                                        |                                 sc_util_v1_0_4_axi_reg_stall_2730 |         96 |         96 |       0 |    0 |   124 |      0 |      0 |    0 |          0 |
|                 aw_cmd_reg                                        |                                 sc_util_v1_0_4_axi_reg_stall_2731 |         33 |         33 |       0 |    0 |    74 |      0 |      0 |    0 |          0 |
|                 gen_wsplitter.w_split_fifo                        |                  sc_util_v1_0_4_axic_reg_srl_fifo__parameterized3 |         50 |         41 |       0 |    9 |    17 |      0 |      0 |    0 |          0 |
|               (converter.low_area_converter.low_area_wrap_inst)   |                              sc_si_converter_v1_0_16_reduced_area |        673 |        673 |       0 |    0 |   467 |      0 |      0 |    0 |          0 |
|           s00_transaction_regulator                               |                                                   bd_b048_s00tr_0 |        560 |        552 |       0 |    8 |   786 |      0 |      0 |    0 |          0 |
|             inst                                                  |                              sc_transaction_regulator_v1_0_12_top |        560 |        552 |       0 |    8 |   786 |      0 |      0 |    0 |          0 |
|               gen_endpoint.gen_w_multithread.w_multithread        |                 sc_transaction_regulator_v1_0_12_multithread_2718 |        273 |        269 |       0 |    4 |   373 |      0 |      0 |    0 |          0 |
|                 (gen_endpoint.gen_w_multithread.w_multithread)    |                 sc_transaction_regulator_v1_0_12_multithread_2718 |         88 |         88 |       0 |    0 |   215 |      0 |      0 |    0 |          0 |
|                 cmd_reg                                           |                                 sc_util_v1_0_4_axi_reg_stall_2719 |        163 |        163 |       0 |    0 |   148 |      0 |      0 |    0 |          0 |
|               gen_endpoint.gen_r_multithread.r_multithread        |                      sc_transaction_regulator_v1_0_12_multithread |        286 |        282 |       0 |    4 |   409 |      0 |      0 |    0 |          0 |
|                 (gen_endpoint.gen_r_multithread.r_multithread)    |                      sc_transaction_regulator_v1_0_12_multithread |         62 |         62 |       0 |    0 |   227 |      0 |      0 |    0 |          0 |
|                 cmd_reg                                           |                                 sc_util_v1_0_4_axi_reg_stall_2725 |        201 |        201 |       0 |    0 |   172 |      0 |      0 |    0 |          0 |
|         s00_nodes                                                 |                                              s00_nodes_imp_RPMGND |        694 |        438 |     256 |    0 |   759 |      0 |      0 |    0 |          0 |
|           s00_ar_node                                             |                                                    bd_b048_sarn_0 |        128 |         80 |      48 |    0 |   110 |      0 |      0 |    0 |          0 |
|             inst                                                  |                               sc_node_v1_0_19_top__parameterized9 |        128 |         80 |      48 |    0 |   110 |      0 |      0 |    0 |          0 |
|               inst_mi_handler                                     |                        sc_node_v1_0_19_mi_handler__parameterized9 |        124 |         76 |      48 |    0 |   105 |      0 |      0 |    0 |          0 |
|                 gen_normal_area.inst_fifo_node_payld              |                         sc_node_v1_0_19_fifo__parameterized8_2708 |         75 |         35 |      40 |    0 |    49 |      0 |      0 |    0 |          0 |
|                   gen_xpm_memory_fifo.inst_fifo                   |               sc_util_v1_0_4_xpm_memory_fifo__parameterized8_2710 |         75 |         35 |      40 |    0 |    49 |      0 |      0 |    0 |          0 |
|           s00_aw_node                                             |                                                    bd_b048_sawn_0 |        101 |         77 |      24 |    0 |   103 |      0 |      0 |    0 |          0 |
|             inst                                                  |                              sc_node_v1_0_19_top__parameterized10 |        101 |         77 |      24 |    0 |   103 |      0 |      0 |    0 |          0 |
|               inst_mi_handler                                     |                       sc_node_v1_0_19_mi_handler__parameterized10 |         98 |         74 |      24 |    0 |    98 |      0 |      0 |    0 |          0 |
|                 gen_normal_area.inst_fifo_node_payld              |                              sc_node_v1_0_19_fifo__parameterized8 |         50 |         34 |      16 |    0 |    42 |      0 |      0 |    0 |          0 |
|                   gen_xpm_memory_fifo.inst_fifo                   |                    sc_util_v1_0_4_xpm_memory_fifo__parameterized8 |         50 |         34 |      16 |    0 |    42 |      0 |      0 |    0 |          0 |
|           s00_b_node                                              |                                                     bd_b048_sbn_0 |        105 |        101 |       4 |    0 |    89 |      0 |      0 |    0 |          0 |
|             inst                                                  |                              sc_node_v1_0_19_top__parameterized11 |        105 |        101 |       4 |    0 |    89 |      0 |      0 |    0 |          0 |
|           s00_r_node                                              |                                                     bd_b048_srn_0 |        182 |        102 |      80 |    0 |   224 |      0 |      0 |    0 |          0 |
|             inst                                                  |                              sc_node_v1_0_19_top__parameterized12 |        182 |        102 |      80 |    0 |   224 |      0 |      0 |    0 |          0 |
|               inst_mi_handler                                     |                       sc_node_v1_0_19_mi_handler__parameterized12 |        139 |         59 |      80 |    0 |   184 |      0 |      0 |    0 |          0 |
|                 gen_normal_area.inst_fifo_node_payld              |                             sc_node_v1_0_19_fifo__parameterized10 |        105 |         25 |      80 |    0 |   154 |      0 |      0 |    0 |          0 |
|                   gen_xpm_memory_fifo.inst_fifo                   |                   sc_util_v1_0_4_xpm_memory_fifo__parameterized10 |        105 |         25 |      80 |    0 |   154 |      0 |      0 |    0 |          0 |
|                     gen_mem_rep[0].inst_xpm_memory                |                                 xpm_memory_sdpram__parameterized9 |         80 |          0 |      80 |    0 |   133 |      0 |      0 |    0 |          0 |
|                       xpm_memory_base_inst                        |                                  xpm_memory_base__parameterized12 |         80 |          0 |      80 |    0 |   133 |      0 |      0 |    0 |          0 |
|           s00_w_node                                              |                                                     bd_b048_swn_0 |        178 |         78 |     100 |    0 |   233 |      0 |      0 |    0 |          0 |
|             inst                                                  |                              sc_node_v1_0_19_top__parameterized13 |        178 |         78 |     100 |    0 |   233 |      0 |      0 |    0 |          0 |
|               inst_mi_handler                                     |                       sc_node_v1_0_19_mi_handler__parameterized13 |        176 |         76 |     100 |    0 |   228 |      0 |      0 |    0 |          0 |
|                 gen_normal_area.inst_fifo_node_payld              |                             sc_node_v1_0_19_fifo__parameterized11 |        127 |         35 |      92 |    0 |   172 |      0 |      0 |    0 |          0 |
|                   gen_xpm_memory_fifo.inst_fifo                   |                   sc_util_v1_0_4_xpm_memory_fifo__parameterized11 |        127 |         35 |      92 |    0 |   172 |      0 |      0 |    0 |          0 |
|                     gen_mem_rep[0].inst_xpm_memory                |                                xpm_memory_sdpram__parameterized10 |         92 |          0 |      92 |    0 |   150 |      0 |      0 |    0 |          0 |
|                       xpm_memory_base_inst                        |                                  xpm_memory_base__parameterized13 |         92 |          0 |      92 |    0 |   150 |      0 |      0 |    0 |          0 |
|         switchboards                                              |                                           switchboards_imp_28TUJH |        286 |        286 |       0 |    0 |   337 |      0 |      0 |    0 |          0 |
|           r_switchboard                                           |                                                     bd_b048_rsw_0 |        273 |        273 |       0 |    0 |   135 |      0 |      0 |    0 |          0 |
|             inst                                                  |                         sc_switchboard_v1_0_9_top__parameterized1 |        273 |        273 |       0 |    0 |   135 |      0 |      0 |    0 |          0 |
|               gen_mi[0].inst_opipe_payld                          |                          sc_util_v1_0_4_pipeline__parameterized12 |        273 |        273 |       0 |    0 |   135 |      0 |      0 |    0 |          0 |
|           w_switchboard                                           |                                                     bd_b048_wsw_0 |          0 |          0 |       0 |    0 |   150 |      0 |      0 |    0 |          0 |
|             inst                                                  |                         sc_switchboard_v1_0_9_top__parameterized2 |          0 |          0 |       0 |    0 |   150 |      0 |      0 |    0 |          0 |
|               gen_mi[0].inst_opipe_payld                          |                          sc_util_v1_0_4_pipeline__parameterized13 |          0 |          0 |       0 |    0 |   150 |      0 |      0 |    0 |          0 |
|     sc_hp0_stage0                                                 |                                  pccx_v002_system_sc_hp0_stage0_0 |       2982 |       2273 |     680 |   29 |  5065 |      0 |      0 |    0 |          0 |
|       inst                                                        |                                                           bd_66f7 |       2982 |       2273 |     680 |   29 |  5065 |      0 |      0 |    0 |          0 |
|         m00_exit_pipeline                                         |                                     m00_exit_pipeline_imp_1C6B2Z4 |        288 |        278 |       0 |   10 |   816 |      0 |      0 |    0 |          0 |
|           m00_exit                                                |                                                    bd_66f7_m00e_0 |        288 |        278 |       0 |   10 |   816 |      0 |      0 |    0 |          0 |
|             inst                                                  |                               sc_exit_v1_0_18_top__parameterized1 |        288 |        278 |       0 |   10 |   816 |      0 |      0 |    0 |          0 |
|               w_reg                                               |                                 sc_util_v1_0_4_axi_reg_stall_2633 |         78 |         78 |       0 |    0 |   294 |      0 |      0 |    0 |          0 |
|               ar_reg                                              |                                 sc_util_v1_0_4_axi_reg_stall_2629 |         39 |         39 |       0 |    0 |   108 |      0 |      0 |    0 |          0 |
|               aw_reg                                              |                                 sc_util_v1_0_4_axi_reg_stall_2630 |         39 |         39 |       0 |    0 |   108 |      0 |      0 |    0 |          0 |
|               r_reg                                               |                                 sc_util_v1_0_4_axi_reg_stall_2632 |         72 |         72 |       0 |    0 |   266 |      0 |      0 |    0 |          0 |
|         m00_nodes                                                 |                                             m00_nodes_imp_1YCYN0C |        654 |        381 |     272 |    1 |   723 |      0 |      0 |    0 |          0 |
|           m00_ar_node                                             |                                                  bd_66f7_m00arn_0 |        121 |         73 |      48 |    0 |   128 |      0 |      0 |    0 |          0 |
|             inst                                                  |                              sc_node_v1_0_19_top__parameterized14 |        121 |         73 |      48 |    0 |   128 |      0 |      0 |    0 |          0 |
|               inst_mi_handler                                     |                       sc_node_v1_0_19_mi_handler__parameterized14 |        106 |         58 |      48 |    0 |   112 |      0 |      0 |    0 |          0 |
|                 gen_normal_area.inst_fifo_node_payld              |                        sc_node_v1_0_19_fifo__parameterized12_2619 |         74 |         26 |      48 |    0 |    88 |      0 |      0 |    0 |          0 |
|                   gen_xpm_memory_fifo.inst_fifo                   |              sc_util_v1_0_4_xpm_memory_fifo__parameterized12_2621 |         74 |         26 |      48 |    0 |    88 |      0 |      0 |    0 |          0 |
|                     gen_mem_rep[0].inst_xpm_memory                |                                xpm_memory_sdpram__parameterized11 |         48 |          0 |      48 |    0 |    67 |      0 |      0 |    0 |          0 |
|                       xpm_memory_base_inst                        |                                  xpm_memory_base__parameterized14 |         48 |          0 |      48 |    0 |    67 |      0 |      0 |    0 |          0 |
|           m00_aw_node                                             |                                                  bd_66f7_m00awn_0 |        131 |         86 |      44 |    1 |   126 |      0 |      0 |    0 |          0 |
|             inst                                                  |                              sc_node_v1_0_19_top__parameterized15 |        131 |         86 |      44 |    1 |   126 |      0 |      0 |    0 |          0 |
|               inst_mi_handler                                     |                       sc_node_v1_0_19_mi_handler__parameterized15 |        107 |         63 |      44 |    0 |   107 |      0 |      0 |    0 |          0 |
|                 gen_normal_area.inst_fifo_node_payld              |                             sc_node_v1_0_19_fifo__parameterized12 |         70 |         26 |      44 |    0 |    83 |      0 |      0 |    0 |          0 |
|                   gen_xpm_memory_fifo.inst_fifo                   |                   sc_util_v1_0_4_xpm_memory_fifo__parameterized12 |         70 |         26 |      44 |    0 |    83 |      0 |      0 |    0 |          0 |
|                     gen_mem_rep[0].inst_xpm_memory                |                             xpm_memory_sdpram__parameterized11__1 |         44 |          0 |      44 |    0 |    62 |      0 |      0 |    0 |          0 |
|                       xpm_memory_base_inst                        |                               xpm_memory_base__parameterized14__1 |         44 |          0 |      44 |    0 |    62 |      0 |      0 |    0 |          0 |
|           m00_b_node                                              |                                                   bd_66f7_m00bn_0 |         84 |         74 |      10 |    0 |    61 |      0 |      0 |    0 |          0 |
|             inst                                                  |                              sc_node_v1_0_19_top__parameterized16 |         84 |         74 |      10 |    0 |    61 |      0 |      0 |    0 |          0 |
|               inst_mi_handler                                     |                       sc_node_v1_0_19_mi_handler__parameterized16 |         80 |         70 |      10 |    0 |    56 |      0 |      0 |    0 |          0 |
|           m00_r_node                                              |                                                   bd_66f7_m00rn_0 |        157 |         73 |      84 |    0 |   201 |      0 |      0 |    0 |          0 |
|             inst                                                  |                              sc_node_v1_0_19_top__parameterized17 |        157 |         73 |      84 |    0 |   201 |      0 |      0 |    0 |          0 |
|               inst_mi_handler                                     |                       sc_node_v1_0_19_mi_handler__parameterized17 |        153 |         69 |      84 |    0 |   196 |      0 |      0 |    0 |          0 |
|                 gen_normal_area.inst_fifo_node_payld              |                             sc_node_v1_0_19_fifo__parameterized15 |        113 |         33 |      80 |    0 |   160 |      0 |      0 |    0 |          0 |
|                   gen_xpm_memory_fifo.inst_fifo                   |                   sc_util_v1_0_4_xpm_memory_fifo__parameterized15 |        113 |         33 |      80 |    0 |   160 |      0 |      0 |    0 |          0 |
|                     gen_mem_rep[0].inst_xpm_memory                |                                xpm_memory_sdpram__parameterized14 |         80 |          0 |      80 |    0 |   138 |      0 |      0 |    0 |          0 |
|                       xpm_memory_base_inst                        |                                  xpm_memory_base__parameterized17 |         80 |          0 |      80 |    0 |   138 |      0 |      0 |    0 |          0 |
|           m00_w_node                                              |                                                   bd_66f7_m00wn_0 |        161 |         75 |      86 |    0 |   207 |      0 |      0 |    0 |          0 |
|             inst                                                  |                              sc_node_v1_0_19_top__parameterized18 |        161 |         75 |      86 |    0 |   207 |      0 |      0 |    0 |          0 |
|               inst_mi_handler                                     |                       sc_node_v1_0_19_mi_handler__parameterized18 |        142 |         58 |      84 |    0 |   190 |      0 |      0 |    0 |          0 |
|                 gen_normal_area.inst_fifo_node_payld              |                             sc_node_v1_0_19_fifo__parameterized17 |        109 |         25 |      84 |    0 |   166 |      0 |      0 |    0 |          0 |
|                   gen_xpm_memory_fifo.inst_fifo                   |                   sc_util_v1_0_4_xpm_memory_fifo__parameterized17 |        109 |         25 |      84 |    0 |   166 |      0 |      0 |    0 |          0 |
|                     gen_mem_rep[0].inst_xpm_memory                |                                xpm_memory_sdpram__parameterized16 |         84 |          0 |      84 |    0 |   145 |      0 |      0 |    0 |          0 |
|                       xpm_memory_base_inst                        |                                  xpm_memory_base__parameterized19 |         84 |          0 |      84 |    0 |   145 |      0 |      0 |    0 |          0 |
|         s00_entry_pipeline                                        |                                     s00_entry_pipeline_imp_CWUIMR |        291 |        291 |       0 |    0 |   603 |      0 |      0 |    0 |          0 |
|           s00_mmu                                                 |                                                  bd_66f7_s00mmu_0 |        232 |        232 |       0 |    0 |   483 |      0 |      0 |    0 |          0 |
|             inst                                                  |                             sc_mmu_v1_0_16_top__parameterized0__1 |        232 |        232 |       0 |    0 |   483 |      0 |      0 |    0 |          0 |
|               r_sreg                                              |                                 sc_util_v1_0_4_axi_reg_stall_2572 |        138 |        138 |       0 |    0 |   266 |      0 |      0 |    0 |          0 |
|               ar_reg_stall                                        |                                 sc_util_v1_0_4_axi_reg_stall_2569 |         35 |         35 |       0 |    0 |    94 |      0 |      0 |    0 |          0 |
|               ar_sreg                                             |                                 sc_util_v1_0_4_axi_reg_stall_2570 |         36 |         36 |       0 |    0 |    96 |      0 |      0 |    0 |          0 |
|           s00_transaction_regulator                               |                                                   bd_66f7_s00tr_0 |         46 |         46 |       0 |    0 |   116 |      0 |      0 |    0 |          0 |
|             inst                                                  |              sc_transaction_regulator_v1_0_12_top__parameterized0 |         46 |         46 |       0 |    0 |   116 |      0 |      0 |    0 |          0 |
|               gen_endpoint.gen_r_singleorder.r_singleorder        | sc_transaction_regulator_v1_0_12_singleorder__parameterized0_2566 |         45 |         45 |       0 |    0 |   112 |      0 |      0 |    0 |          0 |
|                 gen_cmd_reg.cmd_reg                               |                                 sc_util_v1_0_4_axi_reg_stall_2567 |         31 |         31 |       0 |    0 |   104 |      0 |      0 |    0 |          0 |
|         s00_nodes                                                 |                                              s00_nodes_imp_GF8JPL |        266 |        134 |     132 |    0 |   316 |      0 |      0 |    0 |          0 |
|           s00_ar_node                                             |                                                    bd_66f7_sarn_0 |        123 |         71 |      52 |    0 |   135 |      0 |      0 |    0 |          0 |
|             inst                                                  |                              sc_node_v1_0_19_top__parameterized19 |        123 |         71 |      52 |    0 |   135 |      0 |      0 |    0 |          0 |
|               inst_mi_handler                                     |                  sc_node_v1_0_19_mi_handler__parameterized19_2553 |        120 |         68 |      52 |    0 |   130 |      0 |      0 |    0 |          0 |
|                 gen_normal_area.inst_fifo_node_payld              |                        sc_node_v1_0_19_fifo__parameterized18_2556 |         89 |         37 |      52 |    0 |   104 |      0 |      0 |    0 |          0 |
|                   gen_xpm_memory_fifo.inst_fifo                   |              sc_util_v1_0_4_xpm_memory_fifo__parameterized18_2558 |         89 |         37 |      52 |    0 |   104 |      0 |      0 |    0 |          0 |
|                     gen_mem_rep[0].inst_xpm_memory                |                                xpm_memory_sdpram__parameterized17 |         52 |          0 |      52 |    0 |    82 |      0 |      0 |    0 |          0 |
|                       xpm_memory_base_inst                        |                                  xpm_memory_base__parameterized20 |         52 |          0 |      52 |    0 |    82 |      0 |      0 |    0 |          0 |
|           s00_r_node                                              |                                                     bd_66f7_srn_0 |        143 |         63 |      80 |    0 |   181 |      0 |      0 |    0 |          0 |
|             inst                                                  |                              sc_node_v1_0_19_top__parameterized20 |        143 |         63 |      80 |    0 |   181 |      0 |      0 |    0 |          0 |
|               inst_mi_handler                                     |                  sc_node_v1_0_19_mi_handler__parameterized20_2539 |        141 |         61 |      80 |    0 |   176 |      0 |      0 |    0 |          0 |
|                 gen_normal_area.inst_fifo_node_payld              |                        sc_node_v1_0_19_fifo__parameterized19_2542 |        106 |         26 |      80 |    0 |   152 |      0 |      0 |    0 |          0 |
|                   gen_xpm_memory_fifo.inst_fifo                   |              sc_util_v1_0_4_xpm_memory_fifo__parameterized19_2545 |        106 |         26 |      80 |    0 |   152 |      0 |      0 |    0 |          0 |
|                     gen_mem_rep[0].inst_xpm_memory                |                                xpm_memory_sdpram__parameterized18 |         80 |          0 |      80 |    0 |   131 |      0 |      0 |    0 |          0 |
|                       xpm_memory_base_inst                        |                                  xpm_memory_base__parameterized21 |         80 |          0 |      80 |    0 |   131 |      0 |      0 |    0 |          0 |
|         s01_entry_pipeline                                        |                                    s01_entry_pipeline_imp_1EHQ7T3 |        291 |        291 |       0 |    0 |   603 |      0 |      0 |    0 |          0 |
|           s01_mmu                                                 |                                                  bd_66f7_s01mmu_0 |        232 |        232 |       0 |    0 |   483 |      0 |      0 |    0 |          0 |
|             inst                                                  |                                sc_mmu_v1_0_16_top__parameterized0 |        232 |        232 |       0 |    0 |   483 |      0 |      0 |    0 |          0 |
|               r_sreg                                              |                                 sc_util_v1_0_4_axi_reg_stall_2538 |        138 |        138 |       0 |    0 |   266 |      0 |      0 |    0 |          0 |
|               ar_reg_stall                                        |                                 sc_util_v1_0_4_axi_reg_stall_2535 |         35 |         35 |       0 |    0 |    94 |      0 |      0 |    0 |          0 |
|               ar_sreg                                             |                                 sc_util_v1_0_4_axi_reg_stall_2536 |         36 |         36 |       0 |    0 |    96 |      0 |      0 |    0 |          0 |
|           s01_transaction_regulator                               |                                                   bd_66f7_s01tr_0 |         46 |         46 |       0 |    0 |   116 |      0 |      0 |    0 |          0 |
|             inst                                                  |              sc_transaction_regulator_v1_0_12_top__parameterized1 |         46 |         46 |       0 |    0 |   116 |      0 |      0 |    0 |          0 |
|               gen_endpoint.gen_r_singleorder.r_singleorder        | sc_transaction_regulator_v1_0_12_singleorder__parameterized0_2532 |         45 |         45 |       0 |    0 |   112 |      0 |      0 |    0 |          0 |
|                 gen_cmd_reg.cmd_reg                               |                                 sc_util_v1_0_4_axi_reg_stall_2533 |         31 |         31 |       0 |    0 |   104 |      0 |      0 |    0 |          0 |
|         s01_nodes                                                 |                                             s01_nodes_imp_1A4LARJ |        266 |        134 |     132 |    0 |   316 |      0 |      0 |    0 |          0 |
|           s01_ar_node                                             |                                                    bd_66f7_sarn_1 |        123 |         71 |      52 |    0 |   135 |      0 |      0 |    0 |          0 |
|             inst                                                  |                           sc_node_v1_0_19_top__parameterized19__1 |        123 |         71 |      52 |    0 |   135 |      0 |      0 |    0 |          0 |
|               inst_mi_handler                                     |                       sc_node_v1_0_19_mi_handler__parameterized19 |        120 |         68 |      52 |    0 |   130 |      0 |      0 |    0 |          0 |
|                 gen_normal_area.inst_fifo_node_payld              |                        sc_node_v1_0_19_fifo__parameterized18_2522 |         89 |         37 |      52 |    0 |   104 |      0 |      0 |    0 |          0 |
|                   gen_xpm_memory_fifo.inst_fifo                   |              sc_util_v1_0_4_xpm_memory_fifo__parameterized18_2524 |         89 |         37 |      52 |    0 |   104 |      0 |      0 |    0 |          0 |
|                     gen_mem_rep[0].inst_xpm_memory                |                             xpm_memory_sdpram__parameterized17__2 |         52 |          0 |      52 |    0 |    82 |      0 |      0 |    0 |          0 |
|                       xpm_memory_base_inst                        |                               xpm_memory_base__parameterized20__2 |         52 |          0 |      52 |    0 |    82 |      0 |      0 |    0 |          0 |
|           s01_r_node                                              |                                                     bd_66f7_srn_1 |        143 |         63 |      80 |    0 |   181 |      0 |      0 |    0 |          0 |
|             inst                                                  |                           sc_node_v1_0_19_top__parameterized20__1 |        143 |         63 |      80 |    0 |   181 |      0 |      0 |    0 |          0 |
|               inst_mi_handler                                     |                       sc_node_v1_0_19_mi_handler__parameterized20 |        140 |         60 |      80 |    0 |   176 |      0 |      0 |    0 |          0 |
|                 gen_normal_area.inst_fifo_node_payld              |                             sc_node_v1_0_19_fifo__parameterized19 |        106 |         26 |      80 |    0 |   152 |      0 |      0 |    0 |          0 |
|                   gen_xpm_memory_fifo.inst_fifo                   |                   sc_util_v1_0_4_xpm_memory_fifo__parameterized19 |        106 |         26 |      80 |    0 |   152 |      0 |      0 |    0 |          0 |
|                     gen_mem_rep[0].inst_xpm_memory                |                             xpm_memory_sdpram__parameterized18__1 |         80 |          0 |      80 |    0 |   131 |      0 |      0 |    0 |          0 |
|                       xpm_memory_base_inst                        |                               xpm_memory_base__parameterized21__1 |         80 |          0 |      80 |    0 |   131 |      0 |      0 |    0 |          0 |
|         s02_entry_pipeline                                        |                                    s02_entry_pipeline_imp_1I50V22 |        528 |        511 |       0 |   17 |   840 |      0 |      0 |    0 |          0 |
|           s02_mmu                                                 |                                                  bd_66f7_s02mmu_0 |        183 |        183 |       0 |    0 |   520 |      0 |      0 |    0 |          0 |
|             inst                                                  |                                sc_mmu_v1_0_16_top__parameterized1 |        183 |        183 |       0 |    0 |   520 |      0 |      0 |    0 |          0 |
|               w_sreg                                              |                                 sc_util_v1_0_4_axi_reg_stall_2511 |         80 |         80 |       0 |    0 |   294 |      0 |      0 |    0 |          0 |
|               aw_reg_stall                                        |                                 sc_util_v1_0_4_axi_reg_stall_2508 |         36 |         36 |       0 |    0 |    94 |      0 |      0 |    0 |          0 |
|               aw_sreg                                             |                                 sc_util_v1_0_4_axi_reg_stall_2509 |         47 |         47 |       0 |    0 |    96 |      0 |      0 |    0 |          0 |
|           s02_si_converter                                        |                                                  bd_66f7_s02sic_0 |        299 |        282 |       0 |   17 |   204 |      0 |      0 |    0 |          0 |
|             inst                                                  |                       sc_si_converter_v1_0_16_top__parameterized1 |        299 |        282 |       0 |   17 |   204 |      0 |      0 |    0 |          0 |
|               converter.low_area_converter.low_area_wrap_inst     |              sc_si_converter_v1_0_16_reduced_area__parameterized0 |        273 |        264 |       0 |    9 |   183 |      0 |      0 |    0 |          0 |
|                 (converter.low_area_converter.low_area_wrap_inst) |              sc_si_converter_v1_0_16_reduced_area__parameterized0 |        224 |        224 |       0 |    0 |   165 |      0 |      0 |    0 |          0 |
|                 w_resp_fifo                                       |                  sc_util_v1_0_4_axic_reg_srl_fifo__parameterized4 |         50 |         41 |       0 |    9 |    18 |      0 |      0 |    0 |          0 |
|           s02_transaction_regulator                               |                                                   bd_66f7_s02tr_0 |         47 |         47 |       0 |    0 |   116 |      0 |      0 |    0 |          0 |
|             inst                                                  |              sc_transaction_regulator_v1_0_12_top__parameterized2 |         47 |         47 |       0 |    0 |   116 |      0 |      0 |    0 |          0 |
|               gen_endpoint.gen_w_singleorder.w_singleorder        |      sc_transaction_regulator_v1_0_12_singleorder__parameterized0 |         46 |         46 |       0 |    0 |   112 |      0 |      0 |    0 |          0 |
|                 gen_cmd_reg.cmd_reg                               |                                      sc_util_v1_0_4_axi_reg_stall |         32 |         32 |       0 |    0 |   104 |      0 |      0 |    0 |          0 |
|         s02_nodes                                                 |                                             s02_nodes_imp_1OL7IW4 |        350 |        206 |     144 |    0 |   378 |      0 |      0 |    0 |          0 |
|           s02_aw_node                                             |                                                    bd_66f7_sawn_0 |        121 |         69 |      52 |    0 |   125 |      0 |      0 |    0 |          0 |
|             inst                                                  |                              sc_node_v1_0_19_top__parameterized21 |        121 |         69 |      52 |    0 |   125 |      0 |      0 |    0 |          0 |
|               inst_mi_handler                                     |                       sc_node_v1_0_19_mi_handler__parameterized21 |        118 |         66 |      52 |    0 |   120 |      0 |      0 |    0 |          0 |
|                 gen_normal_area.inst_fifo_node_payld              |                             sc_node_v1_0_19_fifo__parameterized18 |         88 |         36 |      52 |    0 |    94 |      0 |      0 |    0 |          0 |
|                   gen_xpm_memory_fifo.inst_fifo                   |                   sc_util_v1_0_4_xpm_memory_fifo__parameterized18 |         88 |         36 |      52 |    0 |    94 |      0 |      0 |    0 |          0 |
|                     gen_mem_rep[0].inst_xpm_memory                |                             xpm_memory_sdpram__parameterized17__1 |         52 |          0 |      52 |    0 |    72 |      0 |      0 |    0 |          0 |
|                       xpm_memory_base_inst                        |                               xpm_memory_base__parameterized20__1 |         52 |          0 |      52 |    0 |    72 |      0 |      0 |    0 |          0 |
|           s02_b_node                                              |                                                     bd_66f7_sbn_0 |         66 |         64 |       2 |    0 |    52 |      0 |      0 |    0 |          0 |
|             inst                                                  |                              sc_node_v1_0_19_top__parameterized22 |         66 |         64 |       2 |    0 |    52 |      0 |      0 |    0 |          0 |
|           s02_w_node                                              |                                                     bd_66f7_swn_0 |        163 |         73 |      90 |    0 |   201 |      0 |      0 |    0 |          0 |
|             inst                                                  |                              sc_node_v1_0_19_top__parameterized23 |        163 |         73 |      90 |    0 |   201 |      0 |      0 |    0 |          0 |
|               inst_mi_handler                                     |                       sc_node_v1_0_19_mi_handler__parameterized23 |        160 |         70 |      90 |    0 |   196 |      0 |      0 |    0 |          0 |
|                 gen_normal_area.inst_fifo_node_payld              |                             sc_node_v1_0_19_fifo__parameterized21 |        125 |         37 |      88 |    0 |   168 |      0 |      0 |    0 |          0 |
|                   gen_xpm_memory_fifo.inst_fifo                   |                   sc_util_v1_0_4_xpm_memory_fifo__parameterized21 |        125 |         37 |      88 |    0 |   168 |      0 |      0 |    0 |          0 |
|                     gen_mem_rep[0].inst_xpm_memory                |                                xpm_memory_sdpram__parameterized20 |         88 |          0 |      88 |    0 |   146 |      0 |      0 |    0 |          0 |
|                       xpm_memory_base_inst                        |                                  xpm_memory_base__parameterized23 |         88 |          0 |      88 |    0 |   146 |      0 |      0 |    0 |          0 |
|         switchboards                                              |                                           switchboards_imp_MEVG7X |         42 |         42 |       0 |    0 |   440 |      0 |      0 |    0 |          0 |
|           ar_switchboard                                          |                                                    bd_66f7_arsw_0 |         42 |         42 |       0 |    0 |    82 |      0 |      0 |    0 |          0 |
|             inst                                                  |                         sc_switchboard_v1_0_9_top__parameterized3 |         42 |         42 |       0 |    0 |    82 |      0 |      0 |    0 |          0 |
|               gen_mi[0].inst_opipe_payld                          |                     sc_util_v1_0_4_pipeline__parameterized20_2467 |          0 |          0 |       0 |    0 |    82 |      0 |      0 |    0 |          0 |
|           aw_switchboard                                          |                                                    bd_66f7_awsw_0 |          0 |          0 |       0 |    0 |    72 |      0 |      0 |    0 |          0 |
|             inst                                                  |                      sc_switchboard_v1_0_9_top__parameterized3__1 |          0 |          0 |       0 |    0 |    72 |      0 |      0 |    0 |          0 |
|               gen_mi[0].inst_opipe_payld                          |                          sc_util_v1_0_4_pipeline__parameterized20 |          0 |          0 |       0 |    0 |    72 |      0 |      0 |    0 |          0 |
|           r_switchboard                                           |                                                     bd_66f7_rsw_0 |          0 |          0 |       0 |    0 |   138 |      0 |      0 |    0 |          0 |
|             inst                                                  |                         sc_switchboard_v1_0_9_top__parameterized5 |          0 |          0 |       0 |    0 |   138 |      0 |      0 |    0 |          0 |
|               gen_mi[0].inst_opipe_payld                          |                          sc_util_v1_0_4_pipeline__parameterized22 |          0 |          0 |       0 |    0 |   138 |      0 |      0 |    0 |          0 |
|           w_switchboard                                           |                                                     bd_66f7_wsw_0 |          0 |          0 |       0 |    0 |   146 |      0 |      0 |    0 |          0 |
|             inst                                                  |                         sc_switchboard_v1_0_9_top__parameterized6 |          0 |          0 |       0 |    0 |   146 |      0 |      0 |    0 |          0 |
|               gen_mi[0].inst_opipe_payld                          |                          sc_util_v1_0_4_pipeline__parameterized23 |          0 |          0 |       0 |    0 |   146 |      0 |      0 |    0 |          0 |
|     u_npu                                                         |                                          pccx_v002_system_u_npu_0 |      20136 |      19374 |      96 |  666 | 44944 |     87 |      9 |   56 |       1058 |
|       inst                                                        |                                                    npu_core_outer |      20136 |      19374 |      96 |  666 | 44944 |     87 |      9 |   56 |       1058 |
|         u_wrap                                                    |                                                  npu_core_wrapper |      20136 |      19374 |      96 |  666 | 44944 |     87 |      9 |   56 |       1058 |
|           (u_wrap)                                                |                                                  npu_core_wrapper |          0 |          0 |       0 |    0 |   147 |      0 |      0 |    0 |          0 |
|           u_pccx_npu_top                                          |                                                      pccx_npu_top |      20136 |      19374 |      96 |  666 | 44797 |     87 |      9 |   56 |       1058 |
|             (u_pccx_npu_top)                                      |                                                      pccx_npu_top |        157 |        157 |       0 |    0 |    18 |      0 |      0 |    0 |          0 |
|             gen_norm[0].u_norm_seq                                |                                            gemm_result_normalizer |         59 |         57 |       0 |    2 |    99 |      0 |      0 |    0 |          0 |
|             gen_norm[10].u_norm_seq                               |                                        gemm_result_normalizer_258 |         60 |         58 |       0 |    2 |    99 |      0 |      0 |    0 |          0 |
|             gen_norm[11].u_norm_seq                               |                                        gemm_result_normalizer_260 |         59 |         57 |       0 |    2 |    99 |      0 |      0 |    0 |          0 |
|             gen_norm[12].u_norm_seq                               |                                        gemm_result_normalizer_262 |         59 |         57 |       0 |    2 |    99 |      0 |      0 |    0 |          0 |
|             gen_norm[13].u_norm_seq                               |                                        gemm_result_normalizer_264 |         61 |         59 |       0 |    2 |    99 |      0 |      0 |    0 |          0 |
|             gen_norm[14].u_norm_seq                               |                                        gemm_result_normalizer_266 |         59 |         57 |       0 |    2 |    99 |      0 |      0 |    0 |          0 |
|             gen_norm[15].u_norm_seq                               |                                        gemm_result_normalizer_268 |         59 |         57 |       0 |    2 |    99 |      0 |      0 |    0 |          0 |
|             gen_norm[16].u_norm_seq                               |                                        gemm_result_normalizer_270 |         60 |         58 |       0 |    2 |    99 |      0 |      0 |    0 |          0 |
|             gen_norm[17].u_norm_seq                               |                                        gemm_result_normalizer_272 |         59 |         57 |       0 |    2 |    99 |      0 |      0 |    0 |          0 |
|             gen_norm[18].u_norm_seq                               |                                        gemm_result_normalizer_274 |         59 |         57 |       0 |    2 |    99 |      0 |      0 |    0 |          0 |
|             gen_norm[19].u_norm_seq                               |                                        gemm_result_normalizer_276 |         60 |         58 |       0 |    2 |    99 |      0 |      0 |    0 |          0 |
|             gen_norm[1].u_norm_seq                                |                                        gemm_result_normalizer_278 |         59 |         57 |       0 |    2 |    99 |      0 |      0 |    0 |          0 |
|             gen_norm[20].u_norm_seq                               |                                        gemm_result_normalizer_280 |         59 |         57 |       0 |    2 |    99 |      0 |      0 |    0 |          0 |
|             gen_norm[21].u_norm_seq                               |                                        gemm_result_normalizer_282 |         59 |         57 |       0 |    2 |    99 |      0 |      0 |    0 |          0 |
|             gen_norm[22].u_norm_seq                               |                                        gemm_result_normalizer_284 |         61 |         59 |       0 |    2 |    99 |      0 |      0 |    0 |          0 |
|             gen_norm[23].u_norm_seq                               |                                        gemm_result_normalizer_286 |         59 |         57 |       0 |    2 |    99 |      0 |      0 |    0 |          0 |
|             gen_norm[24].u_norm_seq                               |                                        gemm_result_normalizer_288 |         59 |         57 |       0 |    2 |    99 |      0 |      0 |    0 |          0 |
|             gen_norm[25].u_norm_seq                               |                                        gemm_result_normalizer_290 |         60 |         58 |       0 |    2 |    99 |      0 |      0 |    0 |          0 |
|             gen_norm[26].u_norm_seq                               |                                        gemm_result_normalizer_292 |         59 |         57 |       0 |    2 |    99 |      0 |      0 |    0 |          0 |
|             gen_norm[27].u_norm_seq                               |                                        gemm_result_normalizer_294 |         59 |         57 |       0 |    2 |    99 |      0 |      0 |    0 |          0 |
|             gen_norm[28].u_norm_seq                               |                                        gemm_result_normalizer_296 |         61 |         59 |       0 |    2 |    99 |      0 |      0 |    0 |          0 |
|             gen_norm[29].u_norm_seq                               |                                        gemm_result_normalizer_298 |         59 |         57 |       0 |    2 |    99 |      0 |      0 |    0 |          0 |
|             gen_norm[2].u_norm_seq                                |                                        gemm_result_normalizer_300 |         60 |         58 |       0 |    2 |    99 |      0 |      0 |    0 |          0 |
|             gen_norm[30].u_norm_seq                               |                                        gemm_result_normalizer_302 |         59 |         57 |       0 |    2 |    99 |      0 |      0 |    0 |          0 |
|             gen_norm[31].u_norm_seq                               |                                        gemm_result_normalizer_304 |         60 |         58 |       0 |    2 |    99 |      0 |      0 |    0 |          0 |
|             gen_norm[3].u_norm_seq                                |                                        gemm_result_normalizer_306 |         59 |         57 |       0 |    2 |    99 |      0 |      0 |    0 |          0 |
|             gen_norm[4].u_norm_seq                                |                                        gemm_result_normalizer_308 |         60 |         58 |       0 |    2 |    99 |      0 |      0 |    0 |          0 |
|             gen_norm[5].u_norm_seq                                |                                        gemm_result_normalizer_310 |         59 |         57 |       0 |    2 |    99 |      0 |      0 |    0 |          0 |
|             gen_norm[6].u_norm_seq                                |                                        gemm_result_normalizer_312 |         59 |         57 |       0 |    2 |    99 |      0 |      0 |    0 |          0 |
|             gen_norm[7].u_norm_seq                                |                                        gemm_result_normalizer_314 |         60 |         58 |       0 |    2 |    99 |      0 |      0 |    0 |          0 |
|             gen_norm[8].u_norm_seq                                |                                        gemm_result_normalizer_316 |         59 |         57 |       0 |    2 |    99 |      0 |      0 |    0 |          0 |
|             gen_norm[9].u_norm_seq                                |                                        gemm_result_normalizer_318 |         59 |         57 |       0 |    2 |    99 |      0 |      0 |    0 |          0 |
|             u_CVO_top                                             |                                                           CVO_top |       2403 |       2317 |      20 |   66 |  2340 |      0 |      0 |    0 |          0 |
|               (u_CVO_top)                                         |                                                           CVO_top |        404 |        384 |      20 |    0 |   631 |      0 |      0 |    0 |          0 |
|               u_CVO_cordic_unit                                   |                                                   CVO_cordic_unit |        818 |        812 |       0 |    6 |   674 |      0 |      0 |    0 |          0 |
|               u_CVO_sfu_unit                                      |                                                      CVO_sfu_unit |       1184 |       1124 |       0 |   60 |  1035 |      0 |      0 |    0 |          0 |
|             u_Global_Scheduler                                    |                                                  Global_Scheduler |        104 |        104 |       0 |    0 |   190 |      0 |      0 |    0 |          0 |
|             u_HP_buffer                                           |                                                     mem_HP_buffer |        594 |        594 |       0 |    0 |   740 |     72 |      4 |    0 |          0 |
|               u_hp3_weight_fifo                                   |                                                     xpm_fifo_axis |        148 |        148 |       0 |    0 |   185 |     18 |      1 |    0 |          0 |
|                 xpm_fifo_base_inst                                |                                     xpm_fifo_base__parameterized5 |        146 |        146 |       0 |    0 |   183 |     18 |      1 |    0 |          0 |
|               u_hp0_weight_fifo                                   |                                                  xpm_fifo_axis__1 |        146 |        146 |       0 |    0 |   185 |     18 |      1 |    0 |          0 |
|                 xpm_fifo_base_inst                                |                                  xpm_fifo_base__parameterized5__1 |        144 |        144 |       0 |    0 |   183 |     18 |      1 |    0 |          0 |
|               u_hp1_weight_fifo                                   |                                                  xpm_fifo_axis__2 |        148 |        148 |       0 |    0 |   185 |     18 |      1 |    0 |          0 |
|                 xpm_fifo_base_inst                                |                                  xpm_fifo_base__parameterized5__2 |        146 |        146 |       0 |    0 |   183 |     18 |      1 |    0 |          0 |
|               u_hp2_weight_fifo                                   |                                                  xpm_fifo_axis__3 |        150 |        150 |       0 |    0 |   185 |     18 |      1 |    0 |          0 |
|                 xpm_fifo_base_inst                                |                                  xpm_fifo_base__parameterized5__3 |        148 |        148 |       0 |    0 |   183 |     18 |      1 |    0 |          0 |
|             u_fmap_pre                                            |                                                   preprocess_fmap |       1420 |       1420 |       0 |    0 |  1935 |     10 |      1 |    0 |          0 |
|               (u_fmap_pre)                                        |                                                   preprocess_fmap |        149 |        149 |       0 |    0 |   414 |      4 |      0 |    0 |          0 |
|               u_fmap_fifo                                         |                                     xpm_fifo_axis__parameterized0 |         56 |         56 |       0 |    0 |    89 |      4 |      1 |    0 |          0 |
|                 xpm_fifo_base_inst                                |                                     xpm_fifo_base__parameterized6 |         54 |         54 |       0 |    0 |    85 |      4 |      1 |    0 |          0 |
|               u_fmap_shifter                                      |                                    preprocess_bf16_fixed_pipeline |       1196 |       1196 |       0 |    0 |  1409 |      0 |      0 |    0 |          0 |
|             u_mem_dispatcher                                      |                                                    mem_dispatcher |       3972 |       3872 |      76 |   24 |  8906 |      5 |      4 |   56 |          2 |
|               (u_mem_dispatcher)                                  |                                                    mem_dispatcher |         64 |         43 |       0 |   21 |   369 |      0 |      0 |    0 |          2 |
|               u_cvo_bridge                                        |                                             mem_CVO_stream_bridge |        505 |        505 |       0 |    0 |   606 |      1 |      0 |    0 |          0 |
|                 (u_cvo_bridge)                                    |                                             mem_CVO_stream_bridge |        441 |        441 |       0 |    0 |   551 |      0 |      0 |    0 |          0 |
|                 u_result_fifo                                     |                                     xpm_fifo_sync__parameterized5 |         64 |         64 |       0 |    0 |    55 |      1 |      0 |    0 |          0 |
|                   xpm_fifo_base_inst                              |                                     xpm_fifo_base__parameterized4 |         64 |         64 |       0 |    0 |    55 |      1 |      0 |    0 |          0 |
|               u_fmap_shape                                        |                                                   shape_const_ram |        816 |        816 |       0 |    0 |  3072 |      0 |      0 |    0 |          0 |
|               u_l2_cache                                          |                                                  mem_GLOBAL_cache |       2482 |       2403 |      76 |    3 |  4761 |      4 |      2 |   56 |          0 |
|                 (u_l2_cache)                                      |                                                  mem_GLOBAL_cache |        201 |        122 |      76 |    3 |   300 |      0 |      0 |    0 |          0 |
|                 u_acp_cdc                                         |                                                        mem_BUFFER |        303 |        303 |       0 |    0 |   777 |      4 |      2 |    0 |          0 |
|                   (u_acp_cdc)                                     |                                                        mem_BUFFER |         80 |         80 |       0 |    0 |   422 |      0 |      0 |    0 |          0 |
|                   u_acp_rx_fifo                                   |                                                 xpm_fifo_async__1 |        111 |        111 |       0 |    0 |   178 |      2 |      1 |    0 |          0 |
|                     gnuram_async_fifo.xpm_fifo_base_inst          |                                  xpm_fifo_base__parameterized3__1 |        111 |        111 |       0 |    0 |   178 |      2 |      1 |    0 |          0 |
|                   u_acp_tx_fifo                                   |                                                    xpm_fifo_async |        112 |        112 |       0 |    0 |   177 |      2 |      1 |    0 |          0 |
|                     gnuram_async_fifo.xpm_fifo_base_inst          |                                     xpm_fifo_base__parameterized3 |        112 |        112 |       0 |    0 |   177 |      2 |      1 |    0 |          0 |
|                 u_l2_uram                                         |                                                 mem_L2_cache_fmap |       1978 |       1978 |       0 |    0 |  3684 |      0 |      0 |   56 |          0 |
|                   (u_l2_uram)                                     |                                                 mem_L2_cache_fmap |        138 |        138 |       0 |    0 |   128 |      0 |      0 |    0 |          0 |
|                   u_l2_uram                                       |                                                 xpm_memory_tdpram |       1840 |       1840 |       0 |    0 |  3556 |      0 |      0 |   56 |          0 |
|                     xpm_memory_base_inst                          |                                  xpm_memory_base__parameterized26 |       1840 |       1840 |       0 |    0 |  3556 |      0 |      0 |   56 |          0 |
|               u_op_queue                                          |                                             mem_u_operation_queue |        105 |        105 |       0 |    0 |    98 |      0 |      2 |    0 |          0 |
|                 u_npu_uop_fifo                                    |                                     xpm_fifo_sync__parameterized4 |         51 |         51 |       0 |    0 |    49 |      0 |      1 |    0 |          0 |
|                   xpm_fifo_base_inst                              |                                     xpm_fifo_base__parameterized2 |         51 |         51 |       0 |    0 |    49 |      0 |      1 |    0 |          0 |
|                 u_acp_uop_fifo                                    |                                  xpm_fifo_sync__parameterized4__1 |         51 |         51 |       0 |    0 |    49 |      0 |      1 |    0 |          0 |
|                   xpm_fifo_base_inst                              |                                  xpm_fifo_base__parameterized2__1 |         51 |         51 |       0 |    0 |    49 |      0 |      1 |    0 |          0 |
|             u_npu_controller_top                                  |                                                npu_controller_top |        240 |        240 |       0 |    0 |   848 |      0 |      0 |    0 |          0 |
|               u_decoder                                           |                                                  ctrl_npu_decoder |         57 |         57 |       0 |    0 |    64 |      0 |      0 |    0 |          0 |
|               u_npu_frontend                                      |                                                 ctrl_npu_frontend |        183 |        183 |       0 |    0 |   784 |      0 |      0 |    0 |          0 |
|                 u_cmd_in                                          |                                                       AXIL_CMD_IN |        181 |        181 |       0 |    0 |   719 |      0 |      0 |    0 |          0 |
|                   (u_cmd_in)                                      |                                                       AXIL_CMD_IN |         41 |         41 |       0 |    0 |   207 |      0 |      0 |    0 |          0 |
|                   u_cmd_q                                         |                                                             QUEUE |        140 |        140 |       0 |    0 |   512 |      0 |      0 |    0 |          0 |
|                 u_stat_out                                        |                                                     AXIL_STAT_OUT |          2 |          2 |       0 |    0 |    65 |      0 |      0 |    0 |          0 |
|             u_packer                                              |                                           FROM_gemm_result_packer |        181 |        181 |       0 |    0 |   678 |      0 |      0 |    0 |          0 |
|             u_systolic_engine                                     |                                                 GEMM_systolic_top |       8528 |       8016 |       0 |  512 | 25970 |      0 |      0 |    0 |       1056 |
|               (u_systolic_engine)                                 |                                                 GEMM_systolic_top |        516 |          4 |       0 |  512 |    80 |      0 |      0 |    0 |          0 |
|               u_compute_core                                      |                                               GEMM_systolic_array |       7848 |       7848 |       0 |    0 | 24224 |      0 |      0 |    0 |       1056 |
|                 (u_compute_core)                                  |                                               GEMM_systolic_array |          0 |          0 |       0 |    0 |  7936 |      0 |      0 |    0 |          0 |
|               u_delay_line                                        |                                      GEMM_fmap_staggered_dispatch |         32 |         32 |       0 |    0 |   384 |      0 |      0 |    0 |          0 |
|               u_weight_unpacker                                   |                                            GEMM_weight_dispatcher |        132 |        132 |       0 |    0 |  1282 |      0 |      0 |    0 |          0 |
|     weight_dm_hp0                                                 |                                  pccx_v002_system_weight_dm_hp0_0 |        595 |        495 |       0 |  100 |   703 |      2 |      1 |    0 |          0 |
|       U0                                                          |                                                  axi_datamover__2 |        595 |        495 |       0 |  100 |   703 |      2 |      1 |    0 |          0 |
|         GEN_MM2S_FULL.I_MM2S_FULL_WRAPPER                         |                                  axi_datamover_mm2s_full_wrap_107 |        595 |        495 |       0 |  100 |   703 |      2 |      1 |    0 |          0 |
|           (I_ADDR_CNTL)                                           |                                       axi_datamover_addr_cntl_131 |          1 |          1 |       0 |    0 |    52 |      0 |      0 |    0 |          0 |
|           (I_RD_DATA_CNTL)                                        |                                     axi_datamover_rddata_cntl_134 |         33 |         33 |       0 |    0 |    66 |      0 |      0 |    0 |          0 |
|           ENABLE_AXIS_SKID.I_MM2S_SKID_BUF                        |                                        axi_datamover_skid_buf_129 |        131 |        131 |       0 |    0 |   261 |      0 |      0 |    0 |          0 |
|           GEN_INCLUDE_MM2S_SF.I_RD_SF                             |                                           axi_datamover_rd_sf_130 |         72 |         72 |       0 |    0 |    59 |      2 |      1 |    0 |          0 |
|             I_DATA_FIFO                                           |                                    axi_datamover_sfifo_autord_147 |         61 |         61 |       0 |    0 |    47 |      2 |      1 |    0 |          0 |
|               BLK_MEM.I_SYNC_FIFOGEN_FIFO                         |                                                  xpm_fifo_sync__2 |         56 |         56 |       0 |    0 |    47 |      2 |      1 |    0 |          0 |
|                 xpm_fifo_base_inst                                |                                                  xpm_fifo_base__2 |         56 |         56 |       0 |    0 |    47 |      2 |      1 |    0 |          0 |
|           I_CMD_STATUS                                            |                                      axi_datamover_cmd_status_132 |         72 |         24 |       0 |   48 |    23 |      0 |      0 |    0 |          0 |
|           I_MSTR_PCC                                              |                                             axi_datamover_pcc_133 |        199 |        199 |       0 |    0 |   216 |      0 |      0 |    0 |          0 |
|     weight_dm_hp1                                                 |                                  pccx_v002_system_weight_dm_hp1_0 |        591 |        494 |       0 |   97 |   697 |      2 |      1 |    0 |          0 |
|       U0                                                          |                                                  axi_datamover__3 |        591 |        494 |       0 |   97 |   697 |      2 |      1 |    0 |          0 |
|         GEN_MM2S_FULL.I_MM2S_FULL_WRAPPER                         |                                  axi_datamover_mm2s_full_wrap_157 |        591 |        494 |       0 |   97 |   697 |      2 |      1 |    0 |          0 |
|           (I_RD_DATA_CNTL)                                        |                                     axi_datamover_rddata_cntl_184 |         33 |         33 |       0 |    0 |    66 |      0 |      0 |    0 |          0 |
|           ENABLE_AXIS_SKID.I_MM2S_SKID_BUF                        |                                        axi_datamover_skid_buf_179 |        131 |        131 |       0 |    0 |   261 |      0 |      0 |    0 |          0 |
|           GEN_INCLUDE_MM2S_SF.I_RD_SF                             |                                           axi_datamover_rd_sf_180 |         72 |         72 |       0 |    0 |    59 |      2 |      1 |    0 |          0 |
|             I_DATA_FIFO                                           |                                    axi_datamover_sfifo_autord_197 |         61 |         61 |       0 |    0 |    47 |      2 |      1 |    0 |          0 |
|               BLK_MEM.I_SYNC_FIFOGEN_FIFO                         |                                                  xpm_fifo_sync__3 |         56 |         56 |       0 |    0 |    47 |      2 |      1 |    0 |          0 |
|                 xpm_fifo_base_inst                                |                                                  xpm_fifo_base__3 |         56 |         56 |       0 |    0 |    47 |      2 |      1 |    0 |          0 |
|           I_CMD_STATUS                                            |                                      axi_datamover_cmd_status_182 |         68 |         23 |       0 |   45 |    23 |      0 |      0 |    0 |          0 |
|           I_MSTR_PCC                                              |                                             axi_datamover_pcc_183 |        199 |        199 |       0 |    0 |   213 |      0 |      0 |    0 |          0 |
|     weight_dm_hp2                                                 |                                  pccx_v002_system_weight_dm_hp2_0 |        593 |        496 |       0 |   97 |   697 |      2 |      1 |    0 |          0 |
|       U0                                                          |                                                  axi_datamover__4 |        593 |        496 |       0 |   97 |   697 |      2 |      1 |    0 |          0 |
|         GEN_MM2S_FULL.I_MM2S_FULL_WRAPPER                         |                                  axi_datamover_mm2s_full_wrap_207 |        593 |        496 |       0 |   97 |   697 |      2 |      1 |    0 |          0 |
|           (I_RD_DATA_CNTL)                                        |                                     axi_datamover_rddata_cntl_234 |         33 |         33 |       0 |    0 |    66 |      0 |      0 |    0 |          0 |
|           ENABLE_AXIS_SKID.I_MM2S_SKID_BUF                        |                                        axi_datamover_skid_buf_229 |        131 |        131 |       0 |    0 |   261 |      0 |      0 |    0 |          0 |
|           GEN_INCLUDE_MM2S_SF.I_RD_SF                             |                                           axi_datamover_rd_sf_230 |         72 |         72 |       0 |    0 |    59 |      2 |      1 |    0 |          0 |
|             I_DATA_FIFO                                           |                                    axi_datamover_sfifo_autord_247 |         61 |         61 |       0 |    0 |    47 |      2 |      1 |    0 |          0 |
|               BLK_MEM.I_SYNC_FIFOGEN_FIFO                         |                                                  xpm_fifo_sync__4 |         56 |         56 |       0 |    0 |    47 |      2 |      1 |    0 |          0 |
|                 xpm_fifo_base_inst                                |                                                  xpm_fifo_base__4 |         56 |         56 |       0 |    0 |    47 |      2 |      1 |    0 |          0 |
|           I_CMD_STATUS                                            |                                      axi_datamover_cmd_status_232 |         69 |         24 |       0 |   45 |    23 |      0 |      0 |    0 |          0 |
|           I_MSTR_PCC                                              |                                             axi_datamover_pcc_233 |        199 |        199 |       0 |    0 |   213 |      0 |      0 |    0 |          0 |
|     weight_dm_hp3                                                 |                                  pccx_v002_system_weight_dm_hp3_0 |        592 |        495 |       0 |   97 |   697 |      2 |      1 |    0 |          0 |
|       U0                                                          |                                                     axi_datamover |        592 |        495 |       0 |   97 |   697 |      2 |      1 |    0 |          0 |
|         GEN_MM2S_FULL.I_MM2S_FULL_WRAPPER                         |                                      axi_datamover_mm2s_full_wrap |        592 |        495 |       0 |   97 |   697 |      2 |      1 |    0 |          0 |
|           (I_RD_DATA_CNTL)                                        |                                         axi_datamover_rddata_cntl |         33 |         33 |       0 |    0 |    66 |      0 |      0 |    0 |          0 |
|           ENABLE_AXIS_SKID.I_MM2S_SKID_BUF                        |                                            axi_datamover_skid_buf |        131 |        131 |       0 |    0 |   261 |      0 |      0 |    0 |          0 |
|           GEN_INCLUDE_MM2S_SF.I_RD_SF                             |                                               axi_datamover_rd_sf |         72 |         72 |       0 |    0 |    59 |      2 |      1 |    0 |          0 |
|             I_DATA_FIFO                                           |                                        axi_datamover_sfifo_autord |         61 |         61 |       0 |    0 |    47 |      2 |      1 |    0 |          0 |
|               BLK_MEM.I_SYNC_FIFOGEN_FIFO                         |                                                     xpm_fifo_sync |         56 |         56 |       0 |    0 |    47 |      2 |      1 |    0 |          0 |
|                 xpm_fifo_base_inst                                |                                                     xpm_fifo_base |         56 |         56 |       0 |    0 |    47 |      2 |      1 |    0 |          0 |
|           I_CMD_STATUS                                            |                                          axi_datamover_cmd_status |         69 |         24 |       0 |   45 |    23 |      0 |      0 |    0 |          0 |
|           I_MSTR_PCC                                              |                                                 axi_datamover_pcc |        199 |        199 |       0 |    0 |   213 |      0 |      0 |    0 |          0 |
+-------------------------------------------------------------------+-------------------------------------------------------------------+------------+------------+---------+------+-------+--------+--------+------+------------+
* Note: The sum of lower-level cells may be larger than their parent cells total, due to cross-hierarchy LUT combining


